0,1,2,3,4,5,6,7,8,9,10,11,12,13,14,15,16,17,18,19
0.017937339689213,0.045896218884924095,0.05532260341986746,0.018372120101005505,0.03145816838787347,0.005904217959838242,0.005794630369774179,0.10479281212395207,0.009484963571605005,0.012805656755629743,0.014802419990086642,0.016876410267747437,0.04522279968020976,0.03225941779560336,0.04165875097709491,,,,,
0.004686931009041796,0.012709484240740787,0.02103741055399906,0.025420397098166597,0.036339367223554374,0.053710738596856704,0.07357640132184207,0.11101928603782922,0.009566824592129519,0.012881393187807353,0.10330361548272382,0.016772650276749883,0.04505660536054674,0.027274567829588942,0.019127818834195478,,,,,
0.005024544403189177,0.010477851943615758,0.019426190380237324,0.025056153566333835,0.036967793550933846,0.05351169269261434,0.07281652906693908,0.11114904467644113,0.18906959654405506,0.185612346779295,0.10257264587794897,0.07195226313973528,0.04498135556390084,0.02756248605652116,0.01933351834987791,,,,,
0.004959593191078366,0.009475387012669027,0.01980244853088213,0.025839582704668577,0.03495639987313477,0.053583119978191374,0.07176029409129378,0.11121744882208189,0.17032821092320824,0.2065547574915205,0.10259965063893911,0.07553874892054052,0.044422729216948266,0.028094315993454775,0.018835308607749,,,,,
0.004467619333730867,0.01033185578385429,0.019732753697492594,0.023667889384482874,0.035234120624185496,0.05140337239520579,0.06809239650407663,0.10623928133453878,0.17108265961985708,0.20607693569190227,0.10932566636265183,0.07568060760658755,0.045978074685826445,0.027679089719841055,0.01868638227013697,,,,,
0.004663628671510878,0.009392901714973416,0.028590758306266447,0.024712777861793343,0.03597355610788335,0.05141732330088031,0.06803507865936533,0.10318799888026402,0.1711712879226172,0.22721975998600166,0.11937087293548065,0.07542755026595982,0.04630606052811423,0.02799575474006355,0.01909144070759958,,,,,
0.009140448903716457,0.009693522060393181,0.02000873163952719,0.033755279667809245,0.03888020290184621,0.051252312605316694,0.06796553883440844,0.08855547452615636,0.17406549288672923,0.22707774696551578,0.11875874518405753,0.0746949620701792,0.047868924388767504,0.02945097660059537,0.020383001507253713,,,,,
0.004798031395404608,0.00978646673875614,0.021424178989654652,0.024135348010612775,0.03435929549949942,0.0496750463074444,0.06205595826816311,0.08936789839931464,0.15514827421636404,0.18548809564029578,0.12854077571204542,0.0822473581577946,0.0552639632198564,0.028524508216601154,0.019663504402593124,,,,,
0.0049154638464171665,0.01069955091880021,0.02143422583910153,0.023620097982618462,0.03321835773388602,0.04694297019601668,0.05859918410053286,0.08952617815651501,0.14100155654010668,0.24634323508194275,0.1293581904720416,0.08429554613550073,0.04922782978031296,0.02882172127343548,0.01950788753575572,,,,,
0.004640768292283922,0.009781429445091718,0.02111477818931492,0.023513401541460074,0.03342534661312754,0.04744931514549488,0.0588664643533592,0.0894867359168558,0.12788477169590715,0.26335872863830245,0.12101434136985637,0.08411071257591513,0.049238340771129895,0.028921907330706976,0.020173457709314255,,,,,
0.004775746511947542,0.009234430859436779,0.021845671164107735,0.022959427759776906,0.03319640798886512,0.045922435394019016,0.05918774392763231,0.07169196158982023,0.1327083985965985,0.0873214051140461,0.14114806100181662,0.1023498033208115,0.054856526223546594,0.027687007448294665,0.020078873451339546,,,,,
0.004876789049331076,0.013272555893462318,0.021064765523568292,0.0222196875436864,0.03148340023476815,0.04332010176691172,0.056237406830221194,0.07883353157438515,0.11859773428483383,0.27520021612696266,0.17630825325740032,0.09553012014427321,0.05338642855017534,0.030349036989578058,0.02047225351111385,,,,,
0.006527468937130339,0.00948048431430663,0.01951353786305362,0.022448140786080692,0.03115499956571153,0.042823863607727525,0.04960978326011089,0.07897274005158318,0.11851516195754956,0.27705928089574994,0.17239153212418426,0.09569127630161854,0.05501172874270884,0.03073716302290838,0.020849399976239535,,,,,
0.004660290254639008,0.009133635511034804,0.017932259526606306,0.02199263548729658,0.03416912782312204,0.042429167092563655,0.05438599595829637,0.06502590340694207,0.14297993866379016,0.11246851747762864,0.17228270998152254,0.13647937136141136,0.055153850679469374,0.0310423653840488,0.02082674458027879,,,,,
0.004593012376687241,0.009911076378879592,0.017735338309019785,0.02212773962106757,0.029955893413058876,0.042518758248881405,0.051662391983443794,0.07474030169135987,0.10932470246490641,0.27435662320411464,0.17275109165820055,0.10249757739593629,0.05515693698655219,0.031350791811341386,0.020924983570877506,,,,,
0.005286183018805824,0.00885119988512648,0.018172650127533857,0.021450557048881696,0.028659457477046242,0.06630670979211796,0.08783539079588717,0.0705026638804312,0.10043303513730047,0.2631646878539575,0.1085115409180513,0.110526292431613,0.057629423491065424,0.03192105381561394,0.021068536366187853,,,,,
0.004593012376687089,0.00893375074026119,0.016904130598771144,0.02129391515723437,0.029073351400696466,0.03992111406878669,0.05015392613535244,0.07208166332330093,0.15600790875227633,0.21107346979930205,0.21466202023605022,0.15096193500004468,0.06432721932032288,0.048721487393769185,0.025890528471693958,,,,,
0.0046220759071822015,0.008935782969168382,0.01649232028753658,0.020967150544838293,0.02889853434854959,0.03967749735142821,0.049846579722671265,0.06734222683463102,0.09461771302245765,0.24524880929102444,0.2170936487594616,0.11942290491110479,0.0604032562753998,0.03354993979886079,0.021591141279320217,,,,,
0.005804526027829164,0.008836131131371239,0.01585235276473784,0.02071434818124991,0.028178889249822814,0.056943585785235895,0.06840051501523162,0.06343419622566954,0.087587387942993,0.22338507588891923,0.23871784169004798,0.12981875361903958,0.06253764989013684,0.033659269276392095,0.021785208846618647,,,,,
0.008331904302555699,0.008526277501790056,0.015876633289270803,0.026309137359062124,0.030995902097923977,0.038687919243612555,0.0477684354075898,0.05988896560524763,0.08399544828554699,0.22233755956639648,0.24181820255484307,0.15059687975025945,0.06813433010006681,0.04532305934262749,0.02180477191140935,,,,,
0.004928112553346379,0.009134735934083269,0.015769914114744148,0.020546320868644163,0.027545823409955015,0.037290974456406986,0.04662532821542514,0.060689098982356145,0.08267628960147479,0.19940888106172444,0.2688628997057116,0.1408138775813399,0.06562871458923925,0.034564404975407956,0.0221257613584154,,,,,
0.005383729586384168,0.008524566050820042,0.015675214913468623,0.02049373449809303,0.02767997999166094,0.04081505583978788,0.05048431356473368,0.06106453081070398,0.07834550039587548,0.17933718819552136,0.19102200337074957,0.15496436465062685,0.06915600884868979,0.0353512298818109,0.022626895756966983,,,,,
0.007607097038410294,0.008472372937940715,0.015344828301605561,0.021741630921179825,0.026782082170168614,0.036368131160920476,0.04460355125149129,0.055938248455959544,0.07792914319123226,0.17948046888183208,0.3012253257006992,0.169490652856755,0.07262480420831026,0.035863352781928634,0.02308511154368396,,,,,
0.0047898474890975,0.00849580028994499,0.014994092740666633,0.020446912758735638,0.02687634803523282,0.035277410054793845,0.0432521991259222,0.055541135482118614,0.07408093158900153,0.16430402681972953,0.2890514619839725,0.17179081345214672,0.07309430224217635,0.03620979449645623,0.022942813873066865,,,,,
0.0050059896296270525,0.008633302300077623,0.021591756980360508,0.02050668818469147,0.026294997621393524,0.03577174075375919,0.041120052034723395,0.055438919883417065,0.07371843395019138,0.162220271103406,0.2989857818510958,0.17193438024148724,0.07274482072066597,0.03740280564973385,0.02290024948688896,,,,,
0.013506002549587118,0.008393358864076411,0.014772599712385898,0.020784994755026754,0.026476376108660334,0.03439442009380254,0.041881225178672606,0.0524938496644183,0.06541166383141168,0.14120815363101466,0.29937768214037086,0.19463687222224027,0.07741689417446117,0.0371896282222177,0.022967546671632682,,,,,
0.0048297557098968555,0.008545725875483556,0.014377505514113133,0.018972507914778374,0.02588672103733206,0.03341409219588208,0.0403775703886968,0.08561996559408414,0.06647559150121117,0.12272136802902903,0.29841218827193305,0.1669697914523728,0.10025648182391722,0.037274902836501325,0.022990814397613763,,,,,
0.005086627259728375,0.011113031776955995,0.01417619560357279,0.018842451281937147,0.025173379722127995,0.03333427111080645,0.040344279417965714,0.05097349775738108,0.06613608295283022,0.13353064650917273,0.25234738351579783,0.21047206825287273,0.08147613196324309,0.0384441713389012,0.023932728111501225,,,,,
0.005405067558506663,0.00806486701269959,0.014077501549801233,0.018668188808205432,0.02435734941647907,0.030162137240737883,0.036560447608635166,0.04901374310749226,0.06474586621284996,0.1338060206452766,0.2523692451265673,0.2334679027285914,0.08634267836510319,0.0394001129171099,0.024318114474228714,,,,,
0.004924492546174228,0.008183639892143739,0.014237156204162792,0.018212145629006925,0.029405935267773856,0.032578428648972035,0.03927255583009904,0.05221754098842966,0.0631420222991127,0.13079199612489364,0.25332702025098397,0.1230484957274473,0.11590002404778808,0.03952540445635242,0.03076009815809867,,,,,
0.0051578405314498645,0.010932271235990557,0.014071419639796785,0.017812231075449228,0.024141379246823,0.03142360016288263,0.03765232233859544,0.04719473662456733,0.06022067981142343,0.1224880822405484,0.24008932368561012,0.2521585033337007,0.09283261812998812,0.04087015898729679,0.024922340145699357,,,,,
0.010559845786898737,0.007831523722468016,0.013947434655510323,0.01752856797179554,0.023896975295015437,0.04835979052129146,0.05616297590751109,0.04719728542855418,0.060289085065894144,0.10393603029651624,0.22567377094603264,0.25301052617881475,0.09248882605583601,0.04158103267295624,0.024856787357298606,,,,,
0.005161045584146451,0.007764872660144464,0.013765853202834098,0.017578367449191494,0.023242711373792878,0.030768203087436986,0.03652896817294879,0.04683944257499416,0.062276624235813226,0.10378457782522885,0.22550079102345824,0.23591109484231224,0.11658354432090494,0.042537117289424276,0.032068607270502786,,,,,
0.005121692967597078,0.007635304107290088,0.01356285192253151,0.01755701309139745,0.023074589098989344,0.0300961895631656,0.035676331025856614,0.045441096780681936,0.057517074749275796,0.1044833149684856,0.1725175023912406,0.2692035540753787,0.09908896992739126,0.04213734205331261,0.02534885484297716,,,,,
0.005237378475164637,0.0075835323812105376,0.016509297888622234,0.01750433753145458,0.02312126432963031,0.0328328296937256,0.03559864055053866,0.04405824804466819,0.05304869563018644,0.09678093362885333,0.1775781117133802,0.27017382170401355,0.10717299285665596,0.043388959302843776,0.025923832176516327,,,,,
0.005190114362397115,0.007423300662053006,0.01348697546721501,0.025353318560141367,0.03653539402595069,0.029406100662959067,0.03578993696678048,0.04223575979263892,0.05311149123650408,0.09701813590586637,0.17910497795685157,0.2694995631952899,0.13115720428788533,0.0485801433821226,0.029336331586958107,,,,,
0.0053011893909551125,0.007530328405652048,0.013009357561864417,0.01728297169416718,0.022565466111859642,0.02917016131692192,0.03466720611014025,0.041657528987242405,0.05241338535619636,0.08224732267739776,0.15691113364975615,0.26947505327751103,0.11555701574642781,0.04547304505733606,0.026665520065169708,,,,,
0.007401779492435024,0.007615106035864035,0.013168567763781272,0.016977855675635367,0.022462926571452286,0.028392286580366806,0.03391201595191262,0.040921567075181575,0.05251042542053364,0.08394238051652896,0.16445961655254268,0.2599264436653542,0.1251634609911193,0.047044009383437724,0.02698332531114671,,,,,
0.005335027308197539,0.007173627031435892,0.013063379605827043,0.01659541029736454,0.022045602846160476,0.028793357618212268,0.033939206778498356,0.041419859322556866,0.05432174296257408,0.07891817655032811,0.13010522691206336,0.24436368595916025,0.12610449381652272,0.04888585454452915,0.02707118995968368,,,,,
0.00518611456266526,0.00720317155081355,0.01294820067157894,0.01644979962477524,0.02172014505626473,0.028156051061644618,0.032780200425050754,0.043611030815632806,0.04859188214693616,0.07971873853308035,0.12959479158636952,0.2079618160802977,0.12515030035735114,0.04845522581208301,0.027270430480852467,,,,,
0.006586561054325827,0.007138421001701608,0.021891441525084005,0.016504112141217032,0.02180347816722431,0.028293903821308843,0.03259729336620143,0.03994514807502184,0.046990570682866196,0.07909563164126719,0.13469963876575788,0.2001480369317822,0.13805252363310225,0.050436635304704186,0.028388689041280248,,,,,
0.006484209164522119,0.007104957441543393,0.01272437436809354,0.017695932965990247,0.02185427802689285,0.027251447697261146,0.030195658400929543,0.03741818977095671,0.05950175274286119,0.07484461115160335,0.11896420978503304,0.198793664313578,0.1767873314046363,0.05048476956779041,0.029102678869578447,,,,,
0.0052950694778172705,0.007095824397377441,0.012305198714049174,0.01600410948115086,0.021009973670297485,0.026722548205182974,0.030996623882464287,0.03731044592640142,0.04526504624271467,0.06740979305754645,0.10879886161756719,0.20475356903468364,0.16683721486243278,0.050558549282290144,0.029112359026770333,,,,,
0.005267010971571976,0.007041468092638348,0.013561776085372415,0.016074317954744365,0.020860967136188926,0.026541874690629692,0.03048633287682048,0.03722448622427563,0.045470970064113235,0.07029595827157806,0.10018305024013849,0.17774576758762342,0.1660723418749074,0.05315894182677473,0.02913813109243619,,,,,
0.008993652662510655,0.006997123004103959,0.012498537457994435,0.016172594982116827,0.020671477312073427,0.02638928325652255,0.03055704153536805,0.03604163234021269,0.044636106269268824,0.06668863021857883,0.10059980967392103,0.16038357371977421,0.18801320394840612,0.055786832627389524,0.030208541250314903,,,,,
0.0054816105730577155,0.006722985621769519,0.012360514600157638,0.015779533601690706,0.02053868145785866,0.025875696358681085,0.030481227353795357,0.04316539228733108,0.043839359177516087,0.06667913889576965,0.10032230678141285,0.15995036775522825,0.11350808696297866,0.05546940033626377,0.04580106532379049,,,,,
0.006436428650960025,0.007921757128683685,0.012580866614151833,0.015536425068251578,0.02006918209523566,0.02508397328922578,0.02959563862306775,0.03506346163950499,0.040548853125518064,0.0653857190809436,0.0906674028971989,0.15900922414300087,0.2038051979901106,0.057991811150109644,0.03086596854910434,,,,,
0.005812508521341756,0.006582227595621609,0.011989021979031072,0.015249445476210911,0.019945350842809864,0.024678969770066974,0.03367006617697348,0.03414831145929097,0.042719909443257695,0.060644540910139474,0.09258661579743024,0.13126785082197573,0.22460351166213474,0.06035801445691516,0.031833914820326374,,,,,
0.00579826633070787,0.006400815110801607,0.011909380916626924,0.015242533606142273,0.019763752229706603,0.02489647575309774,0.028706743152256048,0.03436669313424558,0.04220989597747186,0.05845837762336335,0.08703301188518064,0.11823849525542886,0.1771120017143619,0.06121957152876472,0.03171628026979358,,,,,
0.0062074263885628185,0.006324630719173861,0.01218200221141584,0.014940649665252775,0.01997097083524713,0.02493097732297686,0.028074273395196414,0.034211158526154174,0.0393715299288368,0.05773538761498487,0.07465887206235317,0.1198577724356372,0.23674558923201974,0.06435005878146179,0.031728780743053075,,,,,
0.016700485096465625,0.006516083822677228,0.011680334033659794,0.014911866884586756,0.019624798482512203,0.029857634857286666,0.04840870384758651,0.03243604376291517,0.03783471876315776,0.05775785278980591,0.07637460651511402,0.12017158574804114,0.2371705978402341,0.07079290646464438,0.03394305665279184,,,,,
0.006223337475198298,0.006324169304926143,0.01159079941118644,0.015006716180079881,0.031304144127437455,0.023750750290808965,0.027461898061190787,0.03241104334008982,0.038222220585533734,0.05500859892239633,0.07646082442204906,0.11034928928448631,0.24020075874026944,0.06788678197702373,0.03519016982544817,,,,,
0.0062534829332630305,0.007459900633633409,0.011760892068714678,0.014692841933376787,0.019036129999360944,0.023784255522761946,0.026674273509690562,0.03229378412142555,0.036945096257932936,0.053748443281155835,0.07645702897741875,0.07825588978020907,0.24135497264954348,0.07201478389087788,0.03470967993165118,,,,,
0.00980368001236598,0.006425891461472553,0.014499579720913766,0.01430470388676296,0.018952348046840643,0.02331454166067271,0.028428624719389232,0.0316613137711465,0.03698348136714235,0.05275321881731572,0.11906242744267276,0.10117689978853205,0.241895871982504,0.07190302360684399,0.03489043462938012,,,,,
0.0062710870366902965,0.006227295877822322,0.011499045213562886,0.01430588250838029,0.02302451013033026,0.02346011321696546,0.026101628678348157,0.03041922272589211,0.060260725035709395,0.053011129356462766,0.06789981020335571,0.0931018399332449,0.19355337752240828,0.10789266333114274,0.037080179711802524,,,,,
0.006420894125634078,0.006267725369082031,0.011504570538005047,0.014618594290449427,0.018456199440437894,0.022758291908328114,0.02544965332667874,0.042804589800790445,0.03600981641785345,0.05465290862610554,0.06462683415911974,0.13231254517870172,0.22953703966708988,0.07636506225470698,0.035817250164012035,,,,,
0.007941706059978631,0.006351590640373061,0.013570021990553531,0.014233694093321697,0.018356423852461883,0.022774072285427424,0.02566190380947084,0.029856375121199482,0.03344881346561034,0.04865076008383608,0.06667233076252298,0.08713483711540856,0.21343150696340102,0.081236387503933,0.03719176421410032,,,,,
0.006418621323139745,0.006083757140097078,0.01138555536896897,0.014926145736646605,0.018585905943149874,0.022011454449559258,0.02573760280520123,0.02945890238370441,0.03377720221524577,0.04662012619867977,0.06153767074370265,0.08134081330564884,0.18533813695415607,0.09791799467145881,0.03906131501053155,,,,,
0.006922583288972182,0.006792318597307998,0.011256097598602346,0.013946504730440009,0.01794050276463781,0.02232341702426571,0.02506458939816266,0.029088202754337187,0.033739167171236414,0.045817429814482495,0.0607750281816712,0.0949604798863182,0.19164841712484798,0.08819977583494237,0.03832757904063616,,,,,
0.006900863156263283,0.0060916930925348995,0.01116237662830403,0.01399489474164505,0.01803756397491042,0.02234007064241706,0.02545893944587028,0.029235635937287827,0.03309271212629355,0.0452069013169466,0.056793434416843105,0.07629142350548093,0.19276206154011102,0.09447276952208176,0.040011629064143996,,,,,
0.006684339808945681,0.006275997004175082,0.01130209290755769,0.02104665607455699,0.02005946989296363,0.021546403407339414,0.024612861021684886,0.028361298533658805,0.051585313572056174,0.04489107420859029,0.0578384107500508,0.07644840689298843,0.18152234086808275,0.10069592425756166,0.03989264428601505,,,,,
0.006892165346342613,0.006910253878780205,0.011002515495369491,0.013521670144996051,0.01744808400599817,0.02161419556327958,0.02417025188891968,0.03478374449812525,0.03217044384303426,0.04182333757806105,0.05533241957687749,0.07676404205503971,0.11797402367616303,0.1027436318961866,0.05231009737544773,,,,,
0.006880158449663505,0.006210350823616094,0.010814183570491964,0.013496612481306191,0.017254488217046175,0.021134670341569867,0.02413824963974262,0.027866295304568373,0.03228088973681548,0.04790318611784607,0.052231938660766884,0.07144450034879224,0.1400829710185468,0.10311144764136171,0.04332919480592183,,,,,
0.007160914843055608,0.006268811643433327,0.01084283926911512,0.013327287108515383,0.016684265645272388,0.020879610342712535,0.02411922149214268,0.02732439261180196,0.030954376417725686,0.04325609713999307,0.05291057710826826,0.06767198596287631,0.14075630029780864,0.10929952837810361,0.043338472977360695,,,,,
0.006937181396389165,0.006377318166077515,0.010818260480611085,0.013194739922620673,0.01692772614510467,0.020967258794195903,0.023690948299558746,0.027036433353925575,0.031275875384960794,0.04170735243934039,0.0507871687844685,0.06812229391040041,0.0891899414408231,0.10934854531736064,0.04989144250004362,,,,,
0.008712670976682883,0.010045442120221041,0.010938231083078795,0.012826528854677503,0.01682684564346591,0.020477906920378892,0.022330097386376244,0.02692149045273353,0.030431574091696268,0.06256644962659098,0.05072586797107196,0.06652637711665231,0.12641664299122293,0.12353040419823619,0.045257194734759656,,,,,
0.007338737301462583,0.0061076402386868135,0.010611763272875784,0.014630012548718258,0.016804690674821824,0.029654827858049022,0.02308020915898831,0.025920830215772652,0.03073669887115317,0.039064145487376946,0.05044846268661524,0.06048970409898652,0.12695095389087177,0.1359851090404456,0.04756365078016176,,,,,
0.0074285402697886705,0.006241598069049711,0.01047252798879467,0.013010030483518523,0.016562240722183697,0.020107516364247232,0.022832867556761224,0.026097205983166418,0.029767309545897104,0.037752641207431985,0.048688733842801445,0.06077250996178373,0.16071026457990373,0.13595673904705022,0.04765105290518036,,,,,
0.007700634600569053,0.006883880472359077,0.010416866829302757,0.01285188383957219,0.016593221898472486,0.01937324139694886,0.02249202209724528,0.02621293074212438,0.029068075783558703,0.05988084400297469,0.044892518752781954,0.06041970139801404,0.11505416016776361,0.13620442678707895,0.04496832820645736,,,,,
0.011340613394522397,0.006412809390463828,0.015440860866805906,0.01255065068154033,0.01599456424347563,0.01937471415598824,0.028816770900894007,0.02480294714555704,0.028940914789348297,0.036733437713513964,0.044798996946206635,0.05735494867742654,0.09687955847166951,0.16757395405346381,0.049835832671394326,,,,,
0.007902086099461941,0.007052510796937088,0.010271582215870543,0.01294689845391047,0.016042961242078324,0.019562577124856834,0.0222905088492081,0.024938051335238638,0.03764639719793273,0.036542235784487155,0.04470968176222714,0.054897029175707227,0.09706109532479223,0.16535632841334846,0.054316221451710285,,,,,
0.007936805234001039,0.008080812287292993,0.010115177507926126,0.012623679279138825,0.016068164510902774,0.019446492616583468,0.021797395053460563,0.03655572032560392,0.028270791535837825,0.05053268473727093,0.04359996637414063,0.05010658060306687,0.09748556738525342,0.18409294593963607,0.055251212472943095,,,,,
0.016779511564967334,0.008104651375380002,0.0182033129243057,0.012471528273500313,0.015463208511372981,0.019057766547249652,0.02197540873088778,0.024123845529672998,0.027596439139241858,0.03554295476594875,0.045639598489603826,0.0525083197744744,0.08985242800747806,0.18404920440935615,0.055271912610809666,,,,,
0.008277752412144734,0.008372007587565098,0.010074095877310802,0.01248485837564586,0.015344300034859542,0.01885621265745268,0.021691658452016024,0.02371398479270441,0.02789984380074287,0.03333465045985103,0.04148735344759803,0.05021365871342678,0.08012848394302141,0.1487565838895246,0.05849448545024473,,,,,
0.008501904472576075,0.007749616219991771,0.009964063904547932,0.012674945452340788,0.015411771002821128,0.01843301251125462,0.021831002005262293,0.03340912352297699,0.02680489346435604,0.03342173785074239,0.040027144578243704,0.05020396548230746,0.0835313722024282,0.2141982530425255,0.06581888185064688,,,,,
0.008593361936619553,0.00867059098527654,0.010416648941313071,0.012272983299396818,0.015233788258299477,0.01836433544985876,0.024142346253653878,0.02348978184535156,0.026003307734540446,0.03341758535167995,0.04014967190975534,0.05018081297905681,0.07745628297482189,0.21414576214382777,0.06213273882209919,,,,,
0.00868945518214273,0.008597285122930252,0.00970822856881345,0.01624191546666942,0.015030378125802636,0.018523555720416855,0.02246184395851234,0.02294315305223579,0.026973229693581794,0.03342712174842735,0.03996524920790185,0.04798223312822027,0.07757056333498547,0.0885709574197337,0.06228235108143523,,,,,
0.009231094600481963,0.007215764360430936,0.009848557106774508,0.012561677207886817,0.017692414618242572,0.01792185968788813,0.02233438048004556,0.02300377146198473,0.025403044174428086,0.03772424532923654,0.038587292593200984,0.04728524817602488,0.07732539815375639,0.21853358144750618,0.06961296364893858,,,,,
0.009846186388293612,0.007974992464276087,0.009954296808028616,0.012055045895999417,0.014872502103526393,0.017810865777589342,0.021286483119252995,0.022936820880728237,0.0257045119255726,0.032427285808391555,0.037783478729484905,0.045928005886262085,0.07220791293745162,0.21885076328058195,0.052656293681002726,,,,,
0.009124969483774179,0.006232500472026122,0.009649268050393244,0.011875545791902831,0.015052904375102247,0.017756660813369775,0.02123391265613796,0.02244779412743209,0.025224745511783626,0.03144868447214069,0.037508062615225,0.044493152413782724,0.06900905912990313,0.17027666249524648,0.07120593340220478,,,,,
0.009796566653147445,0.005888766111896625,0.009599137093117415,0.012043340149429023,0.014670403761694869,0.01749709335907501,0.020499476885661012,0.02252865169819533,0.02456412300077502,0.031528425244318745,0.036425501879571685,0.04298951053682707,0.06812374084042891,0.20040662364512568,0.0786683085669654,,,,,
0.010408147751863089,0.00836917988049172,0.00940838833024523,0.011702963911684591,0.01462274136858696,0.01755922909788858,0.020419047657878532,0.02237031159688488,0.024561694121922804,0.03137573798135559,0.03475184992806501,0.04670492041163973,0.06421904001880899,0.1827449359673873,0.1066897396672569,,,,,
0.00991444545183258,0.0055619400958569366,0.009449790638231198,0.012411718320082322,0.014359610674051063,0.020073640700161807,0.019656363161955234,0.022090856228621242,0.024466580987897096,0.030013389147354377,0.03494612101812305,0.04068396545217301,0.06042641985329875,0.1821045617140025,0.08323179140912869,,,,,
0.009917584528193949,0.00521106294267675,0.00939593896473098,0.011743786591726117,0.0146707573846945,0.01680756533440814,0.01913629259478234,0.02194564306423723,0.024016416895042195,0.029327045985497905,0.03476157994079731,0.03960465964125444,0.08229723240549687,0.18317310250803412,0.0825429541858474,,,,,
0.011031945842165497,0.007095458831091108,0.009690845751957871,0.011382735671086932,0.014523956271246356,0.01685610947709282,0.01909959108395596,0.022075586239133967,0.023681037360749186,0.030541216429160373,0.0327838402452048,0.06388268445871391,0.05730687604608975,0.16291483365201714,0.1165011335819631,,,,,
0.012177077183741388,0.005116182261645147,0.013713936501128924,0.011395802934491496,0.014189341029377219,0.018458729077864028,0.01858323658586689,0.021937012925855384,0.02355367411815507,0.02847112383121029,0.032539948976783965,0.03816718536556471,0.055343903735057674,0.166803727684533,0.09973423515914706,,,,,
0.0105256463572803,0.00533308212578587,0.009179492449447177,0.011361522823543318,0.014254749848488768,0.016725182206416896,0.018799864978427026,0.02210252184650707,0.02220392204438973,0.02854768768131239,0.03299643453576645,0.03781586021555323,0.049222606379400805,0.1469638363336758,0.09968431255515305,,,,,
0.010622421565784182,0.005591882131875996,0.0093473979806872,0.011148570451800496,0.014154931372587791,0.016243492484428607,0.018405621763449526,0.021413203778224175,0.022966318429249115,0.03479846954416086,0.031719387961167245,0.045318630803646544,0.051690049849034476,0.11810268901115334,0.10562256167705533,,,,,
0.02091957497846962,0.005133896750927959,0.01404374139867668,0.01171788786553326,0.013959332225114064,0.016278905117884643,0.02497646822903151,0.023504064113365336,0.02267665174728672,0.027098376853398554,0.04650003330615677,0.03673890995923203,0.05194734667526389,0.12966852837491943,0.07342198595567458,,,,,
0.011048656716119477,0.004770923656466934,0.009114303238768206,0.01125024850107856,0.013811120227604112,0.01629928824335115,0.01810973651342799,0.02350788504554351,0.022459693012652764,0.027268325898844134,0.030874822828062733,0.035745671783701354,0.049114879410068854,0.13720310164131314,0.12142566351639575,,,,,
0.01125264037142511,0.004990160578910007,0.009198405725720244,0.011155548339728968,0.022200300238000306,0.016085851836999867,0.017645013642234076,0.030104893282448444,0.022550402477086878,0.02726661357669509,0.02967747411186061,0.034086042928360746,0.04913689769286691,0.10649698377473833,0.12205052555230457,,,,,
0.016638883991251803,0.005888766111896654,0.009234325522321679,0.011201811786163923,0.01346524890794747,0.016298273671345564,0.017649937664688194,0.02618936861916805,0.021699355164285623,0.026934735532748718,0.0300868474996618,0.03423719316465943,0.04731273040904873,0.10601491869627508,0.09412824390660791,,,,,
0.012042586286316076,0.0049510214602777325,0.00920295181189958,0.010967124395270204,0.013626580486142924,0.01567461503865757,0.01745700165443401,0.0276500230155278,0.02193240091224615,0.02558856593070126,0.03016821034081958,0.033172567095070334,0.044106285897291195,0.08859705876743051,0.15128937346437032,,,,,
0.012108746578971182,0.0051182098777999615,0.009207706940403817,0.010756221144594645,0.01344749036206797,0.01582645755220758,0.01737120325281227,0.03500244136318154,0.021675314432535894,0.03070883692753558,0.02863074055022015,0.0331574622556712,0.04488475378112657,0.09599444806967401,0.15236029545820878,,,,,
0.017609770448015948,0.005227463648648077,0.013770374828413178,0.010844035350800484,0.013341366221544412,0.01578060207160974,0.019749572498883605,0.02576449796455603,0.02185866918869869,0.025027564476792663,0.028531327661048825,0.033026558795493495,0.04287567433221698,0.09034865039417724,0.13894454675888296,,,,,
0.012536485332120791,0.005315543452070697,0.00932638823430516,0.01084941608660873,0.01321300995661243,0.01585521603873943,0.017230361616438223,0.0260043551277792,0.03522229346588622,0.02462952003589671,0.0283878095734936,0.03139516013227678,0.04427047419301858,0.08064332682181141,0.16767935814960316,,,,,
0.013068342782987612,0.005337032535022434,0.008927360723389538,0.010752874584376813,0.013548979031872216,0.015221587453520305,0.016468002456708233,0.022192470443640398,0.02163052580428779,0.02527968828766951,0.027686726384276654,0.0309147038745489,0.040798401503873157,0.08057620582062863,0.1845475018845696,,,,,
0.01359902210668252,0.005452847034616317,0.009249061045556131,0.010782715675070787,0.013111443150655716,0.014858542675601655,0.016670948085293687,0.02095403277106246,0.021670646723520825,0.02444747682088813,0.026792891214864483,0.031143507734191427,0.03948665742599751,0.07434803735985576,0.18966792828223897,,,,,
0.01338852872244218,0.0055324807078951845,0.009173839138293035,0.010456880947375343,0.01323461161550912,0.024304310582254993,0.016605176417526835,0.019930470625663336,0.021730293806468584,0.023807760120256257,0.027083152681880877,0.029402230171786697,0.03940956741089143,0.07438108732466414,0.1909934730233283,,,,,
0.014567646693024487,0.005575622912462637,0.009258171282843487,0.010603601987468361,0.012992398413001852,0.01508137499031428,0.016508040887325007,0.022500093507641233,0.02163556184774825,0.02355631705036386,0.026282108674680633,0.030296855526972977,0.03821896295640643,0.07432858420730365,0.1916843351785886,,,,,
0.014194116089149084,0.005405367491782101,0.009188848095201825,0.01030193618830884,0.012838555986366216,0.014546375150424859,0.016065742837752632,0.020940535170035107,0.023066831167550386,0.02274168791542684,0.026985187780190833,0.048723324135866046,0.038019719763237945,0.06395746978577635,0.18304872430473734,,,,,
0.014505482111551242,0.0056610355928175945,0.010770680786002615,0.010212699202343157,0.012999883117696068,0.014507873684495074,0.01583884750113462,0.0189502949493656,0.023015002530971215,0.022945979350335922,0.02558819845976906,0.02857978968763402,0.03632123201534121,0.06406109532603467,0.10151697752011371,,,,,
0.015378599628950601,0.005016083665446545,0.00951527119042729,0.010288235982333646,0.012535140343325661,0.014518776049740412,0.01617115140499312,0.01811746949052414,0.022854896295501977,0.02246779046844781,0.025291280463904036,0.027563521255777983,0.03822995634219357,0.06407091375295225,0.17891746796650135,,,,,
0.01831256567746408,0.004965342991455007,0.009904531216582654,0.010531035825610335,0.01258140782590292,0.014439435128434094,0.01560196385868004,0.018096500449176354,0.024936556077124132,0.022718864370845363,0.02510207638882712,0.04568237521066673,0.03491042769064536,0.059991522471471534,0.14408678894743565,,,,,
0.016291806777289034,0.0047638503780680595,0.013241249306301757,0.010261475869923785,0.012662455649776699,0.014510756458656736,0.021487105988401634,0.01760349064602933,0.028741691011177378,0.022385786105146657,0.0242629186038895,0.027001439877529138,0.03368516254799343,0.05188114223020337,0.14556379097260716,,,,,
0.01654051545087162,0.0047844289546113816,0.00991941519732065,0.01029286774705974,0.012075255272552175,0.014065773090335206,0.015350722524973662,0.017486694304662445,0.028080047499738112,0.022094422599389207,0.024472093365345633,0.02686186712618113,0.04291292541814278,0.05622169344636949,0.14455472509237544,,,,,
0.018657573555406485,0.004788290288456414,0.010240061758811642,0.010390188356596962,0.01220476457506683,0.014073332038712956,0.015321122917875636,0.017819601876300266,0.03337042604532645,0.02501667961372101,0.023497786504447882,0.031203169163019424,0.03266550723047753,0.05288574637841207,0.12828630878218233,,,,,
0.019552497201331794,0.004714521716883813,0.018502941749984625,0.01018010467102117,0.012127476283249766,0.013741736334286969,0.016283545317451336,0.017187308702410666,0.033729478675415425,0.021901037150728858,0.027525287192068672,0.025968320509068298,0.032593602869889486,0.04868194071459928,0.11759517928772384,,,,,
0.018214370937311753,0.004719264801410671,0.010636422945951718,0.010135415952928042,0.012039974324101402,0.02167304054602921,0.01497245254716427,0.016630599979944184,0.03500823049701466,0.021337981971358003,0.02320753019543655,0.02547389965962958,0.0321392346792401,0.051289150452148366,0.11356470098566766,,,,,
0.02130969963162673,0.0049641021210141195,0.01111769905914955,0.009941389547454181,0.01177684394209761,0.01379690945208262,0.015088253238424892,0.016622818997971085,0.03526682022944477,0.024115524312803477,0.02264786499890012,0.030458582561261157,0.03038304561512566,0.04710139404589408,0.10220915978051122,,,,,
0.031417790372996794,0.004787138988505372,0.011247337225775695,0.01009335664516961,0.011711161980880633,0.013711028082928218,0.014696901875480554,0.016575626061092898,0.03064375895286906,0.02085824694300538,0.026883694112801716,0.025090034953281923,0.03034621635376279,0.04678480689276248,0.10171021966826425,,,,,
0.020123635262474265,0.004836732608745122,0.010911846721444112,0.01037535470295909,0.011191879110408181,0.013832983301332346,0.014872175079382845,0.016588766051540412,0.028898354828344238,0.020912257980715068,0.022486471321999203,0.024113157820530556,0.03263014126229037,0.057347118414474256,0.08183440201762332,,,,,
0.02152509925622063,0.005223492448569802,0.013666568357848347,0.009971578049568615,0.011967583314834194,0.013431856938133414,0.014256842342263026,0.029461444787337705,0.026008282476757832,0.02071561603242785,0.021716338052174662,0.023495454393943634,0.029573488866066297,0.04275366368558597,0.09073734344411762,,,,,
0.042905255609037844,0.006073942729510602,0.01390347437723395,0.010177078428423223,0.011930706751018656,0.01317066049617798,0.01397811067271105,0.01578395084515249,0.022488965735959907,0.020454507184580306,0.021863356077280866,0.023370146033931106,0.02824095609717161,0.042192954577450786,0.0817922654942,,,,,
0.02256122688824988,0.0049835936770173134,0.014017488972859057,0.01764822911105779,0.011355471047918163,0.01716631785291788,0.01473935375925756,0.015695473066629276,0.028976162093560954,0.020518954218257335,0.021534361247107045,0.023748019770259456,0.02853687294080028,0.04424903138977235,0.10013450739004959,,,,,
0.025426620848349665,0.004796341650187294,0.019304163723127373,0.010302439756553091,0.011419706552624316,0.013002052876131568,0.01413991960933192,0.017279275437910444,0.020094611936227257,0.020482260723497406,0.021355343344267544,0.023083369841432208,0.02752057488989661,0.04014465652162453,0.07388362755848643,,,,,
0.024736973109873658,0.0051986037187704325,0.019690116900622535,0.010067624491193855,0.0113144795834962,0.01316938027585103,0.0140128619752176,0.015316826226454713,0.018757735138359176,0.02070634797240968,0.021273440321969053,0.024155504441703758,0.02627756828686989,0.038083193564761406,0.06757475209687563,,,,,
0.024806123602693006,0.004849051761613416,0.019391709727981658,0.012401865746890825,0.011263008869326683,0.013619440193845827,0.013856964762086026,0.0155196158464474,0.018965345836180883,0.020009315009984912,0.020900346882286768,0.022559444739512102,0.026641080314660007,0.04850997865710523,0.05940537524854431,,,,,
0.028455346507565284,0.004929691359768591,0.024886510730072874,0.010409674117603558,0.011023242646346819,0.013101646563878175,0.013554888705565038,0.01760938378005333,0.019032041659036523,0.02060796356241914,0.02090892417740986,0.02198378781224744,0.026704293023651262,0.03647907610251025,0.06201230391030308,,,,,
0.021619370390509103,0.004865139988727465,0.033093721300317916,0.01017095948400449,0.016578207952606967,0.01304151918711721,0.013653655794677437,0.015170036007967866,0.018200124262517617,0.02092403833033519,0.02038249246353033,0.02210463420552542,0.025638530851180046,0.034961742199575055,0.062228706344365683,,,,,
0.029169238715856853,0.005124541007453456,0.030847085642087546,0.011601229017486427,0.01132708171835752,0.013258085785535285,0.01442359549945933,0.0149044068890039,0.017847001797519305,0.020758505083130072,0.020208032495719515,0.0222977807343228,0.02578793277932477,0.03494879306904351,0.053259006904133405,,,,,
0.03209084343414366,0.005243874892212256,0.03635122339855812,0.010743341731804454,0.01112490033141663,0.012535838720903938,0.01338755997477185,0.014732510695354199,0.01760763446174796,0.02148914304491972,0.020518954218257352,0.02119906856671827,0.024107603719126926,0.03506101103017139,0.05314064029183818,,,,,
0.03172624629458638,0.0051821116756990086,0.03620886321557713,0.010707881320299558,0.012218677621422348,0.012966292955228404,0.013239608563263864,0.014841599258028058,0.016878331425505134,0.03594413363551267,0.019864163379288167,0.020898609279901545,0.024208601424166146,0.03328817238150814,0.05342785784036045,,,,,
0.03284811342502615,0.0050636274959267235,0.021522568458277908,0.011766073977228685,0.010935384994151849,0.012985908179412307,0.021639143320084802,0.014433595586346949,0.01629403565831521,0.02277965261681168,0.030808800994483344,0.020442329370988558,0.02398469606060019,0.03209129810396363,0.05174707570674724,,,,,
0.03684064237843635,0.0049950314054273215,0.030611967787127634,0.011110697400637998,0.01076420647324554,0.02206265722399381,0.013352638249817536,0.014431865729996225,0.01649389302177573,0.022918436371715967,0.01963603022837055,0.020696010445035537,0.0387391180188685,0.03063678529529302,0.05327227100791647,,,,,
0.03838479178268451,0.005139893152961284,0.023239921162467713,0.01151918857117039,0.011423567362173042,0.012130577269613576,0.013170758969510353,0.014343908945349424,0.015959739675307446,0.03297554651807968,0.01998744318737386,0.020562600382605944,0.022796726772696313,0.03051967856652616,0.04618327649350282,,,,,
0.04186591661329907,0.005509635500467032,0.017971994652084197,0.011299797588628582,0.010878038587153811,0.01205195237889738,0.013678899854733495,0.0139510840123051,0.015785286047509648,0.024983062141575925,0.019801204084562554,0.020708477488327538,0.022517379644597945,0.029207485517124473,0.04322704098894381,,,,,
0.04286708264010562,0.00546193724828781,0.018593092110919255,0.011379772811731281,0.010906050839499902,0.012002212593973709,0.012806061871333561,0.013827075236347143,0.015290554214007894,0.028279965338269146,0.019513803720501238,0.019822725262089815,0.022314584259658352,0.03869050886572083,0.04336623576694672,,,,,
0.042753997377334124,0.005641298275278459,0.018704714048846608,0.012113003439530947,0.01105120957862133,0.011922850008594346,0.01277076872913503,0.013841957793575728,0.015079654938074272,0.03468837474378986,0.01968339713997614,0.019566554612584296,0.02220859447019775,0.02806432760294058,0.04327978501421207,,,,,
0.07081679240817228,0.005520746907394613,0.01357269784493974,0.013946318737985191,0.010721196499393905,0.01188056852654318,0.012904127945777989,0.013599427430936058,0.015160115333001878,0.03422196132599198,0.020736266385971487,0.024221174772512767,0.021671843667827016,0.02811825369675795,0.04053686489504008,,,,,
0.05739319700865309,0.005589562281900911,0.013296182548569064,0.012718282741784177,0.010883670638672809,0.013167213465580925,0.012777292113964597,0.013550893378416204,0.0257527159026899,0.04164314261538336,0.019645935259810336,0.019237534898430744,0.021278393260063953,0.04904178398471076,0.03403417978234836,,,,,
0.06733371368902959,0.0056984847169478225,0.013109068892807304,0.015523793749886852,0.01052043905014423,0.011809863670877541,0.012836232293235725,0.014051012214501626,0.014976783087325862,0.041425182123325306,0.019709620862384796,0.019092035123478634,0.021306701937839713,0.026226100954002844,0.03624077279969459,,,,,
0.04951741794596726,0.006545079203333959,0.012342243629949354,0.015688179011480233,0.01071553956993264,0.011435567283516954,0.012913798184456848,0.013231450806929172,0.014902644654022263,0.04070323970498234,0.020228495746697148,0.021203595419660697,0.020553137118006343,0.025333769592435024,0.03614863728287412,,,,,
0.07667172044075259,0.005955343838637159,0.011627805873273838,0.023138128443167257,0.010408147751863089,0.012587797518933597,0.021527735187703952,0.01320851846109434,0.01564813561861298,0.035551027269566576,0.03024346906918176,0.01847263589166893,0.020768764668470704,0.02706539230499695,0.03592594331984784,,,,,
0.07826155766688687,0.005894489666785386,0.010551214131389191,0.018568312525220912,0.010805545036080973,0.011643271741524379,0.012951280396070023,0.019068380068500104,0.01438325511409724,0.03583404793773532,0.02158212901083637,0.01849438818306989,0.020568654587035575,0.02597774574226683,0.03621453112175034,,,,,
0.08760641371113706,0.006293332050209474,0.010495754014690783,0.022302142727270047,0.01781851009819641,0.011199264301320917,0.012403565024758536,0.012976691467615155,0.014289736011364185,0.0360340476710166,0.023399222039693402,0.021519675753324946,0.019546078489982025,0.024296771815199826,0.03230727553465861,,,,,
0.09519495317008513,0.006392299205589241,0.016000725727841548,0.022452993445184078,0.010691638607066538,0.011126328369864292,0.013693233100630336,0.012907167944343287,0.013955615324195755,0.028992852646394566,0.028803096703665047,0.018363487941746876,0.019416039651055,0.024322380758676827,0.030595312685929816,,,,,
0.11371852207467428,0.006227295877822346,0.009188706948713748,0.022343553700104445,0.01064693473820025,0.011103107288074747,0.012030841466070651,0.013524835049374039,0.01389612636597816,0.028698575749334237,0.02624533118462125,0.018549706112931774,0.027899041898584772,0.028168635075835034,0.03093558939916279,,,,,
0.11619127902358428,0.006604504704628597,0.008691246083889258,0.028725768820132374,0.019192733773144042,0.011002515495369456,0.012062359579068989,0.012807074604528818,0.01360664971425369,0.0272560161913401,0.02662799358486557,0.020267952521765036,0.019037492584362648,0.023460113216965398,0.03092971939161364,,,,,
0.11570088826761289,0.01102386032925171,0.012667780677964001,0.03039136845693095,0.010819009745458134,0.011043960256016441,0.011704182906939352,0.012488389895818727,0.013647978949283879,0.020712485394931642,0.03559116190091226,0.01879917508651756,0.018787028842239737,0.022879639103066222,0.029393406634887057,,,,,
0.13403512134848963,0.006980049356411883,0.008417083185517808,0.036828670836120424,0.010839968134609891,0.011182836477760862,0.011689102762782,0.012827514695044393,0.015137705784724263,0.018947283337311233,0.031564768812205574,0.01845565482035856,0.021443844612638287,0.02810733140399607,0.027855413898958587,,,,,
0.12455660138845644,0.006760307506119391,0.008486330129723286,0.03874725266682751,0.012575943095128205,0.010968986819992267,0.011397424620788977,0.012567999535550867,0.013140098189347185,0.018912529609065424,0.03868195155794477,0.021050984663842715,0.01842139930153451,0.021630151051807225,0.027631570907696437,,,,,
0.13523836745872683,0.01535916907824713,0.008734117560968617,0.03900143681018879,0.010996619974252046,0.010426822561441687,0.011419025097788514,0.012642979747085233,0.01309729017320691,0.01952383719130997,0.03847094862690902,0.019692043467738424,0.018136787508425865,0.020977045319745008,0.02779505257340236,,,,,
0.12717204551433842,0.007224431624710733,0.007799994719115047,0.038446532806608286,0.011193848971065276,0.0137252096593831,0.011392388103515859,0.01264618508147949,0.012914978211181637,0.017983916099389336,0.03852206542402554,0.01959829582111399,0.019033932625587096,0.020987785143375227,0.026210419612783153,,,,,
0.12318801189511405,0.007548863594569669,0.007655533596544843,0.0242429183546119,0.01228819126667235,0.010551705803131795,0.011268218315391453,0.01656568593639155,0.01289198593363149,0.02073962794327022,0.04307941157321518,0.020371783690891536,0.01728737990018907,0.021074368299671953,0.026137119757903827,,,,,
0.12166677235144222,0.0074236500842877464,0.007794380833010931,0.018431587647599442,0.01139671338327862,0.010638617568911303,0.011826736500635709,0.012342769035261011,0.012772799711893459,0.01702797091889161,0.03268582955089088,0.020257503320594544,0.017574751768899142,0.020377083088625257,0.025280214154099232,,,,,
0.10266950638650266,0.007559851382144166,0.007768003834071914,0.019137376965268627,0.012140169268759589,0.016209602798754046,0.010997357087231693,0.012755551470309573,0.012828449909463344,0.016676859672657175,0.02997667899862405,0.021305971471390055,0.017296249180765527,0.02008533175753783,0.024429114270542097,,,,,
0.08822241838365141,0.007796668459741775,0.007323390060748805,0.016307243481818036,0.011815984570687624,0.010269940611404764,0.010943417361527836,0.01951504987900729,0.012614969013012449,0.01640653636527173,0.029804201424503386,0.023481981579572517,0.01694933769913951,0.019504679415792453,0.02411459656794094,,,,,
0.10188648472646522,0.011621195258267854,0.007418887790871047,0.019336385964793767,0.014811179233888491,0.010543098237284398,0.011105297276002901,0.012023805247168734,0.01235001734594975,0.021074999098116276,0.024484279792833057,0.03036357406461152,0.016773423519952747,0.018933519653410853,0.024116546135405655,,,,,
0.0748711367698826,0.008426669646411027,0.007277198696593435,0.017043482810537854,0.012452404720588131,0.012398518795749774,0.014247355426374252,0.011418996702954471,0.012555609943091812,0.015446676463801493,0.029538043247492672,0.028463105259224932,0.017090598037309775,0.01905055142167512,0.02317050448012322,,,,,
0.057410007357827565,0.008878741252618564,0.007115491518571753,0.014047619635432704,0.01402914223860079,0.010281174042702108,0.010459392246995542,0.01148761966984106,0.012366048311755137,0.014689994891830704,0.02105072281718814,0.034784853753460826,0.016677948420727975,0.023413462610066493,0.037895456529360175,,,,,
0.04997032911749538,0.008761360837233638,0.007037414759543725,0.012617513340642319,0.016286969852668594,0.010201739987042133,0.010437017331156439,0.011529907931926427,0.012398728006665414,0.014560700664430092,0.020781375295680693,0.03066720800786694,0.01638312036847828,0.018246722914168675,0.022309352684905175,,,,,
0.05250856677545106,0.008849917657363359,0.006889953883365957,0.013736072285766081,0.015676042289333593,0.011911096010575732,0.010498966351413645,0.011113936215969152,0.012500223594336344,0.014162099313949307,0.02626601637230421,0.037618481373220845,0.016551959544847897,0.017912014977442867,0.02129569663332517,,,,,
0.048805533951606965,0.009983277130308678,0.0068205200077270135,0.011254513167975619,0.018519056582203708,0.009851618440458986,0.01047314719236107,0.013069434429024203,0.012484650608055713,0.013762837960487486,0.018629381683646654,0.033111509064403355,0.03041238948831333,0.028172260715369133,0.021148457996264382,,,,,
0.03678600818260704,0.010289338972574306,0.0062035075748747654,0.011385128186905907,0.026834488949418082,0.010322091168292764,0.01035818365751487,0.011095950315319368,0.012690284918905169,0.013793736454664916,0.01712480805707379,0.02642999501645565,0.016294194852436123,0.017246969904790063,0.020234569795055776,,,,,
0.040327744229163534,0.010498873701621452,0.006576954657273321,0.010777903332060345,0.023034154571009165,0.010324729466721742,0.014569093365487751,0.010745605041328567,0.01229241236293771,0.01961818856938031,0.024003331051644466,0.02645819617431839,0.016965533076116084,0.016819521729536414,0.019519302834139073,,,,,
0.0401411025662003,0.01066418813234259,0.006451272426529061,0.010605191943772256,0.029465505574413693,0.01006778552139845,0.01003074514451123,0.010785992854152455,0.012770159371320604,0.01354945764386485,0.016227036052731847,0.021542189416978722,0.017573349570263706,0.016732004824438762,0.019827173875174457,,,,,
0.03484014120011213,0.011722314324543244,0.006544682874151008,0.009962729632913538,0.029368642467059034,0.010125173694831487,0.010185613308536257,0.010876518327564146,0.012180059059984998,0.012945195356225514,0.01603988890782468,0.018956111481342488,0.017567204406689872,0.01618349784736925,0.018739835880227342,,,,,
0.050168877257550176,0.012421328148538753,0.008369489812810375,0.010306498876659735,0.029313864226400883,0.011874699361187412,0.009787560019200564,0.010551982358419382,0.012022079262098185,0.012426547764419838,0.015755988353056662,0.01879705351025502,0.017511745348495134,0.015880553929727995,0.018919883057845484,,,,,
0.032619169131772555,0.012713565462128222,0.00618440056597484,0.009350276627028834,0.03094008549087031,0.01030322653266295,0.010036658823064747,0.010234740830885129,0.01184996239886967,0.012635796847464341,0.01449322749566029,0.018522155327615062,0.01999081712664421,0.015682887149551284,0.017258095843551254,,,,,
0.03399284595624382,0.012707647263488914,0.005950986614781086,0.008993652662510645,0.028360349619190386,0.010130456152310292,0.009703952610610876,0.010072293321894852,0.011782046354688222,0.012398858761695046,0.014055811199447259,0.019126123631565923,0.020580930952536356,0.015424893455408532,0.017684642453954885,,,,,
0.029444094850745124,0.01915578494526868,0.005929589935953555,0.008588228911928732,0.025209058655394544,0.01075525647730399,0.009792196821288977,0.010149641912750328,0.011251401273155482,0.011928641119552073,0.01562964179175097,0.018418494854987554,0.020639846980022178,0.015334259508905,0.017446987563814315,,,,,
0.026946229390677333,0.014897879049092833,0.006081678234498773,0.008720296687891448,0.019555034250274213,0.010293781250433788,0.009911043663819981,0.010053604990046284,0.010515537513387418,0.012229287614235734,0.013313363589307774,0.015558114442745553,0.02090531066471567,0.014762499809199503,0.01702825654147243,,,,,
0.02690673257651896,0.014995671251729015,0.005890142474218094,0.008553424609602303,0.01971565741672672,0.011020183135003796,0.009464190693272487,0.020957111853894525,0.010786564003646436,0.011776843942097649,0.013309271396745093,0.014769877809731309,0.020274782395123696,0.014915693305617208,0.017888974583619998,,,,,
0.03763750773798734,0.023390338073749878,0.006001173834345605,0.008945538490592451,0.01951863837098498,0.010824522739161572,0.010021690138859769,0.009867798080676183,0.01095099972145367,0.011730056608482725,0.013523876065656285,0.014609098151557065,0.027796592365987968,0.014335045132532106,0.016259473609081823,,,,,
0.02518181491153379,0.01680978369527224,0.005939260736320511,0.008355725502553557,0.013623605819147214,0.015294688690197226,0.009590519801533842,0.00981716468105866,0.010529557845989244,0.012038897061254245,0.01279998378948793,0.01426702749124183,0.026735612907104456,0.013894142903502528,0.016216002500053305,,,,,
0.023683227980479726,0.019118730791773345,0.005674308043251601,0.007901798868007215,0.013390393364395025,0.011512008620103254,0.009580371887981384,0.009710265667657217,0.01045067762299917,0.011649508005870229,0.0125653935736174,0.013811754086682095,0.026497382638334736,0.013769739064533928,0.016008322976098947,,,,,
0.022137481816151765,0.02205552833399629,0.00529898703646124,0.007985678150841067,0.013228142175225242,0.011410588726172342,0.009338340069277508,0.00981983958137578,0.010415123597752754,0.011515585076879028,0.01200180736070042,0.014656694299575269,0.022200884440285257,0.013922700789547599,0.01793992441536864,,,,,
0.02161889045865177,0.02152961779831997,0.005654215652444754,0.012146070325849067,0.012041913154370532,0.014807128727684606,0.018258092054844348,0.009578307163579006,0.010046507218500674,0.011586462631250937,0.01333203043918421,0.013183529645249973,0.021993180977410345,0.013467656675785953,0.014932552651640268,,,,,
0.02039087415867276,0.024796710694531078,0.005709910062238494,0.007665184179589789,0.011041611276864528,0.01523453319150449,0.009274547158915437,0.011503865924895341,0.01483600543223175,0.01146006701054835,0.01167811305780099,0.01291718733304957,0.022679439773201075,0.020642595953040684,0.014534668109441571,,,,,
0.022364440654688355,0.02512505794427685,0.005603004041566544,0.00756019449318704,0.014024403487277935,0.015499880940369717,0.0093105214557817,0.009655482538355502,0.010106743555334592,0.011624319730492421,0.011367229092334808,0.012348336957160989,0.017787475623778245,0.013036122972301376,0.013827075236347106,,,,,
0.018882760926934337,0.02479974413285013,0.006463323569384831,0.009727080455262604,0.010395679241356105,0.021696022748324138,0.008931028280731125,0.009380224399894433,0.009777185500641938,0.011554488241696406,0.015428361468868845,0.012718869092110901,0.015354207291231499,0.01283117933465902,0.014201332747782744,,,,,
0.01767585799681364,0.030250158247616798,0.005452430779941504,0.007471149460416862,0.010368445916620233,0.018635594166309295,0.009091471094914224,0.010738119211866137,0.010697702205232754,0.011543258023281358,0.011047834979722082,0.01209028286380977,0.018401023306851273,0.012980089174413572,0.013575158209737766,,,,,
0.01763734927668886,0.03160090641484758,0.005333082125785887,0.0069899367414571955,0.013451275355391923,0.01864081313899604,0.009186554196061946,0.009306376332374218,0.009988472323369862,0.011441009903363502,0.011143101387544582,0.01149213482226434,0.0142409817684955,0.012415479573573803,0.013530204102105352,,,,,
0.01636331724221653,0.02867392388826879,0.006077411587253663,0.008657417768986472,0.00918249435533403,0.016404006517605402,0.010282561592192445,0.009048035214107434,0.009493437599239487,0.011775990416925647,0.011431738889934043,0.011234097271538545,0.013900792220120325,0.012488389895818706,0.013671715738660006,,,,,
0.016507549845195948,0.034587652099874654,0.005328216062932025,0.007103816453159368,0.008982577819836881,0.01549100877496551,0.009317518694810099,0.009072906706980695,0.009314734353756201,0.011350901533619626,0.010776489297949577,0.011396258167977014,0.013011625418054184,0.012050741656033957,0.013014640307062982,,,,,
0.016653921113472223,0.03450115820721106,0.005561182191404928,0.006935545318290181,0.015358324631959004,0.015564365376241913,0.009738640427757603,0.008687029414187386,0.009468814631559823,0.011558444292669577,0.010707881320299569,0.011149355682208826,0.013027190685980477,0.012047297156836731,0.012737847147459059,,,,,
0.025998007776670048,0.0279824093385057,0.005407466558894924,0.007058255363100975,0.008871690325754985,0.011062030688307977,0.009737574952847248,0.008729030161302487,0.00921953127865726,0.017907814851778413,0.01051871298329017,0.017060919206160062,0.011634356993775838,0.012047647033716993,0.015204643420463942,,,,,
0.015076321778417967,0.03509241210380985,0.0052020953093707585,0.007065372138516847,0.008293210194070047,0.010728603470586514,0.017065251771313815,0.008836534766016204,0.009206192610482328,0.0107959385575509,0.010588669225705045,0.010766615974657575,0.011715590981107455,0.011950231044660855,0.012156210242470664,,,,,
0.015138476864303975,0.033510485741116536,0.005349169341833719,0.006757237212028484,0.01229937400463544,0.01127972236975605,0.010660326042316447,0.017657578203486703,0.014736999751774641,0.010199451361266107,0.010532790657042875,0.010757818684513715,0.011484232140560595,0.011559229730316268,0.012087278840210682,,,,,
0.014492511577436364,0.033781809613638865,0.005346198372443815,0.006880346954902042,0.008008261978290644,0.009649268050393359,0.01184645952085609,0.008699151489686273,0.008969971244532738,0.010201231447908488,0.012791089394019326,0.01319279847342281,0.011012795620891474,0.012414826659920088,0.012028981716457122,,,,,
0.014479439852023563,0.03380465494617444,0.005177103714658042,0.006570394545177024,0.008372627231381198,0.011002043969936964,0.01142095578088591,0.008581619399736218,0.00902133419998338,0.010277515059733578,0.010495259721773483,0.01024259456248115,0.011035942306596476,0.012891860180119816,0.011805882011019416,,,,,
0.013734160142173346,0.03041426584996699,0.005091214744222854,0.006558935637184573,0.008680495131108402,0.009311078642562831,0.011868144306390683,0.014842145417083908,0.009023346703455027,0.009920232351250656,0.010046733133922542,0.010275464197959154,0.01056316141510932,0.012657666332256508,0.011485841341542466,,,,,
0.014223325500939849,0.03068765972431785,0.005058502235881173,0.006785441072072942,0.007870551388122864,0.008620523463188975,0.011204734890141024,0.008303564476191131,0.008802454430816679,0.011701273730925015,0.010452694107232261,0.012036661433257554,0.010258283987262532,0.012178994187993373,0.011199640670786916,,,,,
0.01271991425826593,0.026895161560757063,0.010819938761809927,0.013044601736194771,0.007897694420941907,0.017617207550988945,0.012450920442301611,0.008302588208763445,0.008757214954212613,0.009513908058932988,0.010211556181667506,0.0101471817691162,0.01031266316404058,0.012451337099683001,0.020898252432959483,,,,,
0.012027903469072067,0.02352751787700296,0.005186114562665217,0.006457351022189196,0.007618511566214485,0.008351533549920768,0.00928349268075518,0.013501416401188269,0.008732001265690395,0.009002048904681906,0.010561073918718147,0.00964338579476017,0.014516989337855996,0.020547756886935276,0.01042523650350529,,,,,
0.011511079122682543,0.0235829088191286,0.0052495603829585645,0.006415791822285098,0.007513732786644636,0.008291333318277083,0.00903968168506658,0.007957409166994882,0.008495036958710464,0.008851492939678176,0.010534483638328698,0.009437842519694841,0.009830103115215375,0.010785361548470108,0.010349415141349431,,,,,
0.01154730216010692,0.023353227320564975,0.006693598338161151,0.011886462072081517,0.007600231560667836,0.00994683480315642,0.00872130055292748,0.008104651375380021,0.008512385809303514,0.00897318778424828,0.010389439374741878,0.009387687780785995,0.009611289528173039,0.010083071663844728,0.011835725507907797,,,,,
0.011232365405206104,0.02076337784706503,0.005024092663033678,0.006376504628867117,0.00766941306039104,0.008033930910859594,0.008774673622541014,0.011465045516257497,0.008264109953099995,0.009063467157119136,0.009757533246958197,0.009612099144229462,0.009421853712067418,0.010115337781114848,0.010306373036487423,,,,,
0.011968694087196037,0.015192696657072666,0.005117449615887291,0.006606271848754862,0.007433252758950362,0.008007411678833806,0.0083538626721876,0.007929652766717303,0.0186240898686633,0.009150376007370828,0.009847240111414647,0.009382712853154833,0.009335006212797396,0.010262234191108445,0.009999114030642686,,,,,
0.01080674524546219,0.01639071841116429,0.005131117095554204,0.0067017313928210455,0.007333787235388794,0.008013119101421783,0.007934190222372661,0.008152836314897497,0.008149335775123782,0.00887435791538265,0.014016818152879985,0.009105903679169074,0.009210242005112649,0.009894541508300327,0.010066851510356153,,,,,
0.010569636169216235,0.01653284896748342,0.0052145461907535705,0.006241598069049739,0.007274836859494093,0.007749950929642635,0.01054841731252192,0.00793749970165186,0.008318233717658295,0.008594305173759377,0.009391141041075923,0.009476208239796427,0.008915439834492118,0.009450991480831731,0.00970839556021074,,,,,
0.010235786231455839,0.01495479262907385,0.005224795831310229,0.006514889471052336,0.00755697721558819,0.007820627410382096,0.008254020443662522,0.007818471208389261,0.008202675273876617,0.008438627802051563,0.009051438946951904,0.009214641502661446,0.009025610233473752,0.009314038138437723,0.009703050410017396,,,,,
0.0214111443532965,0.02324188829628433,0.00512321211921392,0.006502385399108016,0.007086999850681686,0.007823238935879051,0.007928630458959522,0.00790142955507999,0.008262854343269599,0.013484691374984854,0.012655104456102951,0.008875527016980578,0.008523995490802017,0.00887187306296071,0.009437842519694897,,,,,
0.009830531904208894,0.013343893538565993,0.005116625871337796,0.006535163763073449,0.007237525060198407,0.007505788415002804,0.016223199146396552,0.00806390205597779,0.007963926025846427,0.008435860862364695,0.008977197808641056,0.00928363238614013,0.012101889619520476,0.00903853381630516,0.01948759934585503,,,,,
0.009714638977200438,0.012415479573573786,0.004964363382671671,0.0060360834670723845,0.014665783778130504,0.007583831666759111,0.007558135593290287,0.016508983647270607,0.007853064551721474,0.008322870990252284,0.00837262723138117,0.009362475025822992,0.008397221040620054,0.008674815645402813,0.00863191257928953,,,,,
0.00914626465738811,0.01224497353203203,0.0051911762911711545,0.006178105902280601,0.00690194373953894,0.007358548330032342,0.007544395234755455,0.007702950068162562,0.008133604566823611,0.0187780694067548,0.011092355481766899,0.0124857932870172,0.008263482172033043,0.008747026994851609,0.008512576259607033,,,,,
0.008687029414187334,0.012166554911417493,0.005221071017383203,0.006234113013958275,0.007197993121628268,0.008832460879444894,0.008623531951960396,0.00742714340248225,0.0076894684838579785,0.007603686395736012,0.008128021640722028,0.009310834877448942,0.008199037828886604,0.008362707420744603,0.00874302265867421,,,,,
0.009079765670246768,0.010885666486453503,0.004835659894893359,0.006065395550761179,0.015304628061876014,0.007026717491922,0.007232998847732438,0.01167797423278491,0.0073532147543063095,0.007578057647017724,0.007904055405395672,0.009353223720100232,0.008157607357439207,0.008280376397239216,0.008609345252301094,,,,,
0.009322215384571926,0.012256301523179788,0.00508031270468534,0.006068228137161734,0.006903869577211367,0.007005273951685219,0.007107330110649988,0.00722402768291851,0.007532351860035866,0.013515242150154974,0.007951498650215126,0.008744505959951996,0.007734874656383395,0.008472564287672495,0.008048769297046553,,,,,
0.00856876348703794,0.01019181889701556,0.008218787151327586,0.006692290318193802,0.0067641913490249835,0.012736192469985691,0.009432859670320499,0.00716675348722677,0.007583831666759152,0.007466634593220107,0.013287815512499558,0.008791986986138823,0.008008261978290614,0.007674146640299649,0.008056701441612997,,,,,
0.008047359214843532,0.009441105719206325,0.005157337597361506,0.006078211811747362,0.012323735091547126,0.006912083583182715,0.007007541562363566,0.007210729875632511,0.007465983185160024,0.007400552828211542,0.00738160131738791,0.00803974049738089,0.007432162170760144,0.008592456331551186,0.02072348749529894,,,,,
0.00790142955508004,0.009061463564193913,0.005182111675699059,0.006549288719715919,0.006791936695275353,0.0068660058069366404,0.007088097801786444,0.0070193305675899514,0.009303553805446927,0.00849683067833365,0.007320378761843349,0.008049776347392807,0.007481948024258618,0.0074373955356100765,0.007833883282279686,,,,,
0.00792703539559619,0.008786785488743202,0.005504041930557648,0.011507501265485626,0.006603866453037907,0.006860478362750491,0.007618341325852297,0.006923379491549883,0.007321043125431463,0.007248626938460764,0.007164581524305736,0.007781682697799121,0.007472190965440844,0.0075057884150028665,0.007483334661535779,,,,,
0.007983728978401362,0.008730701531931253,0.0050608733138109785,0.0063283208220111,0.008161461911722283,0.006722599781023062,0.006863880393636599,0.007898351275804042,0.007260917641634722,0.006987849022899381,0.0072587738544707585,0.00768292983693441,0.011800525246766776,0.007540655245947836,0.014550007991633359,,,,,
0.0070873658532822625,0.00796604285707547,0.005217343544203424,0.006281780668117997,0.006703521275386043,0.00670390821418837,0.0069607448635124955,0.00674109522569174,0.010087958337428826,0.007575275993784839,0.007202676383832929,0.007438136631198022,0.007161322344793711,0.007133695556043693,0.007384938904865673,,,,,
0.007377515109972392,0.00862759174770424,0.005997931183309454,0.013011027340514937,0.006796136437302233,0.007266140473024303,0.007097286474227575,0.007130285839180665,0.006828264473166026,0.006651077890374992,0.014193910497663912,0.007383138551674016,0.00696554109056102,0.0068484159115022696,0.007384938904865645,,,,,
0.007034096658808674,0.007544739048695549,0.005351108676381888,0.0060259761894486934,0.006606222767801037,0.006889765640974734,0.006723033850305927,0.006916585408813547,0.0069390507275818285,0.006609755664939121,0.0071710954395535105,0.00717611254700438,0.010526262436178458,0.007286638389510651,0.007463507316020408,,,,,
0.007602321710231987,0.006721828033086927,0.005592172045456738,0.0061486455996555035,0.006556809588029039,0.0066241131579187875,0.006492404755620823,0.011414140147539843,0.010855630504157707,0.007555046191399516,0.006977447530077407,0.007198353480742459,0.006958834765931095,0.006907578823610733,0.007453813118550532,,,,,
0.01781727266880371,0.01482430839538713,0.005592172045456713,0.006363830552752419,0.0063149852848804,0.007418188481301684,0.006998281387635613,0.006829451497848541,0.006738016177197237,0.006888777284028348,0.01667172604549697,0.006942787880026595,0.0069420873171881755,0.006532235833289353,0.006689188804729472,,,,,
0.0067595400633384,0.006482608816706193,0.005575448449807587,0.006078211811747356,0.006605044715494834,0.006435169130095499,0.006427152800470155,0.006606271848754912,0.006728770577984911,0.006792079911054064,0.006552852312281933,0.006738016177197268,0.010697217243864113,0.006504928012845549,0.006695535675820077,,,,,
0.006207426388562802,0.006630766822846777,0.005832555938229474,0.006251149263445321,0.007618341325852322,0.00647615340408593,0.006339327095331455,0.007515458712722941,0.007096144252429462,0.006506124193129922,0.006611178104053349,0.006713332950390206,0.006736091057180465,0.009134345476563053,0.014365209438302698,,,,,
0.006289466762476495,0.009902566824310871,0.004536542695786331,0.011084255530462323,0.006513296661537296,0.006501338151482534,0.006408156049072757,0.006342650813430867,0.0066864738003192675,0.015082686398338785,0.008437090725363337,0.012440942541316127,0.006845195667903956,0.006354295649426617,0.0067222621522029635,,,,,
0.006443225809104774,0.005831722005119687,0.004975258813595719,0.006574735803139976,0.006529455566794709,0.006237908643529743,0.011246645326771543,0.006189903145727373,0.006600183027133546,0.0062509936544806475,0.006445238405261584,0.006329499151480129,0.00862443429394696,0.006240351183342068,0.006462370339715194,,,,,
0.0061653395245523926,0.005654215652444767,0.004912626599526217,0.006532037282070173,0.01519992983724337,0.006339582827820587,0.006382146407444095,0.008721040302717512,0.0068714344319312105,0.006250993654480661,0.006331547897799765,0.006296886019379641,0.007004764795332883,0.01886308958040887,0.006293795725215548,,,,,
0.01198493751573443,0.0058098303058193145,0.004659176917446494,0.00787907449474102,0.006615639634293063,0.006728385068977975,0.006540371243533883,0.006165076564310844,0.00634382648118653,0.0062220348186298015,0.006143422743726731,0.007653627438351642,0.006798569191248794,0.005892123871133243,0.006292095416478251,,,,,
0.005712635122875076,0.005560249244105989,0.0044015218878253526,0.006722262152202944,0.00648095804412914,0.006173485736437306,0.00641255657824774,0.006031784567967807,0.0064061318028684235,0.0063446442085290594,0.005827940011699645,0.006334415029432135,0.006830400969067536,0.0059618737035456075,0.0061930452819112265,,,,,
0.005508988114688735,0.005367021034988477,0.0040497844610221006,0.006933113860773297,0.010252751145013079,0.006401676208144463,0.006398788542304035,0.006468588884418418,0.006472397297397368,0.006121427493915889,0.006211447131788207,0.00610105380546972,0.006384432194705251,0.006058388570101277,0.005776696887837241,,,,,
0.008767575985932544,0.006496149293905166,0.004213026988411313,0.009318910553368413,0.006555771034367953,0.006492954089706192,0.0060461202208762456,0.006412000356285356,0.012246112098099844,0.012632717211659351,0.007197767888020159,0.013821328863070319,0.006202462139727707,0.006009542584508541,0.005663612421934092,,,,,
0.005834334597142363,0.004986000377620869,0.007605562438478833,0.00733095712552461,0.006457300809311064,0.009651183211044308,0.006129208871750745,0.006167863372454214,0.00629621658435896,0.006289672971121021,0.008782540851811954,0.005874653604250459,0.006380368006760987,0.005790152206567548,0.005641298275278418,,,,,
0.005595128305924541,0.00507162534571841,0.0032302819173193604,0.007810172576114181,0.006570789323513632,0.006347914064517077,0.0063354898692766825,0.006664470692369903,0.006146113860148415,0.006045315748388058,0.0060375336546563295,0.0062303671142575874,0.00631390695446527,0.013200267801801986,0.005778492740566922,,,,,
0.005584919691110952,0.004751242078075253,0.003169484526257216,0.0076860943929381465,0.006366326642125602,0.006154970392357539,0.006133439486995682,0.006186497363935036,0.0059987420103964975,0.006285908598558403,0.00578034412932829,0.008545839700370251,0.005783428460228791,0.005676593260332654,0.005910749449610705,,,,,
0.005432174296257445,0.004761127088313665,0.0045769593962621865,0.007927689819389596,0.006487358695579127,0.006162972478461106,0.010317189681290247,0.005937895759276413,0.005819198667454626,0.0063650532494451155,0.005953873632077771,0.005877743610680603,0.005669334515597839,0.00523589244809243,0.005311210782892106,,,,,
0.005498324729860001,0.004526811913547886,0.002958801247376257,0.008376498966724056,0.006722599781023027,0.0063556732302695275,0.005902844879489138,0.006368159880250255,0.006007384023139878,0.006418267703749406,0.005943626556328081,0.00599052055065541,0.014244624207917929,0.008977956260423723,0.0051901143623970854,,,,,
0.006902695349874431,0.004602039587807325,0.0030357166219428574,0.011264620889026649,0.006711014243356955,0.0060690829977896425,0.00585790619358396,0.00559605543835796,0.005843219770434201,0.0070789430058422415,0.0056743080432515875,0.007213652102704273,0.005429308469470705,0.005639516228690323,0.0074450644830458875,,,,,
0.007818927377629022,0.0040485833266904435,0.00707967582516193,0.011953269510334942,0.0069524950751135685,0.007890588685801232,0.008456437474177975,0.005870070781287699,0.009343060996243605,0.014137259376027935,0.0173795633522313,0.00533308212578594,0.0055213929144494085,0.005258693709130112,0.005359826998253927,,,,,
0.005743823947527436,0.003983916791351973,0.0033245637995942046,0.010415870732713254,0.0067814259612658054,0.006065823195733914,0.005887719861346041,0.005528024797655782,0.005936148130664883,0.007179410175041719,0.005510106278713285,0.004969063743563057,0.01831129080646839,0.005112124616703,0.004890068281670518,,,,,
0.00654393969223635,0.003938817018767429,0.003008357116415741,0.010404408767632017,0.006525481702652782,0.006123281099837053,0.005742920670771275,0.007811500949722921,0.005675679283912775,0.007207176650678644,0.005740661857070742,0.005453619994721528,0.0052805983620226185,0.005050612002942157,0.004743934414358976,,,,,
0.017133818265255604,0.009725480299445196,0.003811298097139943,0.01020469536900574,0.006676768343639803,0.006309848727536439,0.00654666428013156,0.005697858788094253,0.015558343687995635,0.009065649138386794,0.010298158641589889,0.005308707208438459,0.004816646785757586,0.004987300813306575,0.01497071998034808,,,,,
0.008416813528827633,0.0037780595217699587,0.0031208250086076405,0.013978017887068359,0.007301885255886991,0.005785670577221747,0.005688518589890379,0.005597503775357486,0.005563513875200174,0.011215032032628967,0.0051563315820203825,0.005104761914469667,0.011540561144742528,0.004779004276481983,0.004709360772023222,,,,,
0.008214841085192309,0.003758096055647873,0.0030156772547664866,0.014611384001223365,0.007301752039382359,0.005936421231549359,0.005773608960851434,0.013605696497160827,0.005514870645050892,0.010175421577638413,0.005455522199172335,0.005402667492866505,0.005132128053518099,0.01041188539339767,0.004530821237215364,,,,,
0.014641200446143789,0.003845176968712172,0.004142243470421985,0.011439876237762192,0.007278401601955218,0.006005656615445143,0.006446093568349409,0.005488408684318309,0.01864190893762763,0.012294654230875538,0.0069487631433506,0.0049312696607166084,0.005009550745631558,0.004431548713599433,0.005453619994721483,,,,,
0.010652171524892836,0.0039173555147941986,0.0032126681969353076,0.020386166837603234,0.0073389582087017855,0.008068082701585346,0.005546762330572531,0.005278387416134402,0.005845716292151987,0.012132715419111983,0.005408006187322139,0.0051500395338169355,0.005877743610680584,0.004190880828345732,0.004069990182532247,,,,,
0.01023499427113157,0.0034614087378533327,0.003227068305214994,0.01751115283845428,0.014719299653364932,0.006241026610689998,0.0057269204176801135,0.009786632395158834,0.005728505473674766,0.012168553511014958,0.0057427512905623805,0.00522851799166784,0.004412484416171989,0.01810545689637119,0.004209947402466789,,,,,
0.014143129569362593,0.004645865852226898,0.0031473099760016047,0.017472448129917297,0.00830949771344428,0.00634464420852909,0.005609944038085041,0.0053583144182892135,0.005820981407816185,0.010052314858893897,0.006227504145104802,0.017092817604128827,0.004777986463674187,0.004213026988411216,0.004090333902824761,,,,,
0.010362846736141794,0.0032302819173192525,0.0029368024199372005,0.018695264241167228,0.007947460668814153,0.011348958932911017,0.014495531617375844,0.005440524335239084,0.005521862690292205,0.009520721764737995,0.0060504089343099855,0.005375773865836467,0.00450642399896729,0.004265039748390209,0.0039285961563059624,,,,,
0.010140533202600796,0.003252787985567328,0.003146176534273708,0.017617943727012156,0.012828323533120625,0.006505575971134717,0.005814739425306669,0.005263131218089339,0.005041873468683053,0.010172712682779675,0.0067708989110480495,0.005099360082121748,0.004593365335088668,0.0126443389080906,0.0039826143788970775,,,,,
0.010781302272128418,0.003157698014494348,0.003083721401430104,0.01737353627447056,0.008724274289680775,0.006216664994582181,0.0058556363631501055,0.005419445631546923,0.005379090179364395,0.007607097038410297,0.007410141677850011,0.008160786502858456,0.004314021359100893,0.004060019686661669,0.004326030210361468,,,,,
0.006918835223190825,0.0034137760796484526,0.0072837454444797745,0.016255883713704313,0.008810260050440822,0.013392209324496451,0.005694215655504364,0.0054993271430464384,0.005081014709446448,0.007598908924232086,0.007189880266600683,0.004907013261658123,0.004674808869008126,0.003983916791351839,0.004363121916100668,,,,,
0.007125327475141716,0.0028076583179510875,0.0027017238155655006,0.01593159727205407,0.008844346968693649,0.00663350462741447,0.0056076316602378055,0.005917602494752589,0.005301372879197496,0.00789256086050323,0.007271850043081606,0.005011168598143907,0.004400343079759509,0.004034382935185806,0.004122785159606674,,,,,
0.006294568440991045,0.0034553146211273363,0.003353694829461963,0.014964936086702175,0.009836697800760873,0.006545871789710864,0.0057130324189501825,0.008396757673231383,0.005161045584146519,0.007509286701126794,0.009071191155814156,0.00637523326914383,0.0042532398674847045,0.003781919543403155,0.003916279352317256,,,,,
0.006368312626272728,0.0030789861966075516,0.0031166664019117688,0.017116778163312207,0.00974147002959196,0.015412212805499767,0.007402436550367155,0.00549596538939656,0.014339364664548816,0.009086655139348343,0.01161561375317993,0.005347653747359439,0.004295945139955821,0.0038054234900202328,0.008687216035770546,,,,,
0.006121162647248968,0.0032286755110945676,0.0026379648614633113,0.01432219191560389,0.010444625834433917,0.006754021502515028,0.0058236544951084015,0.0053160314187899625,0.004728873832451155,0.007890588685801237,0.00912013566509602,0.005503040376199327,0.0041921185368277245,0.0041843768524059775,0.0031494726866017845,,,,,
0.007317853630132644,0.0027469500676701643,0.0036099710565410613,0.013356522950404001,0.013395913119770552,0.0064523278000971,0.006015420733035358,0.018034112277458245,0.005197418539032654,0.007952803417865221,0.013529221533009424,0.006732624453973744,0.003595571433706109,0.003633962597745859,0.00406935280249814,,,,,
0.005866700400154292,0.009009789568996025,0.009309163173286028,0.013689325521910265,0.015234022384089052,0.014806603175411184,0.00629415633771615,0.005232733239352236,0.004641676486633938,0.004585452555164834,0.024416116814988918,0.006544682874150997,0.0048836987563620595,0.0036934352515475425,0.003783548147930489,,,,,
0.005761916019033058,0.002139540441046531,0.0034985846715635065,0.007740783028170341,0.015381782968992773,0.006371977432345923,0.0057529052761373396,0.005639056254281674,0.005207577364723141,0.007242899061676518,0.017827533455626623,0.006078638555069265,0.003667711447278209,0.003515319319335167,0.003749112408591871,,,,,
0.0064753522841491315,0.0020346764012489954,0.002497548158847024,0.0071118907110285755,0.012309413978188322,0.007363789979638106,0.006305119398967785,0.005395941629831613,0.005739362636646968,0.007923598783923257,0.017165127854798384,0.004522225476794185,0.003915037258801985,0.004235516684396198,0.0027657714599101184,,,,,
0.006392552818942536,0.00557428522590026,0.003209436948245574,0.007899828999553443,0.014894483441683082,0.006446495958784488,0.006606222767801079,0.005418488280311666,0.006082104734603377,0.00714278017679692,0.010942498828493939,0.006356948501909595,0.004084860608360129,0.0036045779390585743,0.004728325271016422,,,,,
0.003002747322749771,0.0023086516046562345,0.003423639763935018,0.005635605249539391,0.012415244528614065,0.007190917419240932,0.0068129095166180025,0.005953437945594281,0.005125047159956808,0.00431101391939696,0.018232163625873165,0.009171187949081715,0.015395457512476297,0.0034777628976464985,0.0034165293933025396,,,,,
0.00502764095653953,0.0038683803985873192,0.002478783052426855,0.009127634097492504,0.018611271874936868,0.006831682545894707,0.005997877124273061,0.011908264611686117,0.005721199245327817,0.002786211781292584,0.012976691467615127,0.00983221389583442,0.0033663363067318887,0.01709924702995172,0.00238056354415681,,,,,
0.008647862138003434,0.004841021087143761,0.0038867766738871776,0.005508988114688735,0.02389643255753943,0.010908072317269596,0.006586413369721509,0.005665673041402722,0.005559316140242677,0.007383841180756311,0.012467185769437526,0.009046458314436016,0.005196170689373904,0.0034414927430837057,0.004482110984664606,,,,,
0.0058102767608028925,0.0031282965694978903,0.0034542822453805144,0.007677314816699972,0.02860436398058336,0.007893218142568142,0.006812671551779917,0.005621953071031592,0.0049444025760884995,0.007854550795538531,0.011241108601609224,0.009754375904732502,0.0034628135494229172,0.0033470171440097805,0.0035651429195902758,,,,,
0.004195520352436985,0.0025597383650473498,0.003190692148205022,0.007089241320032389,0.01917393850731324,0.009589843608049101,0.006960744863512403,0.005827661827077626,0.005672021905472914,0.007918850534977213,0.01413643368459313,0.011821389186425437,0.004437909634159493,0.0033947269042227998,0.0021139272338432107,,,,,
0.011847143758106714,0.004906022005913748,0.0029996142270232906,0.009542221095927745,0.02879544082090794,0.008817911679010415,0.007176112547004315,0.006242844705716582,0.006693840536032205,0.002102392021504743,0.015118844942881139,0.0183103168868791,0.002874197303992927,0.0035170713771296835,0.0021200536841149043,,,,,
0.002476689264235659,0.0028093900508720407,0.0027750174474594626,0.008988928584265381,0.031272339995411694,0.015336183571337316,0.0200536500150174,0.005885241157586506,0.0047271593666043995,0.011627220274336068,0.006833248591157606,0.013384459511043684,0.005292619531136395,0.0032053933067907703,0.0021504241421762935,,,,,
0.003262740851326392,0.004192041190753735,0.0031704051000984307,0.009359461559790623,0.030139392559247254,0.01154168492071595,0.006950256156518678,0.007484331148394726,0.005853919565594244,0.0053537741143374305,0.010997475020723575,0.01587653117632406,0.005109523494545858,0.009078337146914415,0.0024563132997631096,,,,,
0.005450765443364082,0.0045749045172235655,0.0030357166219428205,0.008615067899488163,0.02728487280609796,0.011098433869529533,0.007733910451231954,0.006213273882210012,0.004931335412293796,0.0032486984968857673,0.008544321910536794,0.014126154376021532,0.00558724146871293,0.0032207321358178774,0.002168442254681926,,,,,
0.004568450447843065,0.0036846459495467566,0.003128296569497861,0.00881890443243787,0.036391437786187135,0.010191818897015512,0.00863285160433454,0.006008085640649516,0.00492449254617421,0.0062710870366902705,0.008550581057112585,0.015757325924825163,0.0042523249626878045,0.003167847290000686,0.004123414280300051,,,,,
0.004048503238397857,0.004176310277234343,0.002727879964047911,0.007891615921625978,0.029355170115582998,0.011277738757920831,0.008156852128315989,0.006500190972397204,0.005728052645289921,0.005959697876862931,0.009722412597999674,0.01594778928825156,0.005291577960316787,0.00719632622599737,0.0021261624813438736,,,,,
0.008317882894405252,0.0046620293117321625,0.002754023163408553,0.005782587442227231,0.042139842808385265,0.01277373893220665,0.008370729427330312,0.014929794757480862,0.005378909342256854,0.0061465358891507026,0.0071529865837798075,0.015566698414599123,0.004448490956219472,0.002814578856716851,0.0028606279593201746,,,,,
0.004031166877490243,0.005058822716760084,0.005610695355688776,0.010037208004313817,0.03930295154361705,0.013539570873684778,0.010318195304342567,0.006674631249269875,0.011749279611869601,0.006762992870043405,0.007659767805337774,0.02181180437328049,0.0043013759819259915,0.0028356965280129844,0.003288378728054036,,,,,
0.003519006847171,0.0049966539591181245,0.0027279988233303576,0.006851019413053961,0.03630298950108564,0.013959541271390468,0.009085763015591025,0.006967635493266923,0.00613518376589596,0.005834779177151536,0.00818922449463522,0.018006979064332802,0.019470071311849222,0.005338247457420879,0.0028557499194752857,,,,,
0.004231457437615623,0.006109763379933045,0.002766240353947548,0.006769366339975679,0.030512963462798307,0.013641681777290492,0.00920985474871977,0.008186848533667662,0.005868081938004707,0.005099423666354413,0.0069592541005541134,0.018100083559883566,0.005259618498904968,0.0029883512845286096,0.0030392392649172695,,,,,
0.003500808230712823,0.006009542584508536,0.0026737359235781853,0.00637401252523644,0.03268034337293791,0.018098220430847592,0.009664041903744912,0.007560194493187071,0.011296956485795236,0.005425963091811673,0.01622399857671305,0.01836682477877394,0.005800055504963415,0.003226264402031386,0.0031166664019118603,,,,,
0.0033606487024890465,0.006066090458532313,0.0025989587975085954,0.006056461567627072,0.03209857194520144,0.015578004531051405,0.010545066300346441,0.007372239237656058,0.006554583914401563,0.017704872286296483,0.006946009559013633,0.0180156740576471,0.005628869704791117,0.003333524379200735,0.003208628627631214,,,,,
0.0034327195471966407,0.007484331148394773,0.002729781091529469,0.005994849040210714,0.02937151282511654,0.017331830578924023,0.010904504750705002,0.013422318372033289,0.006664130118521651,0.0058317220051196435,0.007042941453574674,0.012960290018341989,0.005889922277860211,0.0033096082451344964,0.0030831956266907175,,,,,
0.003226766864991582,0.010812984186742976,0.008040385747875847,0.0063980284136241,0.029163680260614007,0.022298813149727946,0.013270796858241026,0.00813595622394403,0.01408173890337998,0.006534022522757342,0.0168190397812831,0.012072704093227428,0.005991873539535837,0.0033864070686044534,0.0030511645769019614,,,,,
0.0038258180275162657,0.00922026979631022,0.0029570473638507785,0.0056985416161616275,0.02887541194349843,0.020230098575093686,0.011925270110612923,0.00860501308900087,0.00722514968769088,0.0063604159471655165,0.007626678634737437,0.01064349288869629,0.014784162207962243,0.00324630225942394,0.014249904091303993,,,,,
0.003437250444462895,0.011715812387167826,0.002874197303992785,0.00517008441965884,0.026339782295844896,0.022231358483231652,0.01292213138453965,0.012555480820497084,0.007001801696725122,0.005877743610680559,0.0076992449857636045,0.011276732444620527,0.006558787330537071,0.0033493413272495647,0.003243104522013487,,,,,
0.013061890284932707,0.016553937943582578,0.005619184033703313,0.006227087603574337,0.020843800658884387,0.021239515990795835,0.012720831894331019,0.00892561719755354,0.0073794925896439306,0.005658572193061286,0.019245505472135882,0.01117747120542898,0.0086827360107004,0.003360938134964278,0.0033856409998085546,,,,,
0.003305687139267299,0.01580770058450894,0.0024965093532874887,0.005526616921713484,0.018553778406150565,0.022252307035722473,0.01290493198199219,0.009748789891157593,0.007198173303440404,0.018760500649370144,0.006764191349024933,0.009028663303217697,0.013290328616087818,0.0033625777817493496,0.003926862569626111,,,,,
0.0035818381727001107,0.015612766788870086,0.0028693423328732346,0.00545522502344941,0.014531098374088511,0.02868908373050328,0.015309203512577233,0.01104956642441909,0.007943379815826813,0.006003496656873804,0.006233748928047412,0.009003921675464153,0.010053959747090125,0.009460318548064974,0.0030558367882201967,,,,,
0.01056045987066168,0.018045022419271677,0.002977916913420404,0.005881548707590666,0.019198527520553066,0.02867844667839731,0.015289260635470842,0.010238541775859618,0.00818558107249451,0.0061002034251177225,0.009950517627191449,0.008372588504986192,0.009264998082082955,0.0036138311731630473,0.003160571822032008,,,,,
0.003080775907163148,0.019268000742537275,0.0027637777727589517,0.010564143623620896,0.01667151211006002,0.021989170572011583,0.02401705142441269,0.01090486155988282,0.00809504405640747,0.008415118346057703,0.006582227595621655,0.009345281783723762,0.012470618293106594,0.0035745889481619865,0.004843163902347989,,,,,
0.003282852368924841,0.019310091950540804,0.002946061935566523,0.00554910007347162,0.019604168182930055,0.03447046957785355,0.016594785069986188,0.01099440833879762,0.008624584675099701,0.0066741940320298575,0.006565704737849745,0.008882209860480666,0.011950692290073943,0.0035454438311670897,0.0033120565789593504,,,,,
0.01066783606654286,0.015511925564051857,0.0031749018409441268,0.0055324807078951975,0.015923454364661985,0.04262085994056929,0.019897189813696686,0.010896651992825634,0.008689007399030294,0.0069083767554796935,0.010213937330395585,0.008261284562617651,0.014839327020612518,0.0035770372038832197,0.003270978730520821,,,,,
0.0033633491036500337,0.016282250974173705,0.002751549648103642,0.005560774046221333,0.015037473761557004,0.04679973968255935,0.0271853448731852,0.011798409341856421,0.0094863308622575,0.0070979717190781545,0.007013785268773682,0.008223165067230174,0.014625401975782349,0.003595571433706101,0.003308040360522228,,,,,
0.0032951752466270716,0.016138174683102927,0.0026876456612573048,0.005358374929685729,0.02006231455217251,0.04618939817575691,0.02099434995435442,0.012422894263576354,0.009770716573283171,0.007348142065277901,0.0067591563092717685,0.00767663904878311,0.014644123398375909,0.0036902735144137585,0.010328246149609284,,,,,
0.0033664326239893094,0.014077870065960799,0.0027241927540569448,0.00504772225083009,0.01541816538769583,0.04718739859812812,0.023613068542803158,0.01629230432181055,0.01030020498470119,0.007237525060198422,0.008542993623228743,0.015316720381407342,0.01821821562939489,0.0036238661280531496,0.0033806573212877135,,,,,
0.0035192832559986223,0.012858819958747306,0.009893492823095467,0.0050988513797155625,0.014110261798523212,0.030359035313984102,0.02364874328135749,0.013593894904063925,0.010310745081845684,0.00787055138812285,0.007458161850626396,0.007705685632837412,0.020828861787006676,0.0037750545540011565,0.003342072887973129,,,,,
0.0037422738792084673,0.01048957367909544,0.0025824382332300276,0.005284219856277262,0.013345837302907379,0.05150172375421694,0.02371141413250071,0.0141395297788545,0.01014925855296801,0.012843808003761822,0.007337544287446249,0.00803203381678938,0.026902490448601785,0.003815634384873945,0.014826845358835654,,,,,
0.0036424291258014066,0.00714931395581461,0.002812735044624502,0.005393537503253769,0.013574131121377554,0.05105988287072704,0.02704487492512493,0.018620189674227124,0.01074080625893076,0.00771123794697169,0.007257210277096568,0.015178775364140609,0.018809606998709795,0.003819795985275314,0.003579302614187708,,,,,
0.003406930646432291,0.007508207157088451,0.003733860073524311,0.004835659894893373,0.01276825494071256,0.04855723160722217,0.03193942360696884,0.0161699683776664,0.01160421915825881,0.00815939577915458,0.010817780923874091,0.00710951956393722,0.01607219982196465,0.00392562382471255,0.003633248726292719,,,,,
0.003766369634008883,0.007588661357413712,0.002662434032617573,0.005153564027237906,0.012697564673865633,0.05192157445195772,0.030675400900765985,0.01667017008878468,0.011814804554272758,0.007770048852886888,0.007135922357790211,0.007920447246653126,0.022025591241782987,0.004217103975778762,0.0035417838283011874,,,,,
0.005988409277606017,0.007519814913170738,0.002973667491756361,0.005106476594782615,0.012638875732873802,0.04960283519034691,0.035810740719363056,0.03680753508648191,0.012762260478344424,0.00803715897737225,0.007637002558880427,0.013356935633442523,0.012127048498763756,0.004236435219127413,0.003648210692380201,,,,,
0.0035800272427230786,0.007992171959048451,0.0033260264107718117,0.004888476678401314,0.011865739878975727,0.03788484536181624,0.03653975124729566,0.018025839896942456,0.012655411908623859,0.00851090015067301,0.022261630595910714,0.007381601317387921,0.010770470055716935,0.004114361422570973,0.0033954909231161496,,,,,
0.0037052677373692303,0.006688170807231831,0.0027059209966195257,0.007958712965662766,0.0122503476935721,0.04143289114413478,0.03728193067420502,0.01917353265097754,0.012368486554936785,0.015277889399843618,0.007898351275804065,0.007265426461282491,0.011002515495369429,0.004334416609751072,0.0036492770569059967,,,,,
0.003631463433704755,0.0053353311788872535,0.002629716776979383,0.0050835666368364485,0.011563156118276487,0.0412552034965764,0.04180360247501576,0.01963644303776639,0.013369140431634223,0.009538448613872237,0.007665818660431086,0.007743463354783921,0.011022066011719097,0.004995031405427321,0.0037078046036582695,,,,,
0.004246755045217286,0.005414657182703456,0.002727879964048,0.004975780151591408,0.010961919754209598,0.036558496458952726,0.048512117491418205,0.019893995577608382,0.014464899367610556,0.00947555810752338,0.009018422462873517,0.007606031376863053,0.009515271190427303,0.0041297002160051305,0.003731775379699657,,,,,
0.00374703620053637,0.0055476390996024,0.0026727655965915692,0.00472311075974262,0.010905694069232513,0.03425529583976261,0.04644606646909833,0.022068461525663854,0.01888507890563268,0.009362475025822964,0.00815983288928826,0.007684617762309462,0.011445543442888244,0.004444334407171056,0.0038197959852753626,,,,,
0.004668979062633699,0.005047722250830074,0.0026297167769793782,0.004759424240925339,0.012488286041832627,0.03333791851898119,0.05653584248890923,0.029689653533010927,0.015527573783492992,0.009430556360934999,0.008283234419849328,0.01022120433854516,0.00873348643884925,0.01480099612334946,0.0038871103457489226,,,,,
0.012827312477556337,0.005705365402124683,0.0028140027952160353,0.004867738479172991,0.010081045571883647,0.030042360174985693,0.056427689019585094,0.02714625568752546,0.015515959258116786,0.010550722436734383,0.014279567059640567,0.007770007123189184,0.008882793913799775,0.00482975570989684,0.003840029756207359,,,,,
0.003910064939037362,0.004636084776994398,0.003035716621942777,0.0049934732578715375,0.009928334875435062,0.02997888547097157,0.024180766864086614,0.027542338983975047,0.02832722060347688,0.010479708500843453,0.008881370216544952,0.008005022258922552,0.009287368725194582,0.004682016667310628,0.0040324536083620926,,,,,
0.003961472011108116,0.004760309797587757,0.002791792115911782,0.004476682113011133,0.009553936868008634,0.02965337362267543,0.06410691021582683,0.027008163678588937,0.016834936788751267,0.016345473915266435,0.009639047433714557,0.008516955441181312,0.008960169950925953,0.0074599006336333465,0.004654720905746488,,,,,
0.008464140807208115,0.0047145217168836975,0.0028657239930570256,0.004617232985770721,0.009936398160949515,0.02696438090276681,0.06280729676725956,0.027595510922985827,0.01966667012749772,0.01098390436892415,0.011848648940970995,0.008374137421094316,0.007799994719115017,0.005096625209692744,0.004253544792019514,,,,,
0.004349352102855359,0.005070346537521951,0.002692466986616564,0.005311149734141527,0.009716240918462066,0.03591791896903803,0.0638527315845117,0.035399624832257684,0.019758501664065307,0.012048373668619005,0.009462511816031426,0.008310434153151166,0.008835360504935637,0.005637618592365762,0.0043571727424635935,,,,,
0.004209947402466722,0.0043224310581784185,0.002584948135886079,0.004548177895640047,0.009874860128442409,0.024812880391092376,0.06416450803214784,0.039919749542603494,0.019901605489521176,0.020212636929300982,0.00989480366223537,0.008541475327657557,0.015565615261706628,0.007109154701882383,0.004629575925340005,,,,,
0.004313420038910012,0.00423207040360407,0.002667300930076211,0.004486232533390643,0.009624942677180616,0.023364942648287926,0.059753157576130374,0.04069030887640394,0.021364405749030632,0.012329101220353076,0.012108639468841767,0.009651955887561434,0.007773219654427861,0.005629791280583507,0.0042473658035053746,,,,,
0.00425781144259343,0.0043439812410081,0.00264594216297813,0.004517849695464664,0.00929661581033439,0.02367254679457306,0.0611096209802561,0.04030934417930979,0.028319104037636083,0.013142935586737346,0.009993437700613141,0.009272449303858621,0.008064867012699635,0.006131324544263863,0.004832440324600614,,,,,
0.004702746498011875,0.0041734366778117295,0.0027065200625784823,0.004461809494368307,0.00869348419225789,0.02352751787700297,0.05428135432480925,0.05036041072147516,0.023848854418951054,0.013130298288148247,0.010751547731672749,0.009249867312924714,0.022825212138194426,0.009032505112071761,0.004895965960159222,,,,,
0.013946504730440012,0.004144747566147922,0.0026556053914460055,0.00446449748483126,0.009186448309965402,0.021687995950489616,0.05387931124914853,0.0430520663320191,0.023916397183595436,0.012964717453341304,0.01193070675101865,0.011535643337663484,0.008192193476806435,0.007169241385795389,0.004937906148602477,,,,,
0.004581703351180764,0.007073856981581971,0.004418065565685657,0.004282035028721908,0.009155158443439464,0.023840967631996716,0.047497650612935184,0.05411722165457955,0.024940651570613075,0.013690201863846072,0.011161708512132853,0.009338895596316107,0.007941910195431293,0.007130285839180619,0.004688660184901788,,,,,
0.004782802197205761,0.004082319778128091,0.002706520062578465,0.0045464666067465435,0.008653521844633284,0.01947007131184925,0.045001916259773574,0.064690219537969,0.025978656874905692,0.017232770151910298,0.011460491399317763,0.010049314663764209,0.021948967126418403,0.008119999442271054,0.0048983495209334715,,,,,
0.007160914843055563,0.004268687290444557,0.0027596685875018925,0.0044124844161720755,0.008637620275050694,0.0194299454734932,0.04321947943886524,0.0413281998484789,0.02855522831095206,0.015661391276487104,0.011560099259747913,0.016719888884077525,0.008343104462756674,0.008007776103942427,0.005681160936845974,,,,,
0.005099360082121811,0.004560707727314542,0.0024756417060776957,0.0044980699600148085,0.008627103169729172,0.015929887606774846,0.03765025553496583,0.07310203808784811,0.031480681236866564,0.01549100877496548,0.018083505721348262,0.010365474661162874,0.00849988294762709,0.008119999442270983,0.00483062837332609,,,,,
0.005077503715063901,0.003792450223658353,0.002531717696149643,0.007983079148495692,0.008299150833820157,0.01833634699940399,0.03034177118337869,0.07279648404010128,0.05708589643344796,0.01613662755970931,0.01307962699507286,0.010918768023027584,0.020720608420350554,0.006697133557489657,0.005204151756862165,,,,,
0.005697118965333302,0.0037317753796996347,0.0025580911308225314,0.004617232985770687,0.01007525449263897,0.01747986946141479,0.03590968515079951,0.07492436322999611,0.03569127831965457,0.016665190051071224,0.012669623435500274,0.010788517707464355,0.008585812309037278,0.007607736363687315,0.005111109702137381,,,,,
0.005388244648974822,0.003939393212184085,0.002694994729611016,0.004438494088728079,0.008027470883552518,0.016103741217326235,0.0322545929323058,0.08480129089651324,0.04077961749068479,0.01749494361588247,0.02631455947925019,0.010630812406719451,0.008973440721610248,0.007160054485446301,0.00891052873819695,,,,,
0.0053087072084383865,0.008006642282467112,0.0023752456706752894,0.009166944451492288,0.008509223711586501,0.016769924310112864,0.03285686775963662,0.08510132077756441,0.0402541660597044,0.020577653769335225,0.013101745555922438,0.01100251549536943,0.00883965313953525,0.007032252593011599,0.005352502139068954,,,,,
0.006816477992300799,0.0037780595217699656,0.0024524822228250264,0.0042619977454010525,0.010508844305463665,0.016570069718471664,0.032796497343109,0.06214121312012759,0.04010196401282283,0.01898986345723355,0.014062268785275188,0.011578484312783143,0.008716280071583224,0.007400684266246318,0.00578931216533019,,,,,
0.005675679283912749,0.0038006490176592726,0.002568211202507159,0.004607109621023428,0.0077328622657919024,0.01777972677757134,0.031053842438214393,0.08357592185269656,0.045071283424891,0.018686677247090923,0.023373919498179532,0.011746547224434477,0.009019321247456885,0.00708484920355734,0.0077227924470645885,,,,,
0.006040969745726272,0.003965071713814567,0.002682453071614533,0.006102966728028805,0.008205836958882133,0.016363931499074943,0.0394502230376936,0.08340429847505107,0.06997447370822521,0.019515448632923368,0.01510886919500998,0.012135253982337052,0.010928711568919289,0.00715226127587044,0.0054853949094236356,,,,,
0.006104188559154685,0.0036641735748938094,0.0026969190388384657,0.004472334270896602,0.008578256037114436,0.015621756605445182,0.028006095367753125,0.08045348816166893,0.05235272526314729,0.023988805380808647,0.014963787707049077,0.01273306072263728,0.009514623727317921,0.008168768646179249,0.005794630369774196,,,,,
0.01440307924352272,0.004013836419047131,0.002568842383229535,0.004608024449157039,0.007836531765905926,0.014594620195231,0.02620299614881837,0.06921348525503535,0.06039358784573288,0.021568543415313585,0.016570382801384776,0.012630869069758193,0.009753278904560807,0.007091024840272492,0.00631719272045086,,,,,
0.006513296661537233,0.008509338024743322,0.005072328552800804,0.005186114562665268,0.0078576462339298,0.014753711664566377,0.025424669713575817,0.06162595771288641,0.06387813151182767,0.02151809364082207,0.015753868583693313,0.013349845423039406,0.010930046579926689,0.007126828995330567,0.0059164517379329895,,,,,
0.0063642381444171245,0.003853600148507466,0.0026063091258763022,0.004358288831094952,0.00760624452111671,0.014632162174948815,0.025130993580617485,0.06277376788621505,0.06946978105051159,0.046713701632213514,0.01663761729199301,0.013045869347410585,0.010168408837088095,0.019385438490908867,0.006265241749045279,,,,,
0.013049050260653087,0.004085495569014961,0.0029962614328465052,0.004498069960014814,0.007437046759191761,0.013827075236347063,0.025011079839568687,0.059473000914480816,0.07980088843052198,0.02491276290788932,0.018183922931528575,0.019278094867429044,0.010249588179907714,0.007531706135783987,0.0062920954164782175,,,,,
0.007043355780806995,0.003910064939037354,0.0030405192141273944,0.0043868379321692534,0.007633817652161271,0.013525314515734898,0.023178689344719443,0.05571187540067321,0.08705971212693776,0.024956728006714106,0.017645528156621088,0.013831201769737962,0.010996295628887674,0.0076884985843763,0.0063538874199668225,,,,,
0.007177603443207733,0.004367207271916758,0.002729781091529534,0.004533968932899951,0.007396827779992354,0.01347198957347415,0.0223860033675723,0.05004046134556922,0.0889917702353557,0.02687856775144966,0.01879420711719484,0.014484902761047263,0.011132271703885354,0.008467779247176644,0.007070922836391529,,,,,
0.007309918159797113,0.004044015762624394,0.0025285138811229355,0.00467480886900816,0.007157518092998199,0.013778684153576887,0.022579715561304226,0.052677225652755684,0.08917749296993042,0.026760087487725407,0.018542712966032923,0.031085995282799865,0.011551569435201454,0.007742918988532641,0.007250907878793531,,,,,
0.007130285839180621,0.004130092769329271,0.008429401137701749,0.004870202432101857,0.007295888105085272,0.013258477077177151,0.021809054103241406,0.045454502241319125,0.09336478465572834,0.028479948483749826,0.03098193382617551,0.014997660371507468,0.011414907109447835,0.007989940307779261,0.007300108835941748,,,,,
0.007905573077240727,0.01113087355785129,0.0024578968262839,0.005582132283268199,0.007329585898212985,0.012815780806429922,0.026094223967892703,0.0454368438764785,0.08081362379479903,0.05371439073593077,0.020677515319095757,0.016214242834000473,0.02237267403511303,0.012883004047836067,0.007044092302379771,,,,,
0.00933920806575371,0.004079141514749254,0.0026532845381042917,0.004732095346636312,0.0076536274383515795,0.01287990799774637,0.020508206029798776,0.059306785515628874,0.09792229933406407,0.031673354801113426,0.02066884199259063,0.017824186614069606,0.011754797648858917,0.008434015731602722,0.007669413060391038,,,,,
0.009027047100803823,0.004357172742463608,0.0025673272887991308,0.005104761914469608,0.007023763654452694,0.012490051442154223,0.01975582662075107,0.03873589548948038,0.09620943468786572,0.03171259971510045,0.019693673492706346,0.016746106419808802,0.012118141806362259,0.008490455530136257,0.008040385747875783,,,,,
0.00890991011194711,0.012241239351508485,0.002530692916631369,0.009633125278215781,0.007242899061676528,0.012524038674409326,0.026774817203232017,0.038321216796620185,0.0539840474843574,0.0420328471096184,0.022113198926293882,0.01753515197186516,0.019259988973497143,0.010539653242640543,0.0082083259286891,,,,,
0.008685834941104982,0.0042068655621485575,0.0024787830524268203,0.00545076544336403,0.009167651837494583,0.012299374004635393,0.018966628029880257,0.042419567736828395,0.08774368764016548,0.03798593295937569,0.024643312808255283,0.018126648116055365,0.012694167974407018,0.008901171976863867,0.008970007391835467,,,,,
0.00779088570674497,0.004454900469075116,0.0031291256416834837,0.0052867350269195515,0.006871434431931149,0.011915450695098917,0.018904452948122635,0.03574961735274804,0.08058470411989789,0.03796070124432681,0.044937218867144704,0.016758783840955246,0.013214604929132318,0.008657417768986524,0.009661927942264113,,,,,
0.007826761041716958,0.0044844253029442905,0.002532614038077524,0.011383761096580793,0.006845195667903883,0.011904343101455552,0.019320096954057033,0.03312824003753111,0.07944685916845394,0.06356528200643807,0.02496348299731419,0.01860076359330773,0.013083419279819373,0.009257470813656165,0.010255913134647219,,,,,
0.007997038854703412,0.00434218947745301,0.0026673009300762535,0.006010891291729265,0.006676137000596075,0.011967583314834225,0.018070878450137426,0.03016859725797875,0.07928957202850288,0.04181294776148517,0.025159555354210817,0.019720672765768204,0.0132633916950227,0.009141264750773865,0.010158678620637128,,,,,
0.016014823357667653,0.004469143165052612,0.002743997563466054,0.008108171206767162,0.0067052139677943315,0.011487393865634169,0.016885072959112516,0.03114376801280806,0.0633663411738585,0.046258141184630064,0.032379004617618085,0.019547322590944147,0.013743977708645067,0.009494154810685615,0.009783815854853824,,,,,
0.00798149496644845,0.005175412434065775,0.0025358126728591843,0.00812115736307348,0.006512151589060506,0.011464366756420874,0.017048808792050982,0.029541632528551607,0.06588207021264984,0.06912927429763785,0.028832710311726586,0.02075852070279037,0.016167642173225187,0.009612908692098509,0.009931338969541513,,,,,
0.008372472324726508,0.004699642852581918,0.0025428355064686815,0.00840355116760577,0.006536751244236308,0.011361751129320011,0.016967692565713073,0.028525906335559254,0.07124337208695339,0.05144284391351261,0.028635723082594215,0.020761628781337547,0.014295520911926485,0.01517721589689034,0.00915685826322198,,,,,
0.013409243148124526,0.004499439356200067,0.0026581681876225753,0.008178130771069709,0.006430733654190141,0.011310610204455703,0.016581806282133148,0.028084654383509093,0.05816362427715247,0.05802009547194357,0.03125600566119712,0.044131273422652606,0.015001011009397824,0.009942922346103581,0.008507699389393143,,,,,
0.008417583953595535,0.00447320417739902,0.0027908628349953926,0.007665480277184492,0.006267984022907752,0.012727661105504799,0.015900530080315427,0.027794247647873725,0.05120348142468527,0.07093105504208812,0.031130188976587248,0.02146970014222061,0.014906473442355702,0.010478470832574012,0.008033930910859473,,,,,
0.008739127794982525,0.004576676019523175,0.0025182342821789432,0.005960133105744624,0.0064961492939051855,0.011066690180962308,0.016201439513303,0.02703048430030992,0.052837559526131214,0.06524416295810377,0.031070554381939893,0.024971015254162114,0.015106122026402938,0.010471010785306059,0.008580372464016592,,,,,
0.009297417953778775,0.00482794275107302,0.0027779369826673376,0.0046318865647986835,0.0064896074247865355,0.01109551198334065,0.016004109481150858,0.022149781622058884,0.048265832568416406,0.06482934419474391,0.03261479515247929,0.024273179709939793,0.015608280325727728,0.010159699933375286,0.007821788196026648,,,,,
0.008778109477165952,0.0050434166631695984,0.002415851102127399,0.00459357709711184,0.0063451041338475275,0.010822575535015437,0.015497558765223192,0.0255603059522289,0.048660622785329725,0.06500000920140556,0.03728945281961969,0.024464977394938532,0.016669547665433982,0.010743190827549152,0.011978415718823127,,,,,
0.009166484621317144,0.004859204896511078,0.0025748938459925993,0.004735725488993686,0.006302033142163067,0.010824522739161574,0.016653687479705276,0.024487722684067185,0.03145693151753946,0.06718056770070134,0.03942190667980859,0.025358126728591945,0.016643404347094923,0.010934643703585193,0.007740615476940767,,,,,
0.009247062601692736,0.005269780475256731,0.002432436699205162,0.004116488664527514,0.006246583122962021,0.010365693624841448,0.015306725313220537,0.024513595090200353,0.04525272392456233,0.08433202208249081,0.03946254959428891,0.025952683306350737,0.016800078616393738,0.010822575535015448,0.008068283639586164,,,,,
0.009120526730950441,0.005220325735669693,0.007425920928043414,0.0037227282164180174,0.006199324776492885,0.010738874068272385,0.014890651570397193,0.024386936958247958,0.04545022205559516,0.09838593284308124,0.04332393379873258,0.025912673133355563,0.017894320713449773,0.010781512790692751,0.011311040200826723,,,,,
0.009265453023187955,0.015412296956954943,0.0025546665582713885,0.008777629277271212,0.006437436090220352,0.01032523192332307,0.01865298506325482,0.02330423411753366,0.055237267192374026,0.08924194518748667,0.04325163688336585,0.029469631817267247,0.03580797905367835,0.012712545279615416,0.008067962136382658,,,,,
0.013848913122162522,0.0052358924480923885,0.002655605391446029,0.003418806320841759,0.010501930713189108,0.01046679861925043,0.014433595586346923,0.02188304190106283,0.0393632277543897,0.10950511469048362,0.050186040021569046,0.029513521290166135,0.01840674917895164,0.011535530906136241,0.008425707642909236,,,,,
0.009951038978843649,0.005255980053762059,0.0030731888158352524,0.0034425289542606447,0.00600549464549954,0.010254142540576723,0.014057656526661825,0.020440172127013212,0.03665355604073657,0.11022992916147117,0.057686086320000836,0.029763878205336197,0.018310175221532433,0.011935461779946449,0.008566757739036823,,,,,
0.010139669847850403,0.00785719231261184,0.0027445883184005126,0.006304090814579631,0.005905480911794163,0.01004750766251921,0.014144848891157316,0.021872474832371633,0.03695229211585671,0.12319520516455068,0.05172110338595413,0.03148726204407247,0.02217055863337116,0.012209120744522984,0.00851543250302195,,,,,
0.010216984390991099,0.005241401016105202,0.0026866803579447705,0.0033801777342002824,0.005864986841261731,0.010045861717872362,0.014148149403311954,0.021904590019420012,0.03694568426475708,0.13027548095021538,0.051896620396947535,0.03639173180884091,0.02033048710244672,0.011951750374055646,0.008544208065430318,,,,,
0.02274237226788191,0.005605607547139679,0.0035442547448030497,0.0030875043364874577,0.005753356148450886,0.009995384234052886,0.013738314584200656,0.03171484899372355,0.035023823976664134,0.12811518543777659,0.07296447603339114,0.03416410761750145,0.020262192526047572,0.012559431370694346,0.008749695534191136,,,,,
0.011099018154462622,0.008539463170219511,0.004441415207928524,0.0030739272715283464,0.005824600919346489,0.01363331273409595,0.014106860483847796,0.020435983885698554,0.035368102306170136,0.13116598508799793,0.06418030767857812,0.036436609234577366,0.020891657425160935,0.012823393884299235,0.009567095726043673,,,,,
0.011537638814953484,0.005711272755085273,0.0027662403539475745,0.0031058279652274225,0.006016444776640591,0.00985671855037865,0.01350408183929449,0.02044938640962538,0.030759982207336167,0.13103496354111657,0.07217141039830154,0.036188512329564125,0.021162558420741464,0.01388417463437621,0.008899714786899764,,,,,
0.01130659611641496,0.005728279063956936,0.002929727908198607,0.0032582658240505255,0.005778492740566906,0.009531511509954767,0.013229122596813336,0.020466313374270066,0.031757708166801506,0.12552227525880746,0.0507620786414241,0.037721769880148755,0.022235164801949172,0.013327165462453267,0.009275630864795383,,,,,
0.011415134347524341,0.0061347609559463095,0.002743997563466018,0.004535684937099254,0.005657884541241779,0.01469496030398533,0.01324438329507954,0.019836803665897174,0.02987413683549323,0.11439015710571225,0.08281803182771012,0.03915284880887248,0.023877863510410453,0.013277074568037462,0.009345281783723769,,,,,
0.012210501644484069,0.006133069424665543,0.002790049460294234,0.0031058279652274217,0.0066231341140082205,0.00948308322506711,0.013028957724217185,0.019354487401251164,0.03533520279246397,0.11678589492705563,0.08234827737258982,0.04351456864285172,0.022999711709186663,0.02600548975618362,0.009571534451285408,,,,,
0.0222974171963923,0.006069082997789664,0.002832378651533838,0.0029806377151879527,0.0057846056800092485,0.009647823028501337,0.012705018903719759,0.020274782395123668,0.028708742286889515,0.11676534797750332,0.07669336538369438,0.07700803021687777,0.023007717757092715,0.013738881001689542,0.009579119567266849,,,,,
0.012065826650998326,0.007005273951685188,0.003014816984529453,0.0030142791909532666,0.005465201277662027,0.013739447395827638,0.012816514489196249,0.018859376353458343,0.0274744459692583,0.1192320244951282,0.09464944378023403,0.04591292375226414,0.02545506745678646,0.014162259577872136,0.009783451302146114,,,,,
0.012320472184889712,0.006288229368603669,0.00285518216465956,0.0030108350373572474,0.005819477256635587,0.009026759745635337,0.012865500317465875,0.018412297171075766,0.027560192010531975,0.1056328757262679,0.10967208359001508,0.05013171423036221,0.02518892145792808,0.015428256389005343,0.010501436711003138,,,,,
0.012861769827927931,0.006266535423976009,0.00276905205078116,0.002997018843256369,0.005552312862810233,0.009234465971541404,0.012826933311173459,0.017687282439905413,0.027545823409955025,0.0949864093426224,0.10899014066690613,0.07455742529127289,0.025412423880443562,0.015208460138770504,0.010195794851770579,,,,,
0.01316829691528387,0.006750708200594186,0.0029517794605632645,0.003271077855594254,0.005572830854576948,0.009311078642562875,0.01261075303769473,0.01768143360710505,0.026699727278039858,0.09743572058047616,0.10902329151462768,0.05460312815318248,0.0270557467600377,0.015181253092163434,0.010532021030131102,,,,,
0.013696831823004513,0.00748454775841695,0.0029034916742022117,0.0031907937674591964,0.005678877557827722,0.009059495318398806,0.012372968522309385,0.017874305296876638,0.02715709887602105,0.08448786986117314,0.12601383127606852,0.06138258303419794,0.0411004920211251,0.020096693335590065,0.010227927271939422,,,,,
0.015132885647198417,0.00671222200321964,0.0030451012808343576,0.0029278458676680976,0.005368953921281577,0.008973440721610213,0.012124802382592526,0.017182780473214768,0.025637013211103198,0.07717246765425184,0.155144418344083,0.05967526596792637,0.02811668539186634,0.015776163337939676,0.010275464197959132,,,,,
0.014216941070106048,0.0068575002012347085,0.0033265138049232983,0.002918084135699577,0.00534959363134099,0.008740611757227323,0.012073241228410955,0.016800522509710796,0.02490318198687623,0.06876863957995204,0.16064021411613716,0.05989977104310521,0.02955292439444744,0.016484218329941448,0.011035149006011739,,,,,
0.013919509878705421,0.017223359898383837,0.0030238376154568467,0.009000860213424616,0.005378607933566579,0.009068331182650418,0.01746353836913093,0.01711774422246729,0.024689780263604435,0.07128732286235216,0.16018719081821817,0.06655083457489556,0.032952893871277485,0.016917015431093894,0.011452340387200857,,,,,
0.015550860212018075,0.0070376451251137635,0.0031601614381021395,0.0031473099760017213,0.007694400427542344,0.00856251763171447,0.011869646826188102,0.016854782153943013,0.02497588403866985,0.06442959596193903,0.16583346089465223,0.07946779720142089,0.03157183532316357,0.016893769594363773,0.01114368333047335,,,,,
0.014692841933376772,0.007248045407492734,0.0030663232344723297,0.002935035390643865,0.005346198372443808,0.008892133549701493,0.011853710426128905,0.01577326515741442,0.024084526375355932,0.05869708420055091,0.16751028333992374,0.08000687083564259,0.03130696131232607,0.01694411440286939,0.011341185202649307,,,,,
0.014617063787980703,0.007210594975022799,0.003126637765606098,0.005290168449853183,0.005211062942676821,0.00999651953685411,0.013861269533343604,0.016280996358643017,0.022326031317057453,0.05940830072208653,0.16352455750165668,0.08245435046834626,0.034412845211976954,0.01755538784218972,0.011619548993067967,,,,,
0.01573605536854343,0.00725202572476924,0.0030705500243131583,0.003042544699164222,0.00751200646402499,0.00856876348703794,0.011604889738253788,0.01635031336345823,0.0227935263426982,0.05994078256805952,0.16366831867003917,0.09865965721290289,0.03340305724667116,0.016999231835643867,0.011916457489344797,,,,,
0.0151009697382422,0.007435302631692986,0.003053607760932904,0.0030362506184327034,0.0052989870364612895,0.00835339689968742,0.011339469691765707,0.021756062270838327,0.022690988558277194,0.055287632025476555,0.15377266014193397,0.08689208531132964,0.03504317653228553,0.01784845516305956,0.011872296261329742,,,,,
0.015769914114744214,0.00931487359057543,0.011569211360018388,0.00397780804747017,0.005167888934763153,0.008179835427915299,0.011276818703565023,0.015702743084967122,0.022239524496706103,0.06796661222589494,0.15319763134804742,0.10589189778384824,0.03673244909186815,0.018783576772048022,0.011889298663178132,,,,,
0.01768728243990539,0.007824275013943446,0.0031932316593983297,0.0029910625947494065,0.00525419074189592,0.008363909273896693,0.011257249771716268,0.015537489387773253,0.019700077032147646,0.051494099061437086,0.1388022643575581,0.10575333126476373,0.04554446408441887,0.02599078562435602,0.012619491907476327,,,,,
0.017311988922927977,0.008527608392854512,0.003202053458414522,0.0028697943045752706,0.00524826315038759,0.00827880993901974,0.011218009499116643,0.019993103944364914,0.021559521700517635,0.04827053480964805,0.11742426741583477,0.12567174974752426,0.04009060239884727,0.019248200902219157,0.012647082429532339,,,,,
0.01728602942034643,0.008555130287429153,0.009106330962378296,0.0034145358361993205,0.005149976574513602,0.01056521780962619,0.011133058083867572,0.015388695505086272,0.020945721630524383,0.04132450444675434,0.12218969254059625,0.12106446448426851,0.039779148273595584,0.02026083228809554,0.012518859706473878,,,,,
0.01888343059445142,0.008584905907573364,0.0034614087378533028,0.0028469939411612725,0.006688413201642094,0.008101009941305727,0.011986452445949997,0.015152927341346973,0.020948693590208258,0.0458487198292088,0.10703167412325047,0.13825917710157595,0.054235220544783205,0.020132269679363116,0.01314009818934715,,,,,
0.017861675354967965,0.008491219273225296,0.003394726904222886,0.0029368024199373627,0.004917112655959749,0.008106451480098252,0.010824732417177572,0.017433973665371093,0.02081154418916748,0.04592300024023843,0.06960824517171735,0.1378667591442662,0.04239801477282014,0.02034324190717043,0.014139460984125083,,,,,
0.01804705273887628,0.00918997718906476,0.004481893956056461,0.0028669683124526242,0.004910183935286273,0.008360380762540627,0.010823084837622395,0.01479573758222739,0.020522319772446992,0.04291063595364186,0.09767759677040971,0.1373756782145541,0.04703763358384693,0.02182272769773866,0.013246855684753369,,,,,
0.01952881878722743,0.008869241283949052,0.003672658743125797,0.006273981798244912,0.005206394227739776,0.00806892660756268,0.011467279483604957,0.014807829435033957,0.02032984915215079,0.041147365272994174,0.09684514678787226,0.16559942013391482,0.04878932105097599,0.021709887015874688,0.013612486712458583,,,,,
0.01957313226586847,0.00879976504415799,0.0035915111376892813,0.0028460826843750803,0.0049333732765259675,0.008024562174592588,0.010844035350800516,0.014909366135828571,0.02017538633508972,0.0411318229929508,0.060332895310813595,0.16714225306577024,0.04858027686895544,0.021918455497631897,0.013611343334462163,,,,,
0.019723023785348875,0.009066364427768477,0.004270585818077967,0.003052758179568135,0.0048568688845721545,0.008301689941331788,0.010483389699970445,0.017830879668984216,0.019349930116284175,0.04031942182013347,0.07917613476229048,0.16759105780609493,0.0523473800934855,0.02277827189679385,0.025272363498333113,,,,,
0.020407801991223058,0.0163639314990749,0.0036381537636874036,0.008600188636683109,0.004823306538130522,0.007962297311179041,0.015680075121487967,0.014407243346155512,0.019496698382810814,0.03957950956711298,0.07951190367591028,0.17119742655326511,0.06374091880694757,0.033116649671839485,0.013906459126382394,,,,,
0.024067018600877857,0.00949060237593209,0.003846104421481452,0.0028213674998405357,0.008594305173759345,0.008001578619845106,0.010309235520374426,0.014098307610020991,0.01945674411142804,0.0394217092819097,0.09515910431833001,0.13585261572536794,0.05643573303028038,0.023789707932370285,0.014290189813688584,,,,,
0.021346474555715124,0.009557974629422872,0.003860241465223229,0.0029411051061559172,0.004657019069218894,0.008048769297046576,0.010160625409370558,0.013777907573479955,0.01915383829570298,0.03697467806848062,0.07269208140158419,0.16893057713630677,0.056634355171577964,0.024795036914530465,0.015507911728910126,,,,,
0.022240996976423746,0.01908879108600029,0.0037116503310265416,0.003215492875918288,0.004770651801219765,0.00818463034780759,0.010249936153846492,0.013930151164421312,0.01854084185208297,0.03449227598030472,0.06724412557846549,0.1573455340073713,0.06299346354037581,0.025476445204082196,0.014941756422642786,,,,,
0.02395757581711726,0.009773205128990527,0.003574588948162095,0.0031817369443148565,0.004686169969526505,0.008553121342377996,0.0102309384738035,0.013606101622585041,0.01809291662887209,0.035979828826812416,0.0531651690122364,0.15819879771402462,0.05392344658803474,0.025747981419779898,0.014689288563547833,,,,,
0.023295884587232217,0.009849873926043105,0.003737331979126896,0.0029118550856899587,0.0048072132053135356,0.008349320281954155,0.009893492823095524,0.015659734932882384,0.018292157079287715,0.034308062802311634,0.06214409328340101,0.1153087640351862,0.06765905284348338,0.025818153997775938,0.015819244389180927,,,,,
0.023425258545414,0.01589645119098253,0.00694689642565963,0.0029011455984748213,0.0047183715413192445,0.011546319340485034,0.010109309760828801,0.013445561293260348,0.017919037125513335,0.04511834331179138,0.0621239658711874,0.12795585257390513,0.07453315461862721,0.02795738113804821,0.015262962418262641,,,,,
0.027919082542781026,0.010163050394900229,0.0039450683298350685,0.00294782235516538,0.004902054978495455,0.0090814796016313,0.010156635687062843,0.01338797170109687,0.018073838758355006,0.032262804820581054,0.06048367349884171,0.12832374791673104,0.07338558803556039,0.026939490131503464,0.015650207555248867,,,,,
0.05112908500279072,0.010432045517379508,0.003989528574566285,0.002889498861798175,0.004686931009041715,0.00974795836552307,0.009876337592399352,0.013475358641802585,0.017774711018170315,0.03224614768440262,0.05816467787344188,0.1296321779782815,0.08133235813158676,0.028190393420319728,0.01619969828062407,,,,,
0.027331048825746985,0.014088805998643851,0.0039917223421630935,0.0038850244264435055,0.004504624869231914,0.013159700736999857,0.010235532810819055,0.013276464026210516,0.017669528281456615,0.031894155346590944,0.05458908858962891,0.10368169469410958,0.08656545459058222,0.029794746044136726,0.029923317276063347,,,,,
0.02708545121837712,0.01025398443695292,0.004027948251980051,0.002844259294945197,0.004603237182570793,0.010258283987262572,0.01002621866391948,0.013117253322435839,0.0205884444460988,0.03079192592759274,0.052761577221384554,0.10358184909629804,0.1375324108845354,0.029610742678336993,0.01675717791978282,,,,,
0.05562625618925211,0.010903672150549356,0.004258953569629339,0.003064736685375315,0.004655069185263161,0.009766866358364362,0.009807416593202887,0.012623679279138777,0.017239166190210705,0.03000158972359212,0.04085990769827326,0.1014089642914947,0.1017906756752712,0.03095999040173881,0.017353424668927486,,,,,
0.028930594481810065,0.011711245040043405,0.004431548713599474,0.0033916691075956684,0.0046104865457326375,0.01008924391078167,0.009750253204037157,0.012797957120730704,0.016982495824509742,0.029215921283272786,0.04885684152161848,0.09306536249938233,0.10180152765087783,0.03279350161204888,0.01820146036198697,,,,,
0.0306051352065993,0.011201811786163925,0.0041924279068540505,0.003074771003726103,0.004660290254639067,0.008853544049934728,0.010847473351009168,0.012901916587825581,0.016707473056066173,0.029112982723976267,0.04877155376508482,0.0854747254121119,0.10338248019513856,0.04548993383444544,0.017858044409132346,,,,,
0.030253341519771496,0.011293052391266841,0.004176620818207872,0.0032215374195248463,0.004574904517223602,0.008149057258532547,0.01019197796498582,0.012802643305357264,0.016420680512738827,0.029312769166045048,0.05940311009078002,0.11571073270277804,0.11388990469258974,0.03434796006364465,0.017757628579810752,,,,,
0.030361438266482386,0.012773332791356945,0.004493093379657455,0.003345466791477276,0.0044647153590770755,0.008512081079954647,0.010005759350229963,0.012849865356444964,0.01662133649318166,0.02778408491618706,0.044237305614054534,0.0782530722568894,0.12921096301918883,0.03467341591801699,0.01881443303319895,,,,,
0.03263535769318768,0.01170019299560176,0.007996106262509689,0.00801453520785344,0.004437909634159438,0.008189224494635203,0.011509529793502999,0.01254527593588971,0.018944271246494365,0.027478599799205434,0.04393290158473636,0.07383841180756309,0.16975167246277714,0.06725240418103551,0.018534195247845907,,,,,
0.031921145233776795,0.011930462155434494,0.004408955839505252,0.003132439736096562,0.007131149788312793,0.008222218688333852,0.010280669432819719,0.012455528938827109,0.016562319030465383,0.027360501800999887,0.06455028770156625,0.07558463339053058,0.14674329383142667,0.03658841742334082,0.01894884053739617,,,,,
0.03621889113465014,0.012587668726514813,0.004589057387899814,0.002988351284528557,0.004430890166146848,0.007768003834071887,0.010410639661985384,0.012510983569305393,0.016287348100187116,0.027344095522394894,0.04031680814886391,0.06739089673983503,0.1480109163623491,0.03871794486165208,0.019601604410344097,,,,,
0.036422288303110964,0.012110861809920787,0.010562301907736462,0.00764196836289353,0.004513828850083604,0.00782655390289641,0.01165087174373342,0.012477064723256997,0.015890922625480943,0.02745262805051484,0.04039387648033322,0.06728615895149069,0.15642433061253225,0.039089195813290505,0.037692920639323,,,,,
0.03917768517110621,0.012769880072604484,0.004707914693626023,0.003048506721228512,0.004326404949857694,0.0077825576597823735,0.011287624605930092,0.012156850374306473,0.016111390513959142,0.02604163480415217,0.038611476647322215,0.06491048200719987,0.18555786434226265,0.03839184447946335,0.02033227325678756,,,,,
0.03888153719675843,0.012673947744412776,0.004668631820792939,0.0029745396629122147,0.0044030685944710275,0.007432380301200331,0.011507388558999755,0.014349784984818353,0.015652589943322758,0.026112793891793704,0.03876806691133144,0.06290693088939966,0.18441208439691376,0.0410833299086083,0.020446976189419836,,,,,
0.04154033939292231,0.017769237665917988,0.013368170278957835,0.004401521887825373,0.0043646079424766735,0.010815142981724117,0.011743786591726198,0.012041616964393768,0.015226017497284068,0.03369459434518532,0.037273511028295125,0.059637029592427,0.1921759821920063,0.05546142078918442,0.02528481822472109,,,,,
0.040262864348528125,0.012979714470979285,0.004930743616534507,0.003038385665893281,0.004671756068210036,0.0072965546985891755,0.011331803905721433,0.01229473334815766,0.01568172931671118,0.02541456732718906,0.03883447562685829,0.057719711279951263,0.18345464719947094,0.043660006328452024,0.020977849065198444,,,,,
0.04494164170210904,0.013254098843637669,0.005186114562665242,0.003268698024172874,0.004367801187164015,0.007328125922676777,0.010697702205232739,0.013852845903066091,0.015486152042373108,0.024796776074269555,0.03571390088398445,0.05331281591994096,0.20301151944263668,0.04673517916381643,0.02177091596432515,,,,,
0.04765195108885886,0.027004033541990855,0.00510349140948112,0.0031241479083403243,0.004324905797052761,0.007415609207316525,0.01075766798333536,0.0119054325394215,0.015246447172790282,0.026864341500984688,0.03579008191937453,0.053036812304001334,0.18732231045945638,0.0466685075867836,0.02238219372736726,,,,,
0.04829207865217399,0.014016008499803117,0.005239359188961347,0.0033454667914771456,0.004274532054526817,0.007301530006473345,0.010963812636825061,0.011792279319452651,0.015581771413489908,0.024299440672731806,0.03343430862791406,0.05291209685342272,0.16710611833699432,0.04671828248338071,0.02681239214198222,,,,,
0.05092638572066911,0.013921745922113581,0.005364603947773192,0.003274149244361963,0.006835857869330044,0.00723411946108602,0.009501801697631729,0.012132261093872793,0.014856098427135837,0.02412728609873508,0.03353980995086734,0.04098414635369507,0.18213818908185322,0.05405381888160693,0.02336039047008235,,,,,
0.05192490283467244,0.017261721499898457,0.006578285610512265,0.0035193753874503283,0.0043794404733089225,0.006995269191461881,0.009402562285992398,0.011925378867710305,0.014713989879106219,0.023177626175242244,0.03354672139054602,0.05031039163591086,0.18223251660432635,0.06624604583412627,0.02334745077821376,,,,,
0.05726161133690167,0.01489428751763659,0.005860949707509327,0.0033143074487012227,0.004207867407831892,0.006875585615358791,0.013756428376091185,0.011796210597090651,0.014644189822328051,0.023255430493591606,0.032247756473566945,0.04826692755979087,0.14053780828940335,0.058516210377093876,0.029249373970321076,,,,,
0.08632835078376794,0.014787846264423707,0.005912065850462146,0.003317436553026018,0.005164562566626559,0.0069226301269528475,0.00919840572572019,0.012170178796656612,0.01451520240604094,0.023295884587232227,0.03248235362152238,0.04793387221348991,0.16492547556904202,0.05849741213506523,0.02421636848044196,,,,,
0.06332488050418215,0.016081880437302774,0.007088143546058318,0.0035008082307128588,0.0043377815792896655,0.007031883721820785,0.009177231542888362,0.01190325356377937,0.014411181254744615,0.022554543104397546,0.03174774180525653,0.04573370550778119,0.14854925045018033,0.06714236546175188,0.025328380739962873,,,,,
0.06264670377161219,0.01536507890279122,0.006360161052344814,0.005335817335995965,0.003923310454408309,0.006759540063338384,0.009614257787066482,0.011887580424393166,0.014607766423773056,0.022351214516447386,0.031444240479868636,0.04412433712872364,0.12712687855042767,0.06356770489353342,0.026105740118812122,,,,,
0.09250489492959257,0.01601433743909406,0.007188978273112344,0.0033794102532948745,0.004382031004409704,0.006836095027051202,0.009168076242897465,0.0121168841783971,0.014243713685386083,0.022378702194861294,0.03145203509513835,0.043874077583573874,0.13289674522933562,0.07009241788939904,0.02605687020812959,,,,,
0.07698756034364242,0.01710548448645113,0.007717752610689351,0.0035454438311670906,0.004058182447080422,0.006663740869952742,0.0090541968231297,0.012894073262765277,0.013900792220120346,0.022534638132960277,0.029845122016720956,0.044119141541844945,0.11961490113731704,0.08702676400833607,0.02710547136316044,,,,,
0.07732667706941593,0.01647123116028921,0.007221154556295029,0.006691660439613571,0.004153578076171715,0.0067460956821750635,0.009849873926043157,0.01214016926875955,0.01420352442423198,0.023072902814049254,0.028995525374357015,0.04069093838340924,0.1217023714303946,0.08523157078658733,0.02917501838591929,,,,,
0.07764949493386414,0.017185195677269293,0.007121185279199969,0.0035442547448030705,0.004291187515091257,0.006711400750160049,0.008992498918267824,0.011221390711377633,0.01417104842194343,0.02142991413882942,0.02891858871075436,0.04072955873757919,0.10796022350974632,0.08561228525838695,0.02868035734289944,,,,,
0.08601483966299552,0.017972012693529393,0.007014524895235927,0.0035491000596640527,0.004463044718047462,0.006670306397017444,0.00859396562031516,0.01215767716137726,0.013704878175773842,0.02107966026725062,0.02903822206748165,0.04077054432931558,0.10817512362815264,0.08526610244031295,0.02989440442190356,,,,,
0.09741170130742632,0.018271441755532535,0.00723340228853931,0.003910728280282069,0.004084860608360101,0.006740325595431254,0.008922892256402465,0.011768829381951394,0.01370258308037049,0.021199175631832802,0.028183779096054472,0.03877569377172121,0.09882318734452535,0.09355492002549376,0.028402425761444684,,,,,
0.12320720617204127,0.018589743562838924,0.006943955327693945,0.003663819599761398,0.003928596156305925,0.006607793177502496,0.008740611757227306,0.011285469999362033,0.013751171230717518,0.02130428217179824,0.039763886623050276,0.03710576550620176,0.10008227043365124,0.10420414649572872,0.030395070322059434,,,,,
0.11306990707072793,0.0184220153373871,0.006798569191248751,0.003544712132917449,0.008922710564070421,0.006609019800440508,0.008800244036178026,0.01084295888322096,0.013606077792011626,0.020822400519133127,0.02775115593709492,0.03787281863164475,0.09112513998702956,0.10527852985174517,0.030929803256708088,,,,,
0.11297763259443697,0.025575891471290333,0.01340382564321362,0.005430980385542461,0.003931566240766213,0.011455737347065299,0.00862138851123647,0.01092040116670693,0.013587501077460163,0.022054705056036277,0.02686486048727201,0.036559693767692795,0.0843064694237877,0.08609753493361483,0.032350953477132245,,,,,
0.17278665761112413,0.01932855351962045,0.006712173696997635,0.0036417169140088037,0.004036953936640289,0.006438443371844174,0.00890688914326264,0.01106129788510823,0.013608484469182164,0.020459594982165392,0.026907503800649702,0.036744054891975096,0.08312359765879722,0.11561418575629634,0.034017875316240995,,,,,
0.15532312353281885,0.02097035139692499,0.006696746227246864,0.0037612869860600665,0.004733808024795992,0.006335233971568311,0.008750399596360026,0.010573960690718092,0.013435839397293049,0.020113707548945432,0.027034646376590622,0.041269347981927884,0.08307575730571572,0.12424851368812354,0.0337074000393654,,,,,
0.18691342642736275,0.033158723699705954,0.009586056043071875,0.004723110759742652,0.003696945121437315,0.01167175317806781,0.008421126999694379,0.010640720324508782,0.013209991250844452,0.023243827364539796,0.02640371634738882,0.03553303721518455,0.07655110046853686,0.11977473418052194,0.033896025789000514,,,,,
0.1838716742934726,0.01998668072797689,0.007074544495828341,0.0038568802024800766,0.0038934446778866377,0.006388240022626441,0.008453714718639295,0.010933457534138534,0.013167779825409592,0.019855934929193953,0.025641363538992306,0.03459099862389569,0.10197324704090191,0.13252386291842458,0.03700122188894781,,,,,
0.1519556025593502,0.02217114361933759,0.006899688417276954,0.003934781302339324,0.005356438225934162,0.006435169130095426,0.008439588332823114,0.01062474115171631,0.013125284428251763,0.01946362541812143,0.025754176365357425,0.04121078972938225,0.07259716752185394,0.1392118787657978,0.03707359465489,,,,,
0.21622503333863316,0.024957702397035708,0.009680133118913149,0.004419826569767653,0.003776771971201997,0.00937372365747535,0.008275245141933629,0.010680745813099761,0.012976691467615152,0.019242388410430387,0.024863465173369088,0.03331012979631131,0.06758060571493364,0.14438826803284568,0.03716245990753901,,,,,
0.2221163627510576,0.022920176460720077,0.00731630267879155,0.003828613780514234,0.003969648432626769,0.006221878481513883,0.00890262892831391,0.010804734819380327,0.014061161981183144,0.019259517589175223,0.025966422564963145,0.032355212805064225,0.06036021154910888,0.14356398300715154,0.039052614782945055,,,,,
0.23666365253489371,0.02404565533772729,0.007208256296651404,0.003836735296688053,0.003953606737940034,0.0062468426521937095,0.008285073994877306,0.010381603035174354,0.012697232705715687,0.019030951286618008,0.02557994798156518,0.0325845588898907,0.06398066422202926,0.14375342844080194,0.04193413871490689,,,,,
0.23627838929226777,0.02393103454991474,0.00764379259128128,0.0049700424258925695,0.00375395242847071,0.006515536438692566,0.008128939098943654,0.010697702205232768,0.013145106398919916,0.018883585129736636,0.024329844956342956,0.03230081160231543,0.06415264184466972,0.14960439785727692,0.04094545729521019,,,,,
0.23667026293142174,0.023667176993898226,0.007487666247931092,0.004373142794715646,0.003789028823508859,0.006322169454045307,0.00811924071496521,0.01024819616599934,0.013061368982499827,0.018653593450977696,0.024226381628213382,0.030486928465479485,0.05817138922404181,0.14949644360495476,0.043601364455849966,,,,,
0.17550568647847947,0.02481298493042232,0.007600615508780895,0.004432646075267465,0.004280823317748955,0.006204552833871332,0.008156852128316043,0.010252624645143944,0.012597067112609092,0.018683189280403363,0.023894152925520176,0.030587681367276034,0.057511572482755874,0.14948438627491661,0.043623460092434896,,,,,
0.21753709779235073,0.02659753443007586,0.007940766969305534,0.004907541849520745,0.003887110345748891,0.006886894306971694,0.008047802410158466,0.010333362040817853,0.012709688332935043,0.018291749384108824,0.023877931406028122,0.030777264589482156,0.05738853600987917,0.15229402204310918,0.04353596357052402,,,,,
0.1946215938726087,0.026202439304237574,0.008187759400196379,0.012751254835544118,0.0037585274207683314,0.006311903852082785,0.007799204860964241,0.010110849171491167,0.012665656055348749,0.018517953513793692,0.023400649257921274,0.030024136416222872,0.0529870494661742,0.15151680862037725,0.04601464631608323,,,,,
0.16153497059782415,0.027288009880721196,0.007986368368669016,0.004663072434675337,0.004205632193686563,0.006516133582577503,0.007810629230024298,0.01009952260651979,0.012382817903263461,0.018056249202455035,0.032626802308826516,0.02901833977276479,0.07184998679769973,0.15197537081188542,0.05348381286306267,,,,,
0.16124052986200405,0.027316227340152918,0.00820326818263588,0.00453389741863034,0.0038917787479495337,0.006440054694742882,0.00790208609946197,0.010026315681357948,0.012550521507923691,0.017903305861984145,0.02259820345597317,0.028102255187886057,0.0501849029115623,0.15116413612548998,0.04880095634631189,,,,,
0.13971616742408313,0.027450655555247904,0.008468889617431327,0.004705503575400656,0.0036566442308032052,0.0064973470903770805,0.007766542776667413,0.010293119756088088,0.012217616115376289,0.018144365996787325,0.022602220562422084,0.028661075272598265,0.049863229172963805,0.15205027267866156,0.051997861341091856,,,,,
0.12264712397404864,0.028628305588328493,0.008354638901983862,0.0047381212280244115,0.003809511132238853,0.006467185219563336,0.010357714103760088,0.010131576319518706,0.014505482111551157,0.018306898904595397,0.03351508143327312,0.027501340329332435,0.07922876906083812,0.15154748407724422,0.051608294628007416,,,,,
0.12138545040223213,0.03160468205118621,0.00861597112790644,0.0045453253895451585,0.00385561897348583,0.006129896545411662,0.007755680590622625,0.010036400374431797,0.012309940784714975,0.018067738199284353,0.02190695827843409,0.03926201954309219,0.04776061526206482,0.1447489309564356,0.05142818750097273,,,,,
0.12098616194493124,0.03204668956577945,0.0135886464615956,0.009087190371562914,0.0037283852661475405,0.006157340514665044,0.007752293492562772,0.01370807174116833,0.01226032202948071,0.023079717458372343,0.021859781674089578,0.027155367600078226,0.04821098403599741,0.14536727224865384,0.05484966346204883,,,,,
0.09814051302175626,0.0320292012936365,0.009101451619630628,0.004706881508481036,0.003918265882952932,0.0060916930925349186,0.007934190222372675,0.01003536651333965,0.012111531109854065,0.017559524544290883,0.023237646892446298,0.027134595622157438,0.04520144998208337,0.1446795744316254,0.0631926392820584,,,,,
0.0835682592967973,0.03397136799697904,0.009184859872035565,0.004764122621424999,0.006093821789910046,0.005971003517493356,0.007938439178831807,0.00993799698244138,0.012162156836234377,0.017537352252127485,0.021825699084734376,0.028369254446936085,0.0442827256996535,0.14461991982622877,0.059432397650483956,,,,,
0.0854233889135823,0.03169754588960683,0.009999016749274921,0.004667589940273227,0.003628158326521257,0.01026637237362912,0.007615957561214849,0.010941313510636973,0.011836821261305109,0.01738508478375795,0.021448380272705098,0.02689303966783271,0.044415203323937176,0.10986264505894991,0.06816496543491966,,,,,
0.08566002245029379,0.0354825489170369,0.009498115574288715,0.004542827977426769,0.003903674515877979,0.005850318193136005,0.009285448364866337,0.009761686088751456,0.012096717545193876,0.01739860115846837,0.021278149450093514,0.025749744360881323,0.044547665463840286,0.13181235034565617,0.06815001345799564,,,,,
0.08595441071164885,0.03633972412501073,0.009777185500641954,0.004631256504731137,0.010167005708529549,0.006175586240312752,0.007608077315201246,0.010015184890442902,0.011871613473779252,0.01739075361844327,0.02149217563799875,0.03249612594957949,0.04167247060654197,0.12440092617162157,0.051929248769357984,,,,,
0.08620867988377606,0.03778231162027263,0.009759925499606864,0.0056527818459927584,0.003763010686707749,0.005724825206275845,0.007828252279425268,0.009744132433650975,0.011861995652655631,0.017087410462794113,0.020988974684963992,0.025878202379886934,0.04117263652776597,0.12440301128922945,0.0740339837800096,,,,,
0.0798582594367748,0.037952739741518436,0.0098979489678769,0.004640279190932115,0.0036371732853971955,0.0057923917209356844,0.007731520381068155,0.009735743395406112,0.011869237066924667,0.01706173639692581,0.02065164141707727,0.025468565919157915,0.04027304218198573,0.12383764707417044,0.08094953933843077,,,,,
0.06475364301680371,0.04032742262207301,0.010034074037175189,0.004933373276525946,0.003731775379699576,0.005732522758128775,0.007561781179249027,0.009561671586971746,0.011792691752758116,0.017165958973284146,0.02071960690920154,0.024669613491961662,0.03967533173629877,0.11666219207899153,0.07120959437517863,,,,,
0.06663612412935163,0.05639136177528319,0.011085454813401592,0.005690570190562442,0.0038366507861692704,0.0068351463467947815,0.007701981866397608,0.009504394779303546,0.011498932424195214,0.017790956947215723,0.020917234437711405,0.024722655530319375,0.03854087286819332,0.10209453642032738,0.08847975644443455,,,,,
0.06676574090600307,0.04303419068663326,0.010781903742835691,0.006376046968570435,0.0038296299119374416,0.005733710429649861,0.007600231560667866,0.009492071332280869,0.011840984199447095,0.017107000849456645,0.020525353038512793,0.024836233990484985,0.03742807560526192,0.10109367172225905,0.0888480130425902,,,,,
0.06739038192384998,0.04652195099492643,0.010646173362928491,0.005204899354503969,0.004808224831361399,0.005716720278226549,0.01213816599557926,0.009582909873828623,0.011526842256155332,0.017448381334375648,0.020403988494206195,0.025081077649150973,0.03758268607637326,0.10123763292883495,0.12698679001944935,,,,,
0.06177551664824672,0.05192412227626347,0.011218471947270374,0.005305102430344529,0.004037596431203104,0.005814739425306622,0.007757519875879136,0.009415278399517486,0.0115214401827754,0.01767035402508772,0.020265184728159833,0.02426162229614127,0.036335441076163426,0.10104781251667298,0.09764521962673067,,,,,
0.057879118256650916,0.05003641792744662,0.011113936215969138,0.01650676414740586,0.004174679558136448,0.005570794096838654,0.007893218142568117,0.012399146417906605,0.011422999677901224,0.017764839518125963,0.020020654945726617,0.02387677715427063,0.03629329750685409,0.11175730273814698,0.10785060613089406,,,,,
0.04482335959895118,0.05270702704588653,0.011176455864174494,0.005637618592365726,0.004824986840058579,0.005487995126932095,0.007821249281259325,0.009519086920146367,0.011366316281838377,0.01791416897014582,0.028072829683493016,0.023262804954151665,0.042043791835056535,0.08837840581253399,0.13519673716366537,,,,,
0.0546003965412991,0.05364625706414687,0.01201841072081151,0.005612717633972037,0.004072140603607833,0.005648248625293784,0.007870839759895514,0.009187965894077364,0.011446903154621976,0.01762589246882138,0.019659793920006035,0.02353854037368494,0.03543441362928668,0.08297305001049501,0.12655185419324652,,,,,
0.05451181230396175,0.05381259750646184,0.012026825125018214,0.014398035691140074,0.004361858395626916,0.005747435634947278,0.0075006459983119915,0.009286251472951108,0.011467279483604933,0.02023072364374825,0.019424804984777038,0.02292685264964155,0.03376836961119186,0.10052669661466256,0.13547221423594022,,,,,
0.04941631155473627,0.0575969618006659,0.011978415718823097,0.005721199245327733,0.004357098326389782,0.005393838077676993,0.00794566535171527,0.009336117630567934,0.01185611729312414,0.017162634257854362,0.02012726023558071,0.022447216351120885,0.03358389307644299,0.08840194157054236,0.13518526325966607,,,,,
0.051461213690211546,0.06950489410855681,0.012381063401105497,0.006094407051338782,0.004652491299460772,0.005664242135194334,0.007346023732826601,0.009173308961748672,0.011342786112051795,0.016009133136451893,0.01901561130279187,0.022818094130589127,0.03359563108628456,0.07775064799249277,0.12202578201441945,,,,,
0.046399549581937115,0.0640910469439698,0.0170198953379579,0.007015680405481037,0.0045451113794193684,0.010619338174083014,0.007040777348564915,0.011010793369348959,0.011295923180323084,0.016111531387989233,0.01908401744204584,0.02278453428563471,0.033429061679202274,0.08501637124879007,0.1518776246364188,,,,,
0.04724343550443625,0.07027728434449274,0.012764470628940053,0.006314728556245557,0.00468527039981579,0.00551110654895841,0.007643835010017213,0.009289602826568794,0.011078871783998441,0.015880125156823813,0.019433950106558073,0.022311024015739995,0.036445151050288865,0.07326780275529936,0.17150329286301297,,,,,
0.04416594589347189,0.07291963300812221,0.012816818069780016,0.0063262710306114574,0.009002301031133952,0.005454273952328661,0.007248045407492819,0.009404941402732474,0.01122913187339714,0.015824818485680552,0.01882950641863792,0.024003722785188097,0.03220388822428226,0.06916787453300577,0.17014731052752463,,,,,
0.04220094592644806,0.07458203586166291,0.014287739109903911,0.006468939753042352,0.0049486632694032764,0.005407466558894906,0.007036170655136283,0.009134771429393947,0.010994732739837122,0.01663902039926651,0.01887999615062823,0.021929443983096503,0.03195610871943115,0.0628196596712695,0.17022307747631765,,,,,
0.042211340099725,0.08752585533684155,0.013426859091607513,0.00647860621764791,0.005664299378382975,0.005454273952328657,0.007336660448287277,0.009182317799801321,0.011443503572361872,0.015554175064787824,0.0200267272699593,0.021670003338638045,0.034160586390430875,0.0652704968101847,0.20450867127070224,,,,,
0.041892062458665794,0.08692205183887021,0.014430000847402362,0.006517277955426126,0.011837259534263112,0.005515105815757212,0.007048463814131141,0.009290440476076566,0.011112302337034695,0.015062443612524658,0.018768051874888263,0.029689140241236592,0.03139681252652059,0.06618675676111539,0.20489600723244666,,,,,
0.04047622162590387,0.0880276973521081,0.014461155460337455,0.006619559374907032,0.006500939155630719,0.009843716282742077,0.00691025387878015,0.009583755719752451,0.011061297885108236,0.015155516266845363,0.018502941749984646,0.021341628575422017,0.03062835976160549,0.05969456236403416,0.20412489073962437,,,,,
0.03931826841067956,0.0976178274586536,0.014266277493977703,0.009284051489681288,0.00831495879166831,0.005078972244339959,0.007045150917243244,0.009489064852518892,0.011224944220954623,0.015356635600076909,0.01913263239065596,0.021446853374256662,0.03122045546745732,0.059467047140463,0.20910521213045738,,,,,
0.052685497644631395,0.12872378721924743,0.015122275936546824,0.006992533920728341,0.008779106731482043,0.005191675947199189,0.006568667110985269,0.009323606541993037,0.01085703423082072,0.015139569159815491,0.018526338686846167,0.022310340965223083,0.02979570368755195,0.05968939119410742,0.20946805206334465,,,,,
0.037777153595610874,0.1257847057043752,0.015552840869384472,0.007139374798688369,0.009177231542888381,0.0063446442085290525,0.006850309465306095,0.009774697958303696,0.010991429299891846,0.015389538284880626,0.018295081582674358,0.020799092156837246,0.02912028789645942,0.05742192865088356,0.12630510704279013,,,,,
0.03737803909169987,0.12688782215250632,0.029247700027490452,0.016171973457763077,0.008891003100254199,0.005254499287412428,0.006989333686816798,0.011177384179792601,0.01092506170648377,0.014985094216281802,0.01955536586633373,0.020968263940114282,0.02914961263580471,0.056379429609173234,0.1987113513908295,,,,,
0.04187861607177418,0.14261822151983392,0.015964513263349477,0.007327639199522759,0.008941042844024465,0.005054719027001974,0.00667735106885166,0.009483083225067112,0.010967094830423043,0.014976436690194111,0.018595236957653406,0.020754006131752357,0.029212369678648712,0.05399396286909242,0.1832694149551536,,,,,
0.03477162427785969,0.15646098844714806,0.015975416066037317,0.007456553115354987,0.008989613909838294,0.005431935535107624,0.006600330403637177,0.00947720046096447,0.01087803858715388,0.014809865677582993,0.018417086473601386,0.020851639282175823,0.028376385438288357,0.051900493902898685,0.15399713526000022,,,,,
0.034855623830642134,0.16021352673203493,0.018180088822238073,0.012596732495995744,0.008830955635237954,0.005061065514687642,0.006620979707810643,0.009408388330245257,0.013995520277551908,0.014991605708004408,0.019726311454632453,0.02030431470420518,0.028052216932682762,0.05180381972537963,0.163098835642272,,,,,
0.054281013843430384,0.15976256105430497,0.016898759019096467,0.007958020349217124,0.007710354891715724,0.005006961094267927,0.008880201884219471,0.009414038559206661,0.012868700618641376,0.014792603479415373,0.019050006772992338,0.020231236506169124,0.028082356809129672,0.05158641981307634,0.1461270985207964,,,,,
0.03369878006228711,0.09701768472603822,0.017532267152584068,0.008000281806956904,0.005988409277606077,0.004951021460277789,0.006705842573294329,0.009056309432680182,0.010538914882993319,0.014677805965030714,0.019574589985462767,0.020176109522226166,0.027950607268972395,0.049709556888904674,0.14712146653070637,,,,,
0.03233082181676813,0.17370790928645133,0.017516429175368855,0.009258451455679695,0.005237440383809336,0.0049231755199823195,0.0065498827864520805,0.010353581112471737,0.010805545036081051,0.014314945584214832,0.019616866319488255,0.019906573990049782,0.026946325653597277,0.061801607655945875,0.14808379248115788,,,,,
0.03269367526853237,0.1777574182666275,0.017640290434176493,0.00834745602219001,0.0052744545573104,0.00500955074563157,0.006779895769795638,0.00886675499762342,0.010665069830775403,0.014342620414961583,0.019351538692351865,0.02038578511528235,0.02664234603865403,0.04808709661992457,0.13175897271213435,,,,,
0.03280991051239811,0.17707802228629338,0.018388279048620986,0.008919221353552458,0.005281273744204209,0.004909655631878301,0.006652783926161069,0.008799765044157975,0.010664431366777352,0.014246923018339916,0.018495667964155648,0.019715081803263704,0.026451626765346715,0.046418685818995824,0.12013182193451748,,,,,
0.03158662057771589,0.17578170266212,0.02012023524984602,0.008913730352441293,0.004470884050594844,0.0058201458162628885,0.006360161052344851,0.009627738339382689,0.010756010131017695,0.014321286324693325,0.01744273122853312,0.019627194026294634,0.02623854783445623,0.042919997052004104,0.1366426777696736,,,,,
0.0340231267599614,0.16531429788006138,0.020291407597349948,0.008871690325755056,0.00483512344872092,0.004865139988727487,0.006514889471052349,0.008509947668978963,0.010964995522522987,0.014241550961064152,0.018861250249169455,0.01945282751132892,0.0271740476111461,0.04457374403376802,0.108054367106257,,,,,
0.030689403038490284,0.13174040418445868,0.02021926098142798,0.009102591554239555,0.00437707064603945,0.005037434151167156,0.0064422696056731345,0.0086159711279065,0.010812744294028466,0.013955615324195777,0.017079306033293995,0.023381242719713865,0.02572549333076781,0.04302886346853241,0.10845600822383343,,,,,
0.029564157110708908,0.14723853296799927,0.02070728749172209,0.011183735271604812,0.004461882164050708,0.009103054611898974,0.00636632664212558,0.00977453209963897,0.010792123616087215,0.014207244933816374,0.016961194155466184,0.019271298738143986,0.02545736015301861,0.043000000632947635,0.13210745991953887,,,,,
0.02896939140126951,0.14740661280995082,0.022577762539706028,0.009891919586833864,0.0040816843234364715,0.004736547021741412,0.006428716517127561,0.00851090015067301,0.010591210505131086,0.014057310546260932,0.017681727011575606,0.019005565432680834,0.025064848121128955,0.043095846503230846,0.09100311542229812,,,,,
0.028687490119502914,0.136538930306743,0.022265402614482222,0.00977761661029232,0.0039228972090123325,0.004965147085160219,0.00627625531711445,0.008688261042557969,0.010896532968123235,0.013758313857941273,0.016850934249742638,0.019056082127957057,0.025108056199590504,0.041668860206153735,0.090850346208011,,,,,
0.027929428339098457,0.1313404533034586,0.02318931835859704,0.010076638219689285,0.004132211912875361,0.009400630966004552,0.006365053249445198,0.008606030401498715,0.010752603196007463,0.02090667549827262,0.016536751279120854,0.019138308797067696,0.02505501477025922,0.041316971394388696,0.08439820380661478,,,,,
0.028508350992406815,0.11604358865620085,0.023272894001092167,0.01007277618086825,0.003893444677886663,0.004883499574831175,0.006233332803823607,0.008614804440027681,0.010667988036730544,0.014019223703262636,0.020399665669113047,0.018795725247135783,0.024253669201723598,0.0406000690873624,0.08430966921767505,,,,,
0.02714056964209337,0.11690858770170907,0.023359946307641235,0.010814933117789692,0.009673465217490181,0.004777715010305507,0.006596448390757399,0.00829383572494926,0.013724453678568988,0.013938621124519084,0.016347278958957403,0.018836943916777343,0.024246930422219783,0.04042812914392057,0.07858220200526789,,,,,
0.027312048815343788,0.10781165132109714,0.02489901521914298,0.011390025579801104,0.004001457869022172,0.00481415542236839,0.006165497295313944,0.008319169174004964,0.01060152245404483,0.014166219810136856,0.016167942994364776,0.019064298644206657,0.024314700907702002,0.03802695101469883,0.07287287586579512,,,,,
0.027061175048696366,0.09434547604578342,0.02632260433976123,0.010990013235945863,0.004132839598583268,0.004807752765695184,0.006371417667842898,0.009141264750773842,0.010741742038835428,0.01359310776688163,0.018055225609123805,0.018686382270136973,0.023442955150558477,0.0539616696178358,0.0731186957650578,,,,,
0.03909251363196306,0.0936885863781622,0.027389070758192698,0.011246645326771474,0.015629372101096935,0.00490172424795592,0.007591694370036657,0.008221153881855306,0.01089069916419631,0.013707716937310821,0.01612440609891987,0.019194338630477824,0.023687608612178244,0.0368961535694611,0.07320600223071906,,,,,
0.02618520839659071,0.07633146104233852,0.027259287428841827,0.011772465528689328,0.00393980472731767,0.004896959251476166,0.006480958044129119,0.008391968045397925,0.010435774599775226,0.013491806850930842,0.015905749532345335,0.018720793754415557,0.023797884204497195,0.03573945776321512,0.06936001589157913,,,,,
0.025429324134068496,0.08499637280515071,0.027737272025573682,0.014501793398926845,0.004235133902795413,0.004727159366604409,0.0060315157850395614,0.013095606634140845,0.02281634625627586,0.013736615191599416,0.015854295757061022,0.018713379400002384,0.023428082043022103,0.03600776339330597,0.061993765558690246,,,,,
0.02828350792284861,0.06900334548468422,0.027538300736202725,0.012282912856427661,0.0042314574376156565,0.004866739223961183,0.007233940174614995,0.008342987871917019,0.011007494749332061,0.013613320365040097,0.015666835271961776,0.019226205272304345,0.03398903034023584,0.035752011692676805,0.06485898603169774,,,,,
0.024911318195162232,0.0884614463209859,0.03095914208512291,0.01291229161065387,0.004510379558262579,0.005803408719965688,0.006015205122693421,0.008378472862837145,0.010227293221733179,0.013700500599345128,0.015480120875173156,0.019422851910095462,0.023098366648748012,0.03464085816814259,0.0609323647226642,,,,,
0.024974949305668303,0.06634718677592882,0.037544490415762646,0.012928227280106518,0.004578871730533182,0.005009032922465956,0.0059721437628819565,0.010041568083226631,0.010185995300072198,0.013490941655667806,0.01824800229610983,0.01930362623007578,0.022845247143068556,0.03348892110936262,0.06057606602171473,,,,,
0.024649627531629387,0.06614580415891579,0.0334808259493702,0.012656513552159637,0.008470267805590723,0.005342618890491932,0.006268811643433361,0.008135956223944042,0.010143090859306073,0.013268646609616975,0.015333646295422415,0.01882179035335966,0.022326321775138026,0.03407162855703455,0.06113424065581931,,,,,
0.024500682153193055,0.07663491973864692,0.03334201286713639,0.013553931848239014,0.004366390506546302,0.00624450650079963,0.006146799642562881,0.008157607357439266,0.00978292101941162,0.013444403719115452,0.0154489433236041,0.01865972836681702,0.022507643420314805,0.03324080021246883,0.057637901714439464,,,,,
0.02370277029464991,0.06126033463703192,0.04220850557904417,0.01570398195690505,0.0044965559316632545,0.005453322715338986,0.00606240119129631,0.00855554717917641,0.0310352932390213,0.013200046731081772,0.015387684108403372,0.018178733315738174,0.02232486944694503,0.03322490664923153,0.052231442041312755,,,,,
0.023380979234481163,0.05685829872940078,0.03838265460197967,0.014754590714577897,0.004560707727314597,0.005684869471663847,0.006335489869276638,0.007950886966671919,0.010218031608212563,0.013313534070034745,0.015439621882662201,0.017722536151700847,0.022437507484532934,0.03301006113873913,0.05216211729211085,,,,,
0.023433216061324258,0.05783484523747096,0.03847415963779836,0.014959453404917862,0.004481025736510671,0.0070137852687737244,0.005979956731389615,0.008108171206767208,0.009856883026117933,0.013110528123033257,0.01514010457000883,0.02423885211534232,0.021979067595909466,0.03213171776916835,0.05242422249951265,,,,,
0.02297072285600343,0.05733413534834414,0.04509861217990682,0.01539006499881579,0.004816848731719173,0.00639153830514981,0.005789704199741971,0.007923107717715733,0.009864347336136356,0.013004770798215994,0.01505710410684958,0.01757334957026369,0.021867137485981604,0.03066364473799815,0.04996264594288287,,,,,
0.02225230703572248,0.051118861298924935,0.04543495991249563,0.015559614895811232,0.0052959879156292715,0.007133695556043675,0.006136874714392384,0.007864451909762456,0.00957861182303657,0.012954209210629099,0.014944880942260772,0.017203996246777875,0.02126674821417748,0.0307139362858301,0.04921966179688321,,,,,
0.029853507937466616,0.04246678694254989,0.0453682857931028,0.016337854831299712,0.0050656761479926,0.006713381248270711,0.006102329153803726,0.007967182456316961,0.01254475901206714,0.012922206660041468,0.014969853621744243,0.018667494049959196,0.021431079139865434,0.031057016415882363,0.04775593749707111,,,,,
0.02213899037422054,0.048208562810534934,0.045331185551935556,0.018221418919779003,0.005327729212204568,0.00664537167724386,0.0060250613975748515,0.00801615330888001,0.009784644333222025,0.01284065200087853,0.015039284876747286,0.017025819074771454,0.021175991062610835,0.030741382262876513,0.04593771909551539,,,,,
0.022084910997533413,0.04550119428726302,0.08137352547454159,0.03523186594702574,0.005081014709446489,0.006837754900786302,0.006291322396959707,0.007773344791111485,0.009850038516073786,0.01308656628933104,0.019129785081048012,0.01692751544508039,0.02109897083205769,0.02978456918129729,0.047777767673021145,,,,,
