0,1,2,3,4,5,6,7,8,9,10,11,12,13,14,15,16,17,18,19
0.0014339929952019693,0.11483574561793153,0.054964632945342866,0.02298917838401895,0.04585735389555579,0.06522906837261812,0.06372842426231974,0.21005191916956317,0.14628211938274782,0.13626571920034375,0.05108759401261696,0.056348428677535964,0.03357632297331664,0.021971173719259714,0.023438929966533458,,,,,
0.0012607255793693302,0.007100164058181159,0.014512901407332598,0.02200379322818997,0.046918429676762546,0.06643109295403489,0.20637995693837813,0.26153891909557986,0.16067783323392934,0.11578787869397018,0.07327304669227439,0.05500496787193378,0.048847768513977555,0.03125106738237266,0.02367330011304656,,,,,
0.001206313908516448,0.007030408043518708,0.011939373069190991,0.02287542975291353,0.04680561448111208,0.064404468901469,0.18582283200905142,0.29762442807253453,0.17743328753533255,0.11413936751958809,0.07083492587378759,0.0546940247731016,0.04941956590933108,0.031484543379675795,0.022326481525471547,,,,,
0.0012212731999205026,0.007599548938348545,0.010630812406719488,0.02495371365177023,0.04236707679461573,0.062422790751831866,0.18794945323195084,0.30337123467423716,0.23967101697170193,0.14256268074279446,0.07620885597246568,0.05824358204028651,0.05018215694309595,0.03279555811694446,0.023498062478540357,,,,,
0.0012668830058862996,0.007052740669421178,0.010795127619846384,0.024401610974593528,0.05714453377639484,0.058543161351615025,0.17119073127702047,0.2878050554130552,0.22154461953692703,0.14367718917835867,0.08520882984057211,0.08499997386404205,0.05276436101348164,0.03377168210842319,0.03360929452352768,,,,,
0.001130556369198353,0.0068944231295722,0.012114930582486529,0.030465394795043878,0.041533001624622076,0.05520001556247487,0.13019345875517843,0.2890556292223046,0.2627993728272821,0.14497040059458347,0.08077784705756855,0.06452227295765998,0.05659013965264826,0.03491451408157894,0.024200831875118196,,,,,
0.0008052837007091222,0.0090715128463707,0.010515013314504305,0.026712560379438328,0.0387857519087895,0.05313835215677145,0.13174427561232668,0.24556254674143305,0.2837153610203838,0.17434617895891563,0.08495731211290841,0.06692249620138684,0.05649371366612134,0.035187820186465525,0.025037395658405338,,,,,
0.0015802859110158529,0.007101625241585424,0.01032180845346401,0.0203451703752052,0.04460934458462478,0.053291111436273256,0.12126976576015239,0.18433407231777013,0.28048772294886326,0.19127820698835765,0.10092521381636269,0.096190131861168,0.05651047027550293,0.035077625579873734,0.02493274601420467,,,,,
0.0010006277823651484,0.007163812129527617,0.012414199830506017,0.022268664385563006,0.036697300426175014,0.0533271732509282,0.10748578607157487,0.18117970588108273,0.30522806535386704,0.21309526020359387,0.10034691538430601,0.07358960749686831,0.06363115166263353,0.037882063717426674,0.025454239487952404,,,,,
0.0018467176257736919,0.012853700203374776,0.010212159458522248,0.017957989026273696,0.03589053783564215,0.045925181893521946,0.08328181584469613,0.18285615133620275,0.2674391616690325,0.29606457699361016,0.11483823028784569,0.07718508795933182,0.0814848268851889,0.0405490210475351,0.025865231097197024,,,,,
0.0012709713844226526,0.007226540731673489,0.01022028434814673,0.017702674511311352,0.03440108443419884,0.04331386650628193,0.09905990835118123,0.15048439744695657,0.2666092384277488,0.28792658416563494,0.11952028173400836,0.08889805396359865,0.06636229576291812,0.038785559633037175,0.02720871184524774,,,,,
0.0016667621896002554,0.007403181145525756,0.01167353096057091,0.01874556204295947,0.03313210585384724,0.03849878533472322,0.09219384974806667,0.1963134010421376,0.26468301422553053,0.28798343428113904,0.11762496223597527,0.08539626818091041,0.07566271411695562,0.040305161178315174,0.026778849503269406,,,,,
0.0007287706263537011,0.008122235278877708,0.011273856768812335,0.01748938270984191,0.032158266293392676,0.04182234522947162,0.12168660093773227,0.13932015695645855,0.24122150734635875,0.32529911189842203,0.1432551856507811,0.09584681327983353,0.07539834349635348,0.04195837972094477,0.027809922004609314,,,,,
0.0013692191188677076,0.0075057884150028535,0.011202738000662111,0.016836708615712393,0.030137101008703236,0.04208973784795564,0.07896447888636769,0.11063576743804618,0.17696892877009382,0.2590989063069337,0.17259253882069653,0.1297941470044338,0.07564923978893322,0.04180869804785991,0.02794898315228882,,,,,
0.0011777532223795032,0.007950519933956903,0.0116947600956137,0.016509906714220507,0.030688927598991743,0.06668544552468737,0.07228478323765392,0.1087266456082391,0.17916068612971917,0.3171930168595018,0.184878958744721,0.1085991399034689,0.08851932503314536,0.04402976543807449,0.0276260316983678,,,,,
0.0014573187782726377,0.0083617380585026,0.010863393526925301,0.016195514554313502,0.03008222388320278,0.03853347721016215,0.08336681377617254,0.10349186747536716,0.1626218066370071,0.26462996081693485,0.2076568826195831,0.11647619661154007,0.08827274048494178,0.047818468972238716,0.029474747556175063,,,,,
0.0010634624236739902,0.017586260330318293,0.009502723005052867,0.015480120875173167,0.029655921221138644,0.03657172676047025,0.06798357433147599,0.09758463304852814,0.12391821919841038,0.1996950486810029,0.23155119744529218,0.17167847729297273,0.09341594640201716,0.048322900255993895,0.030408721719868224,,,,,
0.001342434739399311,0.008254688224012787,0.008890091342768308,0.014783833229706035,0.037675023876541334,0.03463262032545874,0.062408478893348815,0.07606542486772176,0.13608194737319732,0.2377689769571789,0.24449213649715834,0.1463718597172662,0.11323564842632063,0.04983015245216583,0.030728722804990536,,,,,
0.0015540097705772382,0.008838185806699896,0.012647415714021932,0.01760424581401398,0.027892637475970313,0.034736871765772906,0.05912017039163846,0.08155573644280494,0.1252621087277313,0.19103250150680268,0.25373396336487614,0.1608503324443085,0.11343671946769955,0.050091462008575886,0.032338843900462995,,,,,
0.0010956002388188362,0.01424353157389508,0.008840936855992548,0.014658287024191564,0.026235643678571525,0.03368470051457318,0.05718863249647484,0.07704189188872165,0.10742013701603238,0.17858763213462864,0.2902635509287944,0.22276889499112493,0.11269145977304652,0.049834576962751,0.03197350513849471,,,,,
0.0017065555769670653,0.008926489003039826,0.008641861053253064,0.01449474870447882,0.04101747924106148,0.03205134340041305,0.05367429415207768,0.07450365380663083,0.10665943856414095,0.1569641422802842,0.29145603065017384,0.19242923401506382,0.13157007672995039,0.05504924914664832,0.031141019360807855,,,,,
0.0013711122675337032,0.008791986986138813,0.01704880879205105,0.017075128947519422,0.025718698944549263,0.031998239428562364,0.05055360448110679,0.07296938628807968,0.09590726369136356,0.14069986091822495,0.2924812750173526,0.2123634899060256,0.15676327517040775,0.06267578448955553,0.034888250678344,,,,,
0.0013845260253903622,0.011773980258404716,0.008103050946582015,0.013691599157926435,0.025152440510747165,0.031185124680593333,0.049597232886371925,0.06371708242645702,0.08461784945033063,0.12304781324343561,0.2566078924241324,0.24953063958612667,0.14563940553005383,0.06271022406230606,0.03794138402225069,,,,,
0.0012524685894824072,0.008970838739597958,0.007736760797174834,0.013875648071594963,0.025410178170877467,0.028721197035692078,0.04763373234056921,0.06107695449704256,0.13492618882342755,0.14088920148022097,0.24422471563016218,0.2318520313079178,0.1714093146765537,0.062215089891833775,0.04827523659285862,,,,,
0.0010979652717680445,0.00925144458933043,0.010434531720387323,0.013487095671880344,0.024393530724303118,0.029070841977051277,0.04533700033393057,0.061005223316409375,0.07568724374734695,0.11100479900630304,0.20803955414349956,0.28321894727271063,0.21146278335479732,0.06819650463401751,0.03881115736382513,,,,,
0.0011777532223790923,0.010357964535078217,0.00778967869184871,0.013577665889705272,0.023498986968134915,0.028659502731310193,0.044829182388450836,0.05611619916188745,0.06872845643845238,0.10609132479051699,0.18770349470988393,0.27534180760048566,0.16273351868615,0.05759493515236782,0.03993671346148913,,,,,
0.0013654249470602018,0.00952399061203148,0.007966816174338177,0.01314966886955985,0.023278953687523665,0.027854657279578678,0.043446649025986335,0.05507464103648721,0.06877143549038116,0.1104032969806356,0.17714740596042897,0.2479188244745917,0.24990152030493878,0.07581144514583486,0.04515609233827324,,,,,
0.001359713838249535,0.010124309030292645,0.00874090851944403,0.013121825477619318,0.021910524985407492,0.027326006388309856,0.042453186536105046,0.05405856947147009,0.06855076536093832,0.08527544134601485,0.15347519221448258,0.2519904533840931,0.27497583305750894,0.08426092457489731,0.04243204036267888,,,,,
0.0011169955494626702,0.011826736500635702,0.00781598254387087,0.020290512741151352,0.02170796029305516,0.026189368619167992,0.04216454998670197,0.05062187181540605,0.060030381056832255,0.08037475258137289,0.12848079743831953,0.20808499038785355,0.12129043984412105,0.14624427362860878,0.043674626653707416,,,,,
0.001475230507559541,0.010698459913361727,0.008068082701585337,0.013862368907312192,0.021456481598530322,0.025787832192262057,0.03888026961767932,0.0448494875179177,0.05587937813877986,0.08231456603599586,0.12808998323869306,0.16212723768678572,0.27395258547391615,0.09680172978478599,0.05271045346418429,,,,,
0.0011669669494539512,0.010630324393801072,0.00972424666629077,0.01385705835828974,0.030612423238273737,0.03538061387892306,0.036293699530411075,0.06936945824924784,0.05529200099430546,0.06862545770062842,0.12827407267400784,0.18702962987147229,0.24364197523974487,0.09647290668211299,0.04874788058280119,,,,,
0.0011026801201738708,0.011288457610219267,0.0074422766892288175,0.023910973662903044,0.020546873195248855,0.02474703765485235,0.035669214095447266,0.04409199254920664,0.05528437706589504,0.06563023131576091,0.10219689165414036,0.13938698121696175,0.15880361800062923,0.15971439740224913,0.048889906902675355,,,,,
0.0014802770459352585,0.011738235755957636,0.01167622489616208,0.012619363438528536,0.020554446462606978,0.024113964605351267,0.0357241131229247,0.04283700571661261,0.051262484393458874,0.05970110716267417,0.08897364929819865,0.13820982597094977,0.1987053987938486,0.12146555900547108,0.05260429713913104,,,,,
0.001800669095958135,0.011723890846821898,0.008151126011690123,0.012086635023730967,0.02138204895204236,0.030563078600827933,0.034586152152093784,0.03927357958190517,0.0781340345144193,0.05975167616708276,0.0850841394942415,0.13832813596894397,0.17750071112783422,0.13192634051501922,0.05501390359772545,,,,,
0.0012924740679428333,0.012235940686894242,0.007992212528758126,0.016547727720056818,0.019665351137386836,0.023537149068183567,0.04785895273479225,0.04051538277965562,0.04765550963505269,0.05732879651001387,0.08320563977923519,0.11682776619437325,0.17145145285114557,0.20685946131733488,0.05768138715479624,,,,,
0.00133686796178892,0.01378508338981439,0.008977522867251172,0.011317001133125065,0.018843019137411293,0.02221793637398442,0.03243903252348165,0.03919675708530425,0.045884574857601175,0.05559243818153927,0.07794736915030935,0.09371407197577031,0.14724113368084352,0.176198605850466,0.0661732099740617,,,,,
0.0012831583644568687,0.012136990588088018,0.008892425255262822,0.01158878510880152,0.018550492676985043,0.022260174047049233,0.031097915001874456,0.038342422989985976,0.06919659503270913,0.06010526631149523,0.11132184033638401,0.0929604764164901,0.13455442678756172,0.175764534449706,0.06712849952472318,,,,,
0.0013123900957396687,0.013434946463675412,0.009784080975564206,0.011919150926025999,0.018743209511083974,0.021961904015982633,0.030906731782148904,0.05080529060129426,0.04186115332311032,0.04922476694535488,0.06659214185689263,0.09340214493465429,0.11521957709794176,0.21244520183078908,0.07086651673164857,,,,,
0.0011878958207071674,0.016378666752649845,0.010747777370070965,0.011032680594961446,0.01825809205484435,0.02134648974514618,0.03098041629389322,0.03510867008731033,0.04061992595058821,0.046027187327350214,0.060283948758576955,0.08260344121142364,0.10397499328649397,0.23530783829878033,0.07130439993566517,,,,,
0.001242070164722971,0.013776024773361307,0.00735744666847511,0.01098434715462191,0.01797560258078343,0.021231041710260773,0.02928550113847232,0.03442188922979921,0.04754979663932425,0.052607126234626385,0.05901361593875402,0.0794378636278684,0.09634977688931012,0.2506778120600569,0.07535863200496604,,,,,
0.0004344055881785472,0.014634112078148126,0.015919605391967885,0.01079933182128315,0.02014193068069144,0.020569852603762522,0.027969718353504928,0.040745572770759214,0.038369676910168744,0.042831706964328,0.05763272603956755,0.0723523945273487,0.0911969871804766,0.2433263011480589,0.08656509501073534,,,,,
0.001370402643264209,0.014577080862517225,0.006961443548754433,0.014537188706878099,0.017288749028998105,0.019814823241407806,0.028019649355063632,0.03243615372219671,0.03627370909806094,0.04132820769399095,0.05519254342027313,0.06626219569803461,0.08996952995933101,0.23396070627521015,0.09173767036083219,,,,,
0.0012668830058861764,0.025145942591201637,0.007073856981581955,0.010682415346033558,0.01710647013769434,0.019601257034716067,0.027963179379630755,0.03132894114959665,0.03976011106975819,0.04255888169848165,0.05053355736821295,0.06501838856629835,0.07441854508791693,0.21375295434440525,0.09502226192592457,,,,,
0.0013143651007630514,0.016156246957666508,0.014683990018448887,0.010945313443947667,0.02905558001657247,0.01971876543907428,0.027624118535430734,0.05188542308943862,0.035226757879327324,0.03868293226613394,0.0485220417854765,0.0653532054399772,0.06889255478237445,0.20690340781933264,0.11998667419713559,,,,,
0.0009092933213491288,0.017312869176251414,0.006890283295175956,0.012145002473730718,0.016726190268362123,0.01929825047619888,0.02719116464977668,0.029560208595420568,0.034311313746340985,0.03657137212313681,0.04525020889970895,0.05871531047106908,0.07179985975260324,0.1923151197623883,0.13056978293949442,,,,,
0.0017366891004026775,0.033318461061414215,0.00702491764503866,0.010970671598492299,0.01611732628061139,0.01886324428233586,0.026006686673151546,0.029201268130055653,0.03300582737503859,0.03662979656911436,0.045535293609778926,0.05141467468588155,0.06289938970287226,0.15346449966909964,0.10559076903680721,,,,,
0.001242070164722971,0.01794671884218571,0.008250759328194706,0.011253821710157437,0.022165000496663017,0.01835232543479625,0.026957213177434932,0.02998289780597867,0.031978777984742204,0.03671055136233835,0.045443722536208674,0.05106237844181309,0.060054406545469584,0.12085126212757331,0.16343227250039427,,,,,
0.0013805390699747019,0.018387485545533877,0.007463550759399181,0.017946520105587012,0.015540097705773736,0.018413705918774063,0.026429639244540396,0.028195269771576686,0.03103027803854648,0.03374344344945881,0.04224769573030651,0.048898693595927946,0.051547492257800615,0.13316179651120857,0.20380814279039855,,,,,
0.000978345130214419,0.03474408635340716,0.00901759550193793,0.01139457940437925,0.015729975728508608,0.01778526982544912,0.02685027677584588,0.0269433413431544,0.029662557070327444,0.03338651255179803,0.037354914030696164,0.04764871210452401,0.05383052000364088,0.10332257160034189,0.16185778503004242,,,,,
0.001313131070727838,0.020746505711426954,0.00980979668112497,0.011184576013361293,0.01831129080646841,0.017802708217672932,0.02893844990388773,0.026285069374627785,0.02969263481828744,0.03199241237341115,0.03818729688945325,0.04739216019646501,0.04939966900427575,0.10322524335214865,0.22975245549235981,,,,,
0.0009092933213493416,0.021479559651852557,0.009560145493367993,0.012357235166123626,0.015365754166582085,0.017691040073605214,0.03517439198388724,0.026315348058208655,0.028958387049567793,0.031338099176275454,0.036678696872962005,0.04232651873024349,0.07329909265572274,0.10043719649602044,0.2306662931407779,,,,,
0.0011669669494539512,0.036728520823312384,0.00795463788528098,0.0119257051330517,0.015685553975003354,0.016610623416662185,0.038466363411870125,0.026309198980341276,0.02784297945404979,0.0312798561077514,0.03435626616138194,0.03940328112465861,0.045363111169247294,0.08087677130917442,0.14295829147395225,,,,,
0.0014049835290075516,0.02387820298656821,0.007645149874094294,0.013375856808072403,0.015643638572260674,0.0168155114994434,0.04690413609577543,0.026488032138262233,0.02740289444173379,0.03575839581535635,0.058420410415658784,0.06501038408136928,0.04368970221865763,0.06616125318179063,0.19734364586815648,,,,,
0.0013222356208104332,0.026235445937120086,0.007735922569152899,0.013113421370487826,0.015221779164792632,0.01670850159220225,0.04583525988841314,0.026288424431469885,0.026983361360154626,0.028805257996305043,0.033449084886565714,0.038065744348478696,0.04368691908644383,0.06603285099447789,0.13588554834417652,,,,,
0.0016303763542615717,0.03670274272287481,0.00762752886814159,0.013287791111105961,0.01503141356402853,0.016370429320866572,0.038885072856849376,0.026626666292182168,0.026566991535270788,0.027183257559612883,0.03232841480348736,0.035511422510817806,0.03908489052377555,0.06595797069919898,0.17470190677889003,,,,,
0.0014448055365835159,0.029395436282901657,0.008225096919368615,0.015120882189262384,0.014775386947754978,0.01526243131795625,0.03259622903413013,0.028604647363316058,0.026241315751937784,0.02770057710396836,0.05438893506883789,0.056625841214117116,0.03743160995874156,0.05917349895402969,0.15666422174232586,,,,,
0.0013520615012238035,0.030772491828548566,0.007513948549084684,0.021571670062392072,0.01492820928062982,0.015520451517106248,0.02436351201464469,0.030680558657885697,0.026418951586221266,0.027393426918038272,0.031143726368375556,0.033310373145509393,0.03743378411334952,0.06548208865430079,0.11242801917757049,,,,,
0.001083697656062153,0.043694904345059044,0.00794746066881422,0.022036702869038142,0.013720673149703948,0.015963396168564414,0.023615155626135375,0.033703321217859725,0.025705281378037095,0.02634608422695636,0.029651022640217295,0.03223850483950738,0.035240009712489785,0.05243713507389069,0.09212824236922333,,,,,
0.001171404102150935,0.03545936727730994,0.00819567571120467,0.026262757221296444,0.013798718909034327,0.015560344230456548,0.022179039419734828,0.0493980411983716,0.026167073993114562,0.02796461715749735,0.052799621958066555,0.038200294101200086,0.03376099453727628,0.04735355068034183,0.09094477454668644,,,,,
0.0012223347152878717,0.03931647886389706,0.010727968787728198,0.032604056533696336,0.01728137695975357,0.017765569576523973,0.02058521571257336,0.0549111081022933,0.02631751652850751,0.025952133584713936,0.028299552911590694,0.030215849824290722,0.03127699501445382,0.04881732478910565,0.07593359875559215,,,,,
0.0008275245141932027,0.0652629852926475,0.008343104462756726,0.0372014574601828,0.0136188450005049,0.015537677201297291,0.020984695109930878,0.05874375423946487,0.027339541746558723,0.02548326600932673,0.02731005429402944,0.028662851348569763,0.0319231360532802,0.04479372760340127,0.0636408530060198,,,,,
0.0018495247223979743,0.049009297420098664,0.008811842422300521,0.055790157072803354,0.013399954655874458,0.01572708965327222,0.0193146418480025,0.06168723347998482,0.027945827455754788,0.02522802308947524,0.027406822503807913,0.028268497620055417,0.029920987503901784,0.04109942699515834,0.06981289993106965,,,,,
0.0012063139085164477,0.053975031371492295,0.014178482640064811,0.03511416469166809,0.013670482441491072,0.01680131376871116,0.018502889178660963,0.03900646619179338,0.029175051726847843,0.02519870255412026,0.027201238982166042,0.02733251985572053,0.02856708033611635,0.03907991271935422,0.06080652379260008,,,,,
0.000728770626353701,0.07463572915425036,0.009048035214107469,0.026788679474205476,0.01322274855706915,0.015385260700052042,0.01847375921743725,0.03528484493350551,0.03499515032366579,0.02601546238162754,0.025192589814024245,0.02672245113614428,0.02794230007905355,0.037695974286056304,0.056766338146263855,,,,,
0.0012315839478290102,0.06802344913704224,0.010095187558009559,0.027619833978292232,0.013253976525847843,0.014343637685413366,0.017998387960767335,0.027524910237583477,0.06312353321387026,0.027220626041962268,0.02450582962086817,0.024946371134409947,0.02749399417553411,0.034592385883463875,0.05990649909602336,,,,,
0.0012691843393104255,0.07689569262048358,0.011790629441962536,0.022961447166050777,0.020398886827508407,0.018373461340354672,0.01731975982600831,0.028437394148722057,0.05857317229420478,0.027233547049755794,0.024309152839746044,0.025444722281380512,0.026522627192592584,0.03478437836264844,0.046944234182704256,,,,,
0.0016891773411818632,0.1306409938339643,0.010390188356596972,0.01766631668932251,0.013443752539857402,0.013757371149317486,0.017180666891153083,0.023133994158167134,0.07204643796287981,0.028568975749879075,0.024108800715964707,0.02484634967666398,0.04061960665685627,0.03456631860061298,0.046975387950036834,,,,,
0.0011097148334388305,0.10360366802920315,0.011067158952090062,0.017525682068753514,0.013130693387828641,0.01341349822414433,0.017029113380470976,0.02349806247854032,0.07204377365109785,0.04002106062096328,0.027023286114129897,0.023687868686706925,0.024904288667371276,0.032078847927758704,0.054576613866978145,,,,,
0.0013474973648055057,0.1584197601716447,0.012341508024935343,0.014357984817443546,0.016990226589840878,0.013496396264707203,0.016504878320108163,0.021746000098673827,0.05697218562454652,0.031526368360768615,0.023449261265752336,0.023789612525945268,0.024145676758527537,0.029023959577088226,0.04260768160237222,,,,,
0.0011097148334388138,0.17169274735528703,0.01155788323309992,0.012581485139966913,0.013663721047324738,0.01291681080489746,0.01823705357195166,0.020231316639748004,0.05049856973998481,0.05079604858037313,0.023549778005406228,0.023126143990740814,0.024003331051644466,0.04321677856463369,0.03601708210406955,,,,,
0.00136756046396567,0.17572678689347154,0.012178168848155192,0.01275616152593884,0.014102814609401463,0.013096077056549735,0.01626991968412476,0.018828128781757245,0.03356991022430096,0.06372152475878962,0.02532704935039422,0.02322341020656998,0.023863845720342912,0.027845401579095153,0.04306678763793615,,,,,
0.001319289678151246,0.17298345641475826,0.012929857382260712,0.01200523790338483,0.014322712604450363,0.013125753787018905,0.01570470458707044,0.02034566441611392,0.02837181449620123,0.034948746681013214,0.02501719804792521,0.022562261619692985,0.023011621104549254,0.02711512313567619,0.034327110461471036,,,,,
0.0014065980554703104,0.17663442094526427,0.013170857442106497,0.010618269463108562,0.01399656277527116,0.012753009257734208,0.028075243527753757,0.019442623981867125,0.027155570582969572,0.06722240929253503,0.02634279805645113,0.02237603609373155,0.02354344372555015,0.03359732966902762,0.033041723476732746,,,,,
0.0012294759720469636,0.10382553701624134,0.01435527464722656,0.011558304030330386,0.015687207592488647,0.012994070370956144,0.015608716566236714,0.017914458562857928,0.02288020595973951,0.05266149051149056,0.028019371627796923,0.022563166970780184,0.021880374679440897,0.02506141982506233,0.03531475242512815,,,,,
0.0013417099478017962,0.11341728393667667,0.015559364830348464,0.010034591047617877,0.017953384277035845,0.012789669773017289,0.015128428331745167,0.016498276227042506,0.021009649580799296,0.04754570507772407,0.027763900113833197,0.02224980066283337,0.021689745058980598,0.023426199749095485,0.030100153945430426,,,,,
0.0012103389911341782,0.0659566974761486,0.01896567066678313,0.009033402495492383,0.017476697227843053,0.014630367147992977,0.015445060073557058,0.01827479539949271,0.020445263491873308,0.034871769056001214,0.034705989837943145,0.023554775375947364,0.022393490390815056,0.023394898284224707,0.028888075436427088,,,,,
0.0012607255793693297,0.10133739171979254,0.01713192575757157,0.014636327561914679,0.021768235004123657,0.012503309931662052,0.015576276871475187,0.016267926676254905,0.020303037138820153,0.03012127056457218,0.053229947032479685,0.029146141948529172,0.021287214254441533,0.02330875553096677,0.026847185170681076,,,,,
0.0013074395307708503,0.06077936546409265,0.017602753865554658,0.008864560636464895,0.021552075942817377,0.012824481097921395,0.015104168657336377,0.016006398680915895,0.017456110094596005,0.024701334244996986,0.06254629224027852,0.043695638974912354,0.02160111047340883,0.022163230376337235,0.026527700110644366,,,,,
0.000796783358270223,0.05726768115987762,0.023661148214985495,0.00857069310327727,0.033989879351846906,0.015486152042373075,0.015587825653287583,0.027794060995146423,0.018105009179240673,0.021887960590564314,0.06404801018625365,0.03215713701545633,0.024447012620021927,0.024942107584016434,0.024703657518037683,,,,,
0.0014157886011682554,0.040867453595005744,0.020465933146810042,0.008500378837867447,0.030519083616994746,0.013140172216192623,0.015600467478738372,0.015540181164721042,0.01806728954746437,0.02124513310948854,0.04956034778343631,0.032851814809426776,0.024245807110210297,0.020094757157132152,0.02275122422184604,,,,,
0.0014031360810960087,0.04468217318067184,0.027135360370108958,0.008321312531496346,0.051457565464031206,0.014709074978135997,0.013897992895606332,0.01554616817482799,0.01661952219555602,0.020308418339199386,0.04031890714134231,0.04751104906858708,0.026630964532368417,0.01906892419240285,0.022992379784389668,,,,,
0.0012984809511241303,0.0376772528310407,0.027314138157652428,0.007918195380633833,0.047070716315725354,0.014393891451064773,0.01279714636335878,0.015798241916171452,0.016777675720558036,0.018648464990233492,0.031314862577606115,0.056769268250693346,0.030090856214336527,0.018761744996332194,0.022201600067134664,,,,,
0.0012668830058866186,0.027544940573443432,0.026953063203638744,0.0077877220980095765,0.03609679135752769,0.014797161954971206,0.01329776754513266,0.015834916534392635,0.016022596050681986,0.01799968499387354,0.023721913797478886,0.039740330444283344,0.02835434671364216,0.018854716594611416,0.021102489723088792,,,,,
0.0012924740679428337,0.03446388451162588,0.03904982498664136,0.0077330719142460844,0.027672903882827678,0.017213850320621164,0.012403355895430304,0.01579391078782976,0.015298928017928936,0.016951920053129257,0.020762019210568833,0.03601881952932577,0.045131277075994666,0.017758997970505144,0.035789402449016086,,,,,
0.0018938725008432113,0.03270637717325974,0.05345667061893597,0.00726292686740962,0.0204961866785828,0.029091635771880005,0.012322577384854655,0.01496432940654537,0.02375621039037605,0.016853801021820162,0.0194531608696964,0.03186201410241372,0.04360130496392452,0.017306219346272092,0.01889752244620914,,,,,
0.0011944287525762177,0.026241315751937812,0.05525309035627471,0.007936805234001046,0.022603368175992244,0.031089989888490616,0.015711805240634768,0.014633934824957043,0.014902231260087334,0.01523591654225514,0.01882807711841336,0.023415498248452054,0.051159154435772417,0.017071330709897515,0.018965670666783084,,,,,
0.0013074395307708477,0.03369970373672312,0.06127997849564015,0.007727157646357137,0.01736270840663805,0.03726446300786127,0.011671447594429318,0.014083465719802847,0.015145842978307726,0.015368560413791999,0.016663166485608408,0.018324601751244205,0.026593681909394696,0.016406832806259753,0.021275513076361528,,,,,
0.0012103389911345085,0.02503430035363681,0.06101106418860132,0.0073461561465005395,0.014377325097306617,0.03638203671877339,0.011222777580690393,0.0132649317228333,0.014737703793421887,0.015545500747843395,0.01678662115124683,0.01856810297936255,0.022684771811769738,0.01626784695086142,0.017027056894436052,,,,,
0.001619401295358989,0.026435036648462307,0.046727075070953195,0.007499565210465809,0.013911867352023835,0.03660008661364209,0.011325621734835556,0.020825249951817296,0.01586429328937951,0.014364125976823157,0.01555617614333859,0.016383892205448482,0.03787521572242559,0.01603101221533426,0.016880252364613997,,,,,
0.001394792284135114,0.026664498642793275,0.06200475327334834,0.011028888745166285,0.013036918867884358,0.022217016954636022,0.011267614028032346,0.012218332642072973,0.014858542675601579,0.014532883351370068,0.0140198018990315,0.01600275201337174,0.018086804577712005,0.016007046890393742,0.021525581279235755,,,,,
0.0012568618694577059,0.021407464152274406,0.056461678642510824,0.00710016405818111,0.011157873332634696,0.01531259185388571,0.01081001513970861,0.012196020982595025,0.014705525530779497,0.013820507757560429,0.01416924074577791,0.02621759362993821,0.014721502316999192,0.01890512184725314,0.015614428114751253,,,,,
0.0012294759720469638,0.02045323900063167,0.04322064226329221,0.007285525854289794,0.010779106619232494,0.01572946039676836,0.011013148921611378,0.023128597454282366,0.01419758785117079,0.014470457394674133,0.014171620423333099,0.014497343339359542,0.014790301792260836,0.018580950753000862,0.014859415524044663,,,,,
0.00119876426139534,0.024516570980868936,0.04268498150851716,0.0072268996673017175,0.010489851872439452,0.013074792096691474,0.010632306806942335,0.011619548993068074,0.012217483420635769,0.014746567440716838,0.01316002103916621,0.012830547574917318,0.014349852771231993,0.020015325976134802,0.013795781358832577,,,,,
0.0011204734890140132,0.01797966063517221,0.03769897608074648,0.006958834765931095,0.010015961858647598,0.01169742142313709,0.010419014338520452,0.011070703391081427,0.011758548434890805,0.026414422445259923,0.021889145651696532,0.013525386434223066,0.013222822121203586,0.01859802663202362,0.013727170290581675,,,,,
0.001317075896950808,0.016708889702592336,0.02891821870587978,0.007244465727849541,0.015066576123774843,0.011887989551391615,0.010433040069678413,0.012001158959002067,0.022627454615761756,0.012959814667062234,0.012567483546392024,0.012538942150642118,0.012847846556200679,0.01791722755678633,0.013313728902478273,,,,,
0.0007639591970549196,0.02034821411395371,0.03004003963526449,0.010689363870980276,0.010192486965808385,0.011111281040695352,0.010461593013831729,0.011141937410502387,0.011559790724533076,0.012344213784560054,0.012018410720811558,0.012194106655082103,0.012594389930773171,0.014470479801752152,0.014894135130485221,,,,,
0.0013501416401187035,0.015059106643340297,0.023931969410729156,0.0074711494604169796,0.009417998588111686,0.009765505143450917,0.010768663626967795,0.011080744688149367,0.01202272653553671,0.012380932458139145,0.012345264405125919,0.011885807377999456,0.012223347152881094,0.013634644516401097,0.01263356418634227,,,,,
0.001247540144727266,0.014333235517657639,0.01851494162731243,0.0077606540164188225,0.017501521738855094,0.010171437659094302,0.009925068524444438,0.01356846879734757,0.011632127239311424,0.011470700286276428,0.011776403420701262,0.011859152530952842,0.01194493901458876,0.012522096812443326,0.012324156048835563,,,,,
0.0011878958207071674,0.017561832548210435,0.021852378872822695,0.008995383001414595,0.009604708867833356,0.010120208874599433,0.010168632044234963,0.010734646188710997,0.010986472277561705,0.011326165672261438,0.011635611042887243,0.011630036456246958,0.012135494450263446,0.011647726556764649,0.011483582749995563,,,,,
0.0010716628836576344,0.013600381087412261,0.018151512613576375,0.007854344389603802,0.008275401868577193,0.009411833995378246,0.009165246502331009,0.009921539657550417,0.010336028832336884,0.011220321549285617,0.011017976229377368,0.010729449655996441,0.011021830669720251,0.011278457498163313,0.024448763274370577,,,,,
0.0012146177105895023,0.012775972476096426,0.01826414678516743,0.008013928335737955,0.01422549099610813,0.00866909503699288,0.009306898928609546,0.01107796448221789,0.01046035320213937,0.010467325232703883,0.011605476463964877,0.010511065565814853,0.010119568075206978,0.019185096191985117,0.010907239989442905,,,,,
0.0011900774493969458,0.012345054288165767,0.01907042045308408,0.011237415935962754,0.008021329038682535,0.008530079496780396,0.01346965479622432,0.009592818502850908,0.010505295484898765,0.009384233249746882,0.010394837078065213,0.010220284348146749,0.010114921065542057,0.010047507662519255,0.010584013734492302,,,,,
0.0013786588660787626,0.011602346917314346,0.014842997385082695,0.009245379366546777,0.007853064551721472,0.008737940443731473,0.008872165434661187,0.0095027230050528,0.009579153415925289,0.009695428479450059,0.0154035427432943,0.009462511816031423,0.009583349723026057,0.0100518955306169,0.014714342454620862,,,,,
0.0010594914169847946,0.01149035719276232,0.012097360825086192,0.010649857913418498,0.008197455827631442,0.010521086252208534,0.00854951922173238,0.009301601928048922,0.009191670569803106,0.009938518990897604,0.00993274274543516,0.011014297070684817,0.009244151814364441,0.011924617547198329,0.009647923851005252,,,,,
0.0012103389911342223,0.011013737730959577,0.025858147409908966,0.01064681292181562,0.007644513677781161,0.008309497713444126,0.01370270139365406,0.009196149469059835,0.013161671703643253,0.00930550527342865,0.009194739027495263,0.00915037600737084,0.010485121581765714,0.009090222758838688,0.009070940944160624,,,,,
0.0015852025500491182,0.016478454077080734,0.01114193741050235,0.013234023615259381,0.007327639199522716,0.007684069227232425,0.008356152342690262,0.008513033322951802,0.009046852565121982,0.008925617197553557,0.009472649074718583,0.009483869597154864,0.008609043954970298,0.008872896321763793,0.0205720592940503,,,,,
0.0012146177105895018,0.009976259328195205,0.011031945842165476,0.012849259749675778,0.0071166306351272465,0.009390415961754304,0.008123233221532572,0.009013243718778373,0.008564032196749742,0.013308857235726855,0.008574513218618613,0.010980125204674432,0.00854280385103943,0.00857825603711441,0.008719999224205332,,,,,
0.001239980015720453,0.009730279977454818,0.01450145801488867,0.012132929213337728,0.007091802131801052,0.007565553582167274,0.009006046078405964,0.008620824359311599,0.016161865321550097,0.00847727013105602,0.007836159376984668,0.009106615806713125,0.00872070568389256,0.008205165202754883,0.008364839622258266,,,,,
0.0010716628836576344,0.010835899391804312,0.009481134108783956,0.012899101583958556,0.007119864732379035,0.00749718692876894,0.008067761190374332,0.0084121894984849,0.008311955642661196,0.008309809871738526,0.007697560267855067,0.008035262645435904,0.008732186926149218,0.007736425516864469,0.012355896907028322,,,,,
0.0013170758969508274,0.008607537310117576,0.008488622266361394,0.011289032060123194,0.006840457261618423,0.0071482707668719565,0.007778390292597428,0.008579352109081997,0.008325402863519226,0.009646478627755082,0.009924415125242645,0.008162375611228685,0.008463489552955625,0.0072584611659412745,0.008051870608663105,,,,,
0.0013094220027673933,0.008640810434921622,0.01186267899378498,0.01018943257947498,0.00675531756959488,0.00739261840962717,0.0070433557808069775,0.013152997241210348,0.008587662581640542,0.008037481712717127,0.0078115009497229035,0.007901429555079957,0.012520517209286802,0.01197191745259209,0.00732139742802803,,,,,
0.001130556369198364,0.011977251705374156,0.008064867012699576,0.009069511030860756,0.006701731392821054,0.007235195086615916,0.007328125922676755,0.008174482404382734,0.007438790477755688,0.00729766555245376,0.006778939224725465,0.0071049574415434445,0.007414690944134326,0.007522358457081363,0.007278757980181245,,,,,
0.0009964063904546608,0.0077843905945640226,0.0075354935948221125,0.006991420962036971,0.006825984807135651,0.007045150917243272,0.007185143537536201,0.007572407681763117,0.007357446668475121,0.011164467863919418,0.02179001569812802,0.008887756817391644,0.007484201179372197,0.0069646565980929975,0.007383358130444883,,,,,
0.0018141238466642291,0.008801717694281733,0.007326709910988077,0.006711400750160091,0.012333834101067876,0.011807776899356557,0.007022886494788007,0.012697564673865566,0.010591730932914423,0.007231250344137743,0.00659526859254413,0.006653953526461855,0.00973224582859157,0.019777528332470692,0.006912505753881947,,,,,
0.001018612262739893,0.01077047005571693,0.007080820703516469,0.00946936250421638,0.0069564580589378784,0.007023025000965978,0.007096509783407347,0.007532351860035822,0.010644955049223226,0.0069446557020913045,0.006512350746562967,0.006339736262362404,0.006635654967132379,0.006653417485179254,0.0061044541422561665,,,,,
0.00147852368192531,0.010586066078346097,0.006312674351296573,0.005359766503251193,0.006782143119671657,0.0066539535264618505,0.007070739411889618,0.007104957441543367,0.01174883805695169,0.0071609148430555785,0.011710275979821732,0.006230367114257562,0.006519267690609746,0.005791104105995306,0.012688649592660306,,,,,
0.0013597138382495351,0.01260393765814839,0.006021023891884935,0.005151046778014689,0.011458227810911556,0.014290983933081786,0.006553248147391311,0.0075449539244519205,0.011947653168974571,0.00682028230842477,0.006474601144183043,0.006413820539677864,0.007425047608788883,0.0070821027475481465,0.005817916985400937,,,,,
0.001745813461269687,0.01167219764907852,0.006660041873903081,0.004319804785907943,0.007365551041012788,0.006731468522849837,0.006843300699103149,0.015365859673868816,0.013999527677655743,0.008480367675037655,0.00645489013180511,0.006177318618317693,0.005869794593351137,0.005899768019875637,0.005797818950873755,,,,,
0.0013675604639660477,0.015735004480078675,0.005350381508302568,0.003942684130607787,0.007873681716504558,0.007094681940189598,0.006644200566252288,0.006779895769795669,0.01025196049522247,0.014871804443327011,0.009597279116048423,0.006354295649426596,0.005742073719762964,0.005703091713993108,0.020560771157752487,,,,,
0.0012831583644571651,0.008206429639211846,0.005078014556024419,0.004037596431203052,0.01708264696651291,0.01457087368826555,0.006456095583075106,0.00692969902897867,0.011233520012427858,0.013450190593587789,0.005901361593875426,0.005873604839874734,0.0064661322709582796,0.006244143020916338,0.0055385724599801055,,,,,
0.001309422002767399,0.0071438695549519435,0.005121692967597073,0.004367207271916753,0.008449878363637928,0.007241958899291247,0.007220660622524496,0.022646948716565057,0.012332046337394216,0.013392403012373872,0.006125398819764019,0.005579401597079143,0.005181423368070896,0.005331683587581726,0.005560774046221303,,,,,
0.00130122483862577,0.013553166313739113,0.005061065514687594,0.003573863216970363,0.009391141041075947,0.007101990490463298,0.006826364804341701,0.0063249895736505295,0.00748887864315397,0.023520626193479246,0.006805433449307906,0.005105778090833765,0.005175161826970087,0.005073862484506884,0.011326652330974523,,,,,
0.0012620108540221135,0.006065021336675028,0.005474685570837695,0.004098253240157351,0.01484432985236211,0.012209412871001045,0.005437901418877378,0.006723226760991508,0.004672311271262499,0.022330968590622384,0.00572057580183271,0.02260784331229135,0.006025061397574857,0.005381802006807099,0.0053033296921015756,,,,,
0.0013424347393993109,0.008772936711027978,0.008681242155243034,0.004074449050960311,0.012201336983118835,0.007015680405481033,0.005844551381390983,0.01453085292256489,0.011361380130103167,0.018413987655380704,0.006207687554848321,0.004018680344240766,0.006194458723201519,0.0047955979736731226,0.006174168478580491,,,,,
0.0015581771413488866,0.0100327813945072,0.005074181995245976,0.004680285036940377,0.013647978949283934,0.007443714275797653,0.010028934797433534,0.007988925714757292,0.002782485340730021,0.00963150951292404,0.010118542711769932,0.0074044073743244265,0.004312217146973511,0.004539400720826112,0.005180422030083394,,,,,
0.001317075896950867,0.002530564790012218,0.004443750720737561,0.001371348727355926,0.01201301377200542,0.01161762340392576,0.007549765538613141,0.003716539137796354,0.008103371057628535,0.02440223548779538,0.014674094282040103,0.017693001058120092,0.006428968693871662,0.004918101676356331,0.003122590739371402,,,,,
0.0012730106498892245,0.006173485736437301,0.0048964295211826585,0.0017896513070938956,0.016988451688224666,0.007774053860937453,0.007143506447359117,0.004579438194733582,0.024434542212106218,0.007602961437061464,0.008852408672623458,0.008616008760369151,0.00402730421819854,0.004125929803791946,0.004539400720826158,,,,,
0.0011666890670952953,0.014984748011275433,0.0054457068377106255,0.011649508005870203,0.01991307189448528,0.012183599090139843,0.0193967419740462,0.004156075342638865,0.009224594212370648,0.012426730411265694,0.014744632409178927,0.009697535138166062,0.007570694738614148,0.00493126966071663,0.007597031238442696,,,,,
0.0013405010909496597,0.007955616094940351,0.004213642635510425,0.002920860672642175,0.03386072892404601,0.01285175769366443,0.006274188515821229,0.007580410556338568,0.005771362158041952,0.019025839332918848,0.020320277494316592,0.007301041510305588,0.004344055881784844,0.004225706557305487,0.005983859390198992,,,,,
0.0011456558127911818,0.007083567656602507,0.007561566781669832,0.002364848277654625,0.03008382983519704,0.012004508657468065,0.006365053249445248,0.006632918050139415,0.005601441357380049,0.006294619952003372,0.018218269022183316,0.009019860475218328,0.006112257128523582,0.005436649126329329,0.005306263558416734,,,,,
0.0009990062810852612,0.005618318429659103,0.008531865849145242,0.003648832776226816,0.03359301548696483,0.014355839308214314,0.008595776417020928,0.007775722005466937,0.009310834877448937,0.011055433710866997,0.0260951061829051,0.00908993740080756,0.005248263150387552,0.004403363143663164,0.006248088242446168,,,,,
0.001266883005886206,0.004727159366604405,0.007777348101892281,0.003227068305215089,0.04398040546305699,0.017948688022272733,0.008093762218915349,0.007660614366254317,0.00689216534634259,0.018403419580864184,0.028250323227578998,0.012616896581059883,0.00719704709310675,0.003862928369600473,0.004357768025305778,,,,,
0.0010070876802015466,0.0052886359471849085,0.012377579846547426,0.0027824853407299823,0.047046842029031505,0.025704827277728787,0.007970925706679111,0.008048648442537686,0.0075316630855321205,0.010156635687062808,0.03657522861950083,0.011989914424814153,0.02490318198687622,0.004331423331116595,0.004413366119531101,,,,,
0.0013232161442089372,0.005699907026895556,0.014815359946000164,0.005971003517493325,0.04467837055739732,0.02081204273867678,0.016505978412215957,0.007523435970538322,0.00753170613578398,0.008816845263783856,0.03262871032407289,0.014797841222916375,0.007796876392525706,0.003836650786169219,0.004980990530412743,,,,,
0.0012095350461826491,0.014718947196594312,0.022130787264808206,0.002709872384563654,0.03240103776971586,0.02491808549581414,0.008893045097810554,0.008336572864647814,0.008407408662033211,0.010440775693085895,0.029292586183336283,0.0179501331546026,0.010801943607802202,0.0041485008756589285,0.0127023389480372,,,,,
0.0012722463083909388,0.004512463820676397,0.031387929884658855,0.002926184238430907,0.036994841890412605,0.033052859440594794,0.009695027159222833,0.009177231542888457,0.0072534116145240865,0.009718910233801264,0.01918663409102908,0.018643995994942663,0.023212573310941675,0.004397173467186217,0.0041790267283287105,,,,,
0.0014593198271979821,0.005375773865836462,0.03142813992595993,0.002668273244308763,0.02691893701554423,0.030281012230457274,0.013600738691351276,0.010853688880896103,0.02602519447085539,0.009524535310842323,0.019862465724270906,0.030473907945794954,0.014168050757115592,0.0041547488567220585,0.004572706901247345,,,,,
0.0012722463083909388,0.010556621261086616,0.030905231540157854,0.0029234127575961,0.024740695371811693,0.05033431552753605,0.010215492714467636,0.009104906607034708,0.008115845540131028,0.01032130583020297,0.015056867230080744,0.034173824701121396,0.021018537081515236,0.004437398173264868,0.014059317114069877,,,,,
0.0014187627099343182,0.005151990890604801,0.020329083585369816,0.002824239121448874,0.029807454078168382,0.04934550252583302,0.011113469417927641,0.009906757056942881,0.009032792284466181,0.00886675499762342,0.014673497673988919,0.03621251656478094,0.030284192259447475,0.0048560677075038215,0.004517849695464677,,,,,
0.001369219118867537,0.005169896271772171,0.017414546296855522,0.0028923028400046286,0.02014012764557001,0.04975412613985007,0.013403462785642077,0.014948460318097127,0.012761422045228316,0.009018422462873448,0.012527170910487889,0.030701022603186766,0.027366130301448712,0.006401068386750685,0.004483629890776184,,,,,
0.0012146177105895018,0.008269404958347416,0.01387015559302336,0.0026049402986251845,0.01918644819769449,0.06323262271458031,0.01321146387641069,0.010540637641715056,0.00926219795264123,0.010407150820747082,0.012024668146800522,0.019591743166032922,0.034452696421681694,0.004714521716883702,0.014271731120520964,,,,,
0.0015279183941100173,0.005631230940824569,0.012395380208284184,0.0027194276764994545,0.02238739379716773,0.0449067089284194,0.014333393868079965,0.011304301711854637,0.010154751993586007,0.009282933838190255,0.01300604229148517,0.020931118848489444,0.02361302734851263,0.005006961094267964,0.004795259900766968,,,,,
0.0012668830058861764,0.004737573737341435,0.00998668678058952,0.002452482222825001,0.017507023227313435,0.057386281645560415,0.01634261717503937,0.014279748711566335,0.011392160411722647,0.009377182060223383,0.011879940800845784,0.016068103973522204,0.02287062419430628,0.015661701821411543,0.004878384465763477,,,,,
0.001143389429141772,0.007139874355783162,0.0099756417852922,0.0022542190859557876,0.015725502086117553,0.04176391020108822,0.02020724626805847,0.012673922161125511,0.010593659354117858,0.010378604305176726,0.01045440005932865,0.012401473572778536,0.018834189630287632,0.004988275917587966,0.008675563158579282,,,,,
0.0012874469229960897,0.005462827631530542,0.00927479187776289,0.002095440414172745,0.015401332359618762,0.053386428550175356,0.019105345192317907,0.013076255151999215,0.011691876307194699,0.021584172121497786,0.02549089907408693,0.012450920442301588,0.01884245128193714,0.005376497599615657,0.004819002295403145,,,,,
0.0018169812988729382,0.0052482631503876715,0.008310278087194622,0.0023365719760810137,0.014235334145521162,0.04770604904622978,0.020484286905349373,0.0162182417989023,0.011711272726300098,0.0107819037428357,0.01082113737473382,0.01211300343953095,0.019484138267886916,0.006724914493438926,0.005047272585135024,,,,,
0.0013094220027673933,0.008140936304121396,0.008122235278877715,0.00800741167883383,0.014051773701307167,0.03484989308176761,0.04534295023670775,0.015874509204720756,0.011747209679749314,0.012549100510384414,0.011401406730924688,0.011939155808959719,0.013250673518712472,0.006116499468836481,0.007451550774883496,,,,,
0.0012212731999202435,0.005448861578323965,0.007407559602009978,0.002172027940892318,0.0125845000179716,0.031857047627254484,0.024931354480896263,0.015788880261863446,0.013602836445102904,0.018215723791870586,0.013506794763012015,0.013644842608011165,0.01220253276407656,0.006541957461041811,0.005286735026919653,,,,,
0.0008688111763568742,0.005926143978400108,0.007893875369904478,0.0023082302281544034,0.012825896865869055,0.03343046805862151,0.027557591860883923,0.02197894957751274,0.015518048842667153,0.011656213832198784,0.010895193850623236,0.011104275335385279,0.011826297837702685,0.02248723553602228,0.005605781071185805,,,,,
0.0012589239904004532,0.0068180475299162106,0.006694034288019626,0.005536874472220678,0.012740265135651642,0.02704967009874811,0.04998836436234125,0.018145241608627405,0.014870757891657909,0.013246855684753454,0.01169329056153616,0.011125628945363968,0.011859808696455965,0.007756307668687445,0.005772204811582682,,,,,
0.0018546017556557702,0.006544336066426848,0.006333851945291356,0.0021691897614277925,0.011797090144173303,0.025578870533768647,0.033316602279791274,0.0207456304857507,0.015994888591299636,0.014307242335750732,0.014073447235168039,0.027880452227304724,0.011186083392066552,0.009224594212370601,0.0119164574893448,,,,,
0.001311154206873359,0.006514541077248521,0.006721056196534472,0.0025126916207287428,0.011929592441631017,0.035080953091153624,0.03842216898223795,0.026501053398571017,0.016729756769055578,0.01424189246568608,0.01230857104084716,0.011428221309531932,0.021492764002014553,0.014221843656367958,0.006267311500757308,,,,,
0.0012568618694577059,0.007011565921262738,0.00629379572521555,0.008317298156099698,0.011323875232817752,0.022590698161764584,0.05925799819599247,0.02593143558837551,0.03145248869051088,0.01481686996556327,0.012855919855072086,0.011558304030330445,0.011183735271604819,0.01350216085577688,0.006443074839049895,,,,,
0.0013229710814888712,0.01885368475796703,0.0060461202208762065,0.0031407096725688506,0.010715146196431062,0.019895869808916257,0.04705185904598425,0.027781459036850458,0.01921144314110689,0.01688046365457066,0.014877733512221075,0.015684727100883762,0.011211793501798387,0.014765486586857461,0.01331450820374234,,,,,
0.0009565604394409574,0.007190241032313435,0.006077838386761774,0.005561706905487492,0.012051737148166668,0.02345700329835726,0.05341638057986452,0.031410771787259636,0.01993910738264734,0.02427231142498629,0.013396276181835694,0.01203827759146579,0.010950081824456,0.010842839269115199,0.007216348492774411,,,,,
0.0013170758969508075,0.006950629359700682,0.011612263562390741,0.005568931266458324,0.010772125682622731,0.018996418903319844,0.08356179892531897,0.030446582938139854,0.024179694116928264,0.01686509020795262,0.013704026432644222,0.012588621759212106,0.011486631743664799,0.010277262668062023,0.00776833775146683,,,,,
0.0012668830058861766,0.024148993377394304,0.0059394791035370315,0.005446183142072789,0.01016378415805699,0.018511298691349314,0.07995416479788409,0.033296353332541544,0.02410706572366115,0.019957571961173617,0.01512896413620955,0.014048358225808145,0.011576047730611825,0.009594575961669547,0.009106330962378279,,,,,
0.0012691843393104257,0.008612545885486027,0.005939697462725468,0.00461554730024105,0.013791291573653835,0.018208584570043602,0.09159713250326319,0.03887840153107617,0.02589164304224882,0.03783869500207909,0.015136313458215764,0.013736426357221549,0.012947274107063915,0.009382021682344551,0.008106571472867053,,,,,
0.0016550490283866084,0.008596983402929772,0.008736456027741117,0.008192193476806468,0.00995230965907776,0.016898279330734473,0.08468722688305413,0.04461599472332917,0.04014220109511018,0.021289057212966783,0.016021280625587282,0.014013116499791346,0.012663710305145806,0.009756370134488695,0.008387175682372964,,,,,
0.001272246308390939,0.017257795236813565,0.006180257300078848,0.0039030099758014993,0.009616314792493266,0.01677149034510181,0.10081913946867332,0.04936096126792194,0.031958137944126705,0.0469702039935495,0.017354919368502687,0.01722499765193653,0.013224195243263535,0.00992114748374813,0.011358183327221707,,,,,
0.0010135064047090807,0.01039546090927633,0.006220784011691341,0.003585005098987203,0.009669978655755878,0.01610768709762468,0.10600416465419266,0.07241417579009976,0.03188430282083715,0.04174579364624705,0.01684292779312074,0.014919692605598205,0.013614392129065267,0.010491304540052933,0.009085477517487516,,,,,
0.0012732653284248663,0.012178994187993406,0.007690817705750215,0.00454532538954508,0.009496749980335402,0.01599140150743033,0.09100809987389233,0.07089596230584834,0.03480525215243258,0.02814030448862519,0.018324035525038328,0.015622898128737019,0.013341949491041177,0.01016735650882258,0.010282782321439154,,,,,
0.0013501416401187035,0.01120890116573011,0.00647119488280405,0.0033625777817493942,0.009013279692539029,0.015511089434051406,0.08472206077447243,0.07186330719649109,0.0407327429434033,0.029415008575992208,0.02077336968324377,0.016594003502635884,0.014745358075763488,0.010763001520259868,0.011568202373168792,,,,,
0.0009780136563339453,0.010020395898654628,0.006283070937710825,0.0031544104571068037,0.00924846506362911,0.014170339108153608,0.084198713144694,0.09453041138205907,0.044948473513367775,0.030660948219996563,0.020644433633684667,0.02405014521937524,0.01562657119224595,0.011163538474231747,0.011610727735215506,,,,,
0.0011026801201738708,0.009660585504407059,0.007044092302379741,0.0037677467974110254,0.009169596867618712,0.014373806516953594,0.06901613005060193,0.11154819064005442,0.04368691908644384,0.033719720085568484,0.020728994176635995,0.017894175754727792,0.01509824260772757,0.010887245032226702,0.014321263684186798,,,,,
0.0013123900957395197,0.011059656229745037,0.01598188925595238,0.0030322968175796557,0.008917076265524805,0.01397894571578089,0.06300501797904969,0.11884257518821001,0.049361040093127584,0.03620643639998432,0.022918365633596147,0.018734852175780022,0.016383199532917943,0.01134904464289464,0.012770794118413038,,,,,
0.0014883594863984058,0.010108764496669793,0.006929699028978685,0.003141225820688573,0.009036560576201932,0.013909070256479092,0.05780107970005267,0.12959078838934787,0.06051947305286559,0.04273621708002889,0.05012581526756324,0.04084689152060487,0.018045022419271715,0.012194106655082056,0.012300138490245614,,,,,
0.0012294759720469636,0.010545066300346389,0.007183338247740636,0.0035552158185818278,0.00843124727834149,0.01356715441805948,0.0499593425933329,0.0595035400754918,0.08361736507433003,0.04650087004878861,0.02497231368951339,0.020264624723939244,0.028009105359252877,0.012444590743521404,0.011560772398907947,,,,,
0.0017642881922785008,0.010599534283359118,0.01663761729199306,0.0030637843615595817,0.008528825025800378,0.012945070119611147,0.051971839661653856,0.13315859939725416,0.11051390310668573,0.04540426312962233,0.02625837401310383,0.021198686186895122,0.01833148353999009,0.012281672100824979,0.010335150435838759,,,,,
0.0012732653284249123,0.010564757457569154,0.007297976561235351,0.0031296437002690737,0.00850617479403853,0.012518238086338179,0.04587644065603329,0.11251960036918753,0.09728230737981204,0.06210889082904713,0.03348829177114901,0.049399045455932954,0.020131625447763972,0.013433401789723668,0.02521764906091213,,,,,
0.0011878958207071674,0.011911096010575667,0.007468371403607116,0.003459534768392207,0.008541285521734313,0.012418586971979778,0.04084555792184962,0.1170325315750231,0.09655843527535701,0.09446214311246588,0.030979244080141695,0.023803129166530386,0.044213954735300744,0.022663893943178977,0.010107000205204617,,,,,
0.0009990062810852612,0.012976091779944696,0.010205712076726612,0.005737554536220253,0.008379401594232455,0.012378627635210733,0.03377586787210704,0.09111483487473963,0.1193352711937399,0.06615380359578944,0.03265898513512634,0.025071367058497815,0.021501089889147812,0.013996076285998664,0.01057960137940739,,,,,
0.001317075896950806,0.02571591260122849,0.007662307207493457,0.0033478889018070694,0.008463183063025381,0.012020703690317056,0.03736988404333539,0.08214140065613074,0.14043152875007792,0.0735183488839467,0.036075370623260314,0.027484546235504073,0.022139649420724022,0.015476873961655962,0.01095336813251376,,,,,
0.0007639591970549198,0.013555845495349963,0.007873022803434462,0.0033717258359754147,0.010762489374390066,0.012936651440920512,0.03529365631476526,0.06569804307321611,0.15039689113756133,0.06491571177220558,0.036495045076787434,0.027449131794205796,0.027479461168281948,0.015074321528858578,0.010758632434399614,,,,,
0.0020314867513786883,0.013660327227273174,0.009798386841245083,0.00911074504880687,0.008007411678833764,0.011638954513271104,0.03343601540599907,0.06920229740780538,0.1297036111605106,0.10468564218685607,0.038909255157306005,0.02906505274690623,0.024319034455104475,0.01505979562657923,0.0109926092138339,,,,,
0.0007202676383832771,0.017122460081531215,0.008364878384527737,0.003187133433081513,0.008238922044683072,0.011067627703362847,0.03100301460365358,0.06377550005179543,0.1561790054563758,0.12104320802503274,0.04876419370055448,0.03362665528533514,0.02524138605772808,0.016041849610119854,0.012067949404815754,,,,,
0.0017530417659761663,0.015317249599330262,0.008375879609337144,0.003410735361053967,0.011820511447399469,0.01163527664300657,0.029975370180934782,0.054030125679150755,0.13074725387386216,0.11991611511158899,0.058752446936638184,0.03388298516280021,0.027813198041561255,0.017261552444768995,0.012022510781595858,,,,,
0.001252468589482565,0.016864321167744483,0.009308292375129798,0.004781717384808273,0.008158879164259142,0.011082061384358386,0.029816155085674867,0.055691152486859366,0.11896659732827525,0.1202768753841686,0.05138701373102593,0.03591488567667452,0.026934675342575046,0.017133742568961753,0.012161943555799496,,,,,
0.0012668830058862007,0.023824356052262026,0.019992633627335284,0.0036103303112622687,0.008343298777202105,0.01093155939530763,0.02798889748127497,0.04884479469637921,0.11047650374102447,0.17904449695555746,0.0570098717639047,0.043244679464002074,0.030606459469269817,0.018401023306851262,0.01344941915418656,,,,,
0.0012063139085164477,0.017279275437910437,0.00945373569113531,0.003989528574566333,0.008219576137222535,0.012777495123078323,0.026934675342575046,0.04525931534926478,0.0968808804666425,0.18139147188566826,0.09480792117242182,0.04007032139542967,0.03180993956331113,0.02006774414547115,0.01330732229132235,,,,,
0.0013532600312890686,0.017981391792974977,0.00965249336518029,0.0041478755599263775,0.008097647164126632,0.010460353202139377,0.02625979400573213,0.04961004469246854,0.0860131169418396,0.19009552862855342,0.06515727530689946,0.04278395834851367,0.032848182521355074,0.01960140591073906,0.013475069897523314,,,,,
0.001047178489618475,0.029056919105784073,0.02204152842661643,0.00419211853682762,0.008287147919401366,0.010497267641962389,0.02785280638554122,0.0400939101332667,0.08035944972996642,0.18891099341689935,0.07398647152553502,0.04326928781272575,0.03780835704223947,0.02041312380624057,0.014228955102881746,,,,,
0.0011669669494539512,0.020391271686699478,0.01058376865191285,0.004048503238397887,0.008574324144040295,0.01082500199723044,0.024878900757957005,0.039001810918749456,0.07429441109869639,0.16708218071863984,0.12089917861139858,0.06604339747051396,0.0425571750882681,0.02192182805472381,0.014116028370769125,,,,,
0.001588471854991543,0.02232010514715535,0.01064072032450886,0.004333294372565411,0.008442200423618816,0.009846219318847941,0.02356622540631133,0.05430915309866558,0.059948079342641965,0.1792837593787846,0.0858609025298174,0.051797178484053026,0.062416105366489075,0.02891041386354428,0.014938631249509655,,,,,
0.0012307938799956026,0.021874031313084165,0.011563604763440071,0.008498356950011965,0.008220838357152833,0.009632351091167309,0.022352955244908525,0.03547889351310812,0.07510009908816133,0.12464641711699166,0.10595356074442373,0.06472787533117327,0.04466475393120226,0.023517813806523354,0.015866336998668382,,,,,
0.0016383120368477252,0.022019760914733177,0.011014915255230429,0.004507503132117385,0.0068341975348484305,0.009881424944006088,0.02236892010547706,0.034515628049776176,0.057041968396224836,0.10885292367336961,0.11559510230827853,0.11341826737049558,0.044419634338687786,0.02450142324345171,0.031173643954377665,,,,,
0.0013074395307708475,0.02369958276789994,0.010740051538326991,0.004474581183488998,0.0063723845029184266,0.013568397107214903,0.02225864456816426,0.035450743424268724,0.05664127647081534,0.11383950220526905,0.13600786371166093,0.06997400570267076,0.046639839330698145,0.0474465817002768,0.016474675725410864,,,,,
0.0017809336519725918,0.026162377314462318,0.011536064946131262,0.008595474644061511,0.00566567304140269,0.009489235700755985,0.02156565687720296,0.032269386893698584,0.044528009132611485,0.09212130174859987,0.15493979842115124,0.07615502432759805,0.05355091804269795,0.02540493315559131,0.01679428762899524,,,,,
0.0013111542068733593,0.048620059624275465,0.011505669648292565,0.004586301006010345,0.006284515725160436,0.009293127425204875,0.022911120893876494,0.0314409302770388,0.04855637687968566,0.08709454646087582,0.15642116329745587,0.11244716721910174,0.061578375978985266,0.02997780388717235,0.027958540882563155,,,,,
0.0011777532223790925,0.027339304549952488,0.01210272016118914,0.004809842990477722,0.005880446034357377,0.010113157848121576,0.020689680076748682,0.030375916035283706,0.046205772496173435,0.10920018439128883,0.17464130823650512,0.09188352661477489,0.06553214007555308,0.042424581684036775,0.01837873710827974,,,,,
0.0012984809511239319,0.030255270612620244,0.01244883694621447,0.009195021133116257,0.005805363867607792,0.009171011175883889,0.020246376117864957,0.028737900276189537,0.042386358304933584,0.07320336240520807,0.20971789301857496,0.11352122630791485,0.06629739365581087,0.028876478675236662,0.01963776396951899,,,,,
0.0010816012374642793,0.06338408419136622,0.01259789074640727,0.005177604728736589,0.005942699087942452,0.009420477063188139,0.02526158411595421,0.027801059614789785,0.04280046885133062,0.06487618088778688,0.19807163617937795,0.1496844048327337,0.07780642615011543,0.032651210525442294,0.020231316639748014,,,,,
0.0015185524087630146,0.033571967459463156,0.012864668612834173,0.00513743231898507,0.005929152465053664,0.009730279977454927,0.01939152580056744,0.026401653205897522,0.03973749917424133,0.059676227675919596,0.19794947919510733,0.12757565559800552,0.09197057326375402,0.036801764679676656,0.02029564164960121,,,,,
0.002001741561960723,0.038198774733871635,0.01418890685334968,0.00788010323153475,0.005837945829735241,0.009915132209707246,0.019421132374095002,0.02683104507566619,0.03674568735300272,0.060904772726317,0.19648389449694875,0.1621598250492081,0.10226145173814702,0.036172166008595005,0.02066559444037557,,,,,
0.0013424347393993109,0.04330237420860101,0.015476936811607759,0.005584455219755063,0.005803576329858092,0.009784909431484981,0.02246234918437765,0.02563407885217873,0.04087126965368609,0.05213613406067147,0.166428064446256,0.22128869496030287,0.11338994735298898,0.03991702035030187,0.02488181992652724,,,,,
0.0014121195607242052,0.04211992498707767,0.015166295136297497,0.005905480911794186,0.005635605249539364,0.014366044550756877,0.018452966621302715,0.025055519470360454,0.03585670702406565,0.04770108044245164,0.15321032974863028,0.2221715282678011,0.11462467146537296,0.04014200723925176,0.022435195230358272,,,,,
0.0013131310707278755,0.045348098560936044,0.015723790632919312,0.0060167142328316405,0.005762366186307255,0.009477029395760728,0.01776513154508534,0.02581698601777289,0.03391206375807829,0.04986965333358635,0.120320086490227,0.22338470430749618,0.16516260531682875,0.03977005883981862,0.023630651942813684,,,,,
0.001242070164722971,0.06164655278625632,0.018759757458345662,0.005920834376536874,0.00560445058286507,0.009335874519236594,0.021251114928883784,0.024261635660492,0.033442948296237715,0.04614279821206469,0.10953419935781998,0.2029954881621602,0.14351864526219094,0.04490491825274611,0.025386037018780488,,,,,
0.0012932264541914236,0.05102176739138498,0.016686655847957282,0.006353632263234946,0.008045747389719743,0.00994830157785845,0.01754799844866223,0.024150604525809964,0.0332114853525408,0.04920946308905808,0.11063487649980225,0.2132651298627709,0.20652391101936268,0.05368226754479311,0.02534016816601453,,,,,
0.001341709947801784,0.05651335627197631,0.01784207764197857,0.006713574436318383,0.005793343252390654,0.008756363324576993,0.01742487676127906,0.02368377560375294,0.031596730117713634,0.04459244222954136,0.10104305056438154,0.2185386542003041,0.14461026311872152,0.04466170486404007,0.025069504677938222,,,,,
0.0015065478536033454,0.08692147364831232,0.02986180463898817,0.006794991310539014,0.005733031790336764,0.008776336300806573,0.016939214903496497,0.023124110923749622,0.030269713466786443,0.04157092548508623,0.09301738224217675,0.1630047680375344,0.22754949137726352,0.05737274229647932,0.029076696961999802,,,,,
0.0011777532223790923,0.06424494113353516,0.018388896194016388,0.006874453723024262,0.005690285290257852,0.008821440961392688,0.016835841984518197,0.022258717402875234,0.02994598786636027,0.04015916793340253,0.07944961395106476,0.14740304935626053,0.23816239921714563,0.06154588980775734,0.028095100781188046,,,,,
0.0013892019118025415,0.06839355111798175,0.019149825880727653,0.007346156146500507,0.005442907707822388,0.008538248053125364,0.016206402000419277,0.02308112228948497,0.028328090506382145,0.04716092274771803,0.0832448524581408,0.1460650805141596,0.23071392922357778,0.0697852740575776,0.03016187924127046,,,,,
0.0012640645752406364,0.11630686311877365,0.023033633733588615,0.014251565029342671,0.005642677537728546,0.008255591605569112,0.016575450008389975,0.021842880625610458,0.028508623956101233,0.03807723328715002,0.07197261537136736,0.12697581016688814,0.23648352660174252,0.07165947675299529,0.030446316699447612,,,,,
0.0018883859856009704,0.08394537402505682,0.02123047663795617,0.008897965843939067,0.005616009499947613,0.008235143119694786,0.0164889384009538,0.02136045944569473,0.03828318204998911,0.03634911829546846,0.06896418770551191,0.09580240232774583,0.22152355516996428,0.082545059646186,0.03057427955622139,,,,,
0.0013786588660787494,0.09330710728472824,0.022303538384840078,0.009285727714686979,0.010897961178754948,0.013558332832801208,0.016119257448536404,0.022143090789332992,0.027525204733716113,0.04311889300739981,0.05973922111106129,0.1104654238207584,0.1777352070748776,0.0949924170017808,0.03290622145699168,,,,,
0.0015637854755256616,0.1559873482398841,0.02281663047259712,0.009355303462131108,0.005435754455016995,0.008047157754358613,0.015696443974088557,0.02059101132168578,0.026060155107917253,0.03417261021677494,0.05905216812439732,0.09536116065806499,0.1777798400720931,0.09393906532080992,0.0373385225809669,,,,,
0.0012732653284249123,0.11826380088242035,0.02287062419430626,0.00911942459330536,0.005330649649604823,0.008124151220509085,0.015812376533231556,0.020322447465206634,0.02769205440400508,0.03405558956515718,0.05387637442836489,0.0808049128257413,0.15886802695653435,0.09361711706169745,0.036810679797566734,,,,,
0.0012874469229960897,0.15764225785779207,0.02480873766558489,0.00922037529400328,0.01186628638253293,0.011138095423224416,0.01561370130642903,0.02002996509016075,0.026715169953051798,0.03133465358879544,0.06606771962886784,0.08338818678551611,0.10710010136675636,0.10532007484193873,0.04047747126830074,,,,,
0.0009024927641351245,0.24992404864151355,0.029740861658312908,0.011906739733401941,0.005451955021397775,0.007682381181336623,0.015419679458883851,0.020131190579779797,0.02505848276074704,0.031406105624229255,0.05202194411390293,0.07777056263467443,0.11100563731954069,0.10559009347367714,0.041970657207727545,,,,,
0.0012730106498887804,0.21842297981496836,0.026626471454659708,0.009600488123319964,0.005353531856633915,0.00767532957913236,0.01583235678669956,0.01957512003840121,0.02377989269495703,0.031338513035171586,0.05039766245489615,0.07084071149126749,0.11122269637894013,0.1245351781320955,0.049414927076813615,,,,,
0.0013561321817388854,0.26377029325466217,0.030400243643343965,0.009712235569886127,0.010236007969366407,0.009516531913223688,0.014815885187651544,0.01930900048730727,0.023972526180288216,0.0306399495642476,0.0644302250193847,0.06982107364414794,0.09213148020809114,0.13242650878584752,0.046635723555498346,,,,,
0.0013143651007630512,0.27303114599200373,0.02960390902052266,0.011113936215969143,0.0055852099660936814,0.007561566781669805,0.014721502316999214,0.020689680076748727,0.024124987960531856,0.030556871758817054,0.04533467594106376,0.06698403843476372,0.09733636678287375,0.13248726560859683,0.05129233023043448,,,,,
0.0013074395307708503,0.2974472896348463,0.029147209896323207,0.009904793106116248,0.005220015170217603,0.00771304579228438,0.0148158851876516,0.019121037121933436,0.023511195098415538,0.02879949418882765,0.04412686488752344,0.058863203482454524,0.08377586989343193,0.14307643686759206,0.0765802190129176,,,,,
0.0010422125885352932,0.2529404833587605,0.03495275437970405,0.010982930177552613,0.006759540063338437,0.008004374157698143,0.014873657531247789,0.019191179467599944,0.023728569381031576,0.028144129630936567,0.04498412348142507,0.06954628373507478,0.07496568884458385,0.16827823722845317,0.05421386142319787,,,,,
0.0012315839478289985,0.23366455079737236,0.036985892263664354,0.011477030321012235,0.005412261369580767,0.007912132631204554,0.013799188859034923,0.024543271704766962,0.02326836561919455,0.037746860662307986,0.042140304470017015,0.053829893569940904,0.09897581739459627,0.1484799373918835,0.05725273192936235,,,,,
0.0014049835290075516,0.152420392341854,0.04191978539387527,0.011406950924875025,0.005094589002975561,0.008079969622706145,0.014258843570708795,0.020270943873642117,0.02288302586298382,0.02765419737207652,0.04052038428903605,0.05388367405824916,0.07088477927719622,0.18742143163359293,0.10753741473561573,,,,,
0.0013143651007630512,0.15898405925334277,0.04098040410283223,0.012116001085012082,0.006101638373212631,0.007664126594796561,0.013899019380057793,0.02074225426934508,0.022635835841955488,0.0269403687376323,0.03730562246909292,0.060253218583445706,0.06474530532545456,0.19740795496401126,0.0643485421135877,,,,,
0.0012146177105895018,0.12365794234890257,0.04077009896879974,0.012991674662985179,0.005335817335996029,0.007800202563229697,0.013640921167356108,0.020667335944871294,0.02230568985250516,0.03367275282472091,0.037751026523148046,0.048738521185691455,0.09329558004313532,0.19188793025689302,0.08007178438060053,,,,,
0.0012146177105895016,0.09175648223455239,0.03498562428835389,0.015226038792458128,0.005439034197020817,0.007221738252651049,0.013972890522897024,0.019540636691097582,0.02249617347000357,0.026226496576332553,0.03697698431445358,0.047169722186691666,0.05948575154433524,0.19049934435667742,0.09308423000046492,,,,,
0.0013143651007630514,0.11074025345513462,0.04800714164069652,0.012725011399026875,0.005352502139068972,0.007134649984752442,0.013597042997116364,0.01793949064118082,0.023229385094090404,0.025573698152460043,0.0365160065217421,0.04674686795253887,0.05681825227771981,0.18343312586393776,0.07476580615579972,,,,,
0.0016851415285819196,0.09428218098439656,0.052539284639600975,0.013511403083438255,0.005275929722926555,0.010338381312410426,0.013400172428593548,0.01797747841755028,0.021885634721557155,0.02585042209829434,0.03516558760038365,0.045618671301096564,0.07135240757593977,0.11022008353394162,0.08611272929052877,,,,,
0.0014959648475495703,0.07740999163899745,0.08719878376684302,0.014577725901034297,0.005798657759748439,0.006998976325728336,0.0131189587990747,0.01696033388517698,0.022509717761909038,0.025867487439686844,0.033819384443452664,0.04318659982021584,0.05283468140052657,0.1598228202723011,0.13756116303920374,,,,,
0.0015149182244937594,0.08044932892275941,0.05851129526429445,0.014276478623271208,0.006296216584358936,0.006833058786605156,0.012861870666196002,0.01663794859188116,0.030635293001547034,0.025016666652728264,0.032211539282676664,0.04161676247496581,0.04942791733471371,0.13702804562003565,0.12398512519367742,,,,,
0.0014121195607242102,0.07179724499943524,0.06242541380379857,0.015280775439875636,0.006232708565395977,0.011691210716543157,0.012847644658728981,0.016566155682815678,0.02378841309824623,0.024643733840154117,0.03851454829348273,0.040832021017974535,0.04673928618113981,0.13139461294491103,0.12344044626291756,,,,,
0.0011878958207071674,0.055819411787169156,0.07656550020208429,0.021753096277236223,0.00617348573643733,0.006758820506589668,0.01292300957144489,0.016563239125042272,0.02576530337883262,0.024255540752661873,0.031954759213669054,0.03937397577135646,0.04666541573756186,0.12682950878032206,0.14160463602425258,,,,,
0.0010792003438544339,0.06285184342914413,0.07455881691827003,0.01648396262084071,0.006774154473338953,0.006715506011130684,0.015050922556335875,0.01612892992286144,0.03171357101407625,0.024062370167975394,0.030889941704572484,0.038038042514650504,0.04541379563082735,0.11845638383984342,0.13745251590095314,,,,,
0.001272246308390939,0.059672962152411815,0.08870330277215167,0.017111928101220874,0.006600330403637223,0.006833058786605162,0.01277587095984531,0.016047002890962364,0.02700584655763639,0.024227987630351625,0.030934583191261588,0.04193834479186407,0.0428983553875695,0.10621829074540334,0.18924081297992043,,,,,
0.001573706497959313,0.06310261861315686,0.13623552269190506,0.01941385187464046,0.008031670492338525,0.006825984807135656,0.012415375109696612,0.016295309167736614,0.02441296930173453,0.031457683952786225,0.03085823604552062,0.036619996276615566,0.04318287573841636,0.09685224436151402,0.2286829036989279,,,,,
0.0010716628836576344,0.05210888096915222,0.10887119650449524,0.01822680985381664,0.008466438951209897,0.006657071455977099,0.01411455823349377,0.015781814286417572,0.02260619392603878,0.024317914473780716,0.03014748152305692,0.03487623185462593,0.042030710280356404,0.08112690349402393,0.23183175802481193,,,,,
0.0013170758969509794,0.05217628789965802,0.11968829540187936,0.018927062339754004,0.013476321078051958,0.0068338179731845085,0.012405656124143714,0.015526654964960071,0.0211275506122624,0.026579681343976307,0.03136410993167543,0.04875373345019884,0.03991823064015196,0.08540391099456238,0.25133478260406755,,,,,
0.0013170758969509192,0.046424140891120555,0.18377388490846933,0.021899852733078234,0.009368291389471624,0.006560517366150784,0.012293678409197071,0.01531942978434786,0.019557355444609723,0.02633869899958438,0.029077053799152406,0.03357544419007965,0.03651667247208878,0.08620937192650041,0.23848161030204215,,,,,
0.0017502651815303179,0.04603785858673825,0.17295423573389593,0.019723023785348837,0.010559323787621339,0.006397014768215659,0.012421719695809458,0.015491950637308316,0.018890658058138866,0.026813347468018254,0.02771832821152993,0.03383077239080336,0.03892221121872978,0.07398349140956068,0.2513355979306471,,,,,
0.0013170758969508274,0.04435661689039069,0.19200752665572535,0.021873660732484188,0.015912760475109006,0.006513147315674428,0.01239391526213416,0.015276191474538549,0.018913438231882233,0.031523539926747585,0.027836084559976656,0.03601672200544827,0.03676099366223181,0.06865439094393262,0.2204581978420762,,,,,
0.0016729756769054466,0.04219274708957901,0.1886095783054829,0.023637662436500364,0.014347864236681204,0.01142072865863826,0.012089558747832296,0.015122940601551697,0.0189514583985766,0.030344079333894044,0.02786672581824851,0.032253758559835165,0.0484343168759103,0.0750876853935823,0.18065454445541007,,,,,
0.0007906557357264013,0.046654352882366606,0.21900558061503952,0.02356051484874735,0.025796292707551266,0.006508565711930879,0.012244841133758084,0.01476590380916799,0.018173381644953693,0.03198851018666739,0.02723721383177,0.031098332057159513,0.03567189560885783,0.06431552431271403,0.10128630334344652,,,,,
0.0013722941592000596,0.040681861384506655,0.21922046217632046,0.023588077868759376,0.030824288864208054,0.006454538499444001,0.012817020452841213,0.014677916417403533,0.018076762708037993,0.029066826448595737,0.02721300155696961,0.031239392927346475,0.034824065108893305,0.061923876600152965,0.16187745570797293,,,,,
0.0012420701647229708,0.038490631871006084,0.1764291481937828,0.026167086384291462,0.02571042728766326,0.010429558721709644,0.012203675289740519,0.014484611756381051,0.01786742889251594,0.02404144784090844,0.026511769109671828,0.030787492451908056,0.0336496348625367,0.05575946235483373,0.13390678849636825,,,,,
0.0014441321245047343,0.05218593165596983,0.17412809991321704,0.03327874231519597,0.02139344936493842,0.006595219429705126,0.012167407687398948,0.014269118184562172,0.017645528156621078,0.02372802279156198,0.02604387586369935,0.029977284713087547,0.033634214060094196,0.057353026545816164,0.14462198247097974,,,,,
0.0015489941261742784,0.036295128911438546,0.15690385975870597,0.028758258327008197,0.017353275191889016,0.006855561337669612,0.015384417685925677,0.014353580530982785,0.018737067319185115,0.0222039950586044,0.025702695421825687,0.029340409690023262,0.0318076256524145,0.05312429169203915,0.12254325437108816,,,,,
0.0013892019118025415,0.03560887673927772,0.15685404107303508,0.030358234287550974,0.013321909292082166,0.009377977312452006,0.012983710750102599,0.01433628911025647,0.017080748789167568,0.020573383194612587,0.02566734896320579,0.02875459381395231,0.031959467016467735,0.06801006319286072,0.11309604235755621,,,,,
0.0012360514600155267,0.036839586222366896,0.1198952932908479,0.031048840676855198,0.009914183817271867,0.0068455745987170405,0.01231910361199366,0.014267936525979998,0.016719985846438124,0.020559998419050846,0.02553411000713788,0.028703128544136806,0.03195160337998317,0.05165942955572743,0.07729290660101415,,,,,
0.0010979652717680447,0.03472462313545641,0.11525358063699524,0.03405002888745745,0.009988634629613741,0.00732670991098809,0.012779322059979253,0.014056849225813217,0.024497717567968275,0.019958611710815307,0.02519006707210812,0.028077460847727904,0.030829684642684114,0.04859519171249039,0.09115478559470708,,,,,
0.0012360514600155267,0.033270781181376725,0.09662175937245804,0.03857398027739575,0.009773371010174609,0.008660413441277067,0.011638369475290873,0.014255204764568022,0.016820581967086374,0.019374998653354993,0.024664565936110504,0.027885092086142267,0.031870225407207034,0.04661981322461606,0.08488336165114808,,,,,
0.0012294759720469636,0.031527026578105063,0.11566429426158066,0.04426602824738938,0.007462508048504994,0.008448765494849178,0.011422431965416079,0.014302777084597517,0.016784303138791718,0.02673886292741864,0.025226133714321322,0.02711518292529251,0.029861359455686364,0.04586116481308859,0.07566110709509,,,,,
0.0009092933213492335,0.0469364977745604,0.0836526444692892,0.049756341824588046,0.00924706260169269,0.00914268344181755,0.012464064473077437,0.014134598642048841,0.016594687376080452,0.019407771567627716,0.025799258887952183,0.02610335531378941,0.029597172381236495,0.04351197550667648,0.07662735013909562,,,,,
0.0012524685894828441,0.030719425331964055,0.08363521598201815,0.05122325369195255,0.006974472825763305,0.01122263312313354,0.011148919449920813,0.014797600195924326,0.016351245387727944,0.01890177711488941,0.030514833640144005,0.028557169927795802,0.028070854565616615,0.041344523136952395,0.07257110196674517,,,,,
0.001145655812791182,0.030059192213894012,0.08919976010989934,0.051512884873161226,0.006863880393636602,0.012555713240211359,0.01105144429499241,0.014504476192051715,0.01605346741270914,0.018945417951154887,0.027204993547951344,0.026013231338700614,0.028306884734506578,0.0413951776363509,0.0656006068107431,,,,,
0.0014233261270252921,0.04131219975076185,0.06932999748360093,0.0612423416442549,0.007547832669401971,0.01655511311801583,0.011023860329251735,0.014775386947755034,0.01725674307199423,0.018519336716099767,0.030508191866063173,0.025643753375944513,0.027648521969245853,0.0410736054754676,0.0636563955107692,,,,,
0.0009335735595631613,0.028566535523263513,0.06541590186770826,0.06649388971397618,0.007083018351211685,0.02158813760785857,0.01075622114459466,0.014403191802666231,0.01583317595098656,0.01839885581967349,0.030369980557786464,0.027152215200421173,0.02684795810534777,0.038625917693294404,0.05990475084922709,,,,,
0.0011974111011701536,0.02802455541628254,0.06169921646995389,0.07955933579637064,0.007466851716611497,0.015195257468515064,0.01085180666835955,0.014543878439088111,0.015702495298850375,0.01832219516901967,0.03062937602927696,0.025371152795584433,0.031684930760800145,0.03837549882643293,0.05787014870158654,,,,,
0.0015813114714530085,0.0338571282612156,0.05641159755708794,0.1007708065045548,0.00826332521931419,0.014831218414633019,0.011020212557426523,0.013773788613943364,0.01595313555092006,0.01814023754311524,0.025177913182820484,0.025511344425604047,0.026230452471445145,0.03674014551481745,0.08223729293819511,,,,,
0.0012063139085164477,0.027432400295493306,0.053998094242425874,0.09100880173685708,0.007760654016418851,0.014719277625064078,0.010706215758544026,0.013308979049128948,0.015985317563947624,0.01805732660643538,0.023787322656947343,0.026345591942872296,0.026206695771209657,0.03681944305103516,0.05336212913657462,,,,,
0.0012475401447272659,0.02713287486045743,0.056245080285434915,0.10003315358383148,0.00850628914816866,0.012009153466563286,0.010437669705900435,0.01322909808715918,0.0162200010311178,0.01754047654557678,0.022898904357787245,0.025646421131889256,0.033260693043231544,0.036709314810678184,0.04944373721961219,,,,,
0.0015966158296990627,0.028886807092043564,0.05170786150883997,0.166546406848816,0.008619018825008278,0.008353862672187604,0.010383945190429148,0.015897858526045378,0.01640129835768339,0.01752997375245007,0.021796041366938898,0.02755252027489699,0.02542038434301574,0.034650366696088744,0.0481535076431144,,,,,
0.0012103389911341782,0.025828638333991315,0.04970209435092107,0.15389069494316376,0.010290630896496096,0.007655660656882739,0.012456544141039527,0.013079626995072879,0.015940875112657293,0.017461922988323646,0.022081974490548696,0.02744279960190245,0.025308607526880612,0.03339817430728152,0.0482464477803077,,,,,
0.0009565604394409573,0.0255771084919255,0.04567950763991807,0.17852602235985798,0.009225191736444205,0.00743739553561009,0.01043577459977523,0.012696951802809673,0.015772134517083633,0.017147059970556048,0.021699833316517616,0.02628576015663159,0.026245071744459832,0.03398388812008491,0.04551966109817804,,,,,
0.0011887144006739968,0.02547135386078156,0.06474953690058317,0.17521185587836893,0.010997327603661101,0.006283019332014448,0.009972651036675929,0.016460124913824207,0.015022782731485197,0.017311520684839182,0.020736266385971463,0.024969820634006237,0.025112769301550413,0.0326011226848106,0.043063000488659214,,,,,
0.0015319450949670152,0.025530973323445342,0.04306708878859398,0.175574422798263,0.01130051492587576,0.006033665713206713,0.010208888635738234,0.012846105086165611,0.015171339752151075,0.01734604270183498,0.020822836523170324,0.023388452742202945,0.025535036969443353,0.03218012815550525,0.042942088401963244,,,,,
0.0013561321817388851,0.025667412125264574,0.0416575056367688,0.1946152562791533,0.01123580001312175,0.005803855668922368,0.010073291204928274,0.012821876687972203,0.014962769258904569,0.01737667136218081,0.020322702740666693,0.02497256038459801,0.024849285717475827,0.03714908213833592,0.041428258077226054,,,,,
0.009863196819672033,0.025232302579339862,0.046342268375475545,0.19224712872105082,0.011744200728001256,0.012368355478820127,0.010043666705421193,0.013803488158570026,0.014916215014250828,0.01717447561882736,0.020539691790897416,0.022881098730522804,0.025140577963824504,0.031065367439116004,0.03918494269408581,,,,,
0.01343822830628641,0.024850212129462652,0.03942170105697581,0.1889470337220751,0.030956848371954303,0.005503099296207439,0.01123302931885963,0.012531001010800782,0.01677332686650184,0.01726577832642368,0.020233159624467638,0.022367470543209672,0.0241356838651685,0.03038781552255234,0.038582914491201624,,,,,
0.019286569849619774,0.02484249967520704,0.03654330053443023,0.13664163368482476,0.0139357363316367,0.0058325559382295155,0.009802356987547403,0.012570966062202515,0.014434022402128552,0.01707307800415156,0.02231545606954315,0.025542540316058425,0.022367919917559338,0.031575860883809675,0.03735235334083123,,,,,
0.022122581113662207,0.02346591729562383,0.03571557135213396,0.1226960013417942,0.013900978821711336,0.010092071595715343,0.009938127487125947,0.012779017588633625,0.014337193753534988,0.016993031701389074,0.019415254751996593,0.021562123348899884,0.022649797660390214,0.02886193404296353,0.03663900132109049,,,,,
0.022783623499689227,0.025576905659174504,0.03543855854185215,0.07613104576389147,0.016597657013847304,0.006251408603112314,0.010139254132306975,0.012376741551750212,0.018575435677917126,0.0165680345353272,0.019658227061524067,0.02099898270291894,0.02239862993435626,0.028416635075664137,0.043001629347161265,,,,,
0.02307470151360375,0.022489470352534555,0.0347811250236993,0.0980686479313057,0.016491297929850282,0.006489207707658576,0.00989876789386743,0.012249077168715705,0.01468646291071588,0.016391034919842597,0.02465846542758933,0.028321851795667045,0.02171369515100767,0.03207027551757415,0.03505205791445072,,,,,
0.023022890594585274,0.022102052405975424,0.03298199618355719,0.09174995170364911,0.017852959844343083,0.00808995556734844,0.00990371276715422,0.01199586236661886,0.01429860523524522,0.016434003582283755,0.019147743156728254,0.020843256200578586,0.02209547919129119,0.02763204028117725,0.033726786932651694,,,,,
0.028385353772423377,0.023753821751247815,0.03324418478415848,0.07171341404813128,0.022037409114197704,0.006660041873903009,0.010415123597752754,0.012049046439641484,0.014280997506007984,0.01624471007694027,0.019003245088296362,0.02075100628894408,0.021761665255763885,0.027416037042350294,0.03327975559093587,,,,,
0.021627152798190292,0.021687951099699093,0.031956433404041494,0.07006417567087452,0.021385036083900896,0.007694189725381869,0.010095926253379578,0.012194957504409442,0.014208089330993148,0.015847422631285597,0.021083966702153588,0.023843524324553552,0.021291478709317375,0.02857496760817017,0.032247354283800336,,,,,
0.021868442290950304,0.02129196602120505,0.031410235007329944,0.06603080827927253,0.021325563649006774,0.007863132481532396,0.010283539071459232,0.012244973532031998,0.014109227701760431,0.015749751711838303,0.01889688759497047,0.020231957696952817,0.025858749285316097,0.026592352904127443,0.03066720800786695,,,,,
0.022080579512924327,0.02130548447984349,0.031351288240299265,0.052145903384262074,0.02652721119693397,0.007461769373462665,0.009775361364821124,0.01232520837915507,0.01401748897285898,0.015935667165407584,0.018666799265854718,0.019900839741431225,0.020491123789947538,0.026014228476505922,0.038765390464344796,,,,,
0.021352868350923045,0.021334319545907504,0.030060324801054295,0.06162748877120913,0.026812670278391126,0.008007411678833823,0.010131096263023722,0.01194255004847974,0.01616345014955588,0.01583645218440919,0.017822076325723097,0.02012260403972176,0.020824004346152385,0.02551618635263336,0.030371048175263725,,,,,
0.021048751161309835,0.02071522472861481,0.028973330905630187,0.05134235260663807,0.026540860726443773,0.009815579210967196,0.009526169220402062,0.012051414294863307,0.01404346434078297,0.015527970529233756,0.018507514883506243,0.01975490750386379,0.02062964901895965,0.02539823174307188,0.029512565476846126,,,,,
0.026450829991017274,0.02085499779024495,0.02857814459902511,0.04764674547089702,0.030361342152033934,0.011037822495048522,0.009411833995378274,0.01648767984747324,0.013795781358832564,0.021440820306211437,0.01853895305958188,0.01949084354826911,0.02033203404878861,0.02464056276673179,0.03306078478386933,,,,,
0.02073564091983716,0.022041410742659633,0.028107181438026832,0.04964718676462267,0.041695471783515396,0.010551951630412051,0.009259852192703876,0.01188100518572842,0.01762015207053561,0.015456748851550298,0.01801389219600674,0.01924779661177001,0.02022995432573838,0.024034123421684216,0.027864445183585978,,,,,
0.02055578727123971,0.020176430930410754,0.02788583625230388,0.04750679036654014,0.038831135760850455,0.010788247215730833,0.009027621783700833,0.012019489819774477,0.013741146438165076,0.015422728178935302,0.01818035634447366,0.019124072235469906,0.02493805133523867,0.024238584575685573,0.027219291911260785,,,,,
0.027564368208070834,0.020275550012215964,0.03782996215259541,0.04267829638545172,0.0452042115957204,0.015011576830005615,0.009206298269490093,0.014278272722776004,0.0137077169373108,0.016030506560999056,0.01777660805358223,0.018885765659499107,0.019882175703601877,0.023782796791279575,0.028114021379384128,,,,,
0.019953558669352226,0.024383732488740338,0.026495620492782604,0.046540242685236724,0.03308603904582162,0.012404375367603592,0.013586999941538589,0.011772135016304995,0.015194297214801457,0.01531587359469502,0.01782927938442817,0.018894828471206434,0.01990043241661248,0.023426351999078828,0.027462937052053167,,,,,
0.019698546298180394,0.01934250547500424,0.025903048978493288,0.040117444589688245,0.06227106348541844,0.01538913797023323,0.009084335435348838,0.01181247161687094,0.013748813113598246,0.015161933183674212,0.02169576868664811,0.01877694701822928,0.021634587704604587,0.028759103917556914,0.02623351787985606,,,,,
0.019848307507033078,0.019244275556741314,0.025613642857476,0.037939811555483385,0.06951655565142927,0.015781485559400156,0.008830955635238048,0.012218544938209865,0.013781295965478635,0.014973427027899232,0.017371203252812238,0.01863148754709252,0.019438070679939586,0.023208536112053323,0.025634293881263284,,,,,
0.019563853323605426,0.025124580451725692,0.02505469123920585,0.04966267564844396,0.042721609552684094,0.01683168153365917,0.01260982739102865,0.011646835730030853,0.015766521229587542,0.014962054136867135,0.01747640038120776,0.01821470916037139,0.019448626706330203,0.022567549506140178,0.02561303522236441,,,,,
0.019193814954939412,0.019017162907914976,0.024621356551958875,0.03499233355603793,0.09629638926075679,0.02055116505606775,0.008818904432437932,0.011713459733786213,0.013670861929393187,0.015082062956283952,0.022702088717571376,0.01819121442487461,0.02030993503718311,0.028981890766023127,0.025173019070881517,,,,,
0.01880126193200913,0.018599700235809362,0.023815222232665228,0.035193486695776384,0.12335130330569184,0.026675428263562142,0.008857535027565294,0.011750079887865143,0.013749945060286753,0.015102537078568134,0.01705498864923313,0.018082358151976858,0.019207392116649066,0.02244317150046342,0.024750640500728505,,,,,
0.01883639309169823,0.02118101271249422,0.023753152889247328,0.052705009230363926,0.07289494157258902,0.0220194075119628,0.009759925499606865,0.011802805602575366,0.014336289110256393,0.014704665597853618,0.016905204709889595,0.017884895952722572,0.018914312525835968,0.02210029191517282,0.03270141995204816,,,,,
0.018893730180105737,0.018505324826475687,0.023943130724930387,0.033290266506838105,0.12833118642765537,0.02761646455831634,0.008816440727713424,0.011682332550918564,0.013561584816498015,0.015054175186786306,0.020911405197902317,0.019339068728189853,0.019997968643883986,0.02883068603396377,0.024177293672764583,,,,,
0.01876266092122445,0.018361527929412483,0.023449164474169303,0.03135026434696047,0.12529877722311436,0.026777348057094173,0.00885588759423975,0.011741991832414771,0.01356846879734759,0.014558919097654376,0.016952532108995482,0.01781669031935124,0.019001470516111153,0.02182339629508632,0.023480669775981983,,,,,
0.023468127995629307,0.01958378105778906,0.023600116263130872,0.03116666401911809,0.10921692958814282,0.02680779642709844,0.009606734166518558,0.012674050077045652,0.014022553784061033,0.01558584944180525,0.016868166018170466,0.01779431003877342,0.018598392745720553,0.021139747820998676,0.024196852364339886,,,,,
0.018376337615673134,0.018429283005322813,0.022961334196963164,0.03116358444493115,0.08961566295220355,0.038822826597868454,0.009060926812287741,0.012018006033720312,0.013765028788114713,0.01479924348391891,0.016642293856199503,0.01838127740610051,0.018526006153102677,0.021177139410734156,0.023302230503109728,,,,,
0.01873407335219954,0.018217930865213856,0.02252123840271016,0.02924854255373757,0.07864093624429193,0.05942707817731397,0.009322215384572003,0.011942414297421182,0.013837647014605645,0.014970893246052606,0.017102735735829502,0.01760358274142045,0.0187252271053265,0.021237210710581513,0.022803879887286674,,,,,
0.023587308082095634,0.019003518084693586,0.027564650519718813,0.03153386505456051,0.07158646445676503,0.050753799813760395,0.009878799541287215,0.014775496670673457,0.014284107664761445,0.015438172775063643,0.016967214826204953,0.01756486018939292,0.018530118650911982,0.020985328603863776,0.02407347102384084,,,,,
0.01894824162943133,0.01858225947034802,0.022467905919083448,0.028003223997456132,0.059140048138308095,0.07031606594609698,0.00986924374822585,0.012751381975698969,0.014312567082322319,0.016155845571196106,0.016939674291761426,0.019263894285574554,0.01883131441409712,0.021216421351944927,0.022696089305610692,,,,,
0.019401739491021787,0.018653332715811932,0.022785630026725998,0.027316512216295965,0.05730345286847488,0.08517170153556729,0.010458121170703978,0.013730004443089697,0.015748907620186468,0.017304495593114807,0.017003198735073388,0.018528526260055248,0.021829635549514104,0.021187135064993888,0.022659987933044523,,,,,
0.022220271236251806,0.019673642817779113,0.024379902528782284,0.029396395904635816,0.0491275860083209,0.08025693464454275,0.018761278375893125,0.017403147756658407,0.021130619755261183,0.020538034187136896,0.018907951543275747,0.019607608073578,0.019392060857291758,0.021391994331377208,0.025584852964422693,,,,,
0.02456179973034569,0.018492424511138257,0.027724878154317043,0.02830307013241462,0.03424836644810643,0.08828677455784231,0.019923099585343926,0.015515269633456777,0.0201007587032949,0.018754640739606882,0.02417171406611938,0.02314765550769173,0.022485433102849436,0.02350821607180382,0.025361144155917874,,,,,
0.022131842120631885,0.023298960345645905,0.028753251921592907,0.033028208107935275,0.047911842466269304,0.07219185804652424,0.02334206175314698,0.019050091875375513,0.019898346782906827,0.02465557241759199,0.02491772114951967,0.02134205397197634,0.024851008033306168,0.02439330475778677,0.027858288865191115,,,,,
0.01930120732611582,0.020369634893641558,0.024562855789600227,0.029228093352241975,0.044041553832210555,0.08238981470178332,0.02301900324390217,0.02131704752347772,0.025930272710927613,0.024505763464904035,0.024444293552209558,0.026617568294301,0.027661125882009887,0.02733246054152761,0.02767621956966936,,,,,
0.019232815031958377,0.026333872865759056,0.022894712711952793,0.028764965995059386,0.04515459878063613,0.07410773492933052,0.02218371708642427,0.021797707430719317,0.02461250533089088,0.024660240515693144,0.024983672120332086,0.025638834368415468,0.024693470247450583,0.025529843006936823,0.028592266587521224,,,,,
0.019088179582631013,0.0190407453617456,0.022585573612807833,0.026162724327481155,0.03787247617771926,0.06421125906275363,0.01888530210337854,0.02015815073956722,0.021221555665903537,0.02153134965470527,0.025617946526906993,0.024300361360574063,0.024827511614374874,0.02697941971669549,0.026073924784045632,,,,,
0.019250474877789556,0.019158713010728662,0.021957223396057813,0.026221835271681943,0.035718521716427816,0.06345968192266634,0.01609560482031689,0.018944185668736492,0.01913968104856624,0.018812364884301252,0.02386842414035631,0.02277758862294278,0.024819204228027778,0.023334114838065592,0.022884796981310875,,,,,
0.02086912558835262,0.019865942496631327,0.022092074436462893,0.026190061925349183,0.03630544558632437,0.05361565937678309,0.016521843016750543,0.018863777134817763,0.01713213394365012,0.018803952068723297,0.023649250571964896,0.02252162712153253,0.02296970652478902,0.02303633632950624,0.029027098596468546,,,,,
0.01811934853500891,0.018071596145144097,0.020107774368335454,0.02553725900234009,0.033691245397087274,0.04394222937787923,0.016087544927562977,0.017392562035414522,0.017545928860802015,0.017766609857908035,0.02507383708595696,0.02252123840271011,0.020940844845522506,0.021765479228691667,0.021821182416597633,,,,,
0.01790853908165382,0.01786205656146232,0.019271971729128617,0.02169935516428566,0.029064338773534277,0.03172654267199749,0.015508768937186878,0.016204341151982007,0.017606013885509038,0.017758267641942497,0.02360427879920078,0.02118370676558855,0.02096416573525066,0.02096861959559054,0.020870927787611942,,,,,
0.018222539938381594,0.01835615889623028,0.018625291103306574,0.021277539912945075,0.025948085275856545,0.03603472252834751,0.013630268171621515,0.01775068871001437,0.01705017806124901,0.024507311467660976,0.022039998486164263,0.019354370131634834,0.019637351187891134,0.01914264545360974,0.02031759662206978,,,,,
0.01807532769981281,0.01863202702752608,0.018881387175646514,0.021112628224040763,0.025956768372834227,0.032387415222153534,0.012785384603996218,0.013525314515734903,0.014799353029964143,0.015675111488414877,0.024589242530382062,0.0191579006443611,0.019809389796705257,0.018590790048904047,0.019976879723609283,,,,,
0.018578769352559806,0.01884818067518558,0.018584440461126832,0.02055697026505503,0.025697459640674842,0.034613113164486044,0.01328330049174822,0.013030948466114384,0.014384517463584478,0.015075353948868353,0.01651242033705563,0.019300266559370224,0.020052227121270264,0.018898809241401218,0.018839095422913572,,,,,
0.018139451064454776,0.017387490534738995,0.019036249229442255,0.02259110003801137,0.02374987655838843,0.029315821959639814,0.013351594043837187,0.013331179196417027,0.01361705926438892,0.015248148410209527,0.015502495586048836,0.019077084188579507,0.0183919463513895,0.018844602159292255,0.020014677980357103,,,,,
0.016303266347808053,0.016954215148697476,0.01819119660082674,0.020996820880792414,0.03678988624635621,0.026290706118878765,0.013197098767612058,0.012716625518605749,0.014491616629920306,0.015005614213876774,0.01583368790714477,0.02091221146618566,0.019247375466855152,0.01888988565838309,0.01914415288923083,,,,,
0.016319188936963488,0.016119579287363982,0.01810142704354173,0.021569640799802035,0.022551667749423836,0.028998835189697113,0.01781572576119811,0.013777554568056544,0.014307672920808371,0.015327914735372625,0.01564896442618642,0.01968611496647808,0.019244005975741493,0.0191206301427079,0.01904864508315388,,,,,
0.01656615568281568,0.016102835138939776,0.0191668347806831,0.02843762218622621,0.02213748181615174,0.02556792869898854,0.02599431587350511,0.014287466783534925,0.016251794255913967,0.020330359513988965,0.016224638092605426,0.018663324957359347,0.01979312965783968,0.018786614627309007,0.019669769406108362,,,,,
0.015973792284110687,0.018403789565954832,0.017957357071780262,0.02028731650394161,0.022559027926348642,0.025009783416843432,0.02069706009616359,0.013777907573479905,0.015556176143338577,0.016082686892221986,0.01759273058769118,0.01853641687810188,0.019690067498986993,0.01887133858000199,0.01912569980743136,,,,,
0.01614209205960848,0.01570125630961106,0.01823216362587319,0.018570757052195973,0.02156806235245597,0.02171548698352236,0.033277719265120236,0.014637568086353175,0.016640579268592106,0.017086746309922657,0.016591091840247794,0.018610574991903727,0.019960707291583536,0.018945144117544322,0.018928021655627267,,,,,
0.016773790797987166,0.01611179300792015,0.01821800205667637,0.019361405051404254,0.02160615337310622,0.02339166880452997,0.033317526817644515,0.01778200620050837,0.019170150180694345,0.019853860952441422,0.01875436412044685,0.017376578064165607,0.023566775748384054,0.01941203132312715,0.018971636302716713,,,,,
0.016503778154671488,0.018045974721512384,0.01777564132044853,0.01776513154508535,0.01989652167407382,0.0222557309842688,0.03268698024172882,0.020210455168196625,0.018560190892857625,0.01783124334999016,0.018322637579170024,0.02126522352154709,0.021178486726474804,0.02066245622394289,0.019253708513775298,,,,,
0.016768068079251235,0.016468711250742684,0.017297130235086642,0.017350902071417675,0.019039468159403546,0.021477748136544902,0.03428088079325427,0.019032160914729833,0.020657543958342798,0.0217025974276074,0.018558933032018162,0.01916296044897446,0.02368425476373012,0.02065252062588255,0.0193257854085535,,,,,
0.017209423279955477,0.017980309838880767,0.017325300316440265,0.01718672387323902,0.01854145391948279,0.020159051471288995,0.027882022190781605,0.016357589673239067,0.01658374201681309,0.016729969959685682,0.022458307059217406,0.02124208051185573,0.020430652155003556,0.023806779522885554,0.020104032984984012,,,,,
0.020966222670276077,0.021275513076361562,0.01729937953194234,0.017525219540110243,0.017650580625909438,0.019538446271153972,0.03082218499095111,0.014557850052936798,0.018305924751346236,0.016480815106999256,0.018146528145291167,0.01950667416382085,0.020921434824133067,0.023776688233469172,0.023704069807010092,,,,,
0.0188580868675348,0.018295701871780232,0.017428318888691154,0.016820292818018764,0.01774803988651226,0.018986584885422604,0.02534656512431633,0.014152296871929575,0.014403079243522767,0.01655409463832717,0.01859079004890402,0.019989860153649217,0.01896534583618088,0.026223220148966237,0.02058710576438106,,,,,
0.016292702346488126,0.017448678657686536,0.018261927542302714,0.016758009922252612,0.017137678332898164,0.018453757308733894,0.02333794970136606,0.01773707503254285,0.014492869540968985,0.01506141030754521,0.0153173342725012,0.016512420337055612,0.01696476858914513,0.018061689435328723,0.018638429989435188,,,,,
0.02093886284326123,0.020613674129019703,0.01806235364193417,0.016778120206581287,0.01696906838034822,0.01782897022199368,0.025100720078066595,0.015624558377374548,0.01607300676260377,0.017296999017074613,0.016146771576054347,0.015781814286417575,0.01625444753355504,0.016774969899430354,0.023356892462213005,,,,,
0.01581811703533343,0.015399753319892547,0.017499891336057456,0.01643921144544077,0.017074654214022912,0.016648624609668226,0.02080476584674451,0.019412181650361092,0.014471913782585577,0.014511627882293357,0.01581926488577989,0.016307561610636758,0.01627589724345354,0.020511367846352876,0.016503778154671463,,,,,
0.015449363075955708,0.01536929881473862,0.016402089107528082,0.01623502669514614,0.01640685256880191,0.019004200558529687,0.019385020336302128,0.021607593985418623,0.01488141619239903,0.015118673372759092,0.015144365760132991,0.015534651040339229,0.015798755004361575,0.015712960857285952,0.016755784706866946,,,,,
0.01829385866540584,0.017742503482206965,0.019576842611336277,0.019802301166321187,0.016016362002559507,0.016381358860742025,0.017231866990559012,0.022253181285433837,0.015860205080758753,0.01746994271897984,0.015352750121565919,0.015665179503972976,0.015856749722846637,0.01572766691068778,0.017086442688583166,,,,,
0.015975984350721076,0.015477460551281179,0.015914064495780596,0.01628368470212936,0.02375655160493163,0.015933632348676355,0.017707088099869546,0.02166310445363212,0.015252506964977704,0.014881416192399022,0.01653628069740529,0.016683876962062617,0.015799904261444273,0.016062049083237474,0.017293474503725852,,,,,
0.015476035937908602,0.01543962188266221,0.0156916714892639,0.0159377017223473,0.015748907620186547,0.019676147767310127,0.01803078579806841,0.019125971055959406,0.014830868617620865,0.014815381831440788,0.01472511397208681,0.0155038341139583,0.01557500702358419,0.015556280359127218,0.016607812285349403,,,,,
0.01658374201681313,0.015695803595060124,0.01574182370237583,0.016632159638483836,0.0155666775854466,0.015253697378001634,0.018383129485293727,0.020575762849284588,0.01591390149904025,0.014885228658410158,0.014894287517636601,0.014911345023823559,0.015140425807036636,0.015644073826792445,0.01673245052367793,,,,,
0.015203683759560353,0.015389538284880686,0.01549529901753999,0.015531144130302271,0.018169652382719597,0.014803624693433777,0.016429287464253657,0.01709575761213883,0.01594380383541202,0.014492310219063706,0.01690503208949116,0.015095579422261725,0.014792340447581228,0.014922843472748193,0.015802859110160043,,,,,
0.015079998964217637,0.014898749593000853,0.015144023196207503,0.015318921807798272,0.015348525659734111,0.01654694393003111,0.015640321949542565,0.01613260836421204,0.016228794331633448,0.01448783486646142,0.014546464310761315,0.015111272557857207,0.015110607379614192,0.015073998883104282,0.014898749593000853,,,,,
0.015400174412983587,0.014962920947064086,0.01604112195476092,0.015184904867753547,0.014554464226632424,0.014778195597948842,0.0158663369986684,0.015148647155585062,0.016685120716462196,0.015393267031635814,0.01472192078583316,0.015092056422909233,0.014972300955571685,0.014834256929085509,0.016400448259077702,,,,,
0.01505038397353544,0.014901534991747909,0.014618483389858467,0.01508913428736792,0.014516475617488459,0.014705988550757802,0.016038595117331383,0.015472746256006895,0.020081440876770926,0.01471048570068634,0.020353137313825646,0.015214769482867816,0.01663872809500862,0.014780652729063029,0.015077612121178816,,,,,
0.015084814506405345,0.015673456594738296,0.015105542481716193,0.014605280207020526,0.0144211000151839,0.016572006824070437,0.01407059008475021,0.014322712604450342,0.015032815606278624,0.014512901407332569,0.014824111543866493,0.014855247210499075,0.01491012727767759,0.014560812005115907,0.014632339449613348,,,,,
0.015133571271514901,0.01506278803176568,0.015810223307582794,0.015605143189630442,0.01457761468953311,0.014034387672009799,0.017195324516082317,0.014825511320108625,0.015231127485149314,0.01582645755220755,0.014597641322251194,0.01631916906826058,0.01623967943219661,0.015710484431804363,0.016047811098592192,,,,,
0.018356565160888384,0.01495043403145995,0.015591257425258015,0.015625409186429986,0.014102239817177393,0.013601906798699628,0.017632936620615703,0.012159410564652638,0.01623838159241863,0.01564772119836407,0.016176303582578287,0.014011843830688415,0.015280775439875645,0.01403087552823387,0.013833920857388287,,,,,
0.014553684484005004,0.014382466089403885,0.015077870176479815,0.012690080514649277,0.013999805605061536,0.013786000683876495,0.011441009903363426,0.015652362078407974,0.01382414371170143,0.01547854987303631,0.014590954017461232,0.014222231230627306,0.014541024529778786,0.019816050469912843,0.01650220636252993,,,,,
0.015510943106667384,0.013578143490523265,0.014443543852002704,0.012989078814051237,0.013991998377640619,0.013971150039526665,0.01685293526957153,0.010858228748868727,0.013919323525540438,0.01520556037318322,0.012909956073804948,0.013611438619630344,0.01376125940615342,0.014281565103747212,0.01350103215050083,,,,,
0.019126784778463114,0.01605589093733358,0.013642941444216088,0.01796515563967387,0.0144054428008393,0.013263367248695012,0.012174733768628952,0.013711973977673384,0.014375520804706656,0.013658404479559601,0.014680390332760546,0.0146729673353562,0.01427420728786217,0.014832879837788998,0.01612376260753206,,,,,
0.015024509294632586,0.013455974979357882,0.014167020878556884,0.011046073910166114,0.014613181359996029,0.014075198105206051,0.015472578610175616,0.010433785921689387,0.014277364346139642,0.015048250996339439,0.01470676021832731,0.014507158489050487,0.014795737582227403,0.014199049391751057,0.013872493083744651,,,,,
0.014059063425909743,0.015271627364870364,0.014043810662296163,0.012049665355806627,0.014330860051357355,0.013894142903502512,0.014533619590632036,0.010419356654156754,0.01208236887305368,0.014646425919591288,0.012780311541757424,0.012668190202803888,0.013091718812573462,0.013774141715881016,0.012979714470979278,,,,,
0.014719387766238835,0.015761584820117684,0.014035496587456984,0.014734183248774289,0.013454239924749655,0.014116395881165172,0.015170548969868233,0.015473584457917949,0.014229524776526803,0.013068913427517603,0.013600381087412178,0.013655175553510934,0.013997026082667542,0.013267669108677507,0.014372362747619027,,,,,
0.013990886014532614,0.014063767443641594,0.013552017930906851,0.017978055558717194,0.015980753086339956,0.013770115817042674,0.014803449469949014,0.015568364656513385,0.014401278177582195,0.014425034141023595,0.01310471496953559,0.015071159302625958,0.013727760787273132,0.013157729475114831,0.013606768861695075,,,,,
0.014381383928002072,0.0139780874763581,0.01381419534617186,0.013569066200389857,0.013440544418601003,0.014792165090426716,0.01246250353174328,0.019196771000515072,0.014245011162370395,0.013825081867219436,0.012875879501464287,0.01338368428288458,0.013259675335999855,0.01341042793558864,0.013745110053542163,,,,,
0.015007256330036974,0.015059860217141795,0.013848327791442447,0.016655536990633546,0.013656125316895177,0.013491230060253887,0.01595876446894708,0.018316195032493942,0.013621892116116653,0.018306704078092515,0.012750237668664956,0.013236963355312107,0.012744336499829305,0.01290465560019409,0.014219107537589634,,,,,
0.01507707449178228,0.014939173861187541,0.013156374061236622,0.013642466111870474,0.01848386607728204,0.013064074564140398,0.01402329369462541,0.018566566237471414,0.0129430661689787,0.01317762566875823,0.01904634701079834,0.013009158170985944,0.015244426706767804,0.01303293890393185,0.01279402953643128,,,,,
0.014277023690000822,0.014594620195230891,0.013197712980970378,0.015670911854802693,0.013564095005864791,0.013156078316014827,0.013291304450547613,0.015199588525604974,0.012802845912488345,0.013515913874718424,0.012887030316979211,0.012622780267366032,0.012911563370298819,0.012664708819564784,0.01233520103963744,,,,,
0.014392269467066454,0.014419998267608923,0.017219726164907544,0.01506814704161469,0.013002052876131542,0.01282124446984769,0.014099112537004833,0.015085502315517847,0.013101027846654472,0.018211860769914188,0.01290967979956684,0.012466665607647205,0.012881997283923677,0.012542174073380496,0.012500223594336222,,,,,
0.014353490172499962,0.014743598822383663,0.012802010137405872,0.015632545857788407,0.013706959991719581,0.013003050344717765,0.013009856025691095,0.013569830837906392,0.013779437159146521,0.014062268785275235,0.01498944273548577,0.0131452297297582,0.013486975467215043,0.012451753743122318,0.012355267087885377,,,,,
0.014089726531802049,0.013922328166145652,0.013035053411087393,0.014472249851290217,0.01309964181402878,0.012897115631335214,0.013288376732186403,0.013645674283880195,0.013744756205782917,0.014375520804706768,0.01321870189920705,0.012191473963942621,0.012026636404868092,0.012907167944343278,0.01233330831512344,,,,,
0.014819211285798708,0.0145325263734531,0.022951164702054164,0.014475050120396762,0.012534105638350355,0.012952406941583,0.012864794632143666,0.017945562525671706,0.01545607756324566,0.014166036702423373,0.015059687975025942,0.01175766600464721,0.012045359193180769,0.012049046439641449,0.013484979913246169,,,,,
0.013977089996764652,0.018246669604641094,0.012729062169606358,0.013452697466123806,0.01296209119131302,0.012687346291149613,0.012534416058811369,0.012729469722935172,0.016199518142423458,0.014276455911705904,0.016370746221809947,0.011417406479543509,0.011573246427754867,0.012142866487771178,0.0120871983650261,,,,,
0.014132304503793653,0.014016818152879985,0.012352642495803135,0.01232520837915513,0.012750568256801098,0.012584190832956432,0.012986407543308506,0.012705605866158692,0.01595394851375591,0.014211808645530658,0.01522603879245817,0.011234183857846714,0.011501159809404428,0.01710683026532861,0.011897068547598554,,,,,
0.014876513014739216,0.014067617110793363,0.01561376360561085,0.013462551696727198,0.012863282318946258,0.012933242322550676,0.012715937070102658,0.014794093904806713,0.01674949445641038,0.01686956917027757,0.016688695994032134,0.011187909367263384,0.011560772398907914,0.011772024843448197,0.011921979739481321,,,,,
0.014403979692041397,0.014668900768841654,0.012351487498606045,0.012712264715071368,0.012680060669710488,0.012689288417058015,0.012698381789260983,0.01328537515128431,0.018265921985325673,0.01390179517422191,0.019393983595547108,0.011280987099526124,0.011413316316231657,0.012119212025237055,0.011909054204060668,,,,,
0.014591842872413842,0.014402291304887722,0.011910878234556903,0.014076096493435313,0.012657973722551483,0.012627171974460904,0.012769549984427812,0.013131088475620974,0.016727799164446562,0.014724233162287353,0.019531657728384697,0.015773265157414434,0.016501754444580494,0.01936368247763313,0.012225999501214986,,,,,
0.014605102603914708,0.014535315030123662,0.011780725324688924,0.013946318737985226,0.01261609988864087,0.012616896581059895,0.012957712905067632,0.013439217528087799,0.016977149039655512,0.015054519795193434,0.0190138890433588,0.011935488946096879,0.01058802615470807,0.011761002345859384,0.012154609765386593,,,,,
0.017660864822011426,0.014996968533682088,0.011773236688169462,0.013621344637767364,0.012796132844405839,0.012315181282022481,0.01307169186226019,0.012850748481824643,0.01546723394725813,0.014797841222916431,0.019119951824747957,0.015410424478440734,0.010866855240322425,0.01129982628299281,0.01827578895359327,,,,,
0.014437975464335265,0.014898836644594014,0.01109805406782723,0.013616773524877947,0.013652135866664044,0.012272349225113634,0.012818209388793909,0.012750441108532348,0.015283427569551792,0.015215621896273306,0.019253708513775232,0.013489667794989873,0.012875879501464368,0.01185436689286462,0.012498122374159782,,,,,
0.014709405628372823,0.014594864574338104,0.011512431094122191,0.012850748481824626,0.013320960040280813,0.012384912505644613,0.012568076932097527,0.012851782922945015,0.01363961376993128,0.017790665344170394,0.01875939449388871,0.01740491762734758,0.010316781118925632,0.010896384185416833,0.011262577039157284,,,,,
0.019079259598147217,0.01645113991370455,0.01126004330192175,0.014823586593698231,0.013090728100222142,0.012464454677867418,0.01375303385736271,0.012941663218906429,0.01456419635571427,0.017210176899213354,0.01865138577802882,0.02302908646341051,0.01107114270528922,0.010758150219675156,0.01296609290210806,,,,,
0.016277411209992706,0.016859090763998157,0.010908547904657265,0.012403042194826287,0.014780850159368584,0.012564077486474451,0.012924740679430386,0.01302099171304079,0.015144023196207529,0.017271767915408166,0.01909755381596539,0.017613655069285458,0.02043357208461263,0.010409393781491718,0.01124125282174404,,,,,
0.01835085896823536,0.017201338637440434,0.010400668439256348,0.01209157007403032,0.013269941687450966,0.017057878152482532,0.012651183781510998,0.012867692735633509,0.013477379678544631,0.01764810050355323,0.018990017126398875,0.02532286269828263,0.013629316606373672,0.010168632044234955,0.011541038762901553,,,,,
0.018257239614873768,0.018033518950423842,0.014129803468822052,0.013494594324991914,0.012902117636028507,0.012458131855532108,0.012218544938209902,0.014059063425909806,0.013714527567618366,0.01726833213565382,0.0181205653360528,0.027353710510806123,0.015360372333995898,0.009883163889234806,0.010834313365038739,,,,,
0.018087539566998264,0.01976580285308595,0.010506375687618794,0.011764751153737296,0.01363676083138013,0.012605995519497107,0.012854583065295787,0.012926020045021278,0.018057111130782108,0.01594825690364806,0.020320357276761215,0.027575105777290724,0.01702703785173819,0.00984411154128114,0.011003959416316359,,,,,
0.01833662992460631,0.016485221458110516,0.010309015357524688,0.01191319190119614,0.012359753848980571,0.014024403487277912,0.01279410556563421,0.01301982129465153,0.01354926620109655,0.014741311479111244,0.01818080220611867,0.025804926360615727,0.017751547209363172,0.00980609407251868,0.010594914169849232,,,,,
0.016714613284063488,0.016912395660365745,0.012885445123662125,0.012133330067357681,0.012277236034356062,0.012460291863452861,0.014477289945699814,0.013457059274887878,0.013828013192977079,0.01663792910383515,0.017880199843500297,0.025143685976368808,0.02881217979543463,0.009660014911826107,0.010524629748255026,,,,,
0.015763230461705975,0.019401421961354835,0.010522318907919288,0.011721678123933647,0.012539562744421239,0.012430721879102088,0.012649774091755186,0.012971693223243723,0.016153336679785628,0.015122597552293822,0.018780538425397317,0.024353675073979925,0.029154595464200326,0.009584026374681856,0.010570403057384858,,,,,
0.015234213938876971,0.015396278862444992,0.012030059867199586,0.011654210835983721,0.012523417311340077,0.012560980266901889,0.013000257239814125,0.013148189322821368,0.01382207954542205,0.014533061837040336,0.019148555954021384,0.023653966482771308,0.03419523239009726,0.009542662820589987,0.010607117917704379,,,,,
0.014791025218247402,0.014866941714775986,0.02422834896616175,0.011330888241390747,0.01232278788507055,0.0121514882287608,0.012610315935236146,0.013160316695785091,0.013715756904326096,0.014643414857471731,0.01949259020284778,0.023244455085789106,0.03488891981829407,0.009218968558831371,0.010450212225226692,,,,,
0.015357416800412062,0.01722509177097211,0.01088399834028532,0.011124463140141868,0.013005244506316162,0.01241140483084019,0.012878976519987198,0.01328447210401418,0.015110693210710244,0.014369203996454994,0.020005166228205157,0.021930863358843734,0.03451325127781098,0.009180799282060783,0.013883871038509143,,,,,
0.014799944564597295,0.014486962011620927,0.013326776187592801,0.011218009499116686,0.01285672690613263,0.012220030907899389,0.012938881921847322,0.01334382064189517,0.013636570614254674,0.014355093951019483,0.020984030693308155,0.022297417196392277,0.03481705334866741,0.018248162212545636,0.010156124889459581,,,,,
0.015092056422909204,0.014684365394975817,0.026384257460102655,0.01118341635302525,0.01347331323650274,0.012171883781085894,0.01249679920242387,0.013416036121082003,0.013654819375210342,0.014095432495562102,0.019207932302607412,0.02257174444762662,0.03182042650300991,0.009205452963471625,0.010258315594929108,,,,,
0.014864651538380945,0.01593019291760321,0.01978146259969035,0.018609181147546013,0.014167043765560466,0.012322130059956178,0.014643414857471747,0.013081833098380267,0.014279294577419005,0.014392269467066522,0.017647494198407953,0.022022337638492623,0.030441545307348623,0.009339173347443648,0.012730896056840819,,,,,
0.01489718257733865,0.014683482140814516,0.03374339540439928,0.011127464840912902,0.01372717029058172,0.012524660006652004,0.012770159371320606,0.013064372392100737,0.013808185315656378,0.014394972672196705,0.02144360268382058,0.023018651096378673,0.027422529125464227,0.010559231667423032,0.009766999149662342,,,,,
0.014833317023479883,0.01469937259557123,0.02289968312637127,0.01015024886946087,0.01568745562007735,0.012370242840900195,0.0127549159646683,0.01344633295399368,0.013751359862618035,0.014521567346961643,0.016918222881015056,0.02225201561151918,0.02869427082990188,0.010147980582433576,0.009819839581375781,,,,,
0.014594442462401032,0.015410277195198531,0.028754334461487643,0.014815994610651915,0.0139557314923339,0.012140169268759573,0.01517858310971391,0.013436877056403914,0.013712990741754777,0.014360807367546186,0.016842157740940902,0.02026667266419014,0.027164822604088132,0.010299323532901625,0.009846219318848107,,,,,
0.014372813941115316,0.014383187485105208,0.03928939480800186,0.01017516665357179,0.013612296156128634,0.012167087903410171,0.012662660499960987,0.012971218289852914,0.013705233053121817,0.014196217520219743,0.016489154705159183,0.020347066789464317,0.027958761228582537,0.010037466432151585,0.009886936020472496,,,,,
0.01471365933188818,0.014321263684186862,0.03697537083428687,0.010177811180237455,0.013075660030608744,0.013221963847501557,0.012917112028297135,0.013383611602942479,0.013565242366297029,0.01431730104419994,0.01647294369126669,0.020465236044785732,0.025624362714956415,0.010819728990896425,0.009517213315470941,,,,,
0.01863141793557619,0.01473391917401469,0.0383617664763992,0.011312330091871268,0.012363137521057253,0.012396034146205397,0.015593919128173293,0.013206137103586472,0.013824167166365342,0.014311321042616966,0.016482388939051965,0.019690643843689175,0.0253749481434537,0.011971294516859434,0.009513124169879327,,,,,
0.0145340657780944,0.014482932769131929,0.036628778593931516,0.010016512174661357,0.015798755004361675,0.013644842608011201,0.013027788021495559,0.013260824584562556,0.02023516267834322,0.014432584656515072,0.016141871104696937,0.023219821743288464,0.022614912796196197,0.01329386567519785,0.010444470614259531,,,,,
0.014711168970788675,0.014504051449538488,0.032635119245962275,0.01004105143202925,0.012397812682845141,0.013988406053403964,0.013556802217608157,0.013611414798400834,0.013906389178655568,0.0143027090750729,0.016366467541340832,0.01878166059930094,0.024242597360519185,0.01602081514160658,0.009670481602813485,,,,,
0.019013479770653124,0.014574767386176314,0.021279170385701197,0.01077997891844422,0.012022079262098214,0.013264931722833374,0.014382916965957374,0.013519559797133917,0.01381475865248192,0.014430450238741902,0.01634299413463842,0.01870053591547601,0.023296566577754266,0.016140585488853287,0.00938046636182049,,,,,
0.014883246297963327,0.014602171840797417,0.03004270554231766,0.009731979295776837,0.012954409447267662,0.014393891451064815,0.013700500599345153,0.013525985740086774,0.014951648494798202,0.014636593397431228,0.01634013696087226,0.01856111676372842,0.021516300439350416,0.016953450151363805,0.018047412063688137,,,,,
0.015318413814403532,0.014696703317443511,0.028983904483430977,0.009748224461443215,0.012112387759801927,0.013056403154363957,0.014710463659186896,0.013705800837766086,0.014007747365303327,0.014532280946048541,0.016222899349871527,0.018789600222279906,0.021378181740239005,0.017762503129610526,0.009284051489681299,,,,,
0.0168317007973752,0.014897443758062104,0.029293681998175097,0.00950016359716312,0.011741991832414806,0.013278613008935193,0.014983882463763542,0.013751171230717507,0.013891528967576715,0.014416040275826289,0.016500477218241952,0.018295701871780135,0.021847081141081467,0.0264385688980147,0.009298812821042965,,,,,
0.015040039443708625,0.014718506613762105,0.025978357327975064,0.009802522375415037,0.012606844289442786,0.01254341491043142,0.015138819553732828,0.013677382732019861,0.014443005069603743,0.014443005069603766,0.016259932260828037,0.018059391451068267,0.02112440427791485,0.035884032649743346,0.010041826398857168,,,,,
0.014856905946554859,0.014824745833852153,0.025151924864175553,0.009589167366881741,0.01181049512116238,0.012772596628150244,0.014595397750914363,0.013966763059473366,0.01426536835352072,0.014789074079305744,0.022782556126073633,0.017988386858355465,0.020382985599829817,0.04654580890037036,0.009574785951061949,,,,,
0.015152263991732112,0.01483320772826519,0.022754345104075698,0.009674939923063714,0.011747651295872436,0.0128356007821972,0.01445252060161747,0.016040232553383174,0.014516654304895635,0.014652158510413522,0.016155925849287937,0.01798103114884391,0.0199992494845936,0.04119095793843617,0.009509033265842912,,,,,
0.014867268854033862,0.01575559734909221,0.02313106467514702,0.021307386727392907,0.01172234198465608,0.012193468479123877,0.014097203635420861,0.01389376951419348,0.014995930717097728,0.014867377898853529,0.01638066608108653,0.017941822054133624,0.020143862324946867,0.047835234612531,0.009973138719926338,,,,,
0.014722801733973421,0.014742169274427768,0.022711513163018705,0.009692183998551856,0.011771776950750133,0.012608053044965825,0.013612010316631834,0.01367237977567207,0.014483917798582477,0.01495479262907389,0.018763283033388197,0.018159799165572945,0.020788738360173704,0.03163913441506194,0.009807813314633105,,,,,
0.014939347492762212,0.014686131743936244,0.02214626808885927,0.010009226130498155,0.011752149314449201,0.017653831814004796,0.013537846533003361,0.014630899030790971,0.014242734808743562,0.014648617406434727,0.016364585360072324,0.017986854666938643,0.019745451246987514,0.06024133549121232,0.010360218144533364,,,,,
0.014733479038897292,0.01629021453270127,0.02179144415547474,0.010994408338797623,0.012407642342130952,0.012393496674286127,0.014470838310282345,0.01421217367915958,0.014432337529563641,0.014884880130647243,0.01620770240097915,0.01784424007687592,0.019673922992448793,0.059074549686376605,0.01398921730402596,,,,,
0.01465640670585049,0.014845116170374649,0.021385566748957047,0.01017016247556038,0.011966282767394443,0.012430513206657104,0.013616202027866996,0.014263845413437521,0.01524868000797903,0.015257863092190451,0.016332197744474367,0.02053512911120098,0.020074852106481033,0.05737922417815649,0.010823923636734158,,,,,
0.01493222694263748,0.014808705272595675,0.02066107525770519,0.010449964004606321,0.011863088979568814,0.018014234183119957,0.013551850450279786,0.015009330325232537,0.014338821967608899,0.015005506173618682,0.01648012650821416,0.01779795398700975,0.01924907683572905,0.057369051761185716,0.011250940178498262,,,,,
0.018404494278884468,0.01705337259515511,0.020598521138344345,0.012262437555953604,0.011811593215165615,0.01231678721912625,0.019620171777137874,0.014493563070154364,0.01437344558821584,0.014969853621744269,0.016223538909094413,0.01779658759385688,0.019486717494927672,0.053348905607403144,0.014380662441826585,,,,,
0.014877733512221086,0.014574611658232211,0.02062193041552355,0.01115252512433,0.011698640995917648,0.01275616152593884,0.01363390729584257,0.01443617875206795,0.01599681427105892,0.015320276374501484,0.016897530989698498,0.01968352892203857,0.022617091988560996,0.041608931669172906,0.012420466701094835,,,,,
0.015257331814379002,0.014983384751303428,0.019746108077813972,0.011666195861634214,0.011920674216685424,0.01290023268611931,0.013687430536727264,0.014389948811002655,0.01446321809201545,0.014998265703426088,0.016241576088396707,0.017783173151959916,0.019006469607829805,0.04395753772122939,0.013861059004976948,,,,,
0.02003140575188613,0.014936894759679287,0.019293293376189354,0.013042513637389452,0.012357235166123571,0.01273802533067429,0.01432762425905504,0.014340630877540651,0.014918410338137993,0.015051611914198945,0.016438422481319985,0.01778512397790134,0.018774961089545437,0.041242626548294976,0.016147072786014672,,,,,
0.014897073750685663,0.014878016827674614,0.020085315614361565,0.013015138568566988,0.014306403790815762,0.012424251403589938,0.013711501038457368,0.01465580937777425,0.015029515206122309,0.015573674612853012,0.0170026647832897,0.017533450725605897,0.020034756103763568,0.0392374927336504,0.0234069667708284,,,,,
0.015493624917877855,0.014863429966684268,0.019570614130826586,0.014703871768976685,0.01242777405603366,0.013797849459336483,0.013973261797958379,0.014811529495895611,0.014675861867205302,0.015301979606656612,0.01654657161676278,0.017693734080633836,0.01887078875887897,0.039152028940380654,0.01739955157023389,,,,,
0.015785121721006504,0.015171767184872393,0.023940896169686976,0.015619182683219365,0.012459797436856409,0.012803225792217227,0.014117498354950514,0.018039720950436607,0.01516415708100585,0.015205389781515288,0.016392142652089853,0.017448845899822547,0.01873490409620093,0.035104042871134514,0.018783576772048033,,,,,
0.015138819553732866,0.015219563687257817,0.01929892252732397,0.017348939797545804,0.013801608848126841,0.012943066168978598,0.014102262809316122,0.014304703886762972,0.015264406917608211,0.016109699929509783,0.016691027284198537,0.020648752324565117,0.019416039651054987,0.03241895555886301,0.026992396126230365,,,,,
0.015440860866805932,0.015249360426082645,0.019008789558607114,0.01891645523227918,0.012364606113723803,0.014695401592759432,0.014049166014571226,0.014379647790645744,0.015337874855430502,0.015376048264917935,0.01656950224061345,0.017780164449442405,0.018859806162507372,0.032704989227060104,0.02277748897712707,,,,,
0.015496868321724701,0.015427352672633806,0.02579185536879085,0.0188903147732576,0.012612167088920675,0.012936877012649435,0.014079804617554878,0.01455439739318685,0.015209334224349063,0.015607781750215939,0.016610623416662165,0.017560558567554688,0.01874030303456959,0.03168296590920243,0.03171504324212123,,,,,
0.015423211713635178,0.015539492615001125,0.01888686441374501,0.02120720397493678,0.012735810590808106,0.013210482144273124,0.014155229154859091,0.014586508930238993,0.015223291469069918,0.015583352816450825,0.016700737490337767,0.017708992379233787,0.018653037211551437,0.02977741608581074,0.0232278775571721,,,,,
0.015737044375934126,0.015478130912203281,0.019083966471433355,0.030805654069471184,0.012481923337858135,0.013781978249200555,0.014302595725146522,0.014704114332347076,0.015314688014638504,0.02045881842199482,0.016671512110060065,0.0175856518930932,0.018654167055514273,0.027247390137214746,0.041286000827778765,,,,,
0.015591153443266174,0.015820986505300928,0.019748341139213723,0.04150750451120541,0.012753009257734094,0.013411201617843614,0.014493227495660307,0.015512427220419513,0.015276021671628216,0.015824818485680594,0.016782757619287818,0.01758581783260594,0.01843807780137597,0.027248342111708002,0.04162195882324729,,,,,
0.015246553505690276,0.015472012792084381,0.018854647807258578,0.04101475984982019,0.012653233958978912,0.013547543094443129,0.01677873860233024,0.014899685370973574,0.015483660282397695,0.015720057781544245,0.01686149464367132,0.0174945729438055,0.018466737310320846,0.027189733672668234,0.0634873126537194,,,,,
0.015499546233881093,0.015541996285944418,0.0186148429910041,0.04125555716781268,0.014465795968028975,0.013380195200338786,0.014892219273276733,0.014906756211582654,0.024223530712185738,0.024556941272825362,0.020168394189184282,0.01765390528026366,0.018798433424476638,0.026273039455615606,0.061508262793715844,,,,,
0.015687352275725316,0.01569200209776928,0.019902338624977704,0.054263759990630295,0.012895079083863802,0.01414560532654394,0.014720092650243087,0.01503400184759521,0.015785121721006604,0.01596597552384577,0.01702370505156756,0.017997685362140005,0.018577530203045627,0.02608834591492684,0.07490736258044509,,,,,
0.01854914675820163,0.020453239000631614,0.01876673883653631,0.036986032529169814,0.012945070119611119,0.013622963205773518,0.021916902171808177,0.014929186649279377,0.015450622264589287,0.0160899431675552,0.017253830495511248,0.017808881358100336,0.018338486512932982,0.025368302716714853,0.07418345394622557,,,,,
0.015988157025675694,0.015804582516789643,0.01883295006995063,0.0660861700257469,0.0143831874851052,0.013881652251777616,0.015058998986861728,0.015232511145191483,0.020991121868581188,0.01609107162739995,0.016722312774425832,0.017598719445705072,0.023398432182479053,0.02436565458311672,0.07486833045409143,,,,,
0.0161551029799351,0.016020815141606567,0.01869861123297459,0.06649722011024377,0.013270723560046915,0.014470278136800671,0.01512345516084828,0.015523062697956018,0.01579949382208273,0.016042152790111574,0.017713953530085598,0.01756138943498653,0.01857145542937415,0.024488821658960668,0.07516476391848542,,,,,
0.016696290916851177,0.021535821717762506,0.018850846915972372,0.06345142459452559,0.013548189285119869,0.01402847197586295,0.018736842355631163,0.015460167773979641,0.015869994581109,0.016207942463519868,0.01714136729086743,0.01795134336341304,0.018420695235333247,0.024288015904016278,0.07304814960467552,,,,,
0.016200899150774672,0.01619072896813324,0.01851375074634411,0.05488833434393864,0.017568773196290837,0.013868916563208196,0.015156799867548927,0.01564332766875205,0.017014865209858183,0.01804732223315583,0.018954195644425482,0.017702527983277493,0.019058259934810085,0.02359152785395959,0.06570251925670584,,,,,
0.01622569723535693,0.016230892028829266,0.01857346311748752,0.04983462901347886,0.013670174099813488,0.01426684567734371,0.015318583147406958,0.015573841170428428,0.016163771108457167,0.016579831208805736,0.017231866990558974,0.0177801097410477,0.018403578146813815,0.023378469042057672,0.0607263792640714,,,,,
0.016889834585647426,0.01993689568831342,0.018304915119637846,0.05014697586907775,0.014083465719802816,0.014144138263488358,0.015427352672633843,0.015673291095760208,0.015985317563947717,0.016347457468931355,0.01705027314530444,0.017969486714955837,0.018530276132681378,0.023356003995840306,0.05425021234974623,,,,,
0.016561672976068607,0.016160019503168057,0.01854664693561555,0.049363792327633604,0.01462894869932212,0.01465693764370395,0.015296554139146715,0.0159803675818684,0.01702063829903997,0.017766244853832845,0.01816845671557382,0.01812149577583943,0.01878702884223977,0.023070654242400318,0.051386256551455574,,,,,
0.016627967724430582,0.016575939039059018,0.01850182019601452,0.03979935768743632,0.014584552662668289,0.015136998927270853,0.015695782937237147,0.016047164535744684,0.016363396502461654,0.016542867623273717,0.017506708373947286,0.01772859089541327,0.01853090604637595,0.023086164928853486,0.04413883303528621,,,,,
0.017008766090498218,0.01752625558731883,0.018464208770040298,0.032437603150611755,0.014175623786796501,0.014589553961099556,0.01620193983290825,0.016715486200482785,0.016635902222393185,0.016662096231446412,0.017356880966357062,0.017968674717859276,0.018375367143653988,0.02227972755026871,0.037908254436193896,,,,,
0.022991716975971948,0.017010576994798035,0.018531658415227546,0.025211939596607287,0.015441805787886257,0.015077074491782314,0.016104788177750875,0.016280657795030608,0.016695047994613715,0.017253586192555223,0.017596876937251597,0.0231240688584072,0.018468510593821517,0.02172563790966321,0.03853663252796713,,,,,
0.017084374124615376,0.0169843477109908,0.018946530359499916,0.03157878730853533,0.014882091614702306,0.015559364830348569,0.01605686024476158,0.016440000371698835,0.01965913420533977,0.016885322593852167,0.017171152552408815,0.018131924168870866,0.018278680598335838,0.022382526915692244,0.035006229880622144,,,,,
0.01736494920909863,0.017782206775739103,0.01880808998926024,0.029737067449549615,0.015159880065808354,0.015136420564801896,0.016685198448033872,0.019246381528319048,0.016963392425775672,0.01676004138262718,0.0175086529659905,0.01787475879255211,0.01859997915513307,0.021732278228478178,0.0334776783791001,,,,,
0.02608267786977527,0.017197568274386222,0.01866688611528205,0.03623127894359108,0.015435925339155464,0.0156582440738339,0.01638383283466477,0.01647215634281374,0.017129105533243354,0.01716253979630291,0.0177139535300855,0.024488623052691297,0.0186210254989474,0.021470077695314338,0.04239705881834787,,,,,
0.017402327966085047,0.01734641654782496,0.01881462260213979,0.027748819064551806,0.015667663090337722,0.016263939927836688,0.016700640416222986,0.016836766389539293,0.02150048667234462,0.01711594465669778,0.021827125206812834,0.018166225782915144,0.018640117360398355,0.02110241289767295,0.029631420218340154,,,,,
0.017680535025625565,0.01809038960885224,0.018938707887899857,0.025289036817998718,0.016593749485320983,0.017467715385355926,0.017101825707256046,0.017564490992799803,0.01709499894879955,0.017317363389247987,0.01768590749639643,0.018385510455826072,0.01866763300367699,0.021125524733625136,0.028672894853901842,,,,,
0.021213930150812892,0.017875466222832485,0.019025839332918782,0.02508553731290334,0.017054133110267766,0.016698795900822055,0.01799896443146466,0.017216411832632388,0.01756720440668985,0.017445054684370402,0.01773738579670948,0.020293708474957258,0.01868785710834637,0.02078310709841076,0.02753150619593224,,,,,
0.017755930388676254,0.01795004283724058,0.018846030206242634,0.02538638187155739,0.017000376228551082,0.0166369351832143,0.017167923275215633,0.017079306033294002,0.020182665236361235,0.023820762836222368,0.018887963104074007,0.01819433336436173,0.02121276850917468,0.02136068713685839,0.027686585851197588,,,,,
0.017888811456238676,0.017916358898878132,0.02025130806423009,0.024354673591466692,0.017253830495511213,0.024634982791990553,0.017289780492788367,0.017986854666938695,0.01767481237407397,0.017643231101368017,0.018047986968506808,0.01831157411880453,0.018420131962996182,0.020813117695419183,0.026147749007796293,,,,,
0.019247527080086074,0.022764032787835307,0.01899814274649257,0.022941103768382983,0.017826060195190604,0.017368963257197546,0.017639205939429897,0.0175875877566569,0.01771439282702504,0.01825169778462441,0.018138307034618068,0.018828077118413365,0.018566705946535637,0.02070457842861686,0.02453379759628986,,,,,
0.018470669907186637,0.018386074788821226,0.019107653138145435,0.023251303120858262,0.018001576332969588,0.01800820345810059,0.017662186641346028,0.01786516036869759,0.018560977012594244,0.01918352436557815,0.020810796342509725,0.018471319407348218,0.020480883438596147,0.020393624893895408,0.02465930696676797,,,,,
0.018672356814823328,0.018613223008623274,0.019435551728744276,0.022159440965836517,0.0191802281823288,0.018265194174128637,0.018456621070752525,0.018474197998013725,0.01813487451208469,0.018455918348210174,0.018251999786667767,0.018750819576364736,0.01878702884223973,0.02038209476427548,0.02447659775187981,,,,,
0.020330997448270632,0.01862689262899388,0.019335044443506692,0.022263305509295516,0.020638275973900267,0.018006312815101577,0.01819834264396677,0.018471810905803483,0.0184285792403195,0.01817650364440038,0.018087467862041157,0.018776670727686774,0.018560330649910927,0.020238927882946085,0.022801491025038482,,,,,
0.0188281287817573,0.019011450330004825,0.0193001321603774,0.021969402740658627,0.02029596116486721,0.018585748932745873,0.018256973219220554,0.01865887689849804,0.01863133092081499,0.01921988003301,0.02013892016573765,0.018866681775627666,0.018915272488334873,0.02039405416592183,0.022349357589982487,,,,,
0.018899375403529855,0.019196771000515055,0.019321624107757562,0.021167721117090404,0.02085375396143415,0.019178926456520556,0.018670967582666592,0.018612526198643727,0.01854383204675772,0.018849488040373244,0.018534895002638083,0.018975925614948347,0.01929623418238579,0.020519475678282193,0.022509602525724332,,,,,
0.01953988998461178,0.025092451455781095,0.019301207326115826,0.02075163129195729,0.021653882556169523,0.019944700573566638,0.022944170559658462,0.02828519307432992,0.019140341727162422,0.01876934754636911,0.01871398582431825,0.018991724477908374,0.01913568260938006,0.02018330783881986,0.022305573562261104,,,,,
0.019473884543910098,0.019601935238552148,0.019660453612535257,0.020585735494119524,0.02485126897983724,0.01979910799816882,0.019142459133099417,0.01883432735417813,0.01949059401340866,0.019247779766150296,0.019174192163160547,0.018757683281133614,0.019119409153053026,0.020021286553255024,0.022846453509990677,,,,,
0.019799157127733207,0.020096370652134626,0.019882452939719297,0.02055818473455115,0.024756102724843625,0.020185155206933945,0.01941670762526138,0.01943081321403005,0.01947295211945476,0.019124750407286752,0.018873554883970613,0.01885265286484853,0.026503500289615272,0.01974957249888357,0.02111010941480476,,,,,
0.01992155343623739,0.02137234168290443,0.026142044230108352,0.020220543839921445,0.025626501087319325,0.020312872319613165,0.02223481482283384,0.021141956374001448,0.019619510730159773,0.019166073510953306,0.01898154639298289,0.01933772739301495,0.01934364533420725,0.019872992110745464,0.02099453528392482,,,,,
0.02300993020499421,0.02022310931277304,0.019987572964800034,0.023924530159371363,0.025735083092746653,0.021110278368729595,0.019944391688248995,0.019511726612794125,0.01997264303320097,0.019775823240271495,0.019122308876185747,0.01926726029858727,0.01914982588072762,0.019860718946984313,0.022437969906774262,,,,,
0.02035458696124184,0.01992981987090918,0.020300098433308274,0.019856016577389706,0.025648557665197212,0.02268858780979937,0.02003030503091932,0.019773593282466657,0.025435379981216515,0.01950840278046081,0.019438204125202477,0.019344835409641967,0.021525400521869943,0.02016839418918425,0.020246119880032224,,,,,
0.020855199905419865,0.021543167738206494,0.02154628301905224,0.019857371888399113,0.02815107577396741,0.022834244975539392,0.02154700533868569,0.0240220865631754,0.020299156040917712,0.019721330421856833,0.019562328505021955,0.019348455470741988,0.01910067753803519,0.019518106784174722,0.02001255564730625,,,,,
0.031025439691617793,0.02095805560277014,0.020138066836330366,0.024395963054857812,0.0339202758572413,0.023367815060428378,0.02120773908975035,0.02051516138297898,0.020563530701784304,0.02009809694833599,0.0196212459309777,0.024484584375807198,0.01938269523217232,0.019572386799121867,0.01975508804805581,,,,,
0.021211408084806534,0.02124429368886532,0.02026923229852612,0.019632810017186707,0.03401124075466273,0.02389476356256501,0.021293869476400478,0.021065766016986526,0.021609394615753022,0.029281957973180398,0.01945116063379377,0.019620452715359435,0.019594903937375476,0.019614750534261944,0.019295982130845053,,,,,
0.02175881923893721,0.021268089853276,0.02187425365843065,0.019516528550533322,0.03664849572383175,0.027305874824580113,0.022075277794012745,0.021779850114931547,0.02086235041266422,0.0202939641119218,0.019953672417481215,0.01983000280470176,0.019551916784390597,0.019377140617048063,0.01932016408422862,,,,,
0.029655046533891862,0.02538496411351513,0.02050290889470884,0.020524642156998653,0.04684239834254075,0.02559885297513963,0.025496596938983634,0.020833967106273717,0.021310734270671615,0.020994210956102956,0.02056077115775243,0.024162483427604395,0.019573181962642038,0.019187580429173432,0.01896924343628787,,,,,
0.022437507484532937,0.021971867313642438,0.020768374366048708,0.019078171924370006,0.04012785323207389,0.027213394746710782,0.022233706519291324,0.02154587670361678,0.02138018367838277,0.020660259188813413,0.02076576695769501,0.020060116441841937,0.02027414269201224,0.0195114607270445,0.018914809655355105,,,,,
0.022881963126185,0.02310660513098519,0.02130670193783967,0.018885765659499155,0.052069696395150154,0.03948265005721924,0.023063246459321944,0.022522678068461772,0.021572151044797035,0.021002487470175007,0.020731574930004288,0.019949772111552484,0.019813841403875182,0.020806885289920782,0.01821570599180501,,,,,
0.023378912852596075,0.023340672627494362,0.020981372816416266,0.019130852871812085,0.07035248954474076,0.02839439920832662,0.0273277149889762,0.022326844590160863,0.022087450761168692,0.02113620445185692,0.021455922463507353,0.022606466441631418,0.020020250058625077,0.019233893960693364,0.01800703308346031,,,,,
0.023304234117533684,0.02292579194445593,0.021183262882689208,0.019008789558607124,0.06457019107824795,0.030492128736419145,0.023740768714435638,0.022762779319842323,0.03375100488924476,0.021708273957260427,0.02160748894401723,0.020206989534033555,0.020268144493430697,0.019129920676829667,0.022253399842495164,,,,,
0.023598192731136967,0.023704411772106367,0.02348564043390387,0.018882074063783658,0.07100791947266731,0.04497510549861975,0.024607591002317224,0.0229872037297892,0.021770245755226836,0.02120120976628061,0.02181963702601884,0.020815283019429264,0.02003294342255682,0.020382094764275476,0.017860949224851472,,,,,
0.02465350765287682,0.025527506014112192,0.021328862733554717,0.019001692346697515,0.07766307311987733,0.03389182616445202,0.024993325971230756,0.025642893566078656,0.022774171946192558,0.022045058653190494,0.021562529358190266,0.02138121490669812,0.020355622360474918,0.019302567996891944,0.01754180743647332,,,,,
0.024282889027620203,0.02428822950038076,0.021849233035774872,0.01871675779954861,0.050301194051185404,0.03715892613134559,0.025384504283090893,0.023815167773162532,0.029718525558536678,0.0220670656938125,0.021593859241839007,0.02060989872503368,0.020833360136895584,0.019064162581681636,0.021592958297695964,,,,,
0.024696096234616743,0.024832578277643805,0.023735578275105182,0.01874902111242523,0.07149524389393759,0.04143649080469391,0.025840498708918754,0.024803522336680286,0.023030269121607848,0.02200945100303437,0.021607714032109225,0.020990256842608294,0.020402065585847447,0.019564831133849023,0.017332429219107263,,,,,
0.024533599354113096,0.02442992389335993,0.02237035507959665,0.018675569018378593,0.07112880431044154,0.04152780976078768,0.0274149607926075,0.02485407398201606,0.023728022791561984,0.022615428939680767,0.021598063150921023,0.02180239255252516,0.020410471015188603,0.01926301902584805,0.017048447438784017,,,,,
0.02465646665692694,0.024705075001041216,0.02295247851522378,0.021076460631715914,0.06196028312054934,0.04415860385957034,0.030391741864350036,0.024601054610430148,0.02418126299355216,0.024736448802628673,0.022162952410716006,0.0216291916558692,0.020538286783016245,0.01920865815356733,0.018304206572905657,,,,,
0.025978344846777975,0.025729085184580305,0.02352476144586741,0.01872091499281581,0.04936984144940224,0.04861173616045302,0.02726115483204774,0.02573382314400086,0.02433369611980572,0.0232399211624677,0.021867730588800652,0.022096066164960737,0.021205675001063056,0.01896226821756803,0.016865859213094473,,,,,
0.027220209133142284,0.02720023767709507,0.024255741267411812,0.018848043052522134,0.042753474086841534,0.05027820885055771,0.028356965280129588,0.029161545532264122,0.025183771986702432,0.02332216158281242,0.021963793699690808,0.021917612277272926,0.020747255875477235,0.01905029611954388,0.016902979689687618,,,,,
0.029116590995551955,0.027170073962368396,0.022703788262738812,0.02349633758728274,0.043300749318490275,0.060031504512638424,0.045597720286205665,0.02637019488926073,0.02580643412595846,0.024161517226715657,0.022882685792578177,0.025060552974043405,0.02133858978197813,0.019185975006533577,0.018983169104331128,,,,,
0.027860954054688775,0.027277610995861457,0.02301053612495291,0.018871338580001902,0.030018833470959468,0.0812889921160892,0.03045015031202584,0.027876730479212575,0.025807740784668704,0.026180564510403487,0.022364513144852306,0.022222270267110187,0.02169325779950186,0.019345103585547384,0.016550176824643506,,,,,
0.027653247644080416,0.03109140821507615,0.03194428592324614,0.018981665965921768,0.026879786104710247,0.07218276243318954,0.0325483678018629,0.028129240909549175,0.026329341404474006,0.02469125107059173,0.022458610243839806,0.022514499543432605,0.021597507681284395,0.019140426427897227,0.016447828413240235,,,,,
0.0419355614057969,0.02831085916341367,0.023385749244266858,0.01900706668104554,0.022471542310489458,0.07896585443855818,0.03658621961953227,0.027899041898584734,0.026571079779547677,0.02529169070905883,0.0239089124024614,0.021956115847901938,0.02178491117388403,0.018954315389906037,0.01794917576744176,,,,,
0.02909438858092514,0.02941903168693342,0.02368459701492179,0.01880262429293496,0.022057071897347773,0.09230060466633952,0.03182018194902924,0.029653023720813746,0.02649268332306659,0.026335805887776162,0.023437823265588666,0.02237255809304577,0.022404766886442187,0.019137715818445138,0.01627539919736202,,,,,
0.030331254052796772,0.03327888846263933,0.031197765228617357,0.018948292965141573,0.020684523469330987,0.09069217513270382,0.033478656578784176,0.031148754531061276,0.02768700744829471,0.025729085184580325,0.02317936079505351,0.022424208767020823,0.027085271652237647,0.019077509092754075,0.016064935532247093,,,,,
0.03210256175521719,0.03151213104749046,0.024048999233164614,0.019242388410430425,0.016989386874553054,0.10800982723923103,0.03661769411119843,0.031136677245709784,0.028825231022443797,0.025835566960356247,0.023554114627450634,0.023571246801392914,0.022272740927682434,0.019248403044259343,0.016268703978366317,,,,,
0.03141225820688584,0.03127255772889765,0.024972560384597983,0.01863712521643773,0.016183918582791276,0.11689150195921968,0.03667268515732611,0.03187625789261486,0.030769846999889255,0.02602494529502551,0.03580805149353111,0.023004123837285995,0.022171553100330494,0.019115932297037688,0.016105674014182773,,,,,
0.03288354077446493,0.03260628409347377,0.02691098608437338,0.018946102517865906,0.015148133452022629,0.11611760950404197,0.03660079532842414,0.03284910050164615,0.029092605414498193,0.026142279886878173,0.024019751361964808,0.023150680931236442,0.0250558429907193,0.01911588141152309,0.01606655010269302,,,,,
0.036173143052183984,0.03535673264400739,0.02430857928935941,0.01902739010398837,0.01413000999306376,0.1113709512489134,0.03983896444431745,0.032835229354825225,0.030011660584118745,0.027030328359925606,0.02474634322790403,0.023243157776521587,0.022581438675382086,0.019246718462387107,0.016737197452912873,,,,,
0.03453211064063828,0.034282195480115824,0.02572700575138925,0.018851397318720473,0.013261998182430675,0.10129936352654077,0.04364146585452019,0.03416980155639473,0.03770980291875745,0.028156154704122638,0.029082628810995104,0.022976763452545887,0.022658056140752836,0.01921459897233882,0.016396968326342742,,,,,
0.03647032886009563,0.03597983783855284,0.02722592618322731,0.019105158508041748,0.011856527505804326,0.10190418991811065,0.042067299093185746,0.03758530871489769,0.030797769558050733,0.033869968235030884,0.025080625175190302,0.023502850113196652,0.023416716777231155,0.020560755387865136,0.01597630907575039,,,,,
0.03663996591602237,0.04452176825304929,0.025727207400754435,0.018781229001888222,0.010601155435213309,0.07006465695734461,0.04605982725313922,0.03707695291769703,0.032354160552669806,0.029099826563660475,0.025610693160512694,0.025749643624641296,0.022772933274279424,0.01949510178413518,0.01577616333793966,,,,,
0.05354023022709724,0.03811941199436695,0.026114047972327057,0.022005384624393828,0.010429310009529846,0.07006680419516437,0.04701849410162146,0.037886171920289306,0.043286557017837964,0.02908784605395516,0.028950548237046195,0.024498366101641012,0.022816388888949768,0.019451544028275463,0.015674284063417077,,,,,
0.03845989766710039,0.03938128768737847,0.026555944027113563,0.019107737983782142,0.010640842210641476,0.0750108648276565,0.048816740296369926,0.03918695337769416,0.033641694032064046,0.046488317327956635,0.026086357267405113,0.024622976297045,0.025073746565685732,0.02178156207530412,0.015885861587998328,,,,,
0.04070578873661106,0.04180167887050908,0.028353065929304817,0.019196771000515006,0.009170480835845452,0.050505214824680116,0.053324248585143084,0.04020947715858873,0.03424737236301095,0.030537181891493122,0.026820892138554684,0.02461982888984828,0.02333626855264181,0.019550258355322835,0.015744974791913453,,,,,
0.050163906972535914,0.04201293258646742,0.027328960776285847,0.024263653592979176,0.017032388012289373,0.045426930780998534,0.06230562268793775,0.0419412594176001,0.03738286187871281,0.0320971476144225,0.028721558289582463,0.02491959487371303,0.023437767929169656,0.019383765818358097,0.017946285232223854,,,,,
0.044013745540829013,0.045273161379323405,0.028837702922672178,0.019324711610261766,0.0091497735974728,0.04356848279071836,0.05650592582324715,0.04441578733799248,0.03594348413989948,0.047156934961358844,0.02721434791038355,0.025187994630801538,0.024397358544872086,0.02083882222485106,0.015370986455130804,,,,,
0.04758033584452877,0.052979858861367315,0.04379004373282406,0.0194014219613548,0.008120957733334776,0.038194657708602864,0.06263223082588804,0.04662237954991724,0.03751117452985901,0.03305913709667024,0.027459300412041455,0.02672390713470342,0.02406301696024272,0.019705129256034015,0.015337029236697107,,,,,
0.04885453858415343,0.047432809574557186,0.02887675938756573,0.019496249352648744,0.015486989518723168,0.03226038268167009,0.06906722117679293,0.048219914616275485,0.04054674204654967,0.03297040357903483,0.029782119684498443,0.02582719463621024,0.02424761240769366,0.019735382580028268,0.015595831946554294,,,,,
0.049494985905021625,0.04950902922498391,0.029287040067357918,0.0194004860542095,0.007701939767907769,0.03235493220777183,0.06604431554306629,0.048432335279354984,0.03948958878862217,0.04383498785591976,0.02854482535463152,0.02573840906108953,0.024750011678139675,0.019657814709587364,0.015182619941432779,,,,,
0.05375411962406018,0.05436467818172691,0.03724264302241208,0.01983894480057373,0.007057336546741285,0.03193981952261323,0.07039625497232073,0.056932498346205666,0.04034523579177212,0.0350462112576523,0.028828436669740953,0.026497859865921815,0.02428033853751914,0.019642914754592507,0.015063993437095758,,,,,
0.06919678714995463,0.05343650512552084,0.02972188577092124,0.019732178582750375,0.012499912324745992,0.026295626489643936,0.07664085980630887,0.054586926508616504,0.0437704916361316,0.0362965850354774,0.029302269995974413,0.03445808861237216,0.025223498635119978,0.019805706644907127,0.016006216367270502,,,,,
0.0623069809274334,0.06277751256592926,0.031099750003294315,0.020071056122312293,0.006686231335600217,0.0232522653103929,0.08686135067917304,0.05728199252398125,0.042985528004029036,0.03617755286553213,0.029345448514153296,0.02726053634324301,0.02587425528658205,0.019733410950959478,0.01504962992523409,,,,,
0.0663401490745413,0.06566828128286191,0.03274699808131888,0.02005235647941947,0.006852013216322173,0.02343709004743381,0.09317567065382025,0.061604039941975997,0.04423167613757353,0.036657828456681245,0.030791167753724067,0.027843387037912455,0.02553935388485726,0.021267053139586475,0.014811529495895615,,,,,
0.06673482764124371,0.05187489841680465,0.03179946955804824,0.020198017840390953,0.007574976370203601,0.023174828127767177,0.11925503665257561,0.062217007735550674,0.04754772362544974,0.03804230433695718,0.031780651585217166,0.029604171882684258,0.02563650731111268,0.020031923717295123,0.014892654717011558,,,,,
0.05812258048918222,0.06971578243328819,0.03276885306564129,0.024530625529212407,0.006240351183342072,0.019645555658987318,0.12451044399329574,0.06802855874580015,0.04857298795108843,0.04117571559847418,0.031474995300432976,0.028410187552788967,0.02593758671770901,0.020313766190834023,0.014683217154205461,,,,,
0.08010721264944377,0.08252488272799433,0.03542336731131242,0.020175129195638544,0.006085036113599386,0.01802431088929387,0.12265164988704139,0.07900314946073661,0.0495511876531842,0.05095138858983628,0.03200550402674354,0.02863318662900037,0.027705317306205728,0.024210744309258996,0.014739903706826043,,,,,
0.09160610914542282,0.06442217262019914,0.0338860759483363,0.020274350597737367,0.006303627896847943,0.030848515136718324,0.15244065121441794,0.07905943837102222,0.051818457494990984,0.04218290945645803,0.032899914622987386,0.030764061303202292,0.02653063340370056,0.020257327254198074,0.014885424701690646,,,,,
0.11731162231925453,0.0933237961514357,0.03446632113276513,0.021942333275452988,0.005864544551238862,0.017063655691084558,0.15791056109680668,0.07851843970071903,0.08112799059257407,0.043665828314162956,0.049173045414687803,0.029704065764423818,0.027333421415605696,0.020348214113953725,0.01707146366248541,,,,,
0.10190161579218902,0.12163409783263049,0.0350753608430669,0.020646318264432667,0.005749691787514099,0.015380939764255214,0.19376651165747755,0.08982020470352851,0.05734703360432994,0.04700164408244082,0.03455956415632694,0.02990493423509967,0.030038269428625988,0.020406260788655508,0.014587398056044441,,,,,
0.1061671170055005,0.12292745767766605,0.03525542710134021,0.02100670168010208,0.005296477684008478,0.029653898467726585,0.2368578458820275,0.08776707219824294,0.060038590441675116,0.04596427169941051,0.03456868234431883,0.03065044540106311,0.02771246703996131,0.020708461830921447,0.014593731509435754,,,,,
0.16716878698780033,0.12293792083221598,0.03651830621882834,0.021829858347048186,0.012666552024001776,0.014770294908001184,0.2434829821892558,0.0985525492437302,0.059967980039666594,0.04877213879934278,0.04461882164050687,0.03096492274528957,0.027704568291165774,0.020560376906941683,0.014701115085893394,,,,,
0.1372733657701934,0.13744629761974372,0.03891432144923298,0.021282583307379702,0.005307790971519673,0.01424262098151189,0.2424628037860225,0.10237059258456856,0.05983540226625323,0.054824717391180756,0.03682296537928304,0.031153667396698923,0.0292209926701789,0.02141598974378871,0.014706605888052485,,,,,
0.21203657198400594,0.19166138473817,0.03872364743205419,0.0210661969841238,0.005385837086624633,0.022660631827212126,0.22025052295738018,0.11592710157023585,0.06812840983596798,0.05019363086295833,0.03648469314403984,0.03208309284879648,0.028736907382013364,0.020948151858149248,0.014822011631640545,,,,,
0.20291922760947725,0.2025075664260051,0.03972662097802859,0.021540398221439508,0.006468939753042284,0.012550521507923653,0.16842580503946306,0.11263692566569812,0.07525388462723873,0.055966440877239815,0.053380840664525274,0.0329542221807751,0.02968446560133561,0.020719106135473037,0.01699671390002393,,,,,
0.20047653612685626,0.2340701095970462,0.041928076273537424,0.02153604755489808,0.005019379235775007,0.01187554579190284,0.15824489832409977,0.16041482552542152,0.07489922444793162,0.05870333147791572,0.03910246539889234,0.032869575652606196,0.031392381848415245,0.02135558627293969,0.014867443325361402,,,,,
0.2596322808672083,0.26425003466766933,0.041631056713367344,0.02132215760695872,0.0051901143623970455,0.016953010262265738,0.15595094083868488,0.09991969763648055,0.08312267708650677,0.05775789770017255,0.03888528131733717,0.034744412981044366,0.029822244280446875,0.021014834412998836,0.014811879749619946,,,,,
0.2619691773539652,0.24900238107547917,0.04330098893745467,0.021932282642734318,0.006333595981405618,0.011245174900036958,0.11756492269796501,0.17266502444817816,0.08368793998714218,0.05919694654905667,0.041342319359529665,0.03479269210446266,0.030361480983917343,0.020826993674594296,0.01457120747457008,,,,,
0.25065499573729955,0.2721374396592645,0.04692594104641793,0.021803359198387696,0.006152862850515285,0.010414532077896327,0.09286611452335194,0.17533615494826904,0.0846917254712777,0.06298288512472479,0.042531567717587315,0.034633668886984784,0.031925116592344226,0.021425314035473465,0.01475834806301542,,,,,
0.192190662031068,0.19022632414555155,0.04708931126529458,0.022101348226482326,0.005588227932087355,0.011568622795050694,0.11259892123439781,0.13403368682974456,0.10144012736405943,0.062496448811554646,0.04357693619397541,0.03548927387652702,0.03137651303144712,0.021375694222577887,0.014668790248583185,,,,,
0.19282345435716797,0.11443559957002859,0.04676739430002969,0.022512411239683495,0.005267318766113588,0.009872003071126956,0.08701117402810861,0.20892262700865827,0.10731708644145087,0.07066638173110151,0.052111618741565446,0.03697825575737646,0.03142150546016975,0.02150749802284395,0.015086211585821302,,,,,
0.19223091153248445,0.16576682338045484,0.04898568617883666,0.02235260711006121,0.005362185771018916,0.009895852208527732,0.11662383123231054,0.23072299094081955,0.11643008854176168,0.0805946015773669,0.04524092144291973,0.03715233757715168,0.03268994605980435,0.02164537576647822,0.014329163048611352,,,,,
0.1441999264623199,0.14159563239369904,0.05126410992129047,0.022677152187434726,0.005260604762139256,0.009380742882093824,0.073246345169133,0.14029233761648366,0.12888187384985555,0.08207709287620348,0.0476911280844298,0.03932031350727293,0.0461661216320319,0.022097240065524344,0.014198478495367704,,,,,
0.14656705581983254,0.16744791870654535,0.05091326194127568,0.02361615790980432,0.005424708043304408,0.008880640026853851,0.06899590200038193,0.2263964061065389,0.1486049582120497,0.08189412562099106,0.048840546071422165,0.040185641584201716,0.03359385520340614,0.0217118583692125,0.014158779153287221,,,,,
