0,1,2,3,4,5,6,7,8,9,10,11,12,13,14,15,16,17,18,19
0.004917678535477855,0.14435559906476822,0.08073950438997475,0.040118720443169234,0.17793799354818712,0.23906373130227937,0.07613258658734261,0.26870718578654235,0.19454764162889865,0.42897638829299595,0.0764034181153573,0.17464936227487954,0.05437066278106721,0.03933737384784702,0.0703250687688094,,,,,
0.002700891288108832,0.04406554560574844,0.06918760533558457,0.10138597932447622,0.17639771769438686,0.24077755694536668,0.7133990054814121,0.9003250645862552,0.4301708453850394,0.37097759985842904,0.23103515763969049,0.17531640969567513,0.15201443971631245,0.09560577660839087,0.0683857705242757,,,,,
0.004057833291451211,0.04859120418579705,0.067676746016925,0.10571994900951931,0.17596854528375433,0.23994083929812818,0.6425279562570384,0.9904189281159435,0.5921975161009603,0.3720043509522526,0.2235868304565526,0.17442344029308354,0.1550266143287136,0.09896635836854185,0.07772719368939142,,,,,
0.002209723149601976,0.04619889907305542,0.06830448841395559,0.11559801296778986,0.16659743440521738,0.23111401441917262,0.6504613255254368,1.040832346472845,0.8214978451553,0.4692574706706152,0.24607397350525573,0.18301546980975483,0.15679602510977747,0.1036706102775068,0.07822943374679364,,,,,
0.0035098482679278707,0.044504660422680094,0.06627518283727254,0.11499509495995536,0.20980294502138735,0.2168094370533593,0.589370051974213,0.9750906993893805,0.749889753452091,0.4720571832524551,0.2744746511589504,0.2928107459755681,0.16611729724769111,0.10532998359152212,0.12785947711634224,,,,,
0.0035774544697389165,0.04621158435917549,0.0662266413701801,0.13359153892403458,0.16015570211125374,0.205669560013142,0.45512781368678473,0.9968881661483805,0.877664977405733,0.47020171890204376,0.2582783185754544,0.2056349633063189,0.18063276485859858,0.110140084733039,0.07731608277520252,,,,,
0.004882747452319763,0.051717813091564084,0.0639363520152854,0.14892326668703332,0.15199942551096104,0.1989437898487784,0.4603436943980912,0.8440804288540386,0.9608702526321903,0.5763734937607937,0.27402379554744793,0.21396409071527941,0.1794588000824564,0.11001674653742492,0.08131367589671412,,,,,
0.006257920058773875,0.04494697206119179,0.06394576205048792,0.10819919920006313,0.16706769867126672,0.20017901811790165,0.42575631276134,0.6375474485842544,0.9612543142516685,0.6490742537977491,0.33144350392496114,0.31462782351140617,0.1799850090927393,0.11065339301507507,0.08531882261147232,,,,,
0.0019689097898545004,0.04519727405915241,0.06958517444302237,0.11199226801277047,0.1440299047857211,0.20003258821766828,0.38042919350993826,0.6279627701852131,1.0387252186192852,0.7147346757286405,0.32705734436279466,0.2382559370896829,0.204208160953745,0.12040091977899957,0.08256985630160461,,,,,
0.005795921957141706,0.06938486882646164,0.06194294224848525,0.09426546847624451,0.14102526296103768,0.17470610654352958,0.2938717310993568,0.6321713181741412,0.9202659307517927,1.0030279431075564,0.37982896815093303,0.2507663162510887,0.2687982522372488,0.13038731397409475,0.0846979128444618,,,,,
0.002889250256712857,0.04383659312476573,0.06172891039616887,0.08982374880735806,0.13764828741041196,0.16654804744212592,0.35099877262072365,0.5233402402090025,0.9154481797851074,0.9790898068619182,0.39543857809349997,0.2870865219943087,0.21468918441277773,0.12353573225585733,0.08774382735826827,,,,,
0.006746716642320646,0.04439321684476677,0.06766735657418298,0.09411753103610655,0.1320780691411675,0.15175269006192738,0.3286922291946781,0.6751224434827885,0.9080170225610878,0.9772251725136879,0.4038703561068167,0.27982471781215,0.24855247550842352,0.13049641795703545,0.08845988973141396,,,,,
0.003143844172722942,0.0457903781980994,0.06120059172014513,0.08870470573520095,0.12999581390137374,0.16123355785667207,0.42183497565869543,0.48820055027681375,0.8312655799379199,1.1143828239387223,0.47917441833167507,0.31771073196984556,0.24785498510038306,0.1362625413187532,0.09170547004118655,,,,,
0.003210776708258712,0.04376039219432122,0.06186006494579585,0.08400187284660307,0.12217680487357767,0.16183265562329718,0.28465929744892693,0.39173387479107713,0.6166934350466523,0.8820962667855387,0.5864605233736897,0.43629711057037734,0.24750443858070695,0.13506174905619642,0.0923383822805323,,,,,
0.002120635776263977,0.04424797185920755,0.064371738288467,0.08375342830780928,0.1259271321698801,0.240020227869016,0.2622264227324436,0.38506664736545987,0.6235491946680459,1.0957599890028047,0.6386546205429129,0.3621252640226429,0.2950187209723791,0.1441267586891939,0.09230686361678601,,,,,
0.004402689765720665,0.045134627579983586,0.06073153248720512,0.08161020311425807,0.12239823557342908,0.14985573551338172,0.2932200607371126,0.3675173421880783,0.5679748313662695,0.9172479860781159,0.714863363069364,0.38962474010161585,0.2917810616853244,0.15819440668790308,0.09881288370868473,,,,,
0.003038977776551135,0.08388732907861648,0.05861275150005329,0.07985397066314343,0.1206543448415713,0.14352702239525886,0.24837239834668529,0.3468479206712191,0.4388159266600005,0.6959658068699466,0.7998924611111573,0.5897333846074112,0.31261107153388756,0.16027977721111963,0.10340055197677386,,,,,
0.005114157580337285,0.04489992119592728,0.057495669914499115,0.07753211798383915,0.14923856023459298,0.13679551657238342,0.2299496403323626,0.2740704749084276,0.47922581776281503,0.8267950878671139,0.8485157098266076,0.500336405154072,0.38481382371294165,0.16599888417396208,0.103859625629011,,,,,
0.0037370104286506643,0.048390612964344534,0.07205475049163855,0.08498373100397726,0.11481768894548446,0.13791589725200398,0.21653348880101939,0.29411221246021185,0.44333673352805736,0.6675001283627694,0.8802343528998902,0.5537000922241109,0.38619655768157735,0.16723646290659436,0.11099223130129822,,,,,
0.0023966460101246196,0.07851419051844427,0.056763053274264647,0.07606176590997335,0.11056856517758311,0.13360380770062713,0.21368899510598768,0.27932318243192306,0.38407136095573585,0.6255508942977872,1.0175347159339603,0.777854338737925,0.38481219273271383,0.1665965548474668,0.1099114168145141,,,,,
0.004661628202664556,0.05902767609146755,0.0561786735942399,0.07524893077475367,0.16135052552182266,0.12879513701521708,0.20076244733693427,0.27081091145160713,0.3744930790236798,0.5521204035515134,1.02927219010429,0.6708780026904384,0.453301246662366,0.18726762806032393,0.11796270551387616,,,,,
0.004419959749063259,0.05484139765925468,0.08538562921382353,0.08303151090575392,0.10762406846169005,0.12887833422617126,0.1914311730121918,0.26738307865326794,0.3448688731151812,0.4976114725461453,1.035432807418334,0.7444763046223188,0.5433402732663349,0.2155006280018866,0.12109331252103686,,,,,
0.002893846959742507,0.0681409529954797,0.056511850010349314,0.07249310999529548,0.10666396699961855,0.1267987966812681,0.18807346595251154,0.2353262667619694,0.3072837095757767,0.4389648017369282,0.9144230955986253,0.8793997500785171,0.5011913031640826,0.21646694481644263,0.1340044692275953,,,,,
0.0040851440634346314,0.05126591576388264,0.05632781896215457,0.07216365110721058,0.1060986521434032,0.1203390695522456,0.18163277647199386,0.22613875823559326,0.4732931677855617,0.5004083388346782,0.8711308310460909,0.8133895351698339,0.6009102551552332,0.21543239861923907,0.17729220450279284,,,,,
0.0018813434634505591,0.05125135044474401,0.06820448446951455,0.07140251718272513,0.10331612008868908,0.12123154596978114,0.17192062079644538,0.22765599076593318,0.27859816510894175,0.39861779597013575,0.7458890676731379,1.0144660882567025,0.7517589150434433,0.23810940482285228,0.13747394387247078,,,,,
0.0038451833919431484,0.05747184262389252,0.05635525368955258,0.07159925204781936,0.09972397361880508,0.11935397531177495,0.17224644201709868,0.21058519865279207,0.2550664883159567,0.38233364187761865,0.6766120118330398,0.9945035263252867,0.5752320342836101,0.2003445621476557,0.14217666180626856,,,,,
0.003433179704545675,0.05254216881456446,0.056704500412258635,0.07087385043160707,0.09944406189528256,0.11710396892720475,0.16801335497758,0.20715395434146555,0.25445851355560006,0.39164813053132363,0.6389567235858881,0.8990453085797215,0.8985333410346483,0.2684301115463067,0.16836457536256894,,,,,
0.003242525569859136,0.05230731354013335,0.05991926670463593,0.07086470161152039,0.0941116201378618,0.11645020518800316,0.1647194285763948,0.20443777817115402,0.25446602379018024,0.31368354602623666,0.558569398968355,0.9142626862666304,1.0008402069843736,0.3019124270978332,0.15257526913546546,,,,,
0.003535248938127299,0.05975491787883015,0.05834827796828117,0.09584512891694666,0.09453262170277565,0.11582694087499272,0.16369630629363244,0.1922120365479304,0.22498402039422705,0.29593164153199886,0.47250757508582925,0.7626538088333098,0.460204896253784,0.5479405094548325,0.15869021200997252,,,,,
0.0061542828074532445,0.05444065922313658,0.060453420945118186,0.0714441481999564,0.09315535289906218,0.11764841213057743,0.15391238936769744,0.17419475571037696,0.21247814407620072,0.29359798113431707,0.4698702166947216,0.5999285896578257,1.001208752093111,0.35325105263615963,0.20032290543769554,,,,,
0.0034629837214251325,0.05355674119211566,0.0652654771675972,0.07094802205865251,0.1273566459217428,0.14703163204340897,0.14613981717516034,0.24769945090080359,0.21152558798313617,0.2575443235129991,0.4717159485968319,0.6882701243098932,0.8992795709621003,0.34898163722916387,0.1785397768687239,,,,,
0.003958183783735402,0.0557880534059027,0.058856332422044806,0.10957643158610435,0.09068551973714198,0.13126166690997385,0.14496837583596367,0.17230366342679426,0.21020584621503882,0.24738102713051202,0.3810126231677143,0.520736850137163,0.5941130590192419,0.5998486799414035,0.178609379484809,,,,,
0.00310806506432006,0.05888716956695923,0.07968083871147981,0.06784327361603168,0.09038186236141114,0.14112239176983896,0.14416593401959518,0.1683268641729389,0.1969057493711549,0.22720995161108848,0.3367245487609256,0.5155041579990862,0.7401185307816142,0.45230711866708107,0.19984515192384936,,,,,
0.005008925576001651,0.058052435787204315,0.07370721387125266,0.06691390420751163,0.09327950788832334,0.1509757297051587,0.14100526221387163,0.15550176052871192,0.28612963047385426,0.22738891708004422,0.3150367409106193,0.5169181166334421,0.6648841619792716,0.4962629216093034,0.20653945818979988,,,,,
0.003410156728289602,0.06045908354381482,0.07647863195821525,0.08320281380419517,0.08848817723103002,0.11576865083155718,0.17725597933795953,0.16019924658002088,0.1858585163810085,0.21972953696390957,0.31808408532961413,0.4416909979378174,0.6435071017532733,0.794734219622727,0.21653512968140243,,,,,
0.003760532363040248,0.06688680654524125,0.10433066895878493,0.0657702762912747,0.08571761804167445,0.09878474357668121,0.13462600137403125,0.15620519639468058,0.1797191154455783,0.21404713598041936,0.2994290675847155,0.36005429266705286,0.5566876499811757,0.6775088696500154,0.25423501224541495,,,,,
0.0031453905538430063,0.05906452747561299,0.10429379761361873,0.06584611532597516,0.08537990357159297,0.09897869064977804,0.13062994242708512,0.15317742643631146,0.25272972687652717,0.23115626708983542,0.40987263361086973,0.3574007213989429,0.5123730936642248,0.6733537928831748,0.2573164686784154,,,,,
0.0023881090368152494,0.06529955799989032,0.1035342022268061,0.06806126473293637,0.08381349951848836,0.0984715010878007,0.12944027487341622,0.18852176818070218,0.16662378590338667,0.19267837781385952,0.25991814846922284,0.3589029630250241,0.4419931723574971,0.8289826507007338,0.27511181920949396,,,,,
0.0025922402151644834,0.07822472598694842,0.14614005897202587,0.06508272725315796,0.08395941024638595,0.09493781880600595,0.12880067442886986,0.14393908715126036,0.16317471769092778,0.1827846993800786,0.23750643920857123,0.3211633396801618,0.402833483019963,0.9118058489890685,0.28122000108620593,,,,,
0.0032664324472776226,0.06645531703087362,0.06925901444386857,0.06490177546825884,0.08312240547328494,0.09363322890545697,0.12646352172062067,0.1408370517260442,0.18308896445973674,0.2049429653488099,0.2313736386138089,0.307515021520492,0.37658212427215665,0.9779542651061113,0.2941540674182699,,,,,
0.0020964975471914316,0.07036919384602124,0.10268858440298596,0.06626151946634573,0.09015788089674283,0.091603886608172,0.12303323202107444,0.16517323888161456,0.15601244901295686,0.172558099415177,0.23024468765752676,0.2859068830358685,0.3581608304893663,0.9638628793987766,0.3430542467024921,,,,,
0.006029760399476035,0.07003560397123879,0.059468799843257356,0.08145013480237577,0.08070435572296145,0.08925436234850966,0.12360590500294952,0.13544462843236577,0.1490226550799206,0.16758057739487217,0.22078467730316104,0.26535947676629895,0.3535557736228359,0.9309602907957262,0.36686939813049874,,,,,
0.002823881332220561,0.13323307524897093,0.05943497005744361,0.06520711158499136,0.08052451747642002,0.08927015353471797,0.12257541584635098,0.1329728171026827,0.15914184671381984,0.17057204805484508,0.20228117633720613,0.259955360258251,0.2985344528823452,0.8547203129279398,0.37531383314343053,,,,,
0.004743184532855272,0.0770771495426301,0.10651988833996467,0.06648740323992282,0.12209294692003578,0.08895092534026389,0.12447411421170237,0.19724763980697405,0.14597160707654444,0.15893728378969074,0.19843761316377884,0.2621949006579026,0.2782169726548254,0.8285614473388632,0.4885301963776119,,,,,
0.0017778652924134728,0.0833312933019964,0.05460205800955099,0.07138169711071334,0.07932591797333906,0.08751045306338706,0.12138223138131608,0.1278330851182121,0.1432519761614347,0.1518820417878903,0.18788096805101576,0.23907049388545432,0.28353141030185774,0.7741604008425441,0.5372086321543154,,,,,
0.006788869661220404,0.1723318832489621,0.05335027702359632,0.06678529626424584,0.07858748735335042,0.0866445845664998,0.12235065729979139,0.12714152302068776,0.1393971862192429,0.15306609493855977,0.18778798990711815,0.21343665897259248,0.2583783431277047,0.624878849416758,0.4338755563833533,,,,,
0.0024288929493257133,0.08524422487127363,0.05705554125421114,0.06826457090160165,0.09773913686450866,0.08487767796166341,0.13177489771472348,0.12892877392873525,0.13563467927986783,0.15281025398618647,0.18790132762917758,0.21217243100558547,0.24826717386285976,0.5014710478967314,0.6881361251012951,,,,,
0.004445119070553774,0.08818219202994718,0.05402317278697264,0.09640006005717681,0.07733706162289174,0.08444621071480206,0.13083081362717966,0.12505708080481737,0.13226910678823625,0.14377551774651026,0.17720212989434675,0.20481717276386346,0.21800927747917168,0.5370788189823626,0.8819817058543061,,,,,
0.002175420533712103,0.17857543480602653,0.05635890642592695,0.07003775173015604,0.07653832625793812,0.08345333265262542,0.1360298906519559,0.12215657094857534,0.13081847560205412,0.14287848349808357,0.1611470825153961,0.19823921694877894,0.2250861227944617,0.4342785059880967,0.7390861749415422,,,,,
0.004158759019061476,0.10003018950619263,0.05838538049181353,0.06885676096971466,0.0846988314504367,0.08139399510231497,0.16068169987303899,0.12223988667290146,0.12912740087740668,0.13917136217672363,0.1637615674626262,0.19998118719394875,0.20974386568653425,0.43486249658306386,0.9960661582687506,,,,,
0.001809673496248226,0.10522558503805701,0.05773080767817555,0.0770617709370934,0.0772657841453259,0.08222709500502548,0.1752507306234441,0.1223296518047515,0.1271564257132386,0.1352381140107732,0.15904984175310047,0.18135518620701718,0.2890836384393912,0.4255693984331995,1.0032272948284633,,,,,
0.002662204963609048,0.17981159273881217,0.056314021748847275,0.07526064808277948,0.07939775093328884,0.08053140552801917,0.23213522898200653,0.12324767676968092,0.12535078537568276,0.1351265408978961,0.15096914389513516,0.17142956107922389,0.19637193545282236,0.34879287170756934,0.6548164950367609,,,,,
0.003774300318526987,0.11650119776117365,0.057551620992101905,0.08224390829786302,0.08020069382025889,0.08053860695782028,0.2862117295365385,0.13162253414210887,0.12362257396181843,0.14964899851044608,0.229747971734899,0.25423262517290546,0.1901452083514466,0.292611750250486,0.8669548729598197,,,,,
0.004438112212058777,0.12585151260101407,0.05757049952811451,0.08252357708298279,0.0787267486378853,0.08064038056819232,0.2609037095710482,0.12913255500256327,0.12336196005013567,0.12954226863666832,0.14882380538507523,0.16751544743339866,0.18717890899493322,0.29163466776282554,0.6122348972902389,,,,,
0.004399743442854496,0.18623017399581074,0.058169059482073696,0.08261256222907531,0.07626387610270623,0.0795082716350234,0.2328939794900879,0.13199828618808096,0.12242749391405862,0.12470797361149709,0.14357780038312032,0.15947027872368721,0.1733476023070482,0.29052481607512,0.7663368948611957,,,,,
0.005531770295472135,0.1457193394295559,0.06374265192144016,0.09177846137020801,0.07571295467224354,0.07817775305265885,0.18750122683541326,0.14447604623536628,0.12244751098006107,0.1276430479347437,0.20957377809490296,0.22685031666700328,0.16849465198423494,0.26530221764245976,0.6993463547336887,,,,,
0.0024927856974559914,0.15212830533055893,0.059706070699735346,0.12474677371967315,0.07738381173759035,0.07887269417183707,0.12028096629504695,0.14941796805889695,0.12228821586097248,0.12416683053936715,0.1412115153240158,0.1529430459913865,0.16755606738410156,0.2853592313374714,0.513460247823942,,,,,
0.004542080269596266,0.21685767455484237,0.06215982014505818,0.12820814995376084,0.07359194592323862,0.07787649864908494,0.12465505625860461,0.17851412198858957,0.12420617293162199,0.123977125035733,0.1359285029304246,0.1486974007202752,0.1606856381038115,0.23911261503450104,0.42567739047640385,,,,,
0.005671533899227934,0.17652154799953834,0.06219414852083305,0.1513420234473461,0.07251424579343076,0.07839303474710514,0.11599108494208857,0.26947688742524206,0.127205438026244,0.12632851641975845,0.2089531425452474,0.1582777434266762,0.1571659960625316,0.2192393756940143,0.4235179605969711,,,,,
0.0016974561607401393,0.1984000347838923,0.08113849254324082,0.1876366242029241,0.09713548176450755,0.08489655916884656,0.10580111749388128,0.2882069383682513,0.12918091542953336,0.12318099238513056,0.1320192291226306,0.14127487275751197,0.1487434735868999,0.22539314204087985,0.3594202704763002,,,,,
0.002222158380864491,0.33628637993538746,0.06604474470928813,0.20888556963083102,0.07222928609058149,0.08215900248217486,0.10617198340312174,0.3239875397841589,0.13908106648402854,0.12190122935704757,0.12993457389673352,0.1365905699170455,0.1507322910905497,0.21142945955944417,0.3087051890923704,,,,,
0.007525373853802419,0.25054782435410317,0.0694683821899843,0.3121799520437614,0.07279289298232605,0.0814474123227379,0.09704646447242785,0.339104824734329,0.14038353702510575,0.12279880471616089,0.12950486272746248,0.13616482669560667,0.14299713924898963,0.1963421382360579,0.3343522101680763,,,,,
0.002622948109731926,0.2762418950226995,0.09379656179876045,0.19510134112275984,0.07420427228334261,0.08339291258907781,0.09352744474818436,0.2071300483842113,0.1415219050981993,0.12475921329458103,0.12982336713284873,0.1327370406503339,0.13910740324737392,0.18720468734461204,0.2960813800061288,,,,,
0.003753629448013533,0.3829347583677658,0.07329151673383458,0.15105833392254725,0.07245836360725692,0.07807279835818401,0.09381076248837633,0.18751211733919387,0.18290809959453097,0.1284727108054382,0.12402362977368217,0.13104298981699744,0.13493966397729126,0.18337127232299869,0.27874300751325076,,,,,
0.0031848240586822628,0.35536117866053246,0.07798325568813151,0.15602599454167654,0.07326851233520981,0.07681814741165992,0.09229857483712181,0.14420771770116758,0.33585860961095804,0.1373724372649263,0.123841168323676,0.12570439232481537,0.13551976312412825,0.17250559111801092,0.28420179415929253,,,,,
0.0029794021505674556,0.40675129551054257,0.09218307261569668,0.12938805772295744,0.09839382786723662,0.0842314745195504,0.08967451384134172,0.13469901268786064,0.31026427594794737,0.1369507841030378,0.12263523941733764,0.12800796240998014,0.13351916515818674,0.17269973294271512,0.23776591153532647,,,,,
0.004570540589236041,0.6996160418348547,0.08070167235768597,0.10189534280375637,0.07457229343468208,0.07506963519254996,0.08872244000488795,0.12001389301477448,0.38195533277805416,0.1456918926649942,0.12238933592200146,0.1260490861720674,0.17125425444568165,0.17235332722361998,0.23782748438907692,,,,,
0.0021749734223039073,0.5527336743996337,0.08748572182876763,0.10207017805987538,0.07499855425600502,0.07349212311752809,0.08881422296960421,0.12135327668230628,0.38249064965012564,0.2109799697218518,0.1312745386804279,0.12264105495922197,0.12721495637838634,0.1632470188727259,0.26855330207776423,,,,,
0.0041512688462746715,0.8627195168205571,0.09785316965650798,0.08779756107069141,0.09071023987778899,0.07332851654764234,0.08642927139712626,0.11130585503973885,0.2979789963361018,0.161066788273992,0.1218576923891529,0.12408051344833158,0.12544077433662104,0.15171909772832293,0.21950803531360927,,,,,
0.00301917827049216,0.9493514201117544,0.09150084762254214,0.0809633986185312,0.07846534163405479,0.0733250150346736,0.0904773115315817,0.106242087608547,0.2688360292149633,0.26977167574434086,0.12300329283020513,0.1227762969114375,0.1255921269951756,0.1993743154763474,0.19211778806974475,,,,,
0.00603105060178017,0.9854256055528184,0.09909960645734602,0.08097312398083072,0.0817225435886272,0.07346572202537756,0.08423101266936638,0.10042603725157297,0.17956039372808796,0.34418266075426734,0.13579906155514962,0.12385519866499417,0.12433116567617074,0.14749145672526018,0.21409580657518143,,,,,
0.004007994693421441,0.9677064186794432,0.10348323898069506,0.07850272757640929,0.08171614869621799,0.07537812956008734,0.08357916188290022,0.10640199696198259,0.14572783539802464,0.17434351848577406,0.1331717927237297,0.12152458589766925,0.12168299178538004,0.14427054131032843,0.186293226435568,,,,,
0.004147518687331335,0.9918551751440823,0.10431147970888346,0.07475755653150597,0.08013065278916118,0.0721159309540882,0.11994694056118506,0.10282086478328445,0.14456165807925592,0.361773756227083,0.1437307935842568,0.12240151980513182,0.12580886852478249,0.1650014920540227,0.1809684316279079,,,,,
0.002268362041554264,0.5419534321314158,0.11515116837023923,0.08001388953321949,0.08940238768758091,0.07483860489311907,0.08366047972111744,0.0964976528699536,0.12224348013493676,0.2867287866394672,0.15235345128445307,0.12216357690977357,0.12032926324451747,0.1376806083251483,0.18139333609293865,,,,,
0.004368687086004567,0.6457057184148334,0.12699256073441229,0.07144742881106646,0.10663440558917263,0.0756821839332871,0.08208387511883325,0.0908276007901671,0.11272324275476146,0.2566581246241034,0.15164835281549477,0.12261024002018366,0.12181945171888717,0.13134525656974386,0.16873183841690587,,,,,
0.002912606466623746,0.39007059398999194,0.1619501614470032,0.07135040790410621,0.10297796471865997,0.0860643174664909,0.08382189638370995,0.09890211066059908,0.1120126217632833,0.1894849069032251,0.19493070409215232,0.13296013656176087,0.12384423890550318,0.13160407272923566,0.16353382643378858,,,,,
0.004569476526256904,0.5811222851820916,0.13800981406123572,0.09038617005158764,0.1281630826587915,0.07657329155502143,0.08362508952676836,0.08994874328065582,0.11176212209613862,0.16564530554052015,0.3062818071050544,0.17007660099645766,0.12246891449968793,0.13156469040126187,0.15290883107653283,,,,,
0.0015950563891342705,0.3609174116656827,0.14570170743511343,0.07215639558043196,0.1278063350923971,0.07865067986156325,0.08165264866277465,0.08927693329959349,0.09930419211446757,0.13852124687587083,0.35014299058156106,0.2239440469531982,0.12924865534358213,0.1267983262495624,0.15366972121079592,,,,,
0.003543949806197727,0.3425237926712229,0.20921041694755782,0.07119743478267153,0.1915280291926709,0.08969138407152447,0.08358486737259685,0.11987155102608826,0.10067711155838659,0.12565632443307684,0.37215184078003843,0.19093068434127272,0.1482222350556477,0.13636786714084212,0.14535942201815627,,,,,
0.004725174931723843,0.2534380556225964,0.17094761602174008,0.07408846059785348,0.18198288311497413,0.08186100992223469,0.0831398565584567,0.08628915652869223,0.10219530641392578,0.12021646557146641,0.29336459825076167,0.196023300021513,0.14522598625257557,0.12117762414679667,0.137613652632198,,,,,
0.005149596437599021,0.27587688943216004,0.22545453799386939,0.07170749718252482,0.3140528229826444,0.09295259342724117,0.07863763317156673,0.08716367392763646,0.09448157924479729,0.11255618798631196,0.22624270381418277,0.2963478258124177,0.16489657888330655,0.11662066914790259,0.1383213439525717,,,,,
0.003987559674535758,0.23781558141080938,0.2275351924325523,0.07281179575091572,0.29454451016746874,0.09388696159812353,0.07661986456440174,0.0865332580291495,0.09465183292987288,0.1106298119944548,0.19225338757114238,0.356893698796635,0.18792144348634726,0.11626117005776002,0.1361909109373292,,,,,
0.004717484569844474,0.1706337979928453,0.2240933622595494,0.07629380035875373,0.2275847120204188,0.09493603972537852,0.07714126830945367,0.08750292883880711,0.09378580530673088,0.10573788009900907,0.1483907624029137,0.2551918679185006,0.18354635392270582,0.11760059651751331,0.1319655267199974,,,,,
0.002900560711616256,0.21853209953957106,0.32335439861996473,0.07597941107273629,0.1782332588354558,0.1148251455066707,0.07589277652948907,0.0870938464414628,0.0913954720420233,0.09975216078453696,0.13043726957447252,0.2305980799655165,0.29844552977562205,0.11247035677214781,0.18625786247074785,,,,,
0.005815186933503945,0.2100401935748603,0.43663005085275497,0.0778925779271673,0.13919401370340717,0.20578486609258037,0.07597457669154725,0.08528224654911595,0.10678756805069746,0.10240288813448951,0.12435112397041305,0.2064257875915753,0.29810359670261466,0.11024493721221222,0.12337497281425819,,,,,
0.0032664324472776074,0.17616790632447327,0.45215051611634116,0.08206228860490788,0.1504326626722338,0.21731818340717873,0.08762895114563085,0.08527436984987799,0.08989806603637715,0.09500711213292766,0.1217039330852673,0.15428058665291272,0.28595626507175104,0.11059314125788014,0.12383741964998499,,,,,
0.002727645264238843,0.2199078988156274,0.5088471550809974,0.08325753137279393,0.11979814092937108,0.26777815640699276,0.0749350723302043,0.08306012105034834,0.09111717528709937,0.09470943806280026,0.1098765273894121,0.12630602674561456,0.18759642775118127,0.11194549420659433,0.1249140908943031,,,,,
0.0035094787907681813,0.17028904750249774,0.5240132374475533,0.08369773351500709,0.1025581311676342,0.2637568028418435,0.07486056817789012,0.0809591902054617,0.08892505628439275,0.09704412608406034,0.10989090988864458,0.1288682695760228,0.15888352439903508,0.11281802835198594,0.11594317021651196,,,,,
0.005189980145915035,0.17686595779713418,0.3864922932971914,0.0897692778147676,0.10013473404696797,0.26356353743149546,0.07464413207714768,0.10236178488084179,0.09044927336966282,0.09244198166414398,0.10625465855611632,0.11433187294100536,0.20437588054662195,0.11124518732923484,0.11486398463826815,,,,,
0.0042543982026032505,0.17194869986390543,0.5667352649756324,0.11225117553601455,0.09515099884205952,0.16388724864831591,0.074347462015114,0.07996898508670623,0.08807469000141487,0.09241173317769905,0.10077508214996528,0.11366842895502981,0.1289447246213312,0.12070486663160382,0.1296542740912041,,,,,
0.00326841679376237,0.1511730633702523,0.5254660059962754,0.0937787258110695,0.08519634286453895,0.11077613942939113,0.07353798481726456,0.08081681615697452,0.08885304841618029,0.08873987116799469,0.10045302052897377,0.1393357506852109,0.1112445141586201,0.1597632962273029,0.11031972045032148,,,,,
0.0037328441129460366,0.1472784581153331,0.39911704120978636,0.1026484956437213,0.08460784107745029,0.12088360636414865,0.07303093226251116,0.09746504687063241,0.08658951014057298,0.0912725760458241,0.10023225153956998,0.10514532579608589,0.11180414201661443,0.15566665956850856,0.10808996297254683,,,,,
0.005406041924449457,0.15380749375777936,0.40628200631854183,0.10391708054478654,0.08224192163062748,0.09772528807427679,0.07356639149288288,0.07913117009105147,0.08455540826396075,0.09250683663237982,0.0940773874961972,0.09604673702703675,0.1085227232749809,0.18092889490364858,0.10312176719960388,,,,,
0.001908205271363517,0.13344148526703173,0.3615311366966415,0.10459795393393714,0.08306495674859336,0.0938008232682119,0.07298103848901547,0.07874309893177504,0.08315685955618549,0.11863321030722446,0.10892329194074261,0.09504625928739231,0.10020497587791284,0.17055561108228173,0.10297793953384159,,,,,
0.0024613759712816376,0.12775691385268878,0.28157750490542666,0.11448568754566786,0.08671053049690683,0.09506402455813494,0.07329487831042843,0.08100673134921757,0.1039882715749977,0.08734186791018832,0.0919537376822046,0.0952937973986712,0.09625756559366272,0.15228752477217086,0.1014297728860712,,,,,
0.004245549801453127,0.140759319972221,0.2934618096370192,0.1939389152150416,0.08149137481143819,0.08698899079856094,0.07301068312510102,0.07897045712174135,0.08258194808828435,0.08612215573303418,0.08899932622986433,0.09401399873142388,0.09628240396368633,0.12612508850177442,0.10222411555044812,,,,,
0.003227292951109221,0.11937591991014021,0.24258284594625928,0.13739911097776378,0.0824649799956557,0.0837655388799138,0.07349784416255982,0.07873109696989557,0.08248125349765062,0.0840055159097218,0.08325961840381552,0.09060754066265063,0.09262715709901022,0.11520149494346132,0.0974512356422005,,,,,
0.0029487783068803688,0.11680904200829564,0.19347226276541016,0.1444560587235217,0.10270703525482296,0.0835999650663874,0.07346667517102792,0.0878295020446811,0.08331526365515905,0.0818835007101079,0.08497227476934818,0.09227862251848869,0.09373183831589184,0.09631210999747315,0.09657771045284179,,,,,
0.001799793821231561,0.13034931491763713,0.22338700032793268,0.19306596184382208,0.08171428805351205,0.08079386392242714,0.07383781511306185,0.08039264924775226,0.07984521741718943,0.08279078204571802,0.08616522677788786,0.08899076945188468,0.09290239971931168,0.09873992134727,0.09366109270904427,,,,,
0.0019675921321596506,0.11330907626002729,0.1939161803442549,0.15992725134034433,0.07975728662766353,0.08157808025953263,0.07367888348919231,0.07846235031965068,0.08043336740841854,0.08414317275571136,0.08661734179272473,0.08701987251676362,0.09013572836014778,0.0959513277068023,0.12789200825536107,,,,,
0.0038457735125026456,0.10823722013625452,0.19356176182421564,0.17422014788519993,0.10154528322156062,0.0807179760412535,0.0743587284508706,0.08361464905900542,0.08263977573873499,0.08377856865866282,0.08729452372592658,0.08642251956392685,0.08690451681950907,0.10959954414117917,0.0943651486750784,,,,,
0.0034096813722427084,0.10762440281527678,0.18752348608062677,0.2987370345662781,0.08083115949796618,0.07917718843312926,0.08373097518736168,0.08163013795569184,0.08090900874536185,0.08312380949497772,0.08633339093848906,0.08620195093206477,0.0869752753235657,0.09034977957204829,0.09623263996235332,,,,,
0.005100955473563169,0.1052293436181833,0.16264464381993712,0.23878305164524055,0.08296420364856799,0.07952428595563871,0.07348656926384309,0.08518344622457177,0.08385020204886383,0.08196230039139847,0.09304835304373953,0.0836604797211175,0.0847008867952217,0.0908229713733037,0.10057124834413722,,,,,
0.004615150190366728,0.10490866666232955,0.14009106203784366,0.302480211760381,0.08538066296267388,0.08287653878384951,0.07358532024734185,0.0840948103217733,0.08585496148343567,0.08476791651787813,0.08561517395612997,0.08802212724690742,0.08411336236946616,0.09097686850162831,0.09944552561316033,,,,,
0.005418560571997727,0.10319922746226969,0.20367342925523246,0.30283050652104504,0.08633344726403445,0.07685946014191225,0.0855637183718118,0.09151953490235865,0.10203263282459725,0.08146953978447043,0.08067378498236243,0.08118941460919157,0.08644827497599489,0.08376791898781887,0.08658275208188015,,,,,
0.005072914727317785,0.1254558454656619,0.13323079530411908,0.25387684484683165,0.08726228291028333,0.07709876105595027,0.07358895034578765,0.08971983613277026,0.0863834498518186,0.08026067745603155,0.088136285018888,0.08271277165489008,0.0818187358623698,0.0829421622505542,0.115558932408207,,,,,
0.0028694344182888347,0.09903700005686356,0.13355889354055944,0.42032816560143316,0.08565148672985126,0.0795244530942194,0.07334913317791704,0.11953000512024797,0.08617306343010016,0.0960309765274493,0.08141721615038415,0.07879939932817581,0.08166127168886442,0.08266246250692683,0.0844679172105385,,,,,
0.0023241283533147815,0.10025829429210903,0.16463061948357496,0.4247614614241438,0.08546764069425822,0.0790248889976587,0.07482238491327271,0.11494377549998115,0.10863741809524968,0.0824952131319932,0.07907629891833216,0.08364705561226136,0.08206338287955296,0.08244969019807372,0.08271203872228104,,,,,
0.003269210195107779,0.10538412980513262,0.1198140219472073,0.4288778646186032,0.08953746795271775,0.08007215074148265,0.07336053967619467,0.13295925148751087,0.08823884783400607,0.08253985474249302,0.07940302606094625,0.07991548833224243,0.08158552308050879,0.08064185594383873,0.09009198268825848,,,,,
0.002649143191840244,0.10153135969669953,0.10937174684099149,0.4146677561350563,0.09682707539441007,0.07954228598553525,0.07335403452139293,0.09903158902203897,0.09705577738018438,0.08516155666351043,0.08739577457245777,0.07828322548361208,0.07862414313268082,0.07945567647397904,0.07897955359777661,,,,,
0.002772557980468276,0.10694211174511035,0.1246884338318587,0.39389368409078923,0.09514969052216254,0.07856351245301745,0.07411234779277619,0.10225706657132139,0.10518410850958285,0.08890830317724059,0.08411965209958316,0.08280234043031198,0.08780160786547336,0.08341313649858456,0.07913131757596444,,,,,
0.002958437101858987,0.1257773038373402,0.10837985932530726,0.1650197925977011,0.10048759436212708,0.08043157382454816,0.07452170895310041,0.07906672155656526,0.10607591673863713,0.0889161788068351,0.07996908237990473,0.07968964255785581,0.07685226829456455,0.08017469034405034,0.07849654944666651,,,,,
0.0019182025969023853,0.1085417653596994,0.10256776857038565,0.2584047103802829,0.09494498942640207,0.08563295369342659,0.07465227490023764,0.07727573154276218,0.10653459619018486,0.09100719849743669,0.10016297715793274,0.08114817694618945,0.07967575693594078,0.07794577031412744,0.07824686988232307,,,,,
0.005401542512996235,0.14476434913174513,0.10054882361319518,0.2580431418670558,0.11953400820914671,0.10085642768162142,0.0745940613343337,0.08472120025835193,0.16375890881586408,0.0889725530506938,0.08040577403554662,0.07834011708279592,0.082256725878069,0.10183655943764286,0.07646771177706775,,,,,
0.0020170580944432245,0.1637208456440138,0.09996535103487081,0.31068893199508457,0.10961360808093822,0.08538603546164876,0.07830104710474724,0.07679825520637178,0.17283649188713798,0.09070810626202708,0.08215554981187832,0.07846482931758145,0.07844621839326733,0.0771783421403311,0.07562730088184506,,,,,
0.007072102458044635,0.17231966839586751,0.09811634636409132,0.1902612091054498,0.10411688311375289,0.08746483470022533,0.07431348232605159,0.07779759422592149,0.16731483487811483,0.08883199011674084,0.089858736068395,0.07383152764547216,0.07937706758200358,0.07720985601547889,0.08952223090018888,,,,,
0.004378693508340494,0.15223416205802362,0.08866504020142787,0.1754816322891824,0.11330774871606045,0.12679736492717109,0.07757001221754795,0.07693523944628809,0.11740694143135769,0.09956898390226047,0.08641734280122274,0.08177399791294652,0.07703231755678329,0.07359474315385194,0.07451053677482951,,,,,
0.004811046639631593,0.11132158467197625,0.10340619524749137,0.13616147444752558,0.11695978184802995,0.09060609159973854,0.07608765394365072,0.10133429399885444,0.1427904208298988,0.10340538326250714,0.0859090162520096,0.08357292069388352,0.07136585434893018,0.0773718461301506,0.07402797756208541,,,,,
0.00705728060830757,0.12489810304073193,0.08606745513488924,0.14699377402051259,0.1282926147783654,0.09756494370068032,0.07708128811812148,0.07355205509597516,0.11696453532985021,0.16359741456086502,0.08353970926400717,0.08093754405398326,0.08056849667579451,0.07151022143656557,0.10810561774553086,,,,,
0.002225074217810756,0.08518931065138986,0.08659756670470187,0.1299486748005249,0.21177619206590495,0.13243652824766863,0.07795059473384192,0.0755334858485562,0.10523593621316586,0.1547376816424699,0.08125197996569623,0.08100922852937212,0.07495114681580407,0.07447694053931693,0.07254832195041999,,,,,
0.004989731238268079,0.08718536572307616,0.08662704239982591,0.12711574960579336,0.13866811585959307,0.09806134760652817,0.08252646833034491,0.10559322860393482,0.09452820803062242,0.1546451632557418,0.08253506683567775,0.07771991529030038,0.07230303124899641,0.07333491787142427,0.07119844106059728,,,,,
0.0028609484636500752,0.10751667214810896,0.086457443355683,0.12017849034370164,0.14510010921275765,0.10019959556284327,0.07738273926563519,0.07695202515696101,0.09020629904152613,0.19628315124218673,0.07385207408910173,0.08619216110945206,0.07217211870976048,0.07629167574547946,0.07996622839689119,,,,,
0.0022687907489083938,0.088585721723593,0.08293809723963422,0.11167536997144449,0.13233407045347298,0.12874697161110576,0.08138459090356892,0.07257648616401574,0.0728298345237057,0.1823239091885943,0.06079099009209544,0.10123054955649018,0.09096441363697055,0.07881769652419414,0.07093098554031733,,,,,
0.004789435382881105,0.0595567196102097,0.0744711249373537,0.11110635511823101,0.1890091172463969,0.09097880695954325,0.08474383094526687,0.08833686948866042,0.07248029674336737,0.11982932461352598,0.10872444739335739,0.08128714708072086,0.07685644006980095,0.07790689372462778,0.06791074988480407,,,,,
0.0038787605520414423,0.08542171698265195,0.047872661826757555,0.09867651838139156,0.20818316146029073,0.09043887869361066,0.08967333891602221,0.08139810138111091,0.0734904292145828,0.11443494702086499,0.07823122809124769,0.07624023779859031,0.049352556526869845,0.05891108476653699,0.07003019262280338,,,,,
0.0030105759928181946,0.07442883934254908,0.11244047090798903,0.08618492051382869,0.18144162144230574,0.1340630763209711,0.08347995752834687,0.07457561901422048,0.0534155234788995,0.1157610366083207,0.12054429331523095,0.07165275485704131,0.0980849359716114,0.0779765707655117,0.06929791003561225,,,,,
0.002189827941489402,0.07917060022782048,0.10714223990107603,0.08262957564627103,0.24979632937228585,0.09959397619225706,0.08550294313388204,0.07769081573903003,0.11092493924048302,0.10725647955163425,0.02049012023380426,0.07861688591961485,0.043225684354867115,0.06612815732763126,0.06620182842427451,,,,,
0.002251578786454723,0.08803321604889576,0.03300250631241336,0.13691017646546974,0.24431574132869294,0.14712871774746814,0.11307789777055083,0.0774073856091236,0.0961727381561604,0.12229012456058794,0.08055620327116622,0.09954066995933247,0.09338430580606873,0.0703487361549751,0.06881475182369665,,,,,
0.003929578351011801,0.06765991595272691,0.09576462140047094,0.08239944074669295,0.34977227335657035,0.1550101016665765,0.0899638360253798,0.07782372963278607,0.06962230003078311,0.07376368817108328,0.10818801385259515,0.10636539255783692,0.05103974021694878,0.07150059182610245,0.06491783743837708,,,,,
0.0031077521351097048,0.07138224209729153,0.10359207546928467,0.07776084898690534,0.3730171222266176,0.14045058255455303,0.0894315370610318,0.08117617291308042,0.0694205044547233,0.07094402377974518,0.1113081151643761,0.0738024411402406,0.05514984017080528,0.06661123786468548,0.06453349733054638,,,,,
0.003968571769331719,0.0678027642284604,0.10379179154435501,0.07741698399877309,0.3766377464649044,0.16167479162236417,0.09136771563797233,0.08152102654479226,0.08058587727451633,0.07116473894819679,0.1853750561538621,0.07517011893686938,0.07911346990540248,0.07207733268578524,0.0664602487506835,,,,,
0.003270796420429181,0.06758515290052876,0.08384040055388776,0.07726979094825202,0.3749494351951895,0.1843458014493188,0.08939731095442487,0.08324148752177052,0.07648178987210522,0.10262769990676794,0.1750282687259536,0.09701079458361946,0.08127215026292961,0.06668490030750948,0.06553537192701726,,,,,
0.0024278249519347176,0.06567060927392296,0.1043189351906016,0.06984035953561164,0.4179925931459703,0.16668186395388246,0.09211059900791731,0.08572035995709532,0.08032401868854144,0.08692385285431956,0.20821593661658053,0.10086126190744954,0.10936987353493714,0.06797343297178242,0.06433502442568283,,,,,
0.004081968545784778,0.0685753944879136,0.10494634755202234,0.07587869596264299,0.39303301393019763,0.20185350848968153,0.10300223687202881,0.08446448215970594,0.07879193196302962,0.08303004675685988,0.17635240623319512,0.10759497873532325,0.07900339403671931,0.06758054791981265,0.06412327922738957,,,,,
0.0029967609874272747,0.09509407028771819,0.15128271934510942,0.06645146798635784,0.2934812294926789,0.2305726721372601,0.09564671578316168,0.08536768783785223,0.08292089691148215,0.07712129550866373,0.14952736530335128,0.12432566908686142,0.09649966855675546,0.06626762503718076,0.07702701475227083,,,,,
0.002944377471196301,0.06632470056997133,0.1725392644065743,0.06586210450716781,0.3570711312420399,0.23284052666660143,0.09569352890969929,0.08979948138255758,0.08024831669709832,0.08455200360664301,0.11701906044083148,0.12985414803627304,0.12601432220507125,0.0675790320450153,0.06470703749675893,,,,,
0.004640927874234582,0.06653770824878334,0.15911370192537908,0.0636310165398423,0.23968769795079767,0.258590750383638,0.10815454678708908,0.08764519423606423,0.11861029467631233,0.08354433870484729,0.11240807958027194,0.16919822439191173,0.10761134116771782,0.06501464450907835,0.06332346649606098,,,,,
0.0020260385215229147,0.06712210092145501,0.15813438614397388,0.06373805415343692,0.20901346751357813,0.3757061920139832,0.10222741366745812,0.0904379323603212,0.0809724313526567,0.08336983353857673,0.08882658881282043,0.17923317592366084,0.1276880042646269,0.06724771709868131,0.0754859891919817,,,,,
0.004214587943464605,0.0643412976930208,0.10613122800894434,0.06062467841666936,0.23743223969246674,0.37182020436258745,0.10343493666280991,0.0921720434174485,0.08432357841758843,0.0796690553320641,0.09322170075294235,0.1810796284837141,0.16261885958908007,0.06752036171231371,0.06278227421758377,,,,,
0.004124395960167313,0.06477593902313915,0.10207596157475486,0.059577705280047875,0.1504430516563069,0.37317100356465666,0.11019598610999454,0.1043149573425272,0.08720912641789616,0.08065529790536317,0.08357679967288857,0.15679543998931703,0.15012975867825967,0.06843486957992427,0.06247900920311942,,,,,
0.0021861237743841656,0.06529130137503249,0.08081552850101298,0.05955906562656494,0.13802254505697378,0.431029803574992,0.11309754879002452,0.09447977098546541,0.08480763492163443,0.08338651750144294,0.08147140203760593,0.10547070531357285,0.178893521136724,0.06794280721993992,0.0726368745998056,,,,,
0.0063230612416439935,0.06385964101646575,0.07840613867677762,0.05771834000736843,0.16891395658922695,0.28455308071801916,0.11723455960686839,0.09725538253271859,0.08765090505153204,0.08198134688209698,0.09076043148884991,0.11323300636239697,0.11855362746257664,0.06718057859992609,0.06188781304888565,,,,,
0.003407113303561589,0.06319315350738841,0.06718485875134303,0.05530055856126587,0.11266964264685038,0.37567500664350345,0.12473994402930669,0.10432327646574643,0.09259549515650999,0.08194169466630752,0.08276621511900702,0.09630343882949319,0.11538758826607287,0.08645400485851645,0.06191161117607152,,,,,
0.005086508300903787,0.06735164469600823,0.06873128382646494,0.05523134081449837,0.10468945306322311,0.24376703681287415,0.12367519651228907,0.10094348219070051,0.08908380802811411,0.08255391834915261,0.07832650958101262,0.08038787056713698,0.09931519635806009,0.06506461336593156,0.06378080467020503,,,,,
0.004265280883238648,0.06357982411931073,0.0675339432079594,0.0545315077921787,0.0805313612466936,0.33655573836417396,0.1346401912204496,0.1030306347346828,0.09278851561123976,0.10853043012113486,0.1038791636161979,0.08108080964479229,0.1005341687546276,0.06809910686250756,0.0613907796114483,,,,,
0.0052392178001815,0.06345708296759393,0.06198110966590267,0.053204355943714664,0.08527449150327412,0.28794451647299235,0.138322325963609,0.11287535492607696,0.09171118606897907,0.08539091408128205,0.0793793750738351,0.0811466628356524,0.10345637232665035,0.06691471813058053,0.0607070581480521,,,,,
0.0031746286805171683,0.06467027838025174,0.06293779119893998,0.06627968286548615,0.08099126632677839,0.1921068042803666,0.22559151271043462,0.11125772912251239,0.09291143016781778,0.08910489777107447,0.08074104219631305,0.07987558171251766,0.08217029071488316,0.0679149124182579,0.06345680198680058,,,,,
0.004143139211688093,0.06250424196747478,0.05965530871900281,0.0527124870684941,0.0700416397468678,0.16944759490210562,0.15635949524676318,0.11084336096605821,0.09669500722536693,0.09708846235556165,0.08826294198349575,0.08292731226920798,0.07999362891477223,0.06889547428239369,0.06138169616800359,,,,,
0.002589111831635838,0.06307338118404081,0.058451112913751144,0.050804748188770565,0.07394218701587431,0.23359598569244863,0.1648815206735669,0.12571324554254387,0.0999192220451824,0.08751641344971331,0.07882716020090419,0.07780946103032847,0.07893061074800214,0.08758605210023812,0.060327806523836146,,,,,
0.002889250256712909,0.06341378703363583,0.05734904172371482,0.05512622802185269,0.07417726806049413,0.13750254769794887,0.24738186713961316,0.11840944246775921,0.1003504551669438,0.09116636055146589,0.08041157970979063,0.07660467769672107,0.07877342712758843,0.07029035756098163,0.061409575958581146,,,,,
0.005563501384099036,0.06390389299083528,0.057213138977609025,0.04934751803030766,0.06459829328910505,0.12406599905223648,0.18758727378945034,0.1265993638094389,0.10313870727170683,0.0922489003181842,0.08068021427704589,0.09776951440282423,0.0763282915522795,0.07526340483132428,0.0647793821757012,,,,,
0.003164400454045382,0.06230754667418466,0.05640513478739838,0.04987316351650108,0.06978043601382954,0.20380269719555508,0.20493732129822065,0.1320860214696788,0.1053094126133534,0.09366457813015534,0.08175484363607993,0.07720941934391395,0.09823251543885142,0.08848070317503114,0.060701050175865856,,,,,
0.0024927856974559957,0.06234383212043919,0.055805315256258634,0.05987384570271896,0.06005519943743672,0.10420909084574723,0.279517947200428,0.14243205400001338,0.1478292333038163,0.09454565232189609,0.08270430529954918,0.07756556117961047,0.07525875275957829,0.08511240550053753,0.06099004095045409,,,,,
0.004946402731295599,0.08685376910733826,0.05571127194706393,0.04873374246067149,0.05385720428458798,0.08555113858015467,0.23647513476502374,0.14842375383507275,0.11161074669677593,0.09915878306929277,0.0859579117956921,0.08552364226430956,0.07538662743221214,0.08482514059389275,0.07069826594590047,,,,,
0.0019182025969023053,0.062130189903234115,0.0556876125980375,0.04974334824263305,0.061528767151619417,0.09263072342120394,0.25856163246850355,0.15976862268084716,0.11414740409535096,0.10796210876515983,0.08334517279636976,0.07843903977656494,0.07453373631482882,0.07252608755336398,0.06205408289702075,,,,,
0.003723104578558612,0.06224439728184574,0.06228389983063412,0.050099713661117956,0.05109641602949394,0.07683004735050875,0.364442993577914,0.15616386596189077,0.12298442062326538,0.10005028090031519,0.08397310871099865,0.07870455440305359,0.07557069637957564,0.0679273603079589,0.06186759525919802,,,,,
0.002475428708202688,0.09559382310453515,0.055138929039928244,0.05163050910548482,0.04840169910074084,0.0720632758764642,0.35103866743024564,0.16536518712849796,0.12522920753994296,0.10689879021900124,0.08799581199103707,0.08098623475507036,0.07480653844473609,0.06751249193232399,0.06658016081500139,,,,,
0.0033798869123608725,0.06455238801349203,0.0552485712325565,0.046534280912052924,0.07786333889232941,0.07068698019124368,0.38782538930462945,0.1814120363296893,0.13059978125231583,0.1396131529045645,0.0865179377884298,0.08072690772998621,0.07665837468064296,0.06609149699858637,0.06253157979707717,,,,,
0.0047637127285102615,0.06440444474927037,0.05677689553434154,0.054214620826421485,0.0469903913144397,0.06511105372150758,0.3526532817093872,0.200136167053295,0.16190533186383393,0.11040995722533903,0.08883197551906474,0.08173117113991366,0.07678839371822416,0.06602357557093676,0.06302725509191075,,,,,
0.0023803587265634274,0.07782502513399268,0.054745218881095695,0.04473961436374811,0.045135546946686936,0.0622054846097852,0.4125325715185781,0.21388279872391341,0.14577044569729428,0.26569727819547284,0.08924485650881583,0.08589437348741068,0.0773898566823729,0.0663592975181985,0.06616442496872703,,,,,
0.002774778692062297,0.0693864013154541,0.0557524554021807,0.043529946448492285,0.042732077393854775,0.055594064107950175,0.40729306137918847,0.28556924330924166,0.1457606666929465,0.15253018153807557,0.09051922356040187,0.08306414496419284,0.07847358368527359,0.06666480491799594,0.0632900579990859,,,,,
0.001767074178653728,0.07751525714456341,0.05729988048847073,0.04428745901577035,0.041601549117683885,0.056283854112511654,0.3179821101564799,0.2795322460182857,0.15396996685082068,0.12536373651316593,0.09275083074828298,0.08384973809860445,0.07746589134042846,0.0661963436454791,0.0669947878675529,,,,,
0.0037616528902600413,0.07423508791169092,0.05535072244288741,0.043362123361074686,0.04033051266664505,0.05236664767261677,0.29507258231514377,0.28393222591590916,0.1697424380885458,0.12888946203210416,0.09775576277188192,0.08603396695602644,0.07930115249434812,0.06639433053322417,0.07271568131387146,,,,,
0.003942344912158164,0.07106851357550138,0.05398047784811166,0.04268373948711881,0.0407743916008376,0.04620956392730262,0.29457294362408387,0.3516884925555282,0.18156059219341686,0.12587826082795908,0.09736867339591829,0.08850115640762653,0.08013208091094018,0.06686559855374477,0.07314829419819087,,,,,
0.0027144206728341638,0.06757192712800243,0.053538124627054984,0.043245666773433285,0.04047597505095239,0.04673754001107783,0.22543794380998713,0.3660727721748546,0.17713776310713042,0.13912859955478604,0.09723407016338907,0.0873191494694841,0.07998484636860627,0.06696496839595484,0.08984089773184505,,,,,
0.003807225425817396,0.06563003818667955,0.0669646827695475,0.042416346072002495,0.03859909339929364,0.04496543256018895,0.19010240967854564,0.41581959387580314,0.19303836989314832,0.14452118580109383,0.10102055567997119,0.08928530289370207,0.08183048304834363,0.06691916061951013,0.08791957341352791,,,,,
0.004648256706629455,0.0658112485986187,0.05373323162108838,0.04219403446701027,0.03756909051204096,0.04491179680742678,0.1779308078317666,0.4155129344656222,0.22428258402880427,0.16028075615634596,0.14845214554132313,0.12399520560266014,0.0849869047524932,0.06795671454846933,0.08590058187152112,,,,,
0.00351686095877146,0.06450876181528663,0.05328560165824784,0.042701698002066045,0.03733451990229364,0.043562769680855776,0.14446197201186933,0.2158963665655408,0.2866254563984151,0.16374783032641974,0.10598163504460796,0.09175239314243404,0.10487013140316,0.06843740389953584,0.08021366410657473,,,,,
0.007258149328150036,0.06555558605373557,0.07006585167975458,0.041599117748711834,0.03646363496292447,0.03955571050855054,0.1399385258977173,0.4390289694320805,0.3523115349031155,0.1664645296040076,0.1084331642404042,0.09329214017144385,0.08456120506776235,0.06787931738402506,0.07117250095704944,,,,,
0.0037036362045695195,0.06710471145298533,0.05338672381810321,0.04121546444984876,0.03737002621155125,0.03842669306659617,0.12983944761958524,0.33797164078339303,0.3245859002719871,0.20746913293582256,0.12117536885743953,0.13768324547115246,0.08738062781512063,0.0684237980028366,0.09333718197019489,,,,,
0.0025385334298210207,0.06571624647327089,0.05335258605908192,0.041381903102136026,0.03593617001019518,0.03632774611896495,0.10869873005653401,0.34129711042151606,0.32203864186934233,0.2585366254293422,0.11797191986918668,0.09755728775569311,0.12055077715035943,0.08304597530940798,0.06511529565457835,,,,,
0.0016648672152372122,0.06624475071371033,0.0580341162281965,0.04528234793004097,0.03672021412918551,0.03522114995671395,0.08763862855769164,0.2599416021077291,0.3687869226953709,0.2182374698410305,0.12050887482396268,0.09998914839538181,0.08983877955495372,0.06993228562993294,0.06447500210393273,,,,,
0.0049145132420224,0.08280907033174163,0.05336826055299355,0.04050201299192192,0.03914444520819097,0.034877739511166767,0.09293292105925752,0.22605672180260297,0.43310846414502524,0.23540303194224768,0.12691081200937243,0.10370055076460341,0.09071902755842082,0.07090544594811077,0.0638965468492113,,,,,
0.0024754287082027634,0.0670385903348693,0.054093774697232144,0.04068629007485029,0.046634881155874046,0.05476774634000501,0.0859637611004953,0.16318234657982147,0.4464558104338109,0.20301992768250957,0.1281088063698292,0.1039778585493106,0.09836268076210476,0.07084356789629799,0.0635588082111169,,,,,
0.00729770405381359,0.06683510057904164,0.05864846512817243,0.05058035609781814,0.037380651580939867,0.03406134074485757,0.07673488066265118,0.17960227500152942,0.3758809168198046,0.3100345749679025,0.13368425723190508,0.10717900245090245,0.09443177598566165,0.0706657015739582,0.06299767776528815,,,,,
0.0034824010780067317,0.06999724797744225,0.05594531023023532,0.040250251659472644,0.03833821933270846,0.03125140781672179,0.07000180512492118,0.16221771168745458,0.45077051993251455,0.35062900273923514,0.15362980196485426,0.11511901315033822,0.09607126209325582,0.07175811382031257,0.06264224534958442,,,,,
0.0058051436179922845,0.06885284371169745,0.05611555384356131,0.04013409496418626,0.07357881734171878,0.03399465166089128,0.06530924814848764,0.1335097563094067,0.34591752659046515,0.3481977472442931,0.17620610484674704,0.11589107333494855,0.09969312502542627,0.07307058406341635,0.06252252209469011,,,,,
0.0037839937544029254,0.0708815756904725,0.05971531673656051,0.04164192647318485,0.044108555033684785,0.031016656542988127,0.06542589366712313,0.13550840227408079,0.3045969793443342,0.3483436214222357,0.15927771917605696,0.11947744264908908,0.09974937882636155,0.0731445846129487,0.06279666363617846,,,,,
0.0027144206728341876,0.07884858808338296,0.07392001664418257,0.04006315176815196,0.0533400856914869,0.03105267401929102,0.055714664333718814,0.11104463252892822,0.31478422155762625,0.4878887605452133,0.1703434018691011,0.13287575981162245,0.10499824321526327,0.0742645680875136,0.06257225328919573,,,,,
0.0034172791341501446,0.07132150498450114,0.06203799016571912,0.04055832322717505,0.05364127282062774,0.03990078339107778,0.05446380669954119,0.09819820075878616,0.23630459839804818,0.45552277212745285,0.2388460819874169,0.1277108521833103,0.10665140478131406,0.07648507481194786,0.06326319141416457,,,,,
0.0034539850477789454,0.07234778266421985,0.06810980760365351,0.040966117315118754,0.053324962225755536,0.030155080999837255,0.05140712330410819,0.1510331989444302,0.20355138162786568,0.48823588659799133,0.18750036234540213,0.1320514597211408,0.10835680374489849,0.07616364782405681,0.06347941951440293,,,,,
0.0015158575748536142,0.0869691809334865,0.08797120983459689,0.04058101716969437,0.07105156526305534,0.029688933625892082,0.06326493368203479,0.08136655219451132,0.2316853893419267,0.4665024150210305,0.20646371405461278,0.13345641077566966,0.11719019905982105,0.0777477405400276,0.0639756864926747,,,,,
0.0035905701734089807,0.07540544319771211,0.08346708310187902,0.039511470186582145,0.09869575869540931,0.03664580259917595,0.04647199276730617,0.07729375190847448,0.16731262796504412,0.40163366294336245,0.29919665318985483,0.1710383915715219,0.12567870337492107,0.0790333885409369,0.06350827733904009,,,,,
0.004917744457427209,0.07823741059804293,0.11714973470173372,0.038840358501745345,0.12362625572581529,0.029993561478939782,0.042127807106332724,0.13734517300185276,0.1248562783762955,0.44479799460256303,0.2307941962803857,0.1486754142933681,0.1633297425893049,0.08420733175616053,0.06419331740136275,,,,,
0.0026186186869009112,0.07702920325551645,0.09735000332231965,0.04924629095070034,0.12373505165877699,0.03156399428715516,0.04084509157410224,0.06728047100937991,0.16452140281040056,0.27564296727692267,0.272995109308952,0.17465874514225208,0.12936935512604453,0.08155995715094153,0.06428413544661667,,,,,
0.00524682310538742,0.07763994148320737,0.12533931495031855,0.03884576672521709,0.10635105148482689,0.030889141704472198,0.03823440913973142,0.06353669346257962,0.11538095757990839,0.234291022154784,0.2907248209946683,0.25354701572602445,0.12843987999464007,0.08279710568434757,0.0862765322111002,,,,,
0.002222596000269562,0.08017109964929406,0.0902986991226032,0.038585518590705845,0.0917160074752934,0.06146789776665744,0.03699183422322166,0.07077875482489983,0.11577634855700336,0.2776919364577716,0.33658553113026485,0.18354592826071486,0.13249829764776905,0.11310078206608808,0.06503957143095114,,,,,
0.005286525467104314,0.08347475750885305,0.07546796673223573,0.04437877729084464,0.06162837294981589,0.03540014167745913,0.034836110691966994,0.05618880009937403,0.08172589158333561,0.1894062245010794,0.3791534147321532,0.19562840261694975,0.14518101893053137,0.08440859594295498,0.0653017423802281,,,,,
0.0029365497449749737,0.11436487310349257,0.07211323370381627,0.03836827682126436,0.04785474700645687,0.04296450130815562,0.05397134856496883,0.05341345386948472,0.09154240081577901,0.1755112898230077,0.3758758308137108,0.26259991985942893,0.1600463667766501,0.09042792356266564,0.08216476713172147,,,,,
0.0049555043583627825,0.08571649855857752,0.06352636040565696,0.03823724946044285,0.04734230067277088,0.05055153804466684,0.032339269549423656,0.05279330459615809,0.08466324732456242,0.23610480991000246,0.4166248634902464,0.22675226122876602,0.16738386033083472,0.10610055876236758,0.0668352994501491,,,,,
0.003248418987183386,0.08996037659411878,0.06184327696013639,0.04347020705996889,0.040099063499470754,0.05876593055483721,0.02993444562894378,0.04561179687679873,0.073681347433101,0.13961887425510944,0.4699300450123874,0.2680358810669392,0.16847482583511011,0.08870384688703442,0.06856331484962573,,,,,
0.0028623079070452845,0.14065353723059604,0.06173435622612185,0.03775018313832745,0.03841650047525347,0.07272327778542945,0.06975523270702814,0.04313124086432547,0.07473082164879066,0.11811527761041189,0.41505276773346605,0.34067866967628607,0.189892020684242,0.09432418942677544,0.07036532853539539,,,,,
0.004138128421284535,0.0946793113616626,0.0589981212648502,0.037799572719813976,0.03779085806938518,0.06847968240400736,0.027402429716216422,0.039550899363933384,0.06656779216483917,0.10612817339627845,0.40932230300200056,0.2972411242940896,0.21477859375527722,0.10069860952336473,0.06836384677689797,,,,,
0.006663897298371948,0.10210003221327237,0.058306926408096794,0.041734629053339294,0.0345950326147302,0.08989685797092722,0.02711403370977094,0.039513439298125015,0.058497727288916744,0.10929655226656483,0.40860706586545104,0.3645308024317759,0.22272323906498748,0.09929273609020346,0.06932291016916478,,,,,
0.004136953139353093,0.11109238093812955,0.06038109035879412,0.03826400594812709,0.03085485612271018,0.06560545915060308,0.06077142096337722,0.036215130440997376,0.06841906467679351,0.08691293210408822,0.32912750539178376,0.45052774785949373,0.2547312305558604,0.10521377852629571,0.07149571305391292,,,,,
0.003607773952047003,0.10901559755897758,0.05807100078290935,0.03796941599026067,0.03133205075636948,0.08410488282218777,0.027144911360254657,0.03557643782554112,0.055875214440148396,0.08598439831128715,0.29028381860304775,0.45713249713334514,0.2581528607302716,0.1057706804817457,0.07113010934631998,,,,,
0.0035716501489748407,0.11417155338508941,0.05858107816258966,0.03828022701393681,0.030986623948576097,0.04599269572069707,0.022184716632588374,0.05484192376433642,0.05109378296234183,0.08147315283506491,0.22078793697534582,0.461536835505245,0.33865697155219676,0.10466977209156407,0.07265709852194788,,,,,
0.002027318192278312,0.13977714243785738,0.06279807297135177,0.03816052907371641,0.03028933660928808,0.045461032515981915,0.05315230058774083,0.0316052966647947,0.04914909015185192,0.07243806182380928,0.19721865378294548,0.3982609346519064,0.3101061795728201,0.11295076447046082,0.07272284983629393,,,,,
0.0038800140430045008,0.12296512369678818,0.05909073001655849,0.03840691292143049,0.04297711539559779,0.039170714436672326,0.022044706116282158,0.031686634991779566,0.04800814356396137,0.07964504374405937,0.19436534380545825,0.424729710414194,0.41494187148719924,0.12658723311239575,0.07421464750612525,,,,,
0.004194541127064922,0.13236346416536804,0.05954600078674544,0.039211346115337206,0.029236835375333746,0.03200376333053629,0.021465436655051177,0.033494945330300736,0.043872667386830995,0.06823675537538916,0.1776315850394253,0.4204440864309388,0.30396758995875667,0.1084871452016768,0.07463636191001471,,,,,
0.004123452630159884,0.18314632429626576,0.06883742205079339,0.039022679499223036,0.028844214541062112,0.030422562863346662,0.02502228900313667,0.02833489922467729,0.04178508907354145,0.06085335166095918,0.15996053250999479,0.29397090425907857,0.44637369714192937,0.13262200680488975,0.07875594291593506,,,,,
0.0023755872343837656,0.1446284232247483,0.06009508908723409,0.03917501783040367,0.028069213247717505,0.029313111692340854,0.021150930496319015,0.026907706906085703,0.04029686676161489,0.056773749343393555,0.12971756579827032,0.26156048973533086,0.4561384513669524,0.1397014385391199,0.07790985643320564,,,,,
0.004134444754620842,0.15170477871975885,0.06072777441652406,0.041233457058103384,0.027632478722347104,0.029244463091335614,0.018738690666869964,0.04189649847892681,0.035399225892081,0.08954627297574444,0.15327112902157752,0.2561246426198639,0.4225914574005422,0.1533991982371677,0.08039018130639744,,,,,
0.002667071442332198,0.2295011656215023,0.06721434915858963,0.05556051823639384,0.02819579897090925,0.026074976352126734,0.01969105716103017,0.02568338641148424,0.036622688391612014,0.05267601687740471,0.11326264875883595,0.21714447389145908,0.4344209191499173,0.1557074494883356,0.08033173508773866,,,,,
0.006330593486649747,0.17795420042739088,0.06300364682552935,0.047711410507902806,0.028165601496966893,0.0244584326249831,0.019715819266625162,0.024594931309204388,0.08295651327278206,0.04881674407393333,0.1068536945065082,0.20096042545279091,0.39876254937673244,0.172256236190049,0.08080683127176216,,,,,
0.003469343660155678,0.19293485863324342,0.06476684982261023,0.04389985132295512,0.053341331605778725,0.04917085198163286,0.01841282592348953,0.028985974298056678,0.033747716795965645,0.079281834221165,0.08831722614216629,0.1815254706409801,0.3044576199142516,0.19206133021156965,0.08381419187590763,,,,,
0.0041594605312383565,0.2933195481752204,0.06487119879396092,0.04435609690398584,0.027645298859494453,0.02388380520819609,0.02063612328264471,0.023419146003748167,0.030883841216074317,0.04338104156770539,0.08476684185894878,0.15026706612893517,0.3068091563717422,0.18973459868012782,0.08958655070966418,,,,,
0.0023057831856327323,0.23404018756239672,0.06490517198734128,0.044206044109249824,0.027219046314434617,0.023518037380009644,0.019132680748128728,0.02330057347100428,0.050783973784464,0.04272370871076187,0.07502131768123807,0.1213341879111296,0.26800850783523084,0.18900819619115652,0.08910988566042828,,,,,
0.004607276181321288,0.29818581603413347,0.0669633659676431,0.04128697168328079,0.045781881691535846,0.045977559838653995,0.02003795124957528,0.023377234214519347,0.03138080812737266,0.03802723439676266,0.12342953159756959,0.12609312219723623,0.1664705666599267,0.20544144577512233,0.09387210246349009,,,,,
0.0032857287064739305,0.4411188248978959,0.07377034616659085,0.04292186362977099,0.027326514555496687,0.02237770397390539,0.021140152709243968,0.02285952532401916,0.028782512920295045,0.03633716853408229,0.07045921073773177,0.11559846167377087,0.17248057241940784,0.20649578248405842,0.09583531949841742,,,,,
0.002400970625817309,0.3955159402445348,0.06934235679739163,0.04067787508049717,0.026035646590487713,0.022295731428636528,0.024952021434145048,0.02314763874681398,0.02658968701257205,0.03615492531783433,0.06712851939511409,0.102552836374324,0.1723860373131898,0.2320732103239228,0.09926755365608933,,,,,
0.003368357331048643,0.46477504537206255,0.07413906083085364,0.04063800769949931,0.039843063822632994,0.030945344396388467,0.0175884339843156,0.023009979379483778,0.026636463676876422,0.03680894830851999,0.1102746214095932,0.09928348934094645,0.1350576973338686,0.24329307941366776,0.10207081327796826,,,,,
0.0022400306719180174,0.45666919352258833,0.0724489808362729,0.041745533582159974,0.026176280991269542,0.021949309034368293,0.01591171736906946,0.030351040459564098,0.026384555519017045,0.03497756331581741,0.057044943485672406,0.09297329026295306,0.1452355467949899,0.24556962415869799,0.10851963739592775,,,,,
0.0038846901688870538,0.5042909937900234,0.07261646200722824,0.040525018456304164,0.026833956166933827,0.022417305283288173,0.015766665773996727,0.02496594533688758,0.02599014608616388,0.030943071008960005,0.053859605949950866,0.07729207421195532,0.11990417562594999,0.256802791016647,0.14657661743426614,,,,,
0.002527270344025737,0.40732155541144144,0.0800611700153855,0.0404994115520783,0.03186452291947539,0.02432094127583971,0.015968337810361864,0.031534596050324916,0.02570563001217687,0.029189705621796902,0.05748026366830325,0.10679237664116217,0.10233211163380525,0.2908918306386131,0.11264107600088745,,,,,
0.0028910449616033245,0.3689439382718955,0.08248327763386668,0.04210656278636192,0.0254398189222183,0.022497797419115464,0.012710635390026665,0.06290531681247494,0.02655102201583396,0.08015010218713337,0.04978793818577079,0.067851874265937,0.17839538746678768,0.2731843011950268,0.11691009016107352,,,,,
0.0066934099171418095,0.27980585284402304,0.08670817134171079,0.041771183720180266,0.026102798561976774,0.025669485423548372,0.018164234473786043,0.03651978947225109,0.026531246835398554,0.028768261359232675,0.04690607238608068,0.06807250480811608,0.0955433102538276,0.31464480881017975,0.18077787065967876,,,,,
0.0037976766547874992,0.23739449760157735,0.08785651285659053,0.04193826157790862,0.030672338898742938,0.02481151645525517,0.01292423068619794,0.0434468136082932,0.02613235279010785,0.02760158274134277,0.04251662505165021,0.08680149782444375,0.08354315517564657,0.3135743390038129,0.12763347006892792,,,,,
0.0033482786766311098,0.17836590959001414,0.08724030552817962,0.043069706539889265,0.02640460017106632,0.025348924840564422,0.013680946007090128,0.04004572621937109,0.026435803671438968,0.05996617244456676,0.04093540144279541,0.057513078740992,0.1531194577778776,0.2870884371526357,0.15011776291971726,,,,,
0.004547572724560536,0.12679163774910704,0.07763273842152077,0.050382305269680266,0.026523425526824615,0.02342030876496676,0.016465227101646853,0.0353971744468571,0.027640842395511192,0.02557413466103198,0.03909313088039829,0.05447690019419397,0.07365987315158831,0.2981765356218308,0.16971486503906577,,,,,
0.005097967569653829,0.1550911612089386,0.09800899726497418,0.04364455263928381,0.026736271378649642,0.02232782770072762,0.013411377300091345,0.022925063916687624,0.041572862379790645,0.027116424876185128,0.041626579280834144,0.05463304750775772,0.0694054237879984,0.2818102707348191,0.14199355444603756,,,,,
0.0053390027097293445,0.12496954717622835,0.1038885255664397,0.04365893058583562,0.026466100714455116,0.03532786831505581,0.012735529425913238,0.02905233252818442,0.030675985090256788,0.02649148086778759,0.03620532705870976,0.05178696938999349,0.10309704208499951,0.17041136610423588,0.15894369649196394,,,,,
0.00408649291120981,0.09844738297364526,0.15392848063184897,0.045305058358637476,0.02715007014183707,0.0211860925837654,0.01262159149622564,0.016227737664051754,0.03325447802360549,0.026005047510743978,0.03320814957622221,0.04739896558692676,0.06181518895632995,0.23572932790660334,0.23442502423114325,,,,,
0.004839063976169351,0.10251467732866007,0.11198092017500448,0.044344613459625676,0.028849788632463035,0.02122803916875801,0.012508041189609536,0.013885781944433719,0.07171662437488718,0.025217279257570578,0.03152834500796901,0.04465056608581866,0.05538196033245198,0.1941309853666233,0.21727707873151977,,,,,
0.0057995005845039495,0.08835228161248465,0.11727743832688606,0.045552161636236745,0.02796953740394101,0.042096960840096426,0.012381883429074566,0.018706293784704515,0.04446341219125159,0.029455212204036903,0.06605656348381654,0.04373303261855596,0.050217363458228886,0.18100160513930746,0.21801687901568337,,,,,
0.0024818375111875486,0.06965581761360301,0.13580354949463058,0.05416475740985965,0.02797091665732319,0.02128903774185912,0.013604335262834107,0.014933004738299982,0.0546343529424595,0.025818883527892328,0.02983046104585871,0.03957328629309626,0.05011058342262726,0.17675310051453344,0.24088044909761025,,,,,
0.002371626439965461,0.07283908812246737,0.1333294517912347,0.046416263568287146,0.029192537551614807,0.02119196765631213,0.031184115367735247,0.012585581176060325,0.08194163136563903,0.02676282471010263,0.02794976835868208,0.03785962858447646,0.04815205772552033,0.16179683422709956,0.23405523416564028,,,,,
0.002996003642182873,0.06800957459438949,0.15323396416761367,0.04717597269155102,0.029502774909184636,0.02434513554958623,0.01179167713974801,0.012080899992307288,0.05851250551327653,0.02788948212023428,0.027835459935777827,0.04358378023841221,0.04406469955591276,0.14042965965889465,0.3001608602203361,,,,,
0.004911411915527001,0.08073297942893452,0.2160718191725525,0.04932238355475492,0.031810300993115555,0.020977945065776844,0.012226830263591233,0.027892469307873403,0.046324986795232274,0.06683789442133906,0.027667711017722908,0.03478931657285915,0.04360501114494837,0.12498791214691124,0.3456762661903573,,,,,
0.003285728706474109,0.05431288526052759,0.18033564519028497,0.04874714473986018,0.033111685685885274,0.021240741300701173,0.02900081194272507,0.01114912337352331,0.04064713280610849,0.032253586877820595,0.02599488554076399,0.032103112128602194,0.041672907294635,0.0991751284902774,0.3568680859827694,,,,,
0.0036966270457429464,0.05450112676312826,0.1986995034911813,0.04989434964180004,0.05499676945720094,0.021458911315381916,0.012149161993617933,0.010994759843145574,0.0298328952860066,0.04784829738421509,0.03280511126062608,0.08401352700553623,0.03887729970095199,0.10524263620780457,0.3757389795953778,,,,,
0.0034196499728918104,0.045673930828534666,0.28040745369898284,0.05286311445814472,0.035412557389311844,0.021300075032963904,0.012048763164655588,0.018633086114769246,0.021823776693474902,0.04763832500353257,0.02469003269914926,0.029823385407626694,0.04393900205984835,0.1071499613248321,0.3511056223727045,,,,,
0.006406187924449509,0.045127192950247454,0.2692480535294601,0.0533781489116002,0.03791556241067693,0.020942557342336156,0.013923714971761786,0.010514139462974949,0.02128660115503034,0.047762696582446834,0.023487912669465615,0.030083687775915077,0.03637661621271023,0.08707678197266841,0.3604439600863649,,,,,
0.0037140378560619925,0.04209588269815437,0.2904307773452084,0.05379060720452339,0.055611700963585434,0.023143086639854326,0.01251198012625815,0.01074338305613893,0.01754340293660279,0.07058555683898853,0.023865664217889403,0.05005364628260731,0.03260368754021958,0.07769568519734321,0.3069178352238833,,,,,
0.00513471791724905,0.03880515326016417,0.2680118547985617,0.055596285785170965,0.047624440509259236,0.046863645043865976,0.012743647039602284,0.02074292351143786,0.016283975983008108,0.0643146283004668,0.023281407136063824,0.027112790219893903,0.07160396530391075,0.11195406579984661,0.242419926806067,,,,,
0.0018168249704534046,0.07334736525499339,0.31446138604226864,0.056097873134248924,0.07704990678669994,0.022218432415211743,0.016548204369066108,0.009955882828006895,0.0151666789723758,0.07365443758146506,0.022610601462159187,0.02524554589858347,0.031213916402182046,0.07129240845711321,0.15755850661408802,,,,,
0.004228640832471328,0.0357046636149024,0.3069575828943774,0.056026377005310456,0.09416537980085624,0.022563194178241878,0.022714526373895334,0.009975693478194946,0.013652860991961304,0.05986496531372227,0.026040987773596307,0.02559592859227621,0.030112693856547156,0.06784018189380175,0.21261285420001327,,,,,
0.0032627582247473723,0.03223529868001027,0.22921440120328712,0.05886497395825382,0.07800317402508192,0.04231004494057973,0.01704490763771895,0.01018075737619061,0.013569714540186392,0.03988127914958753,0.022444245104732564,0.02525215829190292,0.03727608797518139,0.055130885401560956,0.16915969291846158,,,,,
0.003961131176197275,0.07280581151837409,0.23183494717992956,0.0676658570170178,0.06477348166135381,0.02279213419526093,0.020546241465169344,0.009761244763849384,0.012842576741034631,0.037841402519591574,0.02261025735356524,0.024188767043429968,0.028135302478246565,0.0599540182249368,0.19412427881248662,,,,,
0.004858319750612022,0.029632448470547492,0.20008644041457854,0.062037577342701225,0.05376035019525532,0.023999969159338965,0.04208838884868005,0.010103564053572135,0.03434575997090679,0.03257384426886526,0.02432039476164697,0.026861885339101544,0.025709867108348546,0.053964650773315796,0.15239961010238262,,,,,
0.004504885016578696,0.02782011729323133,0.20030047922150013,0.0640052575918044,0.04437539496615055,0.03875094691494612,0.025856486851157483,0.013074659009481501,0.010728284781964782,0.02145687173976824,0.023536225928246085,0.02223807756358799,0.025434721124731444,0.09682913779184683,0.13740983186047165,,,,,
0.0029585466796911027,0.0323722233521617,0.1561253963315709,0.06493689089086745,0.03487367740297735,0.024548807378150385,0.02396341641913809,0.010338746153805471,0.010715706805266862,0.021478722881430563,0.025255046658181398,0.02237487883640537,0.025117321114477776,0.05119656220005227,0.08547977767087372,,,,,
0.004080062048870279,0.026118008085049854,0.13799008104594518,0.06583446066556403,0.03487930101954184,0.025457818719736697,0.027840618848360702,0.01084094950096163,0.05285712876088769,0.01961486451410062,0.029390601946943855,0.02232827779546183,0.024083531097528334,0.04617312486698677,0.10465692404173794,,,,,
0.0035897574901196084,0.024587654335523245,0.11147298339991528,0.07398776974171378,0.03505896540363052,0.030218657515221067,0.017987776379251436,0.012449849196979964,0.010254366862306278,0.0164554781222573,0.03810741347594336,0.02149139752627371,0.03218719110400632,0.053367944678419994,0.09556547121618408,,,,,
0.0030939519161563094,0.02458079724480184,0.1355759074798294,0.08090211677896159,0.02936915135011649,0.029695833880267,0.015609201397837454,0.024972346167324036,0.009684389805233576,0.058409501144386894,0.03263775504623157,0.02115584996430756,0.02206421208842392,0.041916310202835365,0.0831129355075589,,,,,
0.0022407541726868563,0.07174941662693955,0.0907053078255774,0.0823694400887615,0.032415846290172974,0.03212289859342323,0.025863557240032965,0.014736611789128337,0.01916361252654406,0.01461361014390713,0.03719124045509647,0.022175201533054727,0.021538003083714872,0.03843483338498326,0.08306929653831405,,,,,
0.001879964431956138,0.02089643888693006,0.09151834469841563,0.08901466371625413,0.029263523682919654,0.03908629715054897,0.0142698898411422,0.02421673487850576,0.009266475231864107,0.016003806172394247,0.06502884904026172,0.04956534603660561,0.022366183867397343,0.035283564066017445,0.0772974636826161,,,,,
0.0018669864745682228,0.020930247339282042,0.11203440706127507,0.08992806773183193,0.02880483931954122,0.04605499858398533,0.01300552154018808,0.02480342733617551,0.0093027881997272,0.021711826960261936,0.0532993312880119,0.022411360868740758,0.020420339197932454,0.03489502374386572,0.06753215266160552,,,,,
0.0039199141185476405,0.058180689491903415,0.07092001565923627,0.09026528667213327,0.031234214269177288,0.0577448839240869,0.017059451328345996,0.02511281622495673,0.018207747961061994,0.012091602224530507,0.07418845546831222,0.02355958860570081,0.019743013501689603,0.03489932488621342,0.08447270685828576,,,,,
0.002953172584419577,0.018770237175534776,0.06508055544690243,0.10790629090179503,0.02901056911835386,0.07581800342501838,0.012677333205543671,0.024235161522431454,0.009590370745399243,0.010865920283915701,0.07310993943815183,0.04996758692058074,0.0205362671472509,0.030270879106980435,0.05941737684931611,,,,,
0.0031904176292205625,0.01908332684662538,0.060761610026456914,0.12360054402305408,0.029134344516606455,0.052154496696957986,0.012992952394405068,0.0272699863464074,0.011861849671252745,0.014651805068299162,0.07397670536362437,0.026572075733312397,0.045558879389812616,0.030345913056871756,0.055776029123273056,,,,,
0.0039495746592445894,0.04475734915970298,0.052509883630885074,0.14937346836038148,0.030160885763600875,0.053340723846345105,0.014883425221716417,0.017633478727609123,0.015389920549321062,0.010104205757493073,0.04729352002936942,0.030433227725637783,0.020997716378464173,0.028054056223119992,0.10391313411007203,,,,,
0.0050462601799890735,0.019635612110348186,0.0491466561846318,0.13794452459066042,0.02946392769519354,0.05379953215205917,0.012805795509334528,0.01547309123471754,0.013712307400219222,0.01014199442377228,0.036633017253808915,0.04873015015660038,0.019722592575513394,0.028093052823153025,0.04951184153831742,,,,,
0.0042650528604171525,0.01905095447917824,0.052758469485581036,0.14875370594727605,0.03081777643601593,0.04114394324856385,0.012330669832231024,0.01333535721166136,0.023194145000062505,0.010678005419458615,0.03302121391224967,0.04248049816386601,0.05631033731532609,0.028143090516776516,0.04445001650763343,,,,,
0.004669132841066297,0.033877342794288584,0.046360663173470824,0.22115421142709585,0.03083476061888089,0.03374579551424895,0.012305193866968992,0.030058083618899487,0.0233113536935559,0.009877424475571446,0.023584550181941045,0.06297008924280603,0.024339915032460097,0.025267879847009577,0.042384853155525246,,,,,
0.0035803531014756613,0.021843435430023216,0.043880299795123895,0.21266849025379392,0.039700614808597996,0.03049813778515152,0.02955393599395763,0.01096023718626516,0.022558581619261338,0.010056189994105978,0.0262372788273899,0.06732382276392171,0.031198905143329906,0.023010697901787426,0.04262603886852167,,,,,
0.0019697328783022656,0.02433559926988517,0.040536768208502355,0.24190972425486518,0.031123917319921365,0.029836546273854337,0.012409292053919621,0.010523262148338812,0.022673027870064644,0.011097829533178748,0.021611135899578054,0.06179189932159526,0.030615889172672398,0.0262304574852383,0.03828971082321265,,,,,
0.0038193824618120297,0.036408969881837984,0.06762659799746246,0.23851499774047527,0.0326929349107898,0.027165445138933247,0.013206964749597325,0.04031649159125783,0.016015793679837173,0.019572442069659017,0.017750622611153934,0.049264673656952335,0.03666975095076324,0.02214260585615973,0.035197873860024265,,,,,
0.0057207070079903855,0.033744882867113156,0.03483484505187531,0.23889387442817514,0.03306970611320771,0.025251644769976506,0.01322462644014651,0.010691203898501955,0.016443259125653042,0.013910856847568959,0.016442864813293705,0.03331003771481876,0.056058562704064493,0.021663994210052214,0.03441696849160898,,,,,
0.003866622522687351,0.04334174585124001,0.03266674602107344,0.24383269962853704,0.03315387611584358,0.025704331000564153,0.013458792242932937,0.010246523504256389,0.013408693895640589,0.02141886996093759,0.014866513075088362,0.03730411613265731,0.0498069476071124,0.039548374713218495,0.03305402726408079,,,,,
0.005490298859933966,0.04776551327561672,0.050952044254692956,0.24166563178743639,0.033193307691274716,0.04248733533653993,0.01440690389464908,0.0236815736408106,0.011660438935256867,0.021059258941670975,0.013993134649178047,0.026560592846659084,0.05498190710873121,0.019672625798365147,0.03013994035804163,,,,,
0.007191425804321642,0.04532717809119688,0.029885281120160177,0.23184496610192964,0.054595977944682295,0.02504942975424905,0.027068848847484527,0.009834533006543902,0.03157015612114009,0.020810766196236504,0.013242876587891948,0.02269367946844753,0.042787210552874086,0.019469944718723962,0.03204974903786239,,,,,
0.019295330053606074,0.045202724959593786,0.026076157441967705,0.15843269205620528,0.03589785485603505,0.025170956283636164,0.015261224389836802,0.009591012984511775,0.009866554804787986,0.021827267263146318,0.03738744156165366,0.04663655645150262,0.026411658847771566,0.04702807215868968,0.02765833575534566,,,,,
0.02354162466963136,0.02919414774213423,0.046794493867444976,0.1378169837864947,0.03614058495236132,0.032559191166788314,0.016195902699316932,0.01470489965470169,0.008873850120475462,0.022527749529059202,0.011744984554444783,0.016554452511395236,0.027719253366520622,0.017603449428429136,0.026102500490968163,,,,,
0.03850841448835252,0.04122056105565074,0.02501275167685642,0.08308617351116568,0.04529385845154864,0.02495087808209377,0.016214127468012308,0.010433633959989606,0.03606191216347358,0.013867840201406937,0.01122328523575567,0.0137170349671241,0.023119611567693286,0.017847355476741978,0.05076179866240029,,,,,
0.022461066084884372,0.020861410183822215,0.023470087250966016,0.10565872490365259,0.0389252675165006,0.02512083152838339,0.01672977077714995,0.00925387215875569,0.009154370757043376,0.011990505162211304,0.037061772499479666,0.04851917000046379,0.01849083347027222,0.03316638984623404,0.024268900686773356,,,,,
0.01881741470755135,0.016801334725949937,0.024962620931683534,0.09690559294494117,0.04027421394059378,0.02798268969972343,0.030207498356467667,0.010724899854742946,0.008284674219860013,0.015159837484920084,0.010768941334598136,0.013249044102373842,0.02501368483663521,0.016948013319499196,0.023068781726481847,,,,,
0.05171520539403727,0.027623373165171477,0.021535534451508923,0.07130097952727166,0.042058839450773745,0.025749241227246332,0.04193411806297915,0.00928562707214948,0.011495123234288047,0.009956827086096572,0.012083583146142081,0.01267193635875618,0.016488050612663657,0.016883869823921056,0.02944068065189619,,,,,
0.014492427927904344,0.014522349500624051,0.019878377722678395,0.06853722407908414,0.04437258225360911,0.02667577046454197,0.039195832961891816,0.009708729033507656,0.008547835545806915,0.009385464006058341,0.02631935423940573,0.029904269326456505,0.01560278250406469,0.03555886486519272,0.020559065235636758,,,,,
0.014280790377328913,0.013555372755794999,0.018464727116435334,0.06285264618727371,0.044396575905628614,0.02649215391266693,0.03984855561619775,0.010096342074089867,0.009165872805718506,0.009684657601679024,0.013372645537656904,0.011154210720299452,0.04333038263175876,0.01710566167084881,0.018793418126557628,,,,,
0.022359399444314695,0.013843577279601333,0.018933243390459795,0.049187799752863595,0.048406822650164674,0.026681603167722247,0.03397981939029795,0.021741743543598837,0.008272142917484838,0.009469403698433037,0.014708669048170931,0.010448444392499581,0.01194051803410172,0.01854251631847829,0.051361540585385786,,,,,
0.01149049718025666,0.013116322478311238,0.017916246941978884,0.057462890033387726,0.050416737402053116,0.027285471991094556,0.03448721218239303,0.011046297510792773,0.024450147137815785,0.00817722892371633,0.020042820403511304,0.010618424513411051,0.012697365848280504,0.029142933487381506,0.017729278231913736,,,,,
0.01135712046455075,0.010854905572686917,0.01793245226496748,0.044393947097009584,0.05053572761918417,0.029497939664142325,0.019936757716670306,0.012187765408314353,0.007895167385239914,0.00844404674441453,0.015379616427571704,0.01011818478885262,0.020121903876410958,0.02856878734418726,0.01712611751314412,,,,,
0.037500617095088055,0.01412604061531659,0.016129934112505843,0.041243205017067866,0.05470484756440219,0.03282568933115176,0.01651633936967838,0.04542539893044947,0.0075653740388578515,0.05571885361709509,0.015578016975669889,0.010000847330066462,0.011048058241714093,0.02911416382344166,0.033677259093860976,,,,,
0.010662054462137676,0.01431604657540902,0.01514734380476289,0.042242219022674596,0.06295518332397944,0.03027189648971048,0.015619893692342674,0.01658544290748764,0.03432046392552607,0.008379647887834707,0.013526907196923236,0.011069985179023046,0.009547106484024665,0.021550823378521263,0.015843931342417756,,,,,
0.010181266850296971,0.012368261184098374,0.01576502077412017,0.03953942237991845,0.0641508822140565,0.03018867939968949,0.015258228916583178,0.020568067064732597,0.007138760545156751,0.007973818456909063,0.012440471523836425,0.01046159161942856,0.04363693843031176,0.02070981110414638,0.01470990325946963,,,,,
0.03871983851417048,0.013583349075920756,0.05909003326168717,0.03433466750863257,0.06997158069407237,0.042595005427239076,0.01523162625856501,0.037081317240968324,0.007877285508320694,0.027958118282321878,0.010004898480309289,0.014278066023467281,0.009413607424250714,0.015388993671554763,0.01959268856980171,,,,,
0.01115051899107539,0.028178777326723352,0.013403252914102269,0.044003505467008444,0.06247290698840923,0.032193223587412924,0.03972777295573414,0.016295021304289885,0.025547716305324833,0.008378719343548224,0.00946543160422188,0.013277494967222695,0.009168525075485634,0.014463654844697742,0.015113404839882928,,,,,
0.012465905080478162,0.011347525406021465,0.013341773559395727,0.030404026300789578,0.08996014596063798,0.035815698272527736,0.014865117399986777,0.013520986312430839,0.008416089367737882,0.00854722870842154,0.035356991603482074,0.013400930756287602,0.030539989966774747,0.04396795145637475,0.01386697523442971,,,,,
0.01430247586140035,0.011244092068179735,0.023052474505942125,0.0273687037963594,0.09755431028149267,0.04379788378000588,0.013780792483072634,0.017310873992842923,0.00888600716046915,0.010110973252549449,0.009441666953816909,0.012063686803379704,0.010117383760882474,0.013175507730992197,0.014554103004404278,,,,,
0.011260658032943672,0.04259305699948044,0.013963889945757252,0.06503805614687429,0.0708819049900792,0.037158843780287186,0.03412186703591539,0.01182484169184921,0.024292653029874725,0.008631169911628106,0.008933889327319679,0.00930275335149373,0.009908915081209805,0.011685323098324023,0.012689627390018735,,,,,
0.01087295907270994,0.010517345632501984,0.013755244808208897,0.024190482477083653,0.12649217547766997,0.04194822443723999,0.013819013708221493,0.011254898723831357,0.008628803318958295,0.00934225714319276,0.046559855192878974,0.025990482865407713,0.021483672918317685,0.043215903474679206,0.01332796486357861,,,,,
0.01233844950175131,0.009847874360006765,0.017112937660607824,0.024330416679433486,0.15135727421356304,0.05352681228079882,0.014243330355620214,0.011886121267300648,0.009579649140916384,0.011781995732385349,0.00959199316130366,0.009006135167458188,0.011118812821590048,0.011119541708989348,0.012723891093188177,,,,,
0.010383707434759977,0.03008180189755828,0.013220703659051715,0.06797903665851841,0.07842498646604383,0.043356470964177066,0.022342342314300257,0.011058704685234752,0.021100366841991607,0.010698478847985061,0.010079792289288578,0.009960310298370054,0.010227776333677333,0.011688097062303325,0.04906789284864544,,,,,
0.010630385707365348,0.010557217768203774,0.013120696509345926,0.022701492161236108,0.153425130990941,0.04957989010856907,0.014457220659693858,0.011524303439109804,0.008608303254866756,0.010579028228400199,0.03278039656840769,0.024411413361040735,0.01564378475609378,0.04541477835517382,0.013282352889664065,,,,,
0.00905467101780231,0.01033924784290052,0.012699535855961008,0.020015288454628008,0.14412259291498683,0.048547491669697185,0.01383120719247343,0.009468547784507264,0.008637177391043473,0.012983167979461944,0.00991676393527975,0.010270824730767118,0.009944675133806055,0.011153774752925739,0.014529067226265067,,,,,
0.03485430849068308,0.017829181900950997,0.0251058572285526,0.020344758477360562,0.11792546976923823,0.048552993774949205,0.01671870242691727,0.0193998028449702,0.013420777068224721,0.03267488269627344,0.008395069889895733,0.008528585392570823,0.008353143927228463,0.008664945218756076,0.023374793397064265,,,,,
0.007327495429481673,0.009214552362642472,0.010563480228480596,0.020514423518081547,0.09333699788676357,0.060278347966929796,0.013405405388580174,0.009041234893234024,0.008837241973866577,0.01177318754441752,0.008734219824914888,0.015706346536332697,0.008650116821330807,0.008365670150183975,0.011817162830629776,,,,,
0.007667907686879866,0.007462908614597863,0.009929439793230554,0.01733503401775066,0.07902567663855485,0.08072234964001701,0.013427152596979318,0.009983879490228838,0.007950202892710817,0.014752332417503084,0.007870492099440825,0.007724352687283459,0.008147560388830195,0.008772440598494847,0.011293085538667398,,,,,
0.03348069535811664,0.012364145364232955,0.03728582719238202,0.024229382123111435,0.0690435137996936,0.07395626368051948,0.015207663263717246,0.02048695568269127,0.009613329434087093,0.019903232539611893,0.009460361338570221,0.00861978177541794,0.008240416572021793,0.010057737268881324,0.015834209311223958,,,,,
0.009861033288295747,0.01041301340301281,0.01057452258164201,0.016452305997059317,0.0870222455736857,0.09354385924611547,0.014581630507918981,0.0113590613355032,0.008032634337217504,0.014071936904819476,0.00896663288108833,0.017430223354368276,0.009595237170131452,0.010854457583781379,0.010063569644325003,,,,,
0.010568757458733324,0.010356290811684626,0.012206795597182515,0.017781551975784318,0.051113873322255886,0.10533042987227116,0.01571129944914835,0.012581871411771034,0.010426671696840993,0.012286949331975943,0.009947445651457464,0.010612316669597145,0.030285258512405423,0.011714250913288567,0.010406006189875434,,,,,
0.016969423389279797,0.013738383274633269,0.020454665144963517,0.023186973677964108,0.040743682367454986,0.102304102940061,0.023144893583311836,0.022286321912380728,0.01773978916227039,0.027104466934618016,0.014195795421024695,0.012117313225382316,0.010035956807751326,0.011580847802406594,0.01709794649960513,,,,,
0.04256996590995303,0.028365087899536644,0.019240058876902007,0.01900913247860765,0.036102854902938755,0.10769141221402742,0.02838556131287841,0.015152244095457028,0.01587598201512728,0.012250775689975202,0.022256729491365694,0.026610551766260003,0.015023238203241225,0.015561672218733575,0.015173538740296607,,,,,
0.010485703583504377,0.01427525031159689,0.020452113303553027,0.02433094964453904,0.04039425353074346,0.07862480284610729,0.027319573590230444,0.018163234989514977,0.01598457095547536,0.027226774957079963,0.022940825800734446,0.015488838781212785,0.03631240269679107,0.021825247256835375,0.02067692788598185,,,,,
0.010124590731114387,0.007293793791609425,0.013919360379593286,0.01878611998953858,0.03799298225881011,0.08773238419645725,0.02809905282136005,0.021581834401420415,0.02713392179764232,0.02756120857288105,0.018239039697688284,0.022388595524870436,0.024409168927071928,0.02308514764285244,0.02374134800015234,,,,,
0.00913128769236632,0.044466292064217205,0.011229060759223348,0.018426483490003743,0.04209029902128494,0.075771023118764,0.053845013729996005,0.02499117560944482,0.04428573877743693,0.027755543533539817,0.0191228506729865,0.020282118830323433,0.01890678771254217,0.022125029938828235,0.026701084874783995,,,,,
0.010057124834413718,0.008989742053476824,0.011366336649906297,0.018956105294716995,0.029189872213509296,0.0654198928901729,0.025109214313614524,0.022544565723767663,0.022425980431582775,0.021230971104484974,0.047019688990162796,0.017977662900286698,0.018939765952881323,0.04203083505209232,0.023596643259365703,,,,,
0.009382873058920554,0.007487844675675076,0.018133886316885995,0.018507674252626914,0.026995754503582294,0.07989811202759649,0.0327687247582203,0.026651149695811272,0.02542871715801424,0.021670592433435415,0.021556223073955216,0.02734084177601369,0.018650319919081754,0.02804758426721666,0.024664008052381448,,,,,
0.03130968342983546,0.019865718350133336,0.011229060759223366,0.01880362731153684,0.030287741828380278,0.05961804492143884,0.032683959643829356,0.02550914949483634,0.03977963774156926,0.02181040338774745,0.0382575918598456,0.02772018897514668,0.026292981862685343,0.028070414369090906,0.05991777883567526,,,,,
0.008088457968659115,0.008211450124204444,0.022529663381596975,0.028247709018516202,0.026042917302296853,0.055868860945094065,0.03175097365221653,0.027879913992230828,0.027801664628110158,0.023521896732177295,0.07093248462562597,0.027647960667631127,0.03421237515707743,0.04196781862816152,0.02241298091413979,,,,,
0.012812780682488343,0.01021508984930296,0.020449656260966616,0.024358235183601112,0.03931439081267275,0.06347265757526328,0.04489010068881924,0.03980760522738467,0.028780519252988475,0.02402632178234782,0.05459935056428456,0.036206007561834196,0.0320884865366213,0.031005293171286436,0.0224826477882946,,,,,
0.010325944846278322,0.017710031652013066,0.018932575599806975,0.02446002311735536,0.028379941734986584,0.04568525044134137,0.046374786229168984,0.04437141328166531,0.04668088473762494,0.06514662860766185,0.061905494925394634,0.04357568671899149,0.04601220921554929,0.039466112433843896,0.0276404553528888,,,,,
0.01061109467894664,0.016741858119567295,0.019219828856664227,0.015722829559398983,0.028263771566320615,0.03419357026256135,0.04127067557594425,0.039523119336265476,0.03908232408120572,0.04292941587895943,0.08315632936158457,0.0432805857177529,0.04575998884130667,0.0391736523816737,0.0334334780333359,,,,,
0.017019116742107918,0.023974236644402427,0.021436314079354167,0.013566465064538033,0.028587481954507204,0.041579599304829594,0.03233614175300467,0.032176795257788465,0.029926473808382068,0.026895258401238114,0.04923654724310147,0.041997462945028194,0.04506565759175782,0.031059782740590503,0.02614530093332098,,,,,
0.03403289954415638,0.03089405302835431,0.028829644892697757,0.017556185770638,0.022409046315003362,0.02909572962419969,0.03205662654060836,0.03738484885377392,0.026209587003475962,0.026208461404658673,0.033290440718580644,0.03084503072074643,0.03174688929267485,0.03032582238248373,0.0357175815912502,,,,,
0.028494989831630377,0.029993172370753367,0.021553049600697014,0.010290249595020983,0.06435270389876006,0.025671266079331952,0.03256766329541183,0.02624430839138007,0.0260208997346686,0.026967771633775683,0.03218666736262876,0.0393035293751646,0.025197666727574404,0.02788763385560282,0.031706067882799026,,,,,
0.028777545390878297,0.028015664927323783,0.013013719850470059,0.016532916834022447,0.01946847941590809,0.03382907874464704,0.031543446147299405,0.02416795772182709,0.02394446925948923,0.024336385221916983,0.03227517953730471,0.02836882494256944,0.022170990785209965,0.024986881513853948,0.025400539490467475,,,,,
0.02432195429405906,0.020760966823513683,0.021739760326911977,0.053082693931261214,0.02053116764216228,0.024081484959335528,0.03681402092745033,0.024425273812812308,0.024910372211592625,0.045022035960804604,0.025345663458613693,0.026835224658008784,0.018435999081033647,0.025129024887368328,0.02616389337002247,,,,,
0.02420034386083182,0.0290399549365061,0.014733355633581566,0.01714550905008117,0.02344337210947095,0.024672379396017033,0.03379648073159613,0.023958762219884324,0.023623349746758508,0.02341355286925621,0.03705722369889674,0.026428947704775642,0.018997327321813178,0.022737450151496055,0.023741825915950494,,,,,
0.019828738116866067,0.019517706492448782,0.012757910314137552,0.01197825122123639,0.01963222725636532,0.02053950301846986,0.043953283686557015,0.025652506159938974,0.02619929401414836,0.025096080389110192,0.024637705913821417,0.027373441427691436,0.019353224217970148,0.022242814886100925,0.022055512233711636,,,,,
0.02098091195043491,0.019159010630976896,0.01572260275148789,0.024732996730550818,0.020549286454873583,0.021175929758050743,0.04390965704577441,0.029130282787313902,0.03256735471366043,0.03386394301382144,0.03047929619050397,0.02654785946529399,0.017745636027027147,0.020542659474784012,0.022847027899574646,,,,,
0.019512124802782655,0.02769399169160479,0.013393961867240374,0.012290510724583538,0.01231362150569881,0.014303178501433702,0.044336541837642254,0.03619705255005717,0.030464359248621196,0.027512846326511416,0.030312991585568713,0.038407385603405474,0.026000870985416882,0.024847304314172137,0.02295947162191572,,,,,
0.021786355391214967,0.019812382114507615,0.012070993993854341,0.012422660538328458,0.006996520989552629,0.013078699957027127,0.03815713080255846,0.031047297033180127,0.033194089008558726,0.03531486286300971,0.02911799399866447,0.032835534184942346,0.04951074152456665,0.024521112528451253,0.02726122349518777,,,,,
0.024904645366024554,0.030691495056341812,0.010989775677200317,0.013837042190976777,0.005554170361981462,0.008235418766398031,0.02599078222107207,0.02532241235352916,0.0206156749691458,0.01892469731659263,0.03826061686768671,0.03773399195744751,0.030403546481250925,0.03563926670810168,0.03136923563047502,,,,,
0.050347804517328495,0.04537446465749741,0.011632492098679342,0.013096534623718448,0.007408672782042902,0.0065483291953279165,0.025579711620212515,0.020066227594096726,0.04178976712244463,0.017466954920055875,0.021275587348843196,0.026418138893310298,0.03362195911611392,0.037726155852024566,0.03947439975767973,,,,,
0.032337154309961536,0.03273589281111589,0.014732475468004352,0.014135676105977053,0.00691148888520548,0.00845356263627023,0.020430497055197915,0.018209439337548938,0.011604338276590345,0.019076938337135738,0.022734142110323364,0.026712203964572252,0.028764711453489036,0.04729461677621807,0.03781260663574536,,,,,
0.02014002065911338,0.02756214954640392,0.027373784874084824,0.017348045137557836,0.007362143704114319,0.00657969074979512,0.015491622253154983,0.020530457084269968,0.012052932887378087,0.010979859608809654,0.008873850120475502,0.01233571666343887,0.013399600172047511,0.021543225415729665,0.031542870606735274,,,,,
0.03964576026074143,0.04414263717515253,0.028473763976286783,0.01801083043609119,0.011504454299366092,0.007593432375135471,0.042767991768690485,0.017320515843297555,0.024123181084597493,0.04909628756165444,0.012639558183607189,0.01035804364301095,0.010067788758695434,0.01639704046174467,0.05337511214134327,,,,,
0.013881742403389975,0.012641891977472643,0.029105789127005118,0.021378162211137336,0.00783850489181227,0.01021610534780861,0.013892014075241604,0.017736371508398633,0.010003180992950595,0.00733032638874004,0.011789065043239665,0.01733159266396112,0.017196635346475354,0.033024345540074114,0.026465280014020813,,,,,
0.011061782324386617,0.009627482449519349,0.021852204882045364,0.02563623645869737,0.011021853049463154,0.030342419517591392,0.015014690522616558,0.016505343947674424,0.010007231198474832,0.010172379238680277,0.006785765042380964,0.007339166098178808,0.009582931157943834,0.010016394812614647,0.03771034980572935,,,,,
0.04115901357346603,0.0246019030558594,0.030594079091815617,0.05947967973878444,0.022414427284300514,0.012789355196050832,0.02834647535006215,0.014777911324160266,0.022694250871682857,0.028589489083133048,0.011221436440436112,0.011783784091054336,0.007487887970401996,0.010696296882676374,0.03777394625725317,,,,,
0.011401676908538086,0.010098140027320499,0.008762383085924192,0.018358517862296742,0.058957373958431085,0.009685494417847718,0.01765200071536044,0.01568420443009288,0.00861282121946512,0.008767006537381461,0.0396906513485022,0.024167488232852464,0.013743101871554345,0.013113776466704176,0.040403826848720445,,,,,
0.012390468219367578,0.009572607620174003,0.00733249310316773,0.013970203260040625,0.01660257622033525,0.0387646226883936,0.016849503678547793,0.010071909544991058,0.008661801922379721,0.00907559165236,0.007822234298994087,0.008670779746019304,0.007680369621315755,0.012298025833200261,0.04147136449552985,,,,,
0.02045523569949272,0.017763895075678562,0.010345172204236397,0.03278813921363209,0.019043686945242763,0.010929106186698892,0.03476507996454239,0.02221392339457908,0.01206777077877061,0.015649275370215376,0.0094558369160283,0.010369804980170672,0.008697620342256742,0.008152134865731462,0.03218618390148512,,,,,
0.009465842587814036,0.008089740425931916,0.009245460565550794,0.01008349022782488,0.021923417215336263,0.006384289136056851,0.02654447670661615,0.00991673124460924,0.009296094943568195,0.008283108843844384,0.029464807904482818,0.010921598983911434,0.007063708758168993,0.009874273174570467,0.02708178018159882,,,,,
0.008764454693751738,0.009633642617029608,0.005922569615398942,0.012505475030786474,0.006659468860949254,0.02488511212398809,0.030544065894196268,0.011781335346716952,0.011264112204946176,0.011366792984967141,0.009395717140008353,0.009265215696007023,0.007440460062237189,0.005228564188542439,0.018524202216640983,,,,,
0.014886213008122358,0.006313363722073884,0.03133799957714131,0.013364230774608195,0.0067048788258672574,0.005572874954822476,0.039336879375846776,0.022927142560987424,0.008941107548494143,0.014469033151112283,0.007041644956780805,0.008533145564742831,0.004698203592336284,0.007341860091439517,0.0297813861264625,,,,,
0.011096076699993367,0.0072139302898669554,0.007399916103590927,0.013190188816399233,0.007591041200087132,0.0049495476310929196,0.03572077632215912,0.012529793510509386,0.04450748663986082,0.007968124556500401,0.04296263000370238,0.010701145090284062,0.009078734516600524,0.009362119668441611,0.022504252011258705,,,,,
0.00960668381221398,0.010769754104199787,0.007894838888723986,0.012003340781491349,0.004720713300842558,0.0223712128698704,0.042584927440675435,0.01281945859095182,0.011183468782577491,0.006668176946195694,0.00560790075667426,0.0075006490041069004,0.010457717386203288,0.005655793043393127,0.017378385188524692,,,,,
0.006959400701404748,0.007934529088544995,0.01111227985717662,0.01451037933897878,0.0056880291643128895,0.004423478942600178,0.03647074678306163,0.02075242359140266,0.010465805156150811,0.015237414321013835,0.005629306907753501,0.007059990327861477,0.006607469981587212,0.0053447680126284675,0.011418014241709835,,,,,
0.031422598898296746,0.00802455857628613,0.0073592809331748535,0.019529977274553047,0.010789993357144,0.004239742560246153,0.0358670015312228,0.012174565043611658,0.022512893655410895,0.0060644995177651035,0.022799998463297052,0.006492045911775376,0.0056048360612188436,0.008664047250442466,0.010721725514924658,,,,,
0.006593127895227491,0.005549557384124429,0.010323841153428819,0.011226202246485073,0.02139318476640143,0.004818924059233778,0.02721438901568882,0.018111060501999766,0.01213295414982603,0.005249294001050676,0.005457132418041217,0.004872645113716457,0.021182741226805742,0.036996732804011404,0.011781913186201037,,,,,
0.008104954093406986,0.0063059651260005765,0.009809084870130868,0.012754352345287386,0.008692251394269237,0.00646557594149039,0.023136095661586118,0.014540197083364155,0.01596135248209782,0.011673554168447696,0.0067704600086317904,0.0043350159745628334,0.004083953533670039,0.004167247165279361,0.00879860264846758,,,,,
0.039615207228361836,0.031223833377035593,0.004818587680781826,0.029396656920034916,0.010446055031132282,0.004749809620137314,0.01857125414429901,0.02163915430136965,0.01921451494700882,0.01472505798423496,0.013585830950845108,0.005917312506930084,0.005499738249439809,0.006105840623503401,0.008754684250802185,,,,,
0.006209242216437946,0.007633628020634328,0.0035249634871668397,0.017318269678209864,0.01107791858623111,0.0068731076291171315,0.019780694846387847,0.017219167171086236,0.017330994097895194,0.008177228923716239,0.007645043384852387,0.020006361985901226,0.01922859781192016,0.014051833666464874,0.00901998299350312,,,,,
0.00899810447191187,0.0070519040169618975,0.010796601229254056,0.022591093708194898,0.00927483281326049,0.007308357771653373,0.013974495612515275,0.042329617159595684,0.0061321188317413,0.018653118256616273,0.008232268984761149,0.00607982209151252,0.0065563937955335355,0.004688256784581918,0.01044108837585844,,,,,
0.008685722163779818,0.022370053545947916,0.00569372573976601,0.026382294627438865,0.006912661417046172,0.006351044165773806,0.01475639726538529,0.03456424501842283,0.019397413061465352,0.01872977888889246,0.007943961567511558,0.007599108400319253,0.0060456000281698665,0.004955504358362758,0.015277954236044606,,,,,
0.008597940631764752,0.008867418045609908,0.004658010545991181,0.029238165934187585,0.023953349223157807,0.007785011861197735,0.014238959671625667,0.041924468889186745,0.017747097442235592,0.013303935732035104,0.007747610594862144,0.025575148744065503,0.015710969303538016,0.003800322019547081,0.00654055205010962,,,,,
0.01153352657259022,0.009427372531108784,0.0047262039407151395,0.03641822885483064,0.008239157568117031,0.02312885027492106,0.007755640335831094,0.05341850333283922,0.018064299446953612,0.018050080478115932,0.008880168017270287,0.007329618751433311,0.00751377668290926,0.004368687086004664,0.0075023776426576035,,,,,
0.016118856115206418,0.016923760526655413,0.005789206068413685,0.030339331620481184,0.005715547828334148,0.009461697685737933,0.027643832996687805,0.051249756419962156,0.01729618559438427,0.03988908199060338,0.008410193790667587,0.00638484767598957,0.006837166597858607,0.005347193648920537,0.02183985838218509,,,,,
0.012403961534415113,0.013427804469066416,0.004628687366743194,0.043837251302277655,0.05052905561094669,0.008110352078719723,0.01111534266233349,0.056722054899835894,0.016296771946915988,0.012702879494837924,0.04412122411584856,0.018778508273514405,0.029343973262705655,0.009806804191058772,0.007776011940814861,,,,,
0.015474285426554706,0.014958881516660602,0.004096001555674403,0.04198700218070045,0.007586940289526743,0.00538537370298884,0.008959941781443366,0.04329666443285645,0.018145467116600436,0.012778222559823069,0.008005750943865955,0.00595183646502985,0.005994603662310127,0.004205270351858729,0.006547735089885068,,,,,
0.015272160310800392,0.014888847857512925,0.026131794536256754,0.039139873406486045,0.00613465591039017,0.007022651575572233,0.015796492751260383,0.04264432576658223,0.02318816206201689,0.04859483344600616,0.00849640488277582,0.00667968917962851,0.005440950056599049,0.003754320310661014,0.004843282718527563,,,,,
0.015161911636862292,0.0233839035580809,0.004560315335696685,0.04960990646426687,0.013070567207354665,0.0060618795978170156,0.008712516727125122,0.029109096974515077,0.030096066979306096,0.015632030436249916,0.030249441863068827,0.015024187645346753,0.015175910088086867,0.004895014931590527,0.0075191679275456195,,,,,
0.012813387908890037,0.01243518043992199,0.005371208701091873,0.028423624080171718,0.007005411697138277,0.016374901819175457,0.007099416188667055,0.02965738165353301,0.02582490976460027,0.017907269832081983,0.0084851415254278,0.006532219754201974,0.00588941552402501,0.015935496418127255,0.005830775483867772,,,,,
0.017218997727321717,0.015501914662402066,0.04326826239867561,0.022872214353196908,0.007499481947834613,0.0058338326259289655,0.009283252713657434,0.048887192603150435,0.03413329458805068,0.02115223327055271,0.01405829196814722,0.0076769921127711055,0.004800590836452533,0.0040404597109313595,0.017486672975765977,,,,,
0.013043951633134394,0.04497752152180243,0.005176971402446183,0.02081772829054244,0.00936333154625965,0.006752480276349198,0.00679798425975924,0.021694514717450156,0.047795095488964635,0.018627378578759828,0.031993510539137716,0.008145451286826746,0.00802778985554101,0.005541607059768328,0.004550067103255451,,,,,
0.013296404008340748,0.01258637966283954,0.004957401152133749,0.020362788429680225,0.00766283262663306,0.005212169771422107,0.008969199491169153,0.017385919974052474,0.046630876885975926,0.01853566158195286,0.012128464461702258,0.008679897680643523,0.006040449996153617,0.03035182017617367,0.0052268278244591935,,,,,
0.017029018973934336,0.013606241492935192,0.02747969242597844,0.01757759279054172,0.007556798945097361,0.006268272290927063,0.006715893722203293,0.022929192739801357,0.061437865229717045,0.04289080236286412,0.012387197278366026,0.007436799233288711,0.007125078432833736,0.004607276181321283,0.012917506555115617,,,,,
0.015985057695134208,0.019533031318043282,0.004459681334198622,0.016155157922945432,0.007949387311620176,0.0053774820703846905,0.006401125424311149,0.016149237080735117,0.06206879260007556,0.02217559624967285,0.015725798379439215,0.008214568423996533,0.008175999840565515,0.005269327076834841,0.005339002709729314,,,,,
0.017239319087770898,0.01707176099733381,0.0050590923944262775,0.013020468988707463,0.017762581051223546,0.012014597800732317,0.005009184455272884,0.014051026170035959,0.06159893441334287,0.03232611472500862,0.014185400916756226,0.019319424763562285,0.025977669705424835,0.04995325956472274,0.005548096782076679,,,,,
0.020976786012484185,0.017154261162024464,0.006762794502831163,0.011217506738662167,0.008017081254851273,0.005671133764803991,0.007244200449314938,0.013307517288726426,0.05678231388284973,0.03262995684653689,0.014687517084011278,0.008464331827573779,0.008604875550201422,0.005242187036917646,0.00539529712000026,,,,,
0.0374470935552892,0.028591530086385063,0.004536366779150086,0.010989775677200265,0.009331458909512596,0.0069954088566078106,0.02455331012199421,0.011720641961454855,0.04065510762024145,0.0321186192893594,0.014168204711134103,0.010676305119452702,0.007424758086671127,0.004213049267226472,0.04883809640765263,,,,,
0.023382239866678912,0.0207415950285797,0.006158232266106387,0.011149937504991289,0.028284593395310406,0.006248536504308102,0.005261692686856671,0.011032642318497866,0.034105407675811605,0.04525061442072337,0.013951812422911328,0.027811084827110873,0.02804625502000545,0.014327387167503088,0.004895014931590609,,,,,
0.027030209622247517,0.02636104014708786,0.0066084511772953125,0.009979982226672209,0.010427417875957988,0.00554371266698501,0.0044176120625454935,0.009930092749441522,0.025067541749669978,0.05504564362419588,0.014876998255861506,0.010550306331935572,0.007569829248698227,0.0047364132903890575,0.00437076437509411,,,,,
0.04555016889169742,0.040442762784140156,0.004837991963755648,0.04276119947075158,0.009988911205186047,0.006004708011723192,0.02075361079562929,0.010078344900512216,0.0255137241742962,0.06268859784626893,0.017252552717502454,0.012729011233115007,0.008131110832715943,0.006178466411001289,0.025702098565122056,,,,,
0.04429864259573533,0.043857332059238634,0.00527916158908056,0.009475940329212316,0.04240525473167721,0.006314647317435745,0.005571420465706003,0.00834704854058017,0.03183748968568119,0.06298516148551579,0.017712429466869857,0.04244403500973488,0.02720380886401609,0.008555152130591638,0.005054027562758099,,,,,
0.061381822922973305,0.05224889236724644,0.006915662192668333,0.00843267501010703,0.010798612823445486,0.04582565723752473,0.007044544770493264,0.009588612818385016,0.0200848788272113,0.06300953814510266,0.01658428963183019,0.013748573415133357,0.009295781078937327,0.004671909277561352,0.006000819581325635,,,,,
0.06136166559384109,0.06079864215337865,0.02050209363649344,0.020713958918740335,0.012802934538142609,0.005977001985526177,0.012246964509184546,0.03072817852449175,0.01689269991886645,0.06288814286958132,0.021908269928398397,0.014856675133633401,0.009777670613008655,0.0054340937550769524,0.006704637068349313,,,,,
0.06119822387448399,0.058411360435893726,0.006281240199789989,0.007801650965109061,0.03234255741950917,0.006092871849724201,0.004969158161022365,0.007967148050699197,0.04648710713853138,0.04500907303639116,0.04479391947537737,0.037236583271982066,0.026942623567243647,0.0069909585556296545,0.004611285169620488,,,,,
0.05713718887110368,0.04676004285464035,0.007179108581096743,0.008055163149716257,0.013641197288732592,0.03218799684333121,0.006021959547188157,0.007428032068777602,0.014668589052248198,0.025873570316889014,0.024184263451164034,0.016849965433185322,0.010035536868235904,0.0055129262419965075,0.004587885350635075,,,,,
0.03950683418233528,0.04704839651728683,0.02265609239064913,0.012257759777123631,0.014952205128028603,0.008317167245053964,0.02327995892884135,0.0185083048270382,0.014223173061689813,0.045468483857906215,0.030236578654338386,0.01765567340279842,0.012610182215334359,0.005316854630447909,0.004802751318486432,,,,,
0.03917266757395701,0.04517862126838915,0.007400748433438894,0.00677797335924782,0.018712791507567023,0.007769213431999925,0.004654877612252077,0.0065777196316580515,0.04047110509004763,0.02526232387651755,0.05224132837382726,0.0365770897550811,0.02078489102808749,0.007764538613678025,0.003942344912158191,,,,,
0.03337027519063227,0.032408564873529284,0.008491824980611531,0.006152175392808191,0.01671845034763933,0.011796075152736797,0.009923953264923383,0.006247550672928303,0.011638064550303692,0.022292023360893257,0.04245778108154485,0.02127314922143164,0.014431904501981665,0.017002498516931957,0.005904533600126638,,,,,
0.023374030589339144,0.023885040358273404,0.02693800271935343,0.0077873434760080485,0.020357502148027156,0.008022902041266072,0.00611639725660189,0.01258493719820661,0.01109499564815882,0.025503518971438162,0.060216962940203934,0.023740842764419047,0.015581991259564842,0.0048298771661801874,0.004739902714236806,,,,,
0.024813920466877096,0.033070098234268534,0.00931629947716954,0.006071284660060396,0.036704849290629234,0.007974306316339703,0.00879605997125737,0.006825397516876694,0.019495503175434373,0.017948787450598334,0.059735248124769304,0.029781734460263425,0.015318788957419976,0.006613502029867637,0.024523981242418984,,,,,
0.019286524203791924,0.01899478450006649,0.009012468242361921,0.0076127476617657034,0.030999353708295558,0.011707800997191388,0.004547786582056795,0.006285625658533739,0.009955882828006846,0.01446652352361533,0.07824710189595221,0.030889561506263038,0.015184559162365358,0.039424731912872664,0.004930319387975925,,,,,
0.021234146911348326,0.017361737398439926,0.03442134820603987,0.007628062680253628,0.03758282543063348,0.009802836528834296,0.007508986012919192,0.010251110067226732,0.009351413704735726,0.014140147494740275,0.05463396724908958,0.036053613732049176,0.020359206009182226,0.006613354972197959,0.005691675629413347,,,,,
0.0163837687807879,0.01985855309493733,0.010876774815614785,0.05173921506360691,0.05067310989213268,0.010790353890873234,0.019977936000802353,0.0059631550642009635,0.013720130640516462,0.014422466919594583,0.03770724626392206,0.05375607462050214,0.022957734810213005,0.007339210269975483,0.02148355219928042,,,,,
0.01554927207109672,0.015025805874288064,0.014571844953774277,0.008087295566092605,0.04533996426695548,0.014475596457935442,0.003918673390696101,0.006277109910379081,0.008812739797810968,0.013714671387375862,0.04637713499351954,0.05227760571716244,0.0435195858755862,0.01313390859482884,0.005526141425741154,,,,,
0.014814982469712369,0.012930525115567257,0.018861604149524553,0.006972013085335279,0.060318912350967806,0.013284427340210292,0.00432805557564908,0.01080821527323539,0.00819643412985299,0.021284773531861242,0.03254724082204623,0.05933731515850505,0.028010538254319133,0.01044531018339335,0.006893829951055156,,,,,
0.016612785281099725,0.020899541435313848,0.012401844369145864,0.039400121352553566,0.04835323631513523,0.013413504302304136,0.027861163496191763,0.006222385250601731,0.008385680919521568,0.011416196981810659,0.02920763653996315,0.04906405410774181,0.030948099476194285,0.01046468997330053,0.0068896904728396715,,,,,
0.012464422664965273,0.013375554310253246,0.015843276571942285,0.006087974812169542,0.043313193746670364,0.01682038758133513,0.004220737039152855,0.004970201882554784,0.009348813320840184,0.010766141325201414,0.018729432714892417,0.04086781665455059,0.04158381712467818,0.014110587170039818,0.006300204655538128,,,,,
0.012235656320358015,0.010630629673232216,0.023479478004036464,0.00587000757107833,0.04308509647901102,0.0277886483098445,0.003288095804366235,0.006136293882859654,0.007627212652650903,0.010051837006885762,0.01941879366502408,0.04024506439560034,0.04613579274350604,0.0099564038090617,0.009434969139688757,,,,,
0.03573638283175885,0.014896162020137306,0.031003107832182197,0.02065388319169161,0.029379889640451864,0.020513222470878667,0.024678790686456415,0.005547161794935678,0.008434251063762579,0.010753125270525752,0.01626315857690848,0.032093184017481985,0.05416013666370611,0.008514395262899493,0.010026746407688367,,,,,
0.010236552510129589,0.010526434742068557,0.030099029044859164,0.00526360232244579,0.04489264267318688,0.03965332330510241,0.004660445816177386,0.0061325417510723415,0.04823933991716323,0.009415535750675172,0.01647280565226711,0.04754090518817705,0.0457995314197206,0.012462263744587133,0.013078228990619348,,,,,
0.010739610477523571,0.010241460085472212,0.04393162336813149,0.005057554247776124,0.024634824123786363,0.03321564611193574,0.004308912931428189,0.005276213160149574,0.007255871056370186,0.011458373727035695,0.015403059356963957,0.02215882190787404,0.04613800611970981,0.00943977830792218,0.009342257143192792,,,,,
0.0349947333979896,0.01067858224545055,0.045178563863302434,0.0100195337694428,0.019039515796251013,0.032673255523336636,0.012287134022152424,0.00840957702102118,0.006964569421086069,0.008833315916872789,0.014735093806142307,0.0195193674014036,0.03783980046738986,0.009564781394296411,0.007559758451451181,,,,,
0.011797833898873029,0.010632825114137726,0.0495599890283361,0.005655964998164469,0.027656401712138776,0.05203003094937705,0.00548705031937128,0.005878561582070531,0.01907960613977838,0.009327984152769787,0.012629397311646263,0.016761829595837812,0.028276947511662025,0.01100360191415723,0.04300878518165449,,,,,
0.01234924355102284,0.01158644509216284,0.04363254758491106,0.005405382245141359,0.017941561326828732,0.028975414483419303,0.005455290528477871,0.00703427497730912,0.0073303263887400365,0.008197541510244802,0.01216316289176323,0.017628495786585707,0.02379901078420446,0.009829257358307563,0.006751327943178328,,,,,
0.02447767064249662,0.013117113371593731,0.04347155687173977,0.007051536237047578,0.01614600478999601,0.04091943275323765,0.008424982716592666,0.01514137143848821,0.007486805527118475,0.008821270013060047,0.012082617279402396,0.014991245770855727,0.023793288944556668,0.012688605458728503,0.006157863757141898,,,,,
0.010720667192783598,0.011003454604530533,0.029282571867599128,0.010401768429882996,0.02070976414299921,0.028020755953983734,0.006939574969975824,0.0072685488193566915,0.013069575062401067,0.007735550355074512,0.011011465385841943,0.011809506427628333,0.01776216127292507,0.015602553951079038,0.013060245215748495,,,,,
0.012423782627346228,0.011103173965328242,0.024946200187109593,0.004643721174240189,0.013119683445490091,0.027616330727826984,0.006031050601780189,0.007629762451355724,0.007087487959996401,0.008577858131909309,0.06007445144296719,0.012705967112398403,0.015515606359987043,0.03332560584553923,0.004877765360688907,,,,,
0.013758826694622939,0.010133264321626114,0.017629801416517602,0.005010219838594238,0.011459279048727908,0.028038798509067132,0.008274689874184685,0.025553806490232343,0.0077543026230975885,0.007431391856476133,0.010392539096541123,0.011306856269827444,0.014004505243160865,0.018264776417870093,0.008463987119258496,,,,,
0.008912963437900092,0.021485257292807435,0.016833623161761728,0.04913874001053767,0.01208559512059415,0.02049197126963891,0.007212132515201076,0.008749239161413576,0.014229553598565746,0.008170883283336206,0.010536285249600348,0.011066675473007312,0.014889697007130451,0.02189200156094067,0.007515027796226407,,,,,
0.008660267280058052,0.009881001296858533,0.015910189246641494,0.004744892914399378,0.011199256037808965,0.017493734902213325,0.007016185809686646,0.007381844606513658,0.008348291273487886,0.008792852938931943,0.02908480839740321,0.011710265118374523,0.018201123374075753,0.04707027553330109,0.006669197819914455,,,,,
0.009626909993422106,0.00833138200574414,0.016081948258326477,0.005432900471557201,0.010712045534605799,0.0522104094794989,0.006084086314716712,0.010757857463910298,0.008542068850064862,0.007718096738795145,0.009536812152377732,0.010942149923702314,0.011032642318497862,0.031664241708623905,0.006384847675989558,,,,,
0.009054133955646403,0.022985663191491323,0.013106432285433497,0.017430539534894336,0.02031880042535429,0.013448864639550832,0.015126119443399855,0.007150512570256028,0.008451146307999707,0.009580224421035807,0.009126848779220627,0.009240830925591243,0.011050405446533856,0.03228899768709921,0.01639814759777541,,,,,
0.008003685481836153,0.008381156552891518,0.012269179707880233,0.006426599824696132,0.009573962160989153,0.012388244073451193,0.005768168518391338,0.006577966053726648,0.024563910097180886,0.00970662516634628,0.016297905785541297,0.037820561976088796,0.026956998481694913,0.031230892759108914,0.005983344554255236,,,,,
0.008645618346419845,0.007360382130690654,0.011631349416355,0.005353555715217286,0.010074226746550494,0.04809499265789868,0.005174465971625142,0.015943733441255967,0.0069919323010100235,0.007338680190868209,0.008247062498472697,0.008784553460369365,0.009571557719194792,0.031365142904487,0.006746716642320604,,,,,
0.03341470048631225,0.030426228332514994,0.022892728748431554,0.023303968040231455,0.009799165010991146,0.011221118648064098,0.038325702519640695,0.0059395685027500466,0.007091557694602607,0.007173913676629938,0.0077107006234417505,0.009579378408905886,0.009523988158499058,0.025755736891632745,0.012029806363268754,,,,,
0.00844435387604675,0.007968734811859666,0.011408470397817295,0.007081264521840619,0.009563967912667556,0.010623064126038162,0.004766706121740194,0.005120809177600674,0.016136946913624047,0.012233324528000874,0.014279223937369488,0.028533463344834215,0.04808145579419668,0.019945455280343163,0.00606856082942479,,,,,
0.00898093869512464,0.00889738246765749,0.009405890165240337,0.005652295495113279,0.009511453631754983,0.017252101738166797,0.0070537426288944435,0.007304852638367361,0.007400266569673838,0.007353684303182947,0.008671826553336197,0.007957335661518,0.009266999987945954,0.01803471787130557,0.0072157276166232446,,,,,
0.05049032131447793,0.008578462802580586,0.009621419420736391,0.00747159146641715,0.010775291346039367,0.009829422265175228,0.012630424033485844,0.005728861491442558,0.007873457216864234,0.006910738360423057,0.007870162572991245,0.007890443933107756,0.009063438528138658,0.016416799510260375,0.0078111608977161255,,,,,
0.009513941413405523,0.00940123607915502,0.009612115348822552,0.006069415496118636,0.02641942734926542,0.008620834775298458,0.004478831024964184,0.005572351382476115,0.0066914722975331305,0.01627848038437652,0.011298825382970478,0.007570728540228001,0.026111105921971134,0.015091595729879117,0.030504886878574777,,,,,
0.00790325230404465,0.008173461793912245,0.009942066882517949,0.006938453709420487,0.01698744806279907,0.020548134776075526,0.0072449611761697804,0.006859888104754319,0.006611540991994508,0.008819910143750935,0.006998605762490884,0.007821115229393298,0.008503155735805833,0.014875581771422109,0.008744050209586721,,,,,
0.016913336659107804,0.009861131913915586,0.06502070761590582,0.014470041361015751,0.008221708423974612,0.009211702190862736,0.009590201727958035,0.04125744547331732,0.006904731225287197,0.006986134197101332,0.00736830589456419,0.007966130729868834,0.008198767364069005,0.013646519644490594,0.009242058707578282,,,,,
0.010089918197182687,0.009505759956798511,0.009278187714123325,0.0074217884278778064,0.020551116387051777,0.010012024523422515,0.006654599047602623,0.00736562157392395,0.007725485773364348,0.011879137005500107,0.006836028540075685,0.03864069531253415,0.020768585607401368,0.012260324900609323,0.05639428257670506,,,,,
0.00942974498000706,0.009379106273089875,0.00869016257424678,0.007979345783869619,0.007521366445379863,0.0256749027797494,0.006600793982753975,0.006151543027631569,0.006865556732011568,0.007989252873768674,0.006937192074669631,0.007024267087095054,0.00789619384877014,0.012176029499192696,0.01042197576110451,,,,,
0.008554204739259318,0.010413729430286331,0.04167695232284099,0.012122261682515475,0.008376204019202804,0.008975016831382781,0.007339166098178822,0.006308278119412214,0.006453581313038243,0.006611148714616492,0.007088585646603838,0.007639104431832049,0.007971216035672345,0.012293042642717796,0.01499107277015732,,,,,
0.009403132466369112,0.008833315916872787,0.008638678608131719,0.008677058695605606,0.01049253398696861,0.009030579296401903,0.008525049581355165,0.006115602165504829,0.009649781748595427,0.007827206005918026,0.007852347609137224,0.00676931073613393,0.008198134688209664,0.011552399751249588,0.027519243776587293,,,,,
0.009053525246689145,0.009381318147163408,0.008437901764117585,0.012880284905712613,0.006696896219691925,0.014114561216615223,0.006962940058780334,0.0069395749699757885,0.0073733638412401895,0.04890466955835943,0.006791352334428787,0.007559200951883719,0.007477836876925085,0.015005079364203174,0.01914724708750509,,,,,
0.013182198628418062,0.01244247789811565,0.016700601228427862,0.017262020561893188,0.007744262412208147,0.012149802386595162,0.00841050215852963,0.009811563267829936,0.00804344314482623,0.0071271256012191125,0.006991932301010025,0.0075234350517549035,0.00974688685628323,0.011004780320182872,0.019042512305910364,,,,,
0.01878929494122769,0.008459121404286778,0.008647680437899563,0.016707587937315298,0.007078333951707541,0.008502507581473596,0.023016670630563965,0.007861631273617564,0.007516537483244203,0.006878388325043855,0.008332121288153482,0.010829939327078193,0.008416359001227459,0.010027263706923554,0.03204020911664833,,,,,
0.007740912781362423,0.008383941067451986,0.008956214300165473,0.0173243523682821,0.030791414013796037,0.00985113283159975,0.005655964998164478,0.00807510030993543,0.05609553262277318,0.059539467291771224,0.03974419597057759,0.0074743678486827005,0.012458178980471404,0.014508949405959046,0.02561304661860844,,,,,
0.008236678341791214,0.008716274038618254,0.02315429021638538,0.022638915126534667,0.006435874877115512,0.020215516911086594,0.007555769279860315,0.011327395118917838,0.007762325441498118,0.006892748281939315,0.008901571622765154,0.010040187525668234,0.007220892439078343,0.009943142869078582,0.030175876235034062,,,,,
0.023930127120797496,0.04594675099981315,0.009799694323637304,0.02641299671466629,0.0070490072306896995,0.006434615464616927,0.043124475710042715,0.008858236949943978,0.007540307428634681,0.008023871761805221,0.008006074889560953,0.01146530327471277,0.00754821410967032,0.010250572438456599,0.030085498107921504,,,,,
0.008750424775506917,0.008408960206136724,0.009809712790102176,0.026909104442428174,0.02323062430053442,0.006445488666717302,0.006813988729220794,0.013851185950289283,0.038607281337164706,0.0077773459195207935,0.009394854512904801,0.006851944147958538,0.053649062424957546,0.01101337886437377,0.030036667189996452,,,,,
0.008740341929362632,0.009224925174189692,0.011376058328625777,0.027415913197338736,0.007378989478788774,0.011736922001504314,0.007980117679171308,0.016152850056131512,0.008195959492454042,0.007820783622463905,0.019468945660584873,0.007123986369153775,0.008044249189897833,0.00998189857140392,0.0312611054941506,,,,,
0.015650683971962273,0.03718239194536806,0.010496364483926539,0.028645393927260107,0.006983163704476958,0.006357421511714411,0.029176286312996083,0.016844269574658465,0.008485408964707087,0.008522197052131817,0.0098458990039061,0.009131145680566935,0.009576839924098758,0.0101685223397777,0.03180516421374976,,,,,
0.00931055609811095,0.009485514682634222,0.008701682134848551,0.02309037105434918,0.03575463924057053,0.006555206992610287,0.006628778214643557,0.01658968392655761,0.015557025926449395,0.018749292756676528,0.022578246689088352,0.008028395575615757,0.022081249162579208,0.01054588063562336,0.027647585450282765,,,,,
0.00942823218300782,0.00986169077379717,0.00871936051826842,0.021707959417136734,0.006220248791359567,0.008393718216456535,0.006561188270194862,0.014897010752837801,0.01011430722394737,0.009119350991970122,0.011823224060813263,0.007592108782006457,0.007701950603002987,0.009167994682915645,0.02605337161730334,,,,,
0.015342979850564495,0.030771951331300392,0.009095715731308122,0.021482722237536105,0.006122595423553481,0.006756895732955808,0.005407540896313705,0.014627867360374464,0.010529421650492435,0.009700878951719559,0.00745591157261297,0.010387297178290863,0.0096158582860546,0.009841947102296397,0.025151513861325102,,,,,
0.011014085295492217,0.010673146700810827,0.008824356505990418,0.03006169647369416,0.014115388045207733,0.006122595423553516,0.007098868203934788,0.011132333194813023,0.015784893222508246,0.020101013102820343,0.01727825784477867,0.010143017240447775,0.015898672670047367,0.010049998512855929,0.023906746857862968,,,,,
0.011615730795003151,0.011671887795396395,0.009643228484050755,0.017608918131029296,0.007917145602941081,0.01223332452800093,0.005236927864527793,0.01156866434646402,0.012015650076185862,0.009752705685295047,0.008878525066328904,0.008307807299207229,0.009871153709254179,0.034182950027959944,0.020129378018465992,,,,,
0.014326120002052117,0.020665181283510522,0.008741640006379475,0.015025309635941005,0.007638934679614189,0.005380555761291258,0.00901135308051162,0.023460513101391283,0.012462341784368605,0.010592656089065011,0.009034347862766943,0.008848973058303863,0.008417283393333393,0.009995172961209704,0.01776157721704936,,,,,
0.05824792188442339,0.014778350060472423,0.008022255495785184,0.028149125916262837,0.013437072115523597,0.006594701152517711,0.005954831456098387,0.007591083906246549,0.016015793679837142,0.01503954301250064,0.010565781670406543,0.05696323763459816,0.008677507018150864,0.010936074663712686,0.06211516071841625,,,,,
0.01696393963385762,0.015477385704968738,0.010115589228049608,0.014747431138656831,0.008073494299575582,0.008088137322567985,0.00734552410203117,0.007855649724574181,0.02997876100359191,0.010363550611425312,0.008558751261246375,0.009014770075601787,0.008999833657336554,0.01840269941045423,0.01694213994185306,,,,,
0.01984782486234337,0.02470435359677213,0.007730519702139962,0.01390414354067983,0.006802799085067093,0.006058455955278219,0.008332121288153522,0.0323523488818718,0.01993129338119328,0.010720999819571038,0.00944540879076718,0.009070696616871043,0.00959185797045985,0.009846162407616878,0.016588276888352564,,,,,
0.057128813724724996,0.021827386081225246,0.00837186814890427,0.058364988131531695,0.015158810995487122,0.0072288345638871375,0.006175474887592054,0.0071305362424401155,0.024998555578628342,0.013197142485959224,0.010864696978559305,0.05756675472611252,0.014311335665689364,0.010424463937561966,0.04393154219563145,,,,,
0.02532652155852316,0.024775218928977428,0.008813732962872961,0.013883447092950743,0.007077601119574344,0.007608488019056148,0.006897825952126091,0.00721909639819966,0.04925687517263623,0.011959833215600272,0.04937267910699444,0.009378449522551693,0.009594696578161121,0.017203175628891156,0.015332496177982768,,,,,
0.024712029120129084,0.021825975074771478,0.009371533566916961,0.013719185470814207,0.009963727220106718,0.02749667523528995,0.008720550194553672,0.01538518024615949,0.024481484650982023,0.012562480399580125,0.009283951117425636,0.00963219550007379,0.010231579211561103,0.010502755829896515,0.015001643771778265,,,,,
0.03333870662918794,0.021395366782699796,0.009239848582536146,0.01304892134464565,0.009036321246478698,0.008491710451409017,0.026256053074582897,0.007487844675675045,0.018791020233453064,0.013645260524588764,0.010214994641142247,0.03314600373270707,0.00981489985453164,0.010834817496382756,0.015677898956074063,,,,,
0.02003885722826255,0.01618308707515058,0.008812445505186043,0.013457900985627755,0.00986852602627382,0.00871995537669971,0.007979183270080603,0.00813621255663083,0.0300567893563174,0.05768505723157156,0.020518531832121316,0.00986086891007061,0.046728778655704066,0.015676079200308383,0.014721887355981775,,,,,
0.016950308549069024,0.01770393498124244,0.026741072563645888,0.012152577032873986,0.008500867911690413,0.045722078323903854,0.00922889540022675,0.0131640859983006,0.01704614385850976,0.014521992325234895,0.01122721291496455,0.010251110067226739,0.009979332534772697,0.011479855829363712,0.014628244112232357,,,,,
0.018197329178035987,0.05051540732687052,0.009180715647384291,0.012572798490878301,0.00904119903687429,0.008918453966579566,0.017420493349480086,0.008927936255978389,0.01542272556144042,0.021142836171265035,0.010751195625940175,0.014482112019919146,0.01020238758952707,0.010758460141624796,0.014416801404690649,,,,,
0.01187640766266653,0.013378656303953053,0.00971273513881616,0.01183955471564552,0.010703568370585104,0.010363800858643609,0.008515918124496372,0.009164281075408497,0.018608555679302783,0.02869999256470466,0.03499395522793712,0.010642120222771204,0.03497972278022884,0.011081107912165933,0.014487147816774872,,,,,
0.010863264641148514,0.01109148880907992,0.012239550482658543,0.012566402272279243,0.009681477040588391,0.010152856582207102,0.009490981405283068,0.009294002312484867,0.013372475839724765,0.02461443141905483,0.011676997252522903,0.011257577169067418,0.01067906796948812,0.011684324310074956,0.014624675661218821,,,,,
0.017408486141079704,0.011147029619571872,0.009471594485633344,0.01816289586628401,0.012512627858938277,0.010605471708437422,0.00915153726632486,0.015897632710131844,0.012834420663071548,0.02760148877986735,0.011372524134270002,0.012457970803763008,0.011519773528392983,0.011335062567480183,0.014743209898128487,,,,,
0.010644800581431383,0.010758098539047606,0.012369519250575688,0.011713033175408434,0.028449764829395534,0.01034877531472903,0.009679869622838523,0.009363504658858303,0.012597321555629912,0.029945966357166863,0.028462923013871665,0.011626916976337186,0.012528551538135417,0.012105535795221454,0.020975796903030097,,,,,
0.010280289476806382,0.01071446634956438,0.011101772395976015,0.011513834114726899,0.012604010736368628,0.012935939383732883,0.009373055514991659,0.01058408330227645,0.01237245424154133,0.0330468766520828,0.011731700477382331,0.012139765682131555,0.02149117125887943,0.018315751976127576,0.014636840282874769,,,,,
0.010850365095840715,0.04873836549937808,0.010748813243191619,0.013787189640065933,0.012192419384310225,0.012379998166104888,0.03263925486843214,0.06610885875750966,0.011699186340947887,0.032871057758035296,0.012605528171703068,0.012501819289188653,0.011825965678023504,0.011682548475680518,0.014887955109539743,,,,,
0.010593268165506134,0.01008863293095745,0.011738993391198263,0.01196698710171271,0.018849087446001157,0.010924210770023736,0.010293651476297227,0.010739610477523602,0.013062454212293562,0.02863014562507652,0.0156321756051944,0.012772716055828508,0.012877289434965208,0.01203441367294297,0.03325545287089115,,,,,
0.010505008855356192,0.010242378015858566,0.011741202470747,0.011983798155072932,0.015029084950545089,0.013194218951277353,0.010569493606965052,0.010572560339542814,0.013418264664566837,0.028728567634534487,0.013261468309229259,0.012225371893344982,0.06235331611717564,0.01180170771166157,0.014483925108485724,,,,,
0.011763738944664707,0.0169530624143694,0.04740170130715843,0.011902474571893544,0.01589485915104126,0.010851560142360977,0.02427766198447454,0.022636050981901423,0.012028836178472429,0.02256721682433894,0.014197005714556628,0.01496250026106068,0.012504723227972716,0.011885439391313089,0.013742417775431575,,,,,
0.04087231415084185,0.01009351607193998,0.01288956895620609,0.035216473874925144,0.016609506572831063,0.013379044002595857,0.012133141184111068,0.011811592534609843,0.012962301555633233,0.018178506820513977,0.015788671703885933,0.012723814657583793,0.013084573218741685,0.012240186146611156,0.029786795726138113,,,,,
0.010375055736225193,0.010704779805023065,0.013011103929707089,0.012196912109881136,0.015589146576423477,0.014393666597470206,0.0116175447478641,0.011558235203780796,0.04196039461909585,0.016836858226973606,0.015427601422220416,0.013209713674632733,0.03015336085523112,0.022961236539863338,0.013395123600526311,,,,,
0.012819332147730969,0.014354423494996276,0.027218153032454992,0.012651325346551284,0.01790944212614435,0.013277494967222738,0.015423061877189097,0.03462701930629413,0.012579784188594295,0.016923664748283686,0.016783573753462032,0.013788012588118034,0.012271504687151732,0.012383009213119354,0.014025531564558191,,,,,
0.05181568219501335,0.011731700477382355,0.013509640695808933,0.04798932006764074,0.02380244322776953,0.014331549922274128,0.013600355146496762,0.012243999437298028,0.01294408158475557,0.01664197239119049,0.01874963856400128,0.056945655023846506,0.013840883978881327,0.013330883385413954,0.01686388908777802,,,,,
0.011379790841655718,0.012067582731316012,0.014291501130463482,0.012398079627089498,0.023652808555593346,0.015877615518871995,0.012627138229737184,0.012812249335779085,0.025232084648106338,0.050019307710399204,0.017522176164567103,0.014224654512831492,0.013592725320145408,0.013068309968342483,0.013711621767707915,,,,,
0.01272796699368252,0.011685323098323994,0.024699694637656394,0.012489807448916283,0.027273017613541124,0.026292735267110998,0.014802022509992902,0.01584802304498725,0.013682462473739809,0.015789185014733642,0.020093786549206384,0.014994705365666884,0.013397180589405254,0.013090220958218286,0.013462356682108718,,,,,
0.03974576204373022,0.030498392896154924,0.014439427675295002,0.023316262258913395,0.0357569965669644,0.016250076800118224,0.031285155197158916,0.01281204691218864,0.014017115569732492,0.01605450952957885,0.02383591085045168,0.042737516538375715,0.013896680507153867,0.013708618766242292,0.01580098656181589,,,,,
0.013196282690051374,0.01314279149455986,0.015722829559398993,0.012502234178882821,0.02988127806849202,0.018614495392757932,0.014120692376648142,0.013110413985220674,0.025287566120642452,0.014857264284626318,0.033338755249084265,0.015458355283403507,0.019888959077377984,0.014280154741249875,0.013469458662538607,,,,,
0.013998207399381143,0.01562647152530718,0.02002345001569376,0.012524617813123253,0.04308385495186622,0.07076405982405237,0.015113083083883172,0.01478036807976769,0.01473896545354752,0.01523962682275591,0.029982751040138818,0.01644097198232748,0.015593305134974238,0.03713164889107557,0.013506112738394702,,,,,
0.02024277653356557,0.023057424122768382,0.017245504817899774,0.015248643699864029,0.05746160372432045,0.018523362167563458,0.031926269280812235,0.014934915034797422,0.015593658561311579,0.01640494693702146,0.03396691815886691,0.029135624122227984,0.015719200240115798,0.014400601937348835,0.015167042340069478,,,,,
0.015219425821098583,0.014262504539706034,0.01862290529323096,0.013103092660440626,0.05301718462777615,0.020918147062146595,0.015888167987136628,0.015524233238192383,0.07250873775507828,0.01987532781233069,0.03300844872007412,0.01876609162197572,0.01653438740352667,0.014680076883887637,0.05642536214935333,,,,,
0.015475605215584026,0.016068093521560797,0.03723445021829295,0.013985974077658184,0.057377948730220237,0.04487178981557769,0.017433886976907797,0.015412464405752363,0.015686519246589356,0.015784564616165078,0.034019865973757744,0.020169230836459773,0.01652905351495578,0.05182228864422093,0.014060874458238524,,,,,
0.019345450210120397,0.026131112209798094,0.021070339668753938,0.014450738742330672,0.061801761769802586,0.0237445566788369,0.019360074149282796,0.026547407641604535,0.0169214616961083,0.016465384613511245,0.025666656326300493,0.025974012990663212,0.016885252230557403,0.015730745167734816,0.014101394334635586,,,,,
0.01631031318013609,0.016327616069931675,0.023901444152097693,0.013758072690768812,0.07818503029456327,0.026767669576675496,0.017540575416640027,0.016776212888204665,0.04642346382353031,0.016234109147253654,0.025328044739276693,0.021508360796916082,0.018839591215461363,0.015718375277954662,0.06680487013942557,,,,,
0.017013934817433296,0.01721268946730151,0.032816523162390775,0.014227730880009542,0.058265506552872506,0.03263234120727928,0.018274358471175367,0.01817094387297837,0.01687363265229716,0.016436534805611542,0.025497353202878693,0.02518119327169063,0.017845611616546436,0.022006909209061096,0.01641136814344518,,,,,
0.01804346987173633,0.016823085633205774,0.030813273795406663,0.014825569695016303,0.05780705460272715,0.03151877069673237,0.02026676858311671,0.01808811627033531,0.018161110902802105,0.017419897838135776,0.02367685034726573,0.03179408266006931,0.01792970417927819,0.015896082839706102,0.014738635523243952,,,,,
0.01688899568030802,0.017128634922785563,0.0304624330842551,0.04691494574330163,0.06087431104603735,0.03396035115358843,0.03401937044713099,0.01826007227469118,0.02182092440932575,0.022121337222002095,0.022628258674409252,0.030556704179670425,0.019610418106395983,0.015919213230789746,0.026982301357203982,,,,,
0.01906293049947831,0.019189731032847396,0.03043168309695355,0.015003286039891022,0.042862494433850096,0.03879043876426289,0.020538035101049155,0.019331854943451132,0.019087811118164204,0.018136102967988663,0.021290743186722503,0.033244055119958,0.022764708908560263,0.01749121443679948,0.015090220872396887,,,,,
0.021508044271735614,0.025879984669896362,0.04091142229888767,0.01642816993543522,0.038220764180252685,0.0397189590012866,0.021544564657140938,0.02911959717824282,0.019434813681909403,0.018423404381725458,0.020047267932259683,0.032936124169408255,0.022266763005839105,0.016363890604782917,0.015442156786870855,,,,,
0.027188252859017065,0.021191065081799874,0.023551537501193254,0.055609952103795705,0.04180082013265942,0.04998089184939418,0.06470407148252276,0.020606866988703273,0.02213001119929866,0.019796798644416202,0.022356136969584488,0.04434568810280484,0.024268419792299042,0.016929027502605647,0.04923947714168051,,,,,
0.02159866660669819,0.02126132033714382,0.02242158544260227,0.016333273770131006,0.02928785222226472,0.06983024431631099,0.024453541212805494,0.022444317324716946,0.020635793378523993,0.034182646544201584,0.020218082580289017,0.02718411501312884,0.030855696653513225,0.02101384400884179,0.01570929783491224,,,,,
0.0216045345230439,0.028323638850626488,0.04827444096238901,0.016609604162778756,0.026611087794302386,0.06303422938759481,0.026713842303747088,0.022420197372354615,0.021624167697797986,0.02098203987463063,0.020172188098010125,0.023588797207437152,0.028776745549764365,0.01785863195886417,0.016410005082023105,,,,,
0.05938531381073679,0.0222650740804631,0.02192862167870599,0.020196857908464535,0.02358742284922195,0.0689538161471235,0.03386164537617608,0.02239949625279576,0.021835582967261766,0.021682422311369173,0.022930648962367517,0.02328169955159071,0.0313233996728596,0.018405517782243766,0.04408676510837282,,,,,
0.0235134191084958,0.02378504435132057,0.021899389697020523,0.016652546655636532,0.024189624775463273,0.0793582988514224,0.026163843807760375,0.024709707033852002,0.021805468053020017,0.02403610215539358,0.020772955779176885,0.024130799646415235,0.029107571179104737,0.01794425339802412,0.01673782997531263,,,,,
0.02515666904856097,0.029862666056759135,0.04218558210243944,0.017216135758485417,0.0223187512738366,0.08947187731582575,0.027609004687401878,0.02639004720421173,0.023965864922705193,0.022496183481712773,0.02135836361572744,0.022578691791848026,0.06872117046882449,0.01819242939778527,0.016857736404480923,,,,,
0.02897993419711932,0.026707106266636083,0.024612956275398567,0.027788461651630222,0.021017484516667333,0.09325251737540383,0.032099072575998304,0.02677745353339118,0.026755361899738688,0.02282432780619422,0.02156862672205431,0.029044687839652333,0.02720951646138798,0.018899464741304876,0.01892132235294928,,,,,
0.026917343612411087,0.026356920032519333,0.02335592393392498,0.018159325763867907,0.01941049477441388,0.10250202723251531,0.03163272305231505,0.027352400077883657,0.03832600703116888,0.02302265589098398,0.0810899252486936,0.022246006543724106,0.02653998197764801,0.01988087275585866,0.018382517826685766,,,,,
0.02855979868757214,0.02982986332259023,0.03421715056075874,0.0181128503977893,0.017880021363912847,0.10356886807620226,0.031347194749362914,0.028597368818870393,0.026018208528382242,0.026638106674351247,0.022558581619261348,0.022892388880654643,0.04302355643718279,0.019349873735500928,0.01882678436948886,,,,,
0.03748768225176697,0.058706503825638176,0.022977608512125623,0.020837402697611467,0.01946320008108862,0.10016783190488122,0.035515560771242814,0.028427820987636805,0.02763188038223079,0.02479614618016979,0.023858001754896992,0.023021754680698798,0.023552088091724502,0.019196149556885218,0.02186952570738301,,,,,
0.030896529382750816,0.030628476652744808,0.025560440602308145,0.01910953812132534,0.01653338743049489,0.09209398889373462,0.04469248301876593,0.03037990865934759,0.04861177530285539,0.026507335709575263,0.0518840269890733,0.02281158371715966,0.02342468244496121,0.020425545730838685,0.019519500268014727,,,,,
0.033643087884538424,0.03369503405455856,0.02889699037432772,0.01954923963257307,0.01578047700295998,0.0939275592802134,0.0394622351100388,0.035248568022491183,0.028412729757213484,0.058181207689314035,0.02483404492830334,0.023580261147082806,0.03119708668045301,0.037626559099366574,0.02070091789423886,,,,,
0.03320234054964245,0.05260521306140171,0.02539856116037124,0.020584074595653507,0.014915909731646401,0.06644795535573407,0.04228112583527087,0.03459570730990596,0.030554423095827746,0.027952366379992395,0.02524414616024048,0.03603435725001519,0.02372495649220765,0.020618442414462784,0.02184092710514668,,,,,
0.06457821625626756,0.036031127341506,0.026177717575900213,0.04801894668636028,0.015428441932131018,0.06617371412764791,0.06099040771044029,0.03578266323312001,0.059824228600861194,0.027865538189272045,0.04149762158463095,0.025053363757605075,0.02395596114677854,0.021270466958490705,0.019448620347533457,,,,,
0.03619583449731181,0.03757406050947094,0.027919420894505755,0.020944182650891787,0.01519145353638217,0.0726969542268818,0.04584093521083584,0.03773419814877291,0.03273304060894962,0.08506956357334439,0.026554733563775836,0.02534515183120959,0.035669044619664046,0.046949621433852076,0.019140337927150777,,,,,
0.03901742873764609,0.042390474509653636,0.036367854750111075,0.021527569678129223,0.015231519839770679,0.04940603011245645,0.05092451877411327,0.04330421120664153,0.033066029752117636,0.03005997098527466,0.02867739236231417,0.026904995960531454,0.024704143634424008,0.022416741282446796,0.01977320367059735,,,,,
0.05944022791557918,0.040919916024258284,0.028851979764614292,0.06378080467020507,0.04886328759114479,0.045226070328143735,0.06342989869922708,0.04086638877444252,0.047632935033435124,0.03348998950595189,0.035549427664676794,0.02601358548261673,0.02614776829052258,0.022228643642123732,0.0436666523214804,,,,,
0.04316978950933126,0.044712128929476964,0.03242089631221503,0.022286772845349263,0.014464551367975028,0.04340812262327131,0.054613931184180065,0.04384079345873732,0.03565086259219541,0.08747570137317164,0.029607111058274977,0.027669527107449965,0.03078088378706821,0.039231208213639374,0.01930317462976344,,,,,
0.04801603683444916,0.05671140052849008,0.08131250774235696,0.022893295183513993,0.014436912901358276,0.038839023021996065,0.06142649303096516,0.07452543699033233,0.03832072002902881,0.034498255595960044,0.029836252907410078,0.03222116572658104,0.026460514548869763,0.02353181787417896,0.020113347086091634,,,,,
0.05322857701952325,0.047346956869107414,0.03255356509264126,0.023326924051678466,0.046996772425039676,0.03353726259774055,0.06968312717187679,0.04852110094111516,0.043488616073618765,0.03482344291170201,0.03678583085955204,0.028865909226198718,0.027505539867952344,0.025334597211834127,0.025491249530563784,,,,,
0.049771963358422815,0.049796499833590385,0.03328959349444002,0.02310255442174584,0.015328795590425784,0.03368357331048732,0.06557350993371262,0.04872762208016664,0.0411086288666284,0.05904788351246188,0.03210473790506344,0.028907926485543394,0.02902433311423664,0.025101311536458757,0.020964913619114917,,,,,
0.055449399839640985,0.05598816864553948,0.060730550286633746,0.024599320181658047,0.01442435493005854,0.03965609469748326,0.07038098656877619,0.06091645830681885,0.04283845885169702,0.03756233336723753,0.03271362318370429,0.030401840394894266,0.03444115827523882,0.02528552766772255,0.02108202967342615,,,,,
0.07444683466593292,0.054789501259129604,0.033528755072691485,0.02576213024811922,0.042602798247165216,0.02835199865274633,0.07768069613697552,0.057077741885707176,0.047276194909610395,0.0403991327558108,0.033812054997247466,0.05980298250325484,0.03055786057108376,0.025683638857582774,0.0366772824272615,,,,,
0.06595263500933571,0.06643890459762827,0.03609857143337586,0.025254109579991805,0.01437877134458706,0.025578393539599256,0.08962808353743841,0.0599322934485051,0.04592249425792313,0.04043634955593096,0.0332155680317423,0.0326326591088819,0.03134230271571318,0.02595409794773907,0.02106672368325234,,,,,
0.07055578923810037,0.06922024686474591,0.04139819458004227,0.02607128354718923,0.01449231608109001,0.025611439125213114,0.09639907808123761,0.06862082418948226,0.04786824639541525,0.04049304732557304,0.03635657671936868,0.034137017452832645,0.030943406265531492,0.038699068933613606,0.021117506057115504,,,,,
0.07091660093747502,0.0653270361543995,0.03710653091456915,0.0267165605115406,0.025069416887087047,0.025716725688706987,0.12628736058593634,0.06647158885454679,0.05248735680366489,0.04295236656212173,0.038293097328730756,0.04366147742457447,0.031444741570934506,0.02620473792565823,0.026073235701157795,,,,,
0.0863107826519775,0.07506935449220208,0.03898111932742711,0.06539542820548017,0.015169265105867271,0.02290575321147023,0.1318877699503481,0.07396383793033519,0.06896951260909469,0.047786195611529754,0.03814272726876845,0.03566591797096387,0.03280183022175846,0.026491174932644197,0.022167598212221244,,,,,
0.08735775245927761,0.09017590458589568,0.04416144124689268,0.027311788119127007,0.0154222420947027,0.021566462235574284,0.1304892134464566,0.0891736303862395,0.05579272526508875,0.07919631118708119,0.03897557185030595,0.036903592501730566,0.04601924726439161,0.08212711796701405,0.022324560612154973,,,,,
0.10175785799612827,0.0851863994192334,0.04117224381025197,0.027794189154566475,0.01755830918376227,0.06339804455919057,0.16396205117672086,0.0887464503501032,0.058612414110164296,0.049458121844812325,0.04057932355316876,0.044571792853878925,0.03395770681176996,0.027955486006152573,0.023806093061226944,,,,,
0.13496710912099655,0.10346215982113131,0.042586906689663986,0.04063657972207728,0.015349338426847029,0.020521501946833734,0.18066901455322334,0.0880232284557736,0.11859273532842202,0.05200445374256456,0.09405114988850888,0.03856910652068252,0.03583639303172402,0.029485848082559666,0.05992463895665534,,,,,
0.11346469454224144,0.13786296097988526,0.04442087041421171,0.02854182424021652,0.016157565780340423,0.01924612373645179,0.21181316509950135,0.10265476133383662,0.06714638550307374,0.05710492419386309,0.043773895234231634,0.03853042271538404,0.05801373450911389,0.02921812352192572,0.023650889639328775,,,,,
0.1193319587612596,0.13920016915740765,0.04401714014709367,0.03000441124114845,0.01732510085946517,0.061154982659653766,0.2649013178961809,0.10481350821525005,0.07089005924097574,0.05584708531429165,0.043964788233657036,0.04198338855836129,0.037590113596739576,0.029619153136081083,0.025331436367340903,,,,,
0.20174086945657532,0.1393900603320693,0.04622592828877212,0.03892859040555256,0.065929095761196,0.018571166862662705,0.27209454387280707,0.11436782961198032,0.07061026176305622,0.06011562797091472,0.08303840181984579,0.043911554436541135,0.03747681906949836,0.030298710939163902,0.024957178859832313,,,,,
0.1567173388579768,0.1572070568446413,0.05059932409568166,0.030998673943660512,0.016895290483842824,0.018638774509986356,0.27105803496408437,0.12007532757196761,0.07084753981374083,0.07179850919495853,0.047957931155496854,0.041539512558582514,0.043394587943349515,0.04321942154613886,0.025046323525651778,,,,,
0.24710346088510446,0.22524674937111394,0.050348995702123825,0.03135247894274546,0.016409471679341543,0.058201859392342944,0.24892918274111178,0.14866983213634608,0.08231464022239841,0.06261778783203668,0.04802754018480846,0.04381889997631075,0.04102451684318276,0.0315950376960321,0.026912718424014742,,,,,
0.23645424809312704,0.23622363173907304,0.052032280194659435,0.03361578762786624,0.025248114023995613,0.01848620438807704,0.19200689197784693,0.13292814335859604,0.0916088410584984,0.07179411576417291,0.09375476286836561,0.04946871972388459,0.04278170194978074,0.03182380146779767,0.061641969384124536,,,,,
0.2343140455529571,0.27488217574606344,0.05594009477581247,0.03302434554007415,0.017192317774256668,0.01715314613037027,0.1813584270428479,0.1950176437705257,0.09217921817345942,0.07705215774996899,0.05276321298308715,0.04589362636861989,0.05082796972392463,0.03703387606539565,0.02764214422637839,,,,,
0.3063751273401797,0.3120183981494686,0.055745709914532454,0.0334895635805769,0.018329906346073257,0.03234072306979855,0.1788104229912493,0.13676459835906288,0.10393971115583725,0.07485363902648248,0.053300687634554283,0.050186605834291784,0.042872628158708265,0.032537547861957755,0.029247134538825895,,,,,
0.3133266079524696,0.29535085213521234,0.05804323204858258,0.036570167046122835,0.023748010644036376,0.01615927112891504,0.13596989967103196,0.21134240377174004,0.10439545438114903,0.07774787814016469,0.05957648095623518,0.050287758042383085,0.0446384902527891,0.034018226896597774,0.03157902704983701,,,,,
0.30063564095448647,0.324350457840423,0.0655041754329329,0.0351034330635168,0.020406665728829997,0.01695107355652975,0.10678033047098169,0.2147526910236553,0.10596779270759629,0.08304528435471503,0.060014159708561714,0.04979488527804117,0.04866109984360873,0.036377329158519794,0.030556364680303514,,,,,
0.23205790388857003,0.23046299494060216,0.06493681600616542,0.03648408659495875,0.01757663372369102,0.0224858774903238,0.1311663785272422,0.1788347247421235,0.1295352613260881,0.08250214098103338,0.06237381825011259,0.05169107168391987,0.047398692006219184,0.036017484756597495,0.03139328510997561,,,,,
0.23224427978611864,0.1407202329594723,0.06435904596273774,0.03777404924401038,0.02270777464348505,0.015836338434697398,0.10218960579083455,0.2591025286832412,0.13880311003038995,0.09630039902328945,0.08519538015536587,0.05641137041512402,0.04802267995040544,0.03656503399975323,0.04254747946211231,,,,,
0.23366485912366647,0.20034978057440303,0.06941704399056885,0.03682458663928138,0.0211576274346153,0.01535176708790629,0.1382326013714412,0.29183071722349074,0.1528797042088487,0.11222469492366736,0.06622765464530234,0.05574547148149969,0.05134623843869873,0.03735413022335077,0.030433525989732,,,,,
0.17505146583408246,0.172144341678217,0.0735348327410296,0.03854455521414473,0.020870110737632366,0.016672625114910262,0.08718124570125681,0.18211679546403467,0.16811295043475905,0.11445541870749602,0.07124182497921583,0.06096788774659449,0.10667022779962107,0.05064359567131381,0.030341468606986145,,,,,
0.1762970138294046,0.2069032497961564,0.0817706043130871,0.04126454028975618,0.02460452518645391,0.015429891704117762,0.08118288188309408,0.2859314010837238,0.19556697908586787,0.11456364789070143,0.0745759798198147,0.06496767616523921,0.05284132718872247,0.039564274045580175,0.031018590096957083,,,,,
