0,1,2,3,4,5,6,7,8,9,10,11,12,13,14,15,16,17,18,19
0.12400344883858316,0.08273073627188059,0.08762457080351532,0.03706942547136633,0.14027855708602133,0.18987102599002997,0.17480242288735676,0.25505290368968164,0.1541511424632124,0.10059242732159446,0.08158623831851976,0.0671791067824868,0.05889580107417851,0.051851925971636834,0.04657940948134647,,,,,
0.052121075733210225,0.06321166008017808,0.08832850178098205,0.11130294535294931,0.1356385918736319,0.1736724469322072,0.21370047157269778,0.24516716399358057,0.3121434959575144,0.4628159773613584,0.7662943683764849,0.8945699148421297,0.4827148680783797,0.23977773257872984,0.1411227432396673,,,,,
0.038657135692363995,0.06379617828995111,0.08238367051413613,0.10952174431049502,0.13242508404131276,0.16764369994626502,0.21393366609593317,0.23059503629128383,0.3017303173436696,0.3967610183778684,0.7189710076209548,1.0214336699934317,0.5109855785023535,0.2566710395066598,0.13307900969772968,,,,,
0.03584537483676804,0.06362213064781179,0.08487615017224469,0.11009392271777323,0.12998010443001684,0.1670127654379068,0.18929776787056055,0.23216480013789667,0.30080408965776284,0.4016168412469372,0.5925468551123251,1.0444099006536405,0.5831507893177287,0.2510018777129733,0.1340378501860659,,,,,
0.04528553365945023,0.06299029284343526,0.08231611709616103,0.10721883951877466,0.13226310672357275,0.17018407178389602,0.1908708079727507,0.22443649425437773,0.25890304307236445,0.378025266675586,0.5545353222841735,0.9883261101611497,0.6291922983451896,0.2828635280229736,0.14068025480449067,,,,,
0.03826803009131651,0.0663252528946198,0.07974359572520595,0.10775765189700562,0.12751709656980298,0.16064153731994127,0.18058483769756664,0.2209772135021006,0.27384098101373483,0.3421523327836051,0.5451928106238392,0.9492723053130004,0.6212153207558554,0.3164296119723064,0.16014346543194058,,,,,
0.03684021833171712,0.062051977494493704,0.07961603704605737,0.10630641566425121,0.12083844990044677,0.15030638810241656,0.1809061378417117,0.2787356198796022,0.25102716010736714,0.3343888393361072,0.4614234480191879,0.8091142379991124,0.7751983468980816,0.3213480739874264,0.15528376612749833,,,,,
0.04418169017295562,0.060575778002552656,0.07872281187259537,0.11110796572721397,0.12967873551473938,0.16043884411107706,0.1811685625959419,0.21184959608980272,0.24524812842330176,0.31686533807288536,0.3956618112644752,0.6960962226917089,0.9306140742134112,0.34787007738406944,0.16147318663732577,,,,,
0.04848851186796375,0.061104575481868297,0.078717277007681,0.11190050284950598,0.11833020774785041,0.14583542371848135,0.17150698665226086,0.19343555827678346,0.23276928402973077,0.2995871454997505,0.47844450976656205,0.5965129801292597,0.5878999934869693,0.3626596304719278,0.18491657465661968,,,,,
0.0487781520679375,0.061020187639832114,0.07837646252061313,0.15173096688635596,0.11624283474161423,0.14367584130011035,0.16682900907050446,0.2033821851303318,0.2256367966347684,0.30187452486016264,0.3787734938588907,0.6087024431788097,0.9733255084143718,0.3731898024247081,0.1829813220102827,,,,,
0.04082908756341137,0.06042956356841404,0.07462649710599673,0.10418357825875463,0.1246871442442838,0.1505784953387098,0.1629016447466005,0.1812410765149436,0.2151135383976226,0.2625102684517909,0.33261829519523267,0.5530836674775157,0.9758147673114749,0.4353318974689081,0.191912622146911,,,,,
0.08626222241768512,0.06593422909563905,0.08207334919321854,0.09542071123548332,0.11271067707852908,0.1361467907236724,0.15524692646858695,0.1778999919558618,0.2184700061463573,0.24887518796140637,0.4731127590695366,0.48028089360367215,0.6907496357755628,0.5982661593043749,0.23096433223311216,,,,,
0.03987607640733336,0.06004141645736507,0.07442259745065441,0.1287446953172031,0.10769671023899537,0.13270954470812069,0.1560355353403025,0.17696438691386004,0.19661723404409018,0.3303663740115085,0.30103161985562454,0.4749021951322473,0.923419290016899,0.5522453613595787,0.2112227599311585,,,,,
0.03999625721593795,0.05971901366476238,0.07472224485591465,0.09429332423077282,0.1639855860300075,0.17109660058620785,0.17645299580964802,0.1679640581571931,0.18494479634606764,0.2320375696478499,0.30144717686027783,0.40966843371769085,0.7859441251408132,0.6344048641487365,0.22218414176680382,,,,,
0.0737713700822229,0.06072125596116787,0.11953232671116892,0.09242183581407316,0.10622711342485029,0.12598466943879794,0.14522238777192936,0.1612791912664545,0.17973126031237496,0.22548248219751868,0.4225078520169867,0.33122167469780245,0.7654524177789802,0.7370120187800112,0.26648677730589587,,,,,
0.03959399030209658,0.05922111994373849,0.07204351523824382,0.09167529326563433,0.10490471117609591,0.12647220645030752,0.14240164247663248,0.16099920247835006,0.18076024545616115,0.20244265219732474,0.2506153984969511,0.3597773512982894,0.7124027957094622,0.7423952885001368,0.21706065114911627,,,,,
0.04138704970897009,0.0582452892921205,0.07036329674348155,0.09000626089631769,0.10580626505545,0.13000584861378628,0.15437889265562557,0.16091983771035606,0.17455298933242241,0.20316244124509458,0.24033272192132035,0.3392838568556172,0.5398426550685517,0.9257530567264255,0.27853235523447356,,,,,
0.06890413179096731,0.057552409599028825,0.07142971262880042,0.08933742726145742,0.10021015209599614,0.12076793613164173,0.13834669822820211,0.15301142744430488,0.23496594174054064,0.18994780403971626,0.2298504247500344,0.3063686462170914,0.45801152616385205,0.98105581679814,0.27815942327466436,,,,,
0.0411138648772427,0.08313892072729426,0.07037664283867798,0.09335160186863511,0.09957088857657329,0.11972234629744623,0.13454967609644775,0.14710850887150081,0.1629167785003879,0.21051211911473333,0.2318076512863499,0.27774423694222106,0.45658301888145025,0.636242026389968,0.30641876156996073,,,,,
0.04007084638127112,0.05717081327888996,0.07115877565627371,0.08840014480322979,0.10879698616938245,0.11355399376665845,0.1515253057433112,0.14707015042645846,0.15796388290872684,0.19449208913892452,0.2161200578061132,0.2752298011837989,0.42591416293293294,0.9424456073137596,0.34403021180438936,,,,,
0.0414295454641044,0.057415678292586814,0.07540169417844775,0.0848559998760316,0.09788258445555348,0.1140612838017689,0.1257997772224691,0.14107416088861233,0.15159260093166727,0.17845494626492361,0.19996651914114263,0.25347686715913564,0.3963115983146951,0.892325572031062,0.4001132229243822,,,,,
0.04168569446570488,0.08114818094116676,0.06921043447580758,0.08408034898967057,0.09789024476473972,0.11153582631227096,0.1273001056643761,0.14009783062520895,0.15045598678121433,0.16957211491606033,0.2357716540888205,0.28629044421805155,0.5678645471695556,0.8157825030358277,0.5680072326974409,,,,,
0.04142981933729923,0.05786624535725447,0.06799753746727484,0.08705324583453218,0.09797146413283546,0.10914621264854596,0.1313748986622504,0.1651637941104862,0.14725072074392162,0.1689978580243284,0.1890461615579424,0.23315405211658857,0.34732706972953126,0.6732741007486226,0.44178180852815957,,,,,
0.045214771986627926,0.05741773914863993,0.07097258710869657,0.08398819065308745,0.09695850226494042,0.15231588799234197,0.12175066706049456,0.1335098218701309,0.1441038026971901,0.16512099145750483,0.1843317464163614,0.23081986483649428,0.328884774089934,0.6706330517311613,0.5397135120787951,,,,,
0.05481519833601077,0.06593078724887952,0.06906796767295209,0.08131509520161062,0.0908078357807878,0.10581155942895132,0.11832341318359002,0.1274432853112012,0.14172034272952944,0.1600736509052145,0.17471802838429087,0.21170077033103732,0.27056601969076727,0.5703617960439773,0.742718767666926,,,,,
0.04478755747427593,0.05916117506387789,0.0705592949335278,0.08992965028578355,0.08862577757544622,0.10420115150037405,0.11797637152174377,0.12904248761795115,0.1390188732848382,0.18919756987805914,0.1733143629057126,0.20774913317955135,0.27948118373784536,0.5556162007119477,0.6661831560187645,,,,,
0.05332839699046736,0.06011407485525914,0.06946664617180325,0.08026497499939504,0.10105800536087235,0.11076150601901338,0.11719665822978162,0.12370759107151588,0.13420422219733824,0.15022247914352876,0.16492498303546183,0.1948439519006728,0.2662741734322189,0.4668600097109979,0.8383235663361801,,,,,
0.07074290979087869,0.06114329804695152,0.06802467400495808,0.07961095520617559,0.08725544692134296,0.10504888809064886,0.11227083265723874,0.12136592517957621,0.13297115682763375,0.1440391778581042,0.16437453103665361,0.19464405794149484,0.2585599786981927,0.3737571649421934,0.5858481185927678,,,,,
0.048474282369777376,0.06156661211636964,0.06684701239965275,0.07860771860713585,0.08617017414727368,0.10120095465134527,0.10882177465962707,0.11881467095085603,0.1265151778581979,0.20898228493054946,0.16463470545370085,0.19458588901200594,0.2549301961881728,0.3719342645368003,0.8955802010611463,,,,,
0.053868447248737676,0.07647356630721647,0.06597792984310931,0.07902290755381405,0.0892162275354764,0.1501806614258908,0.13814021594465076,0.11546231167147776,0.12470328132801395,0.13770545906693352,0.15628961664063484,0.17878773172831447,0.225617320560235,0.3707791133826729,0.9330770607391404,,,,,
0.09702366278182373,0.07499815225761981,0.08472987447521746,0.07858676544888593,0.08485777253003908,0.09801002926438489,0.1068064763415914,0.11579700023835225,0.16241453023664792,0.13762812567795907,0.1474390890472105,0.1684134758311234,0.20852608834393466,0.3456059481439439,0.8635665683270638,,,,,
0.054245228057989946,0.06968187569844181,0.06456361633409974,0.07768099661425283,0.0830402288898216,0.09826524778569301,0.10550915949032946,0.11454783139223486,0.12189575085306362,0.1636820883423441,0.1460652625485879,0.16730192237659705,0.1975796848746946,0.3499777652521894,0.8532941549126886,,,,,
0.05583510277498736,0.06368965574872774,0.06341071962841709,0.07809158545506702,0.08319037580801306,0.11641462435977151,0.10211090342224859,0.11074750588914192,0.11611313332649933,0.13035380396371019,0.14587498689530584,0.16869097886498075,0.2027357593315417,0.2905084381308658,0.6983608913278858,,,,,
0.08222851431381721,0.05914695354897419,0.07988952187704232,0.07666595260072478,0.08260531005825089,0.09656846222373891,0.10303811052984167,0.10760634322222955,0.1528985163430183,0.12834880116761258,0.13935051713225188,0.15963595430505056,0.1958061867939205,0.2771883595793533,0.6935558075549317,,,,,
0.05923411961655752,0.09320564342248383,0.06381698395099482,0.07756820675689195,0.08163639662668071,0.09585981748953996,0.1015222146598832,0.10720089909615474,0.114777613986697,0.1297091608463245,0.1398557515616788,0.16011941444406405,0.25059242776498636,0.26195165661600395,0.6993443860150886,,,,,
0.06702334616415044,0.05597418346088802,0.06435811912343833,0.11103996137010816,0.08042820822777277,0.09786496313766568,0.14460107429529628,0.106193416080988,0.11405987690345344,0.12223263843137058,0.13399376378991212,0.15165403055327178,0.17728441476951542,0.25089869278503807,0.5651497544582758,,,,,
0.06419980145141252,0.056266059201242564,0.07164697697590848,0.07781596033867062,0.10096709396271929,0.09703729432669427,0.09829415339142462,0.10459817708652701,0.15615483956089973,0.11959809091095375,0.12875360637533775,0.14540676657820192,0.16731050434078754,0.23114721690222753,0.39320005832046845,,,,,
0.06451098804827585,0.07404153877800923,0.06346947042970251,0.07774457149978323,0.07929871599376173,0.1030751700049324,0.09862157233178194,0.10217709629739327,0.1084186421832201,0.118445839084576,0.1320370063989146,0.15224349544181065,0.2247106477013546,0.21653030282257588,0.4307380855254962,,,,,
0.07254628426725282,0.05604812346665555,0.06348182994090817,0.09958974451443822,0.07927735252688323,0.10323383936011644,0.1206887106628597,0.10711703853042152,0.10630167353166405,0.11841576395246818,0.1277849756903942,0.14216687275474935,0.16356792565044762,0.21233809657095634,0.3968762914906406,,,,,
0.08448538966982357,0.057108971757328764,0.06564927998769197,0.07472903435585061,0.08731607905690907,0.10328259982918786,0.0971176013818382,0.10100880006040293,0.11230134390297848,0.11409321714753366,0.1234576317290047,0.1360714471446806,0.15919164152524928,0.2048193633507745,0.3289999095491417,,,,,
0.0941642230395042,0.0774718838506826,0.06374361313854321,0.07126215821207812,0.07905917692736497,0.11940263907347767,0.0965038644097396,0.10012916864823634,0.10525017665712001,0.11214616373569507,0.1273600670149801,0.14673471595893767,0.15102459358340142,0.18892517129513456,0.3437672202329287,,,,,
0.08765732927421037,0.05822328885824917,0.06401731110100214,0.07651992887048967,0.07925484208414478,0.14003280858530298,0.09598311207934865,0.1370076789358573,0.10254376662749635,0.12043990154818245,0.11889574777518168,0.13094151882161634,0.15141056914205372,0.19072600917175564,0.30578041679048507,,,,,
0.09613964744261762,0.05994666394194011,0.06615450235376209,0.07312306353407226,0.08243710711165907,0.15697352181213567,0.0955718077908413,0.0978043407835422,0.10514717570585833,0.10887276399014251,0.11725727685836651,0.12848324547393927,0.14464232212058242,0.1797697692471698,0.27595196274038525,,,,,
0.15312856995274604,0.059480682594901926,0.06532318514432349,0.07066698608693735,0.08015087877058535,0.10504357996679926,0.09640903189468446,0.09703610832470883,0.10151871799829375,0.10660519177758929,0.11777068363022809,0.12510667976176001,0.13880535216465636,0.17863039653853124,0.28000996556879193,,,,,
0.1077420548854957,0.05965863985481447,0.06495841915784682,0.07004919299098167,0.08001092775100863,0.12459633778344904,0.0958819999687492,0.10278125658098941,0.0982929660639293,0.10934079760810858,0.11507152131531691,0.1268479804013968,0.14081548638671207,0.19194730910038857,0.2808489307712386,,,,,
0.11443765526098869,0.06190901917443321,0.06576591393536668,0.07058049998844035,0.08235142814939303,0.12480580325322818,0.09583615841209019,0.09628253864453679,0.09983586923516291,0.10427671564694475,0.11049148580366694,0.1196275788350243,0.13601196787951425,0.1639627946007687,0.2799176071743577,,,,,
0.15522230684084984,0.06664804034990107,0.06668845393079381,0.07030481496173066,0.07547210764000574,0.08976335506299388,0.096239970115337,0.09633249224657107,0.09897351226146185,0.101506033206703,0.11171646781510719,0.11893405625747758,0.13088106809234346,0.15228317563277158,0.3498283699362423,,,,,
0.13844944573220264,0.06493373567392097,0.06739414254487008,0.0701587899963707,0.0744863768672631,0.08237183692271265,0.10169949244082631,0.09839015083412407,0.09779361405508477,0.10774556922402045,0.10813065767001806,0.1153182281685894,0.1317057569305275,0.15034251495476147,0.2875263218161026,,,,,
0.15755109307278475,0.06505755774831756,0.06755448549068777,0.08210336327908574,0.07467030320738988,0.08280910556538836,0.10151050436146339,0.09577558891285895,0.1029739571069389,0.10166634476152918,0.10733752507654025,0.11295836436005698,0.12844342619708965,0.1510220455812253,0.21663651675975987,,,,,
0.18756901810465432,0.06864327037591023,0.09515441946845465,0.06977393160716808,0.07456650700748696,0.08173515735599418,0.10423119151945848,0.0957847275472251,0.09664270169770213,0.10034691767454786,0.10341329279073298,0.1123391105858272,0.12764396225189592,0.14714397558186643,0.2441847520875424,,,,,
0.18410127708158378,0.11821325118275211,0.07215491743010702,0.06953726523263797,0.07375913489877445,0.08193299432214986,0.12380705173360368,0.11417135178351936,0.09578132604630647,0.09848852343841122,0.13614814082568513,0.12932812419055367,0.12236920337030455,0.1370319632775451,0.23643521061864206,,,,,
0.24579891965907558,0.07107573876025994,0.07803857554164015,0.07565918657623621,0.07286034157794752,0.08182925888407004,0.1119772058242314,0.09638250404659035,0.0957217954542106,0.09873739980021992,0.10117513211298672,0.1093499528528836,0.11929313671616369,0.13740176532351336,0.19117114863060297,,,,,
0.2786353708511804,0.07695455702089005,0.10029577970922496,0.06909679981970782,0.0722603741914515,0.0805625413490578,0.13900080182600452,0.09679348494292833,0.09774773705356532,0.09877248554432819,0.10152029869584611,0.10687644645388492,0.1151799596631701,0.13160022001441174,0.17633030872133362,,,,,
0.25575722190222844,0.07654300644408639,0.08275339810332949,0.07057653141602421,0.07151502668934683,0.07643866142075555,0.15959402339357576,0.10835906255294811,0.09443105848407439,0.0981816926976863,0.1017114773999681,0.10786847489656624,0.12571184010685074,0.12902134291098757,0.1760906614906512,,,,,
0.3703407004788908,0.0777177128667352,0.08394519591977032,0.07798741268933393,0.07189846048789442,0.07548976838033918,0.1381106714792608,0.10331230131779504,0.0978115133782176,0.09755000341694502,0.09901268245028852,0.10390988949812038,0.1147095101003334,0.12821702750623576,0.16784643032107371,,,,,
0.5740789577656107,0.08282460691577936,0.11471697086714899,0.07133456273784602,0.10689749527555237,0.0759936905420881,0.2611271046521754,0.10805371137014623,0.09833672939284843,0.09883912660922295,0.09914173192403922,0.10418234914104658,0.11140869376049757,0.12460097945676041,0.16569694938473806,,,,,
0.7232080317050789,0.09031117759305461,0.10231538338139552,0.07025363115485692,0.07192056888168158,0.07514639541970805,0.17489238397400586,0.11412081806625482,0.09852761992314482,0.09830459136173207,0.09767585759795942,0.10400326886428644,0.11396813809697678,0.11883027691217622,0.16282167419024127,,,,,
0.7720495133810175,0.08852013269185419,0.13229361402999684,0.07831960974065001,0.07263167491032857,0.0889836618558095,0.17790915965360976,0.11161025872207658,0.10050797170172378,0.0967574403518531,0.09895705491375352,0.103019936104432,0.10798822968382867,0.11925739285404807,0.14873981199620598,,,,,
0.7125069860785678,0.09256444578897112,0.13039881023016614,0.07226151820093371,0.11674352554576345,0.0733420126085275,0.17697331364941954,0.12917205392745887,0.14755842754265497,0.09807245824816846,0.09878794649591875,0.10218064657303377,0.10779526317996162,0.11904218687749604,0.13837462965611474,,,,,
0.49992116806714737,0.10931176139844544,0.1320277129142518,0.07285553606266794,0.07182972506517572,0.07183149423532194,0.1225295361787758,0.15453242421392613,0.10478426628248336,0.100359164297153,0.10030320400644938,0.098578109754544,0.10444782550773815,0.11558116279741827,0.15462019621322567,,,,,
0.4379855815687232,0.10441808376843666,0.19733224608647365,0.07455458929151122,0.0717375957899097,0.07574401251193683,0.10165275035516166,0.16463530603353252,0.11144999175057914,0.09903093430933002,0.09843162810324185,0.09978545051487603,0.10380489970107985,0.14998375123253083,0.13579027622299494,,,,,
0.35876533658761517,0.10533177178092587,0.28960653826409005,0.07589349415831352,0.07320344156562375,0.0722252599928546,0.09472284478658845,0.19698798621592511,0.12542148313020526,0.09965943036904823,0.10019242243852498,0.10062949510891529,0.10326674445005582,0.11116020449146401,0.13441934830882316,,,,,
0.22801428672133647,0.11430181295799582,0.3041424956233168,0.07784793652939564,0.0731892333972044,0.07112784872307375,0.08634083685693358,0.24210773126534926,0.12984387439776623,0.1058608352559844,0.10146564336682401,0.09978320230499531,0.10206230420341318,0.10823052280633046,0.12976911825141701,,,,,
0.26642286854937086,0.13070197890195226,0.1511316888615288,0.08298430545596044,0.07404898172190232,0.07698702153099968,0.08571846899032899,0.2619112590147915,0.14067493612333926,0.14126618012150502,0.12600222780661496,0.13504882536571985,0.1319354939524504,0.10789888499656425,0.12426773673713402,,,,,
0.25718477863469796,0.1406712488779992,0.18645726085190414,0.08266781558205415,0.07672105183366197,0.07139695516242807,0.08607830237483449,0.3388252507781378,0.19157505300532052,0.11344518427617907,0.10296320535918387,0.10158021293666548,0.10145572552876898,0.10773297965923483,0.11854398248178828,,,,,
0.2566556691440579,0.1404313333282447,0.184526762760736,0.08648205255404999,0.07557773136654637,0.07161526046194597,0.08042719247509185,0.21172242844737865,0.18734783157806384,0.11914072880356091,0.11062456066547648,0.10212270042247734,0.10332358777834656,0.10549630304046065,0.14967290175898368,,,,,
0.2749283332126385,0.19168712402855906,0.12786661682826103,0.09565042710586937,0.07620355841099492,0.07394262544511206,0.0778596082941108,0.23242713367916004,0.22494799870516935,0.16407880060729635,0.12443864973452813,0.11448271992216126,0.10768585803869175,0.10402577476796598,0.11429807759475885,,,,,
0.1969600861617041,0.16120797023600697,0.1022352811496243,0.1098449412396223,0.08355600624126322,0.07097764799671208,0.0768211014691843,0.17929168795935468,0.28672607310659204,0.15519623990354967,0.11792423818037084,0.10812816623094977,0.10425825651670922,0.10374105483861974,0.11218539863484214,,,,,
0.19021729807120927,0.1776458416965013,0.1337361301715926,0.10933571267700384,0.08255226508655462,0.07052083762416896,0.07641232804494108,0.13491765578588805,0.28058682640793636,0.22172158178199608,0.13139726339051702,0.11299935993069499,0.1048790432448927,0.10354063035773313,0.12432749174943052,,,,,
0.2017014634811012,0.32101657847236453,0.0886922242090274,0.1366124414925029,0.08687089604266539,0.07226704508183007,0.07476828856503866,0.14473638081623064,0.40183329737412554,0.2192529273877485,0.20204737542724985,0.12330948250337583,0.1105275684580578,0.10279240896871895,0.11017512020823304,,,,,
0.19210662877763607,0.2504321367551727,0.0854643823811588,0.14499150349615306,0.09837037948298123,0.07201336442312754,0.08105064088237578,0.11500257948358727,0.278607086515799,0.2180136596962101,0.16633715510656868,0.1251585332755433,0.11072282060472895,0.10175150202969734,0.1056844427345942,,,,,
0.24275643426786928,0.2532664175233352,0.11624004584698959,0.1600321871581278,0.15632898111717913,0.07197249507342908,0.07291282564731612,0.10075449177428218,0.24725748721577723,0.35817319899230426,0.2363218287727101,0.1546026357347198,0.11249494964596676,0.10396066853997792,0.10350163274112557,,,,,
0.29593760084520526,0.2510821691886444,0.07954916943103209,0.19137814107086082,0.10503716048194037,0.07301409759163478,0.07222508494003631,0.10393473627522498,0.17414165000144038,0.33785286515623275,0.2398642302564878,0.15472860766034077,0.1215054520016448,0.10376547653699826,0.11846425486154823,,,,,
0.25164434761301824,0.27973279079219543,0.07934805280528084,0.2928451131854953,0.1155649020733774,0.0736790814877296,0.08427466556362713,0.09890970184281346,0.17467522658505238,0.43197209835152517,0.2363085014074634,0.1562656363680682,0.12249504369524118,0.10653439839478664,0.10049192049712596,,,,,
0.251764756318421,0.4084864232830297,0.0781155765450507,0.3245436097949513,0.16372311285317695,0.0762464967103566,0.0711045090571743,0.09670479648632362,0.17570483201373308,0.34481430602658597,0.3950647279730831,0.28043130578640624,0.1415863234256201,0.10732121755992514,0.09771911768187554,,,,,
0.20217017225683387,0.42999660567964354,0.07770603230457414,0.32211758193417095,0.15530470638321772,0.07958440057429986,0.07043270380376984,0.090023904416661,0.14021092988040124,0.2287900257378385,0.3271372138957343,0.3781614894057417,0.2703051077578389,0.12065468607630332,0.13960578028287549,,,,,
0.21311382856336153,0.45602409127336174,0.07904336777425121,0.2023894205399297,0.24308667606843143,0.08324459139145973,0.07117031456132766,0.08869546994030592,0.12144782668778528,0.2175707754310023,0.36478760053671017,0.3998748168588694,0.25388408626202624,0.13178233451798346,0.09647139470257222,,,,,
0.1520203959355105,0.5590739293528414,0.08426272050092107,0.24824817125990323,0.3212455364305213,0.09387149119610633,0.06981599510828476,0.08712481006291475,0.12301170531673125,0.15850636067194568,0.2826470796065038,0.3412566059058212,0.25353988615408324,0.1510003203458425,0.09290373968675891,,,,,
0.12877358665893782,0.47587083308245953,0.08143355970101777,0.1994467509306385,0.31274670038323854,0.10225050067834142,0.06870133566422881,0.0842135105298013,0.11040896185085891,0.13149674326447278,0.1943017774597272,0.2688318170283503,0.3331931758565253,0.23282963301413648,0.09208967660273176,,,,,
0.11634553102288477,0.5718659404795345,0.08221633900209335,0.13553833459168427,0.285961104743999,0.1393961652675564,0.06865530289287629,0.08663015968682314,0.10772648269981908,0.12884084878678195,0.18609854565686407,0.2592344062769619,0.34596990693743035,0.24978485787408086,0.0914843925714919,,,,,
0.11455033602892842,0.44371548883989814,0.09044742392156839,0.1308019305630319,0.17886445703632728,0.15119400903940225,0.06845553930996674,0.08503040977961779,0.1196545479582279,0.12462391469441512,0.14601642639701895,0.1763800646657093,0.23050246690976206,0.27235515444392183,0.09095135112426674,,,,,
0.10938594083430417,0.3658656092969595,0.08341049363693655,0.11875871546038869,0.17256042711040465,0.19341325869648882,0.0678145251981457,0.08204062528382865,0.09806724522971492,0.11531215576941528,0.12319221377894439,0.13388110766419511,0.15614621956674915,0.25883404674207106,0.08954176557829212,,,,,
0.09868849269016225,0.34128011126928465,0.08866508042061223,0.11844338945281055,0.14631561547493338,0.18178199904593578,0.06952445278152695,0.0845639998133294,0.09751801168467311,0.11550462178207332,0.12097033938323305,0.14846444401641737,0.15759586736431405,0.24526162298059542,0.09277266635090371,,,,,
0.10095905058876753,0.3055837775032854,0.09014063763039276,0.11840326575828924,0.1251519229208724,0.14452055771302091,0.06743799808782087,0.08314044924607802,0.09586939445773546,0.10528170331385021,0.11376508289569283,0.12240363861752993,0.13600701009994134,0.16470534224672817,0.10609297791598413,,,,,
0.0935163695732292,0.2907501101973786,0.09262923951186812,0.10485234873289001,0.14023501783657316,0.14200023234917117,0.07272905485229746,0.08278658037663415,0.09160980360633271,0.09884980547490985,0.10981557485283765,0.11330256714023867,0.111479401600622,0.1250793103704127,0.1083268573728993,,,,,
0.10007727154971133,0.27772242214647047,0.10209027761998128,0.09160422988944156,0.1003394869191272,0.09162229104003156,0.07654059650161993,0.0920750062608686,0.09353487945854097,0.11410710509379146,0.1087142375277241,0.12699712248523923,0.10554059342648736,0.13899617455773486,0.10912778402612885,,,,,
0.09148768098368436,0.2143851877365451,0.10207470072657185,0.09255010991220694,0.09016409413726523,0.09489019214224642,0.0773662271865083,0.08733988213842414,0.09172095586923672,0.09328613527189326,0.09589821765875126,0.09664857855198662,0.10253369064921335,0.10523684497307507,0.10319261470386536,,,,,
0.0913824924316337,0.1872212885583212,0.09018063192710055,0.08818022150544454,0.11234387778102382,0.08948709396048876,0.07697452254671552,0.09033846913508567,0.09081846308676786,0.09406620475297675,0.08992877429694637,0.09200116490508341,0.0926650147037398,0.09851777486278175,0.10139312556137754,,,,,
0.08581131914272273,0.15330262398733202,0.1153613330114938,0.08665865165616103,0.08325173725124808,0.07878872262999959,0.07150149862439324,0.10662171218629629,0.09340463279249303,0.09304438462599891,0.08916708999497024,0.12062175382029608,0.09317625520419123,0.10151738636125508,0.09047355282945602,,,,,
0.08650041865919404,0.1719386374054162,0.13212756460236513,0.11947459630217555,0.08323313726520362,0.08010294704487667,0.07145794117937868,0.09920588000114548,0.09650815077733098,0.09086464190517217,0.08990895952920479,0.08978447655242196,0.09290897374941269,0.09075377326527553,0.08346376999457678,,,,,
0.08389887550062282,0.16185726922135554,0.174220966625873,0.08422824151507993,0.10997683228891014,0.07744128036171548,0.07042625963908052,0.10913961565436744,0.09544305011622849,0.09043427597956938,0.08769572055610991,0.0877048324582879,0.0876999199114009,0.08731451967665446,0.08316200148874969,,,,,
0.08282805126633518,0.20499073265897838,0.13990006694975834,0.08678216814814049,0.0789588838717034,0.07760420355390116,0.06885925151427251,0.1004992593382313,0.09778665232237625,0.0905784118377558,0.10470659463669892,0.10226972477817585,0.08238809734372879,0.08704591672022126,0.08465428672631414,,,,,
0.09682877955388615,0.13706394702448105,0.16315084928258486,0.09628674059244195,0.07518510402747787,0.07780262783872006,0.07945339159906435,0.09906667529181687,0.10107588147008548,0.0865591452821626,0.0836752383293444,0.08316701057146252,0.08113938752003795,0.0820610876513185,0.0803657881636658,,,,,
0.08142457414019094,0.12574467935714317,0.2393411656070934,0.08487855260872715,0.07859920190459972,0.0743047395623682,0.06869593247133288,0.07475408726187831,0.13641911175220864,0.08747784712203727,0.08303347868120042,0.08220160635675404,0.07964241830945376,0.08061580174387648,0.07885395339440546,,,,,
0.08090421648672505,0.1282044480527539,0.1936316905425986,0.08308265792045223,0.07670775301928638,0.07157215272852498,0.06804037993606862,0.06933031727035141,0.11575902025349322,0.08754202848798749,0.09204696169467119,0.07989841633814501,0.07941798395988953,0.07802016210950675,0.07769535139674813,,,,,
0.09418396865933114,0.12635145879362059,0.21302450879900126,0.0893029037143876,0.07608317583743265,0.09552257974094551,0.08459518428865523,0.09267620910926114,0.14675322896037188,0.08704146606766104,0.08180884948663891,0.0783955159369108,0.0799853975858366,0.09165893673235623,0.07682194546475568,,,,,
0.0892519215111195,0.11729197742413204,0.3028981224446491,0.08394442354294554,0.0768370809511798,0.07021053699931895,0.06767540474771977,0.06795015484250315,0.14640007186234344,0.08740405354176219,0.08121303345533687,0.07827636324334364,0.07717928303934517,0.07690941752541887,0.07557381930827885,,,,,
0.10474584929070091,0.10869201642465288,0.30214878455543315,0.0892349754646844,0.07680960110553316,0.0698123174211922,0.06779539584998161,0.0669770168478591,0.1463027929095583,0.09212608359592693,0.08296727100304079,0.08067245485805989,0.0769360147706182,0.0730130985769894,0.07576297914141848,,,,,
0.10495330078637888,0.1120560637223064,0.34667251059850057,0.0854696320351692,0.07317609901779022,0.07890803425587081,0.06765113755452372,0.07384136255404246,0.16766244684277157,0.09560068680265478,0.07803635303165646,0.07481277863608872,0.07589741109604935,0.07341796506925566,0.07470105678199776,,,,,
0.10110492300572232,0.10163802501670768,0.3432723742563803,0.0852453847831796,0.07547849467361728,0.06945753136448594,0.06696654173991984,0.06590410684182171,0.1177785560348887,0.0940822495933258,0.08034193638576168,0.07560823590155193,0.07573199329034995,0.07361643460119624,0.07199450418285973,,,,,
0.1209229687154613,0.10351831961929624,0.3911737799612202,0.08918290753925295,0.07549412709560324,0.06992180816203175,0.06738455977305434,0.06602331533290058,0.09803860339385383,0.09684440352379581,0.07928748095882364,0.07853995125516676,0.07393023881838168,0.07294627564209333,0.07231535589089687,,,,,
0.10485306603386933,0.10491439876247993,0.3848212439117541,0.10139372985093141,0.07557646168562056,0.06924643140615895,0.07501457624375346,0.06624040492278332,0.07768003257887078,0.10380090215418925,0.07700790479349723,0.07555511412554579,0.09376406734385162,0.07421297009472222,0.07132805006743737,,,,,
0.0812028457760217,0.0945331703966446,0.37905065090650997,0.09421585033567012,0.07676802506063378,0.06969683608024377,0.06787102590764932,0.07332694707702606,0.07964941927608969,0.1068347217456921,0.07831263891873795,0.0740792492832563,0.07188364712671699,0.07150689837008033,0.07100064126037237,,,,,
0.06562758810696952,0.0903452692026867,0.33563090981673277,0.09876098097354677,0.07564135967255474,0.07008696550327835,0.06843185669655934,0.06659340343643465,0.08005232198520615,0.1282420285085835,0.08032293704197173,0.07771374167258062,0.07190222534590333,0.06904729347240596,0.07143432361556383,,,,,
0.06864694930096843,0.10640395603346874,0.29971249968117764,0.09526505335502818,0.07779153095690217,0.07225218614389049,0.07115717199671294,0.06688223588269998,0.07180957962894807,0.12595951121682158,0.10128546297539354,0.07170657490530132,0.07840279364069233,0.06945726999036324,0.07011690902246963,,,,,
0.06342482846409811,0.08672264305638075,0.23172439147352664,0.09475247523157786,0.0754085600729717,0.06910590122139647,0.06856673802387164,0.06630892560493092,0.06833409813474962,0.12679746719585705,0.08092530671154993,0.07361232582892188,0.0708445746245519,0.07240026664811848,0.07003004911685418,,,,,
0.07489884018447492,0.08877321503122014,0.21349570342413343,0.10866188497583325,0.11650727496781989,0.07122695698078704,0.06786276685771213,0.06697143581358576,0.06771409926622458,0.17351927140785545,0.08534623677453583,0.07458954136662935,0.07118694314664002,0.06960283846422201,0.0694681208566879,,,,,
0.05812992277503857,0.10683557138964125,0.192728602887514,0.11950708783897966,0.07928661414325593,0.07018118774113113,0.0697751442603925,0.06687680205880178,0.06756567552647212,0.14379144703053684,0.09861363351496935,0.07512544348362954,0.07244983996741323,0.06744407886884335,0.06805954998201715,,,,,
0.055008457249282515,0.08452257137701753,0.15476049100281902,0.117732855717569,0.08123466605954104,0.09427575759892773,0.06820952260662436,0.07258774611000764,0.06811658989865456,0.14422691695705103,0.08991112292579699,0.0720731001878404,0.06944785986679594,0.06983813607700935,0.0680019235187429,,,,,
0.0578799414047896,0.07744781056725343,0.16030699734609702,0.1302337651487086,0.09098850219257586,0.06977902367991642,0.06724771709868133,0.06660868273341937,0.09271806770234957,0.12328938714010952,0.09414554763962547,0.07619954234098948,0.06948353783944222,0.06978415254543792,0.06683279654136141,,,,,
0.055572507479622626,0.10555109799092854,0.13595481135131104,0.14580157757161522,0.08213187044842009,0.07361176652493029,0.06902529334392743,0.06666212053612719,0.06696191358257096,0.0936233123898558,0.10448165144696579,0.08505555764245218,0.07263592395477156,0.06900334727663021,0.07952979726706406,,,,,
0.054843762136845636,0.0816467207967002,0.13707780645906872,0.12729443166623972,0.08717649702302796,0.0734880647431023,0.06763837042728868,0.0708282821733124,0.0672597486402026,0.08473048664929918,0.09597582986442417,0.07674586420763596,0.06654328181396728,0.06727565242335458,0.06590700409439829,,,,,
0.0550371210206489,0.08144183971222463,0.11765409943157339,0.1800793211067587,0.09815989450342281,0.07318322244089201,0.06862023364986336,0.06675613108153687,0.08850832472755402,0.081452120881429,0.111191626935047,0.07354288679885294,0.07060153796314166,0.06866442504417532,0.06524055208487921,,,,,
0.053548944212090076,0.09810339348072945,0.11307484446102288,0.19838394742790919,0.08763853607983556,0.07285835266701249,0.06969181242958092,0.06696419865421024,0.06617382680458764,0.07394369520154231,0.11953421161455635,0.08856803694455971,0.0700513403332625,0.06626626013867822,0.08194772778684452,,,,,
0.05362911781142982,0.07608784567399884,0.10298873066444249,0.19498679000954572,0.08794896727800591,0.07307131609914409,0.06912088777344592,0.06799794271215269,0.06612772101467866,0.07409269610540228,0.11601504047267827,0.0778491025353311,0.06870095816237617,0.06452624798818102,0.06468926442856615,,,,,
0.05206818019108302,0.08135714880831306,0.1226991291651508,0.16633426086984163,0.09121865747222875,0.07241503700332676,0.06884039834719763,0.06814642873472408,0.08546908584342268,0.07429369184488809,0.15425647059656572,0.07366512348746515,0.07065732872973994,0.06645129723777393,0.06377344434988733,,,,,
0.06258489876545421,0.09348153054921898,0.0953253180945193,0.1819725346419653,0.09097382176095327,0.07805735010955321,0.0717403071631985,0.06845873583510867,0.06674870544702666,0.0725341284767988,0.11829330418515543,0.08691641212325028,0.06377669763488866,0.06288271447468942,0.09056386181010331,,,,,
0.05132176699083662,0.08420157604201584,0.09077926047303873,0.2087835908608954,0.10159392554305742,0.08116538947804755,0.0713406294848275,0.06841545879026492,0.06758535915794824,0.06605642116065664,0.10271009061062719,0.08377587541050296,0.06363808258769854,0.061904028611120196,0.06336428143575293,,,,,
0.05131128016758866,0.07445947930921998,0.09487646737455036,0.1844259748399475,0.10494571738273865,0.07484882288842137,0.07133399920856778,0.06941887464896646,0.07347785164621899,0.07009867158923658,0.100947480492348,0.08651699727931123,0.06716123007111001,0.06604448946325299,0.06219847993250453,,,,,
0.05186217845586448,0.09187691967818779,0.08430241542956048,0.22291714327405843,0.09982872518156967,0.07885549508292408,0.0734949109144551,0.06931025921737438,0.06777225269080965,0.0667639734807536,0.09896277140066526,0.09042480813417768,0.06581811013600883,0.0642781995572966,0.08692499035356567,,,,,
0.056564097635910596,0.09549957035714826,0.08025457002485328,0.22862453783026837,0.10480484753899273,0.07543617211128548,0.08471031318462625,0.07073557728096098,0.06813777486681798,0.06606556848095098,0.1274275130233855,0.08575718389206302,0.07246365626059932,0.06360441630230873,0.0607747069263661,,,,,
0.04969416502515064,0.10453306762014757,0.08061318379627085,0.25259454181932073,0.14283327872457713,0.07711114320749247,0.07381521373648593,0.06982594989535694,0.0696620724429269,0.08254739542713233,0.06378665978802897,0.09226062309072212,0.07122012949552181,0.06611144301363624,0.06374481336812175,,,,,
0.05071633907401705,0.08968585017606615,0.07424454187925672,0.31827930042813907,0.12989452816750027,0.08517212342769748,0.07592899122947563,0.06915258570378854,0.06747725153223039,0.0635951188835312,0.08709808970385592,0.14001709535396273,0.054476043261706415,0.067632738514778,0.06268054552604546,,,,,
0.07177692326085658,0.08928685690116821,0.07625871116369523,0.23506596744401773,0.08801588066432443,0.0941898646918573,0.07451892476630868,0.07269563423115297,0.06914861019241626,0.06320242798841823,0.06229056182151623,0.1488131639358367,0.07360679866202638,0.05781113712243551,0.061486644176701556,,,,,
0.050405515612588186,0.17909401398054525,0.05894013321431964,0.3602629543364612,0.0840012090511371,0.08035408505517672,0.06859921657907742,0.07879681977295026,0.07036436562998793,0.07536813817438136,0.06706688829217264,0.10117788768550408,0.06554059050872642,0.07301398659068255,0.05578049276509494,,,,,
0.048819446828841574,0.1326021541080962,0.06920563315813001,0.3830619182082276,0.16588302489697007,0.09223088806008711,0.07244636758309651,0.07393541733848044,0.06932880224585336,0.0705450735032168,0.06267970248087434,0.15967289393814224,0.06880932926858326,0.07317503576083857,0.06748256014317149,,,,,
0.06376775070175726,0.1003107764174378,0.058536728850958834,0.15151858977158666,0.17137138192458207,0.0829802893908245,0.07065625051056965,0.07509795462229042,0.06729174033470062,0.06384530329749355,0.06882002792242727,0.058084375068188684,0.05611541519300632,0.0694868596952508,0.05969051262653361,,,,,
0.04969635038493932,0.11834630218516924,0.06510832021680872,0.285910647504663,0.22575968056262968,0.08856663138019076,0.08367361109671954,0.09782816343724003,0.06763810202337722,0.07345099964967154,0.08240528299325174,0.15920296376049903,0.035643587184272074,0.06170369682174217,0.06483588778968992,,,,,
0.04931575774845515,0.08167162446939674,0.07821560804065886,0.24115091085602458,0.13647340623121976,0.09084615535210537,0.07306687940650702,0.07325863149850101,0.09684081495405418,0.06547673200801349,0.056295395617683576,0.10831159075377222,0.054835580610481466,0.07349219369597015,0.06439065628901958,,,,,
0.05545042881476597,0.08071498788159433,0.06420985952290137,0.19551660601318288,0.18336671634515808,0.09598174755052853,0.08362131746212174,0.07220926559530526,0.06992089478623353,0.06560706015608679,0.07096892824558132,0.06742607528143743,0.08324599335237254,0.05359670710650135,0.05958632380774756,,,,,
0.04898963153827768,0.06328564762043007,0.057189500079415444,0.189454005967941,0.18951318899009625,0.09540268956820716,0.08287090188511304,0.07636460537263999,0.07200722379392917,0.07047912119381193,0.07376067759297941,0.06940735283892753,0.0670027184543133,0.06479277770122877,0.0574061748129675,,,,,
0.04800242367684258,0.05337171075352198,0.05761282982324081,0.17078886479828403,0.26504800917655813,0.09094769043288978,0.07843275743132092,0.07651208226568337,0.08090533443866536,0.06943306995306446,0.06937339744517938,0.06414140118707656,0.07104353450300498,0.06260859244068118,0.06095401862595867,,,,,
0.048226226736851126,0.08456292256294623,0.05698608293604251,0.12573339698898828,0.22484565335644216,0.10136050776556976,0.0853481701739143,0.07657473098521048,0.07151723427742897,0.0693417443515321,0.06766934475369078,0.10678368519874622,0.09270564394327853,0.06159266079261533,0.05865808788654932,,,,,
0.05362928102472681,0.05831611632466939,0.05492483160726498,0.13680953352880576,0.2379501926499899,0.1370776054363298,0.08371287281463832,0.07966674402282357,0.07287746532344894,0.07335366328592052,0.06791172848498922,0.06935424933014572,0.08462767505138237,0.06824367231658504,0.058010381566926096,,,,,
0.048267610855322406,0.05725369510087643,0.05289759261568168,0.1136445378882789,0.32029693095678236,0.1054268283647431,0.08445850982813366,0.07890556918223254,0.07535686778125765,0.06932458899441091,0.06918554364287359,0.06488449542237956,0.10418158676961209,0.05934041830426509,0.05798784476653875,,,,,
0.048708983447619834,0.05880676641103118,0.05159533503193856,0.08464820140324449,0.3048606806442856,0.11687813870759166,0.09236402188371566,0.08075342789743692,0.07423229734194475,0.06966777297005537,0.06671244444077273,0.07128258569849243,0.12086611979183147,0.05970445806165367,0.05831496002038523,,,,,
0.048066647170435434,0.054341384981115945,0.05155748985110363,0.10315002215511358,0.3359084510544881,0.12387081078656988,0.09038149291630838,0.08058665368138085,0.075669469417937,0.070399763322954,0.0674176511246837,0.0639377565104016,0.09824659960373573,0.06420283115684534,0.05750198460578344,,,,,
0.04806445516048143,0.05476821987963105,0.05198390309219561,0.0894742831671098,0.38171240143316865,0.11622881986938467,0.0913611619947916,0.08058130718406474,0.07551782723132447,0.0784134774092214,0.06765096983386218,0.06520436719174723,0.10767851223946509,0.06051658572188731,0.05749289574157046,,,,,
0.047833287807250505,0.05405897401596584,0.0509618670910657,0.09394616758952079,0.38740262234374045,0.12772644734838648,0.09500275804097497,0.08382720635761931,0.07550876452525081,0.07125677176704087,0.0693380602119176,0.07360877175409716,0.08404216930024151,0.06155615901377676,0.07681043256571045,,,,,
0.05091996688571176,0.05489660525836286,0.05091000224112496,0.08099644967957953,0.3881983871225147,0.14131148014257572,0.10493882234219266,0.087005956979552,0.07858121687606971,0.07222615769294835,0.06924667953130637,0.06684988818480651,0.0803804499430536,0.06168562075385847,0.057281823945350696,,,,,
0.047174921290287296,0.054256300990278464,0.05014237041429423,0.07404595209620496,0.3267304467944957,0.13729130120308916,0.09888741174130057,0.10946785892742383,0.08017107134362894,0.09305540797783214,0.07033213064147815,0.06714820081985544,0.08049235201685562,0.06152215440414076,0.05650665816087996,,,,,
0.0470290096569951,0.05361482565435649,0.052084185203756905,0.07224797286361062,0.1669146732731563,0.15082898505568818,0.10318061641322353,0.08834857193980548,0.08595027806166683,0.07417315976064236,0.06989915570267959,0.06810310555684122,0.07397256839487744,0.0637293307063351,0.059111354628804944,,,,,
0.047357910819362636,0.05883674795494896,0.047647851236971774,0.07145160309151866,0.25570061571710156,0.1532680980405649,0.14129121016140345,0.08998514823272581,0.08147558797261004,0.07598229107418802,0.07112281675531314,0.06571112077753437,0.07004059833498298,0.06498918924602176,0.05708330773196561,,,,,
0.047320417263831724,0.05385674681237613,0.048307999887605535,0.06623959739643702,0.21720024321893028,0.13971925927897527,0.10740062049539749,0.11774124828603692,0.0818569862706178,0.08235039281550097,0.07159617762425134,0.06811341063322615,0.06858659284663018,0.08359380299259282,0.05733678505037922,,,,,
0.04725133080616346,0.05209342739894743,0.0650382555283751,0.06135595948702866,0.2123906099435259,0.17802414124938834,0.10996683303794264,0.0931953474688595,0.11599967060069273,0.07621557132306254,0.07209583851166992,0.07119703408885965,0.06635854029225702,0.06522341646753232,0.07039405299320747,,,,,
0.04766431352196418,0.07031048182062057,0.04771379539099224,0.055870619107808564,0.17320384825001162,0.2075585130236728,0.12140481071861106,0.09796532579186681,0.08516115695829536,0.07721099806789584,0.09938828764685655,0.06852494847610095,0.08835653782051867,0.06525727087651807,0.056641434347406025,,,,,
0.06028561876773243,0.05252646999187122,0.04662223455527249,0.05587805152103773,0.15850010412883603,0.20904299229252557,0.11833780185553154,0.09805132678430431,0.08777865386442825,0.08919965631825366,0.0736742765730072,0.06941244845167671,0.06595145529715946,0.0736392422646937,0.0571692935739204,,,,,
0.047400059893966666,0.05246215086698955,0.04689061602064785,0.05417298638962905,0.1380634078474765,0.2093735302973572,0.1277299803634076,0.0973061926748682,0.09257754332977722,0.07941502444637083,0.07441423345308772,0.06958178273599698,0.06516468487304784,0.06682066871783783,0.05710855736359209,,,,,
0.04764600057497966,0.0651975902332079,0.04576618733006393,0.04780492277266207,0.11460410600273152,0.27281190132971755,0.1179444368126868,0.1046439597891668,0.09093889276478442,0.08085845936257043,0.08906825678481661,0.06895082593971229,0.06701111736892906,0.08102753883227275,0.05730002193061909,,,,,
0.050055226585510766,0.0520369403713077,0.04692870165769151,0.047661477244451245,0.10589137187541624,0.39303773439967576,0.1338838196500179,0.11170374825515866,0.09068065426581991,0.08247286950741844,0.07567516294044116,0.07051892524129895,0.06667414105667924,0.07588591172512585,0.057591798032315816,,,,,
0.04757226260426141,0.05148956790295682,0.04761428320785717,0.04667746781608318,0.09465095611877902,0.3755163776576178,0.1461784108767214,0.11150203829381633,0.10597104773131423,0.08168026136801476,0.07687335684942927,0.07192422440695705,0.0670896369344008,0.07888841013598298,0.057551620992101926,,,,,
0.04789164625043595,0.0516589511713261,0.04646342554192698,0.047009759620349104,0.08908933929252708,0.375721278108126,0.16012696417091832,0.11507879240525667,0.09691216303020692,0.08452786034655105,0.09355841361273846,0.09186878619047985,0.06739822154430601,0.06877192979727086,0.06570966044839929,,,,,
0.049596606596846546,0.051717405647492797,0.04768158600518984,0.04483102400134954,0.08278606739031255,0.4181175422962669,0.17340695615412482,0.12282242489369943,0.09941363841734253,0.08965662438801907,0.07955014749218559,0.07202506798472146,0.06663643837587281,0.06452755423614627,0.057756475861888416,,,,,
0.059374804283103905,0.05119796158960234,0.04794171169734398,0.04211148995993461,0.06888349783725028,0.3279765245064898,0.18414547052940383,0.18764342441875484,0.10696829990008938,0.08847344834039814,0.0810254543233921,0.07280663081736526,0.06773822425725615,0.06448521331508528,0.05805641170835268,,,,,
0.048657202358848184,0.05590955142592412,0.04429278767045378,0.039377734768516644,0.06901631753184193,0.42741670455831876,0.18965577372340056,0.12810981858391962,0.1047924739026975,0.09026875237478045,0.0819602712996273,0.08252314103009284,0.06917283476210667,0.06246597900690173,0.06302035718644812,,,,,
0.048916785722697295,0.051872428913708704,0.04368255924764075,0.03953483065341551,0.06466092866060477,0.3096177528830516,0.19877966582910903,0.13979702902078503,0.10721906931088437,0.09141411348281933,0.08171956042565674,0.07451290360664033,0.06882360790192728,0.06256726381368091,0.05935479555216188,,,,,
0.06412991190271226,0.051799738164611864,0.044123773659556435,0.03916982059560246,0.05920736181369127,0.2766636715175243,0.21390704877135291,0.21831439766628796,0.12523161762825885,0.12862329593838503,0.08343313014323864,0.07689363014899551,0.06914666454635754,0.08102976331619027,0.0591755958605622,,,,,
0.0492038061117188,0.05161731535622233,0.04355216383433202,0.03817439088503887,0.10919470806853344,0.2748191718153878,0.34496501668134555,0.15314279817302398,0.12211429312114476,0.0959620036196989,0.08713974830739864,0.08683994268032781,0.06969211013749171,0.06373703690332067,0.06691997447864723,,,,,
0.052225117014262336,0.051955588997785664,0.04197701763323772,0.0667375144411606,0.053941096778638446,0.2324400001848255,0.31344534219001124,0.16948126366832877,0.12205126593547014,0.10073183749982773,0.0868942539933343,0.07726617015004458,0.08828900137003738,0.06417081003954511,0.05959633366401633,,,,,
0.05170391430168916,0.052330264792125956,0.04335419035732822,0.037181476462105324,0.051383147734064986,0.1595359823409001,0.3156457971309229,0.1982540324204891,0.12617464788921454,0.10578468958224385,0.08814627083533187,0.07847837565792623,0.07131627303140269,0.06660529520828763,0.060459346284098485,,,,,
0.06087107306606363,0.053439163532396444,0.05707566875322594,0.0354665279575217,0.04925251143132646,0.1847132578748349,0.40908436081945954,0.19494773327557216,0.12635787298350662,0.10597819680746005,0.0910899141934431,0.08097872884636667,0.07165251958828767,0.06484076769168537,0.06310195205071417,,,,,
0.054443565104928676,0.053899371351675725,0.04176238960937232,0.06487917909672115,0.046961682844838974,0.1512141135519344,0.4196010342593666,0.20734671630554605,0.1359097438627674,0.10846390619417647,0.09083496382525882,0.0804845986537959,0.07647629205066647,0.0653683904281892,0.061957050451174146,,,,,
0.06271818654031927,0.053540516385567255,0.041551716627415206,0.03477665039115637,0.04596356864005577,0.11276754363593706,0.4205285854669141,0.25356249781661866,0.15219560228214157,0.1145906149513758,0.09570634727247797,0.08277665293944882,0.07361208361117952,0.08649593619002961,0.06209440089546391,,,,,
0.06953537708304,0.05277857112444972,0.05047698367986659,0.03440686947744562,0.04161837777645842,0.1213365391045854,0.4286635543863297,0.24897656309765817,0.15674060471800325,0.11539140073808855,0.10121242210252696,0.08868549844181606,0.07336514861812478,0.06594509923468322,0.06573895949560304,,,,,
0.059544911920699745,0.06554947845393262,0.04092023292018987,0.03622301598506098,0.04032656571242739,0.1098332652851738,0.3183988492606207,0.2704717549153112,0.1564408129847689,0.12166385082645462,0.098558017577897,0.0843252123300379,0.07782745778538636,0.06810561890168407,0.06558124164810454,,,,,
0.05709452296742543,0.052267682817487796,0.04116700734994704,0.034989545270737825,0.038679771711180304,0.08932703022553007,0.3796018684865872,0.3086291156358616,0.1747378437455032,0.21001587984886372,0.10154826818186664,0.08680172564616745,0.07546454730516883,0.0677216009529254,0.09136567188848296,,,,,
0.055348777909043,0.05376601224553358,0.041446655149868866,0.035500733845937694,0.053624499273714765,0.08738470875757508,0.354717467612484,0.2501271007267227,0.280001953735442,0.13345098152356213,0.10430339586044628,0.09409782659800488,0.07743582135709552,0.06797316589092392,0.10582361478301448,,,,,
0.05565514830356613,0.07729922094628523,0.04101762552066316,0.03558523016156604,0.03576290733283318,0.08118772158149694,0.16620823965020626,0.37757693058758923,0.21428740719072653,0.1401033540129957,0.13885056081165215,0.09222456448399087,0.07981202675221334,0.06852870944360326,0.1077028267254964,,,,,
0.05397399741731439,0.05425383323076783,0.040884312984840895,0.03499372362636569,0.035705162991049554,0.08574378935689815,0.2556616142658699,0.45311186791867536,0.2151770372807081,0.16171482385680136,0.10942373902947809,0.09363876840108103,0.07835799196031033,0.07193262555127182,0.09475693661851141,,,,,
0.059279226880158555,0.05369911492183472,0.040468541717335944,0.03721610090980991,0.03307362711461091,0.07550790585149728,0.19379590865261975,0.3661872636285078,0.26048384436765276,0.14510413074759446,0.12140331535126381,0.09362639063857,0.08146581117108904,0.07036311245106341,0.0965129878287305,,,,,
0.0551226523926566,0.061946453900453044,0.040950516847794584,0.043708674719381994,0.03309988584273957,0.0666775688419759,0.22952387852976122,0.4625641802390256,0.25356290182911934,0.1602215050410595,0.14519733880449867,0.11423918339918819,0.08129403830740052,0.07087652166430929,0.10957148481277494,,,,,
0.055287753947406024,0.0546505377420898,0.04082842059349354,0.0401444328957577,0.03294233441840768,0.0682972975787063,0.16135640834586618,0.4604510978764196,0.27931615369259805,0.16774587846368647,0.125016543667109,0.09821503612262458,0.0809585935621166,0.07272667008478764,0.07440168569376228,,,,,
0.06088687788952431,0.058586611857551804,0.041107367077608314,0.04949165108395782,0.03212779285319028,0.06288513230768758,0.1465007449543232,0.4485423694087609,0.4440172171303895,0.1786661089690792,0.1244431097234027,0.1023684734768102,0.0845644560113127,0.07311850583802167,0.07128078926058408,,,,,
0.05743880645292541,0.06848240915316259,0.05945623861065881,0.04862371776431526,0.03157815444167976,0.05592281655812559,0.11681319384726514,0.351078634348321,0.4336921144225457,0.18975215569015216,0.15106563046016183,0.12943972387891295,0.08738065749539013,0.0731170870419691,0.0748942736820342,,,,,
0.05747662579312176,0.06009012590906336,0.04078628412004974,0.04865038600687583,0.03283595872106561,0.050169930850419237,0.12187321459144797,0.23127347098477666,0.4346319303172537,0.22908490804221454,0.14150180043115046,0.10779896825198541,0.09212313116736173,0.07379505679825946,0.06895747850437055,,,,,
0.05807189398641666,0.06309554528571257,0.040661741473606385,0.07058608500865815,0.03397752958847695,0.05299100717253873,0.11186203745160372,0.24459901713416865,0.47864949725935974,0.22303319993395945,0.15626716117487857,0.11478926995379707,0.08971315849672255,0.0777016266080009,0.06989730051901182,,,,,
0.08000120293447305,0.09660786259250745,0.060102360481995104,0.11929428895202758,0.03339125253792488,0.045333814766779175,0.09515351662582308,0.2106273768649754,0.48487790062208713,0.24592229061270646,0.1482081316037721,0.12189030401860475,0.0935423655627584,0.07621190043930094,0.07441054341156107,,,,,
0.05931771460627508,0.09542242352452865,0.04063436984804653,0.11768447940092781,0.03775293108434335,0.043195074224987126,0.08904892039708395,0.18883801552467283,0.461435728887557,0.32794051168190513,0.16489505523353373,0.12359215063253716,0.09525885632580416,0.07852866133147708,0.06914490169687312,,,,,
0.06127219299656414,0.11332836108757743,0.040840138621912804,0.09708787467754282,0.05259227616359784,0.0745360676149852,0.0841048635495157,0.158307292157671,0.43223739681139667,0.30060959270885124,0.19278396904255388,0.12910436421847146,0.09773327583160615,0.11013643487004457,0.07002095672101488,,,,,
0.07039280034279695,0.10887164438749429,0.05017499660006511,0.07561961887747376,0.05124436040460537,0.03820825131296766,0.08528381647991562,0.14211990876915756,0.3138730121858508,0.3472352437203936,0.21741086865415643,0.1317869592451809,0.10033868565697983,0.08088978590674496,0.07298270867918923,,,,,
0.0635206497138762,0.09771249236982453,0.04184927926026224,0.0768434304695816,0.06223537070932094,0.038489451237842615,0.07865480158860046,0.12975389102080892,0.3257350827701012,0.4188563975381443,0.2311131236988349,0.14148440813970947,0.10703821571715878,0.08437831070815999,0.070013895874218,,,,,
0.06531008206949168,0.08349022845975271,0.0425367881381483,0.0554566490305158,0.07731206998500934,0.04044610527616943,0.07009336686086651,0.11632673524010015,0.2107567726790017,0.4359126800891932,0.24362783661343385,0.16322231295030581,0.10599284218920836,0.08614400441958238,0.07087169599079193,,,,,
0.06702949841678037,0.06741588153332535,0.04362416586137513,0.044559404660106675,0.07657362601327264,0.03749058779234409,0.05869054821485404,0.12011128416316748,0.29179866028319945,0.484314533249182,0.2437176726757376,0.1632505675594409,0.10963490020228359,0.08528562205466714,0.07445865642772352,,,,,
0.06667585740240863,0.06823740149299005,0.042309431965619586,0.059541645203086975,0.06441853724028976,0.03603364651504893,0.06032380833888842,0.1111355058622416,0.19950064101678128,0.5115773535245229,0.15834907654327596,0.1664281000883427,0.12020526844191434,0.08708228808617882,0.07230000468790128,,,,,
0.07067261931813304,0.06827344611478352,0.043541622413157836,0.041774062942812044,0.044756096073599615,0.04082559379051424,0.05792517974672417,0.10682884687978171,0.20015122435969285,0.4904900916254897,0.28449354606364907,0.16956763937242358,0.12240391406044782,0.09472693453775456,0.07400376524986749,,,,,
0.07559286723724165,0.067185075888172,0.045337926443606125,0.03933648379377131,0.050362019630276506,0.03694521705062039,0.05560048398791794,0.10728109215129641,0.21725744265625097,0.46054041258244394,0.3877028889981708,0.17933454488255446,0.1284422222660255,0.0925986075728833,0.07507698916771029,,,,,
0.08129962104883079,0.06593951443907825,0.04440825761672971,0.07370603952054555,0.03806206895943558,0.036595121647867296,0.10972652742295494,0.08645646469156784,0.1479165403741881,0.42905584013633874,0.3842243064796085,0.19504194064313327,0.12489552818207442,0.09265992080156119,0.07514466978084826,,,,,
0.07665879757538221,0.06481088753108961,0.04368226239119725,0.03808914426561577,0.032299789003377266,0.03043747771305415,0.05594415128238226,0.08020315546620851,0.1368841085006879,0.31688074968602975,0.38405696667085165,0.221293037821216,0.12423647982015121,0.09963869078375737,0.07766206844961462,,,,,
0.08031706037919857,0.06564189211928162,0.04294004719407154,0.0375006170950881,0.030473498888033034,0.029375696325157158,0.05389359699129472,0.11603035242935364,0.11023093911650249,0.30937701799124623,0.5065132139376813,0.22169553538251585,0.1367412717543493,0.09979657386009443,0.07916262731582968,,,,,
0.08631266064213812,0.06447789318207696,0.04257045328947,0.0543596131440261,0.02752707656572836,0.026283498597116775,0.09269378509587287,0.0754755739721216,0.12598130620722506,0.2261652217730038,0.5034241073740802,0.22171116388183162,0.16394683396939239,0.10183556303279538,0.08243868010249525,,,,,
0.08579388999820042,0.06585757594595766,0.042495636138762734,0.03778969138886423,0.02622254646141481,0.025463866749544803,0.04664550887860381,0.0733106535453316,0.10796472414410722,0.35316315452528324,0.4953398845521959,0.28721635345193686,0.15580746231712903,0.10720970790735168,0.08172133367528334,,,,,
0.08953499138397714,0.0668012596204222,0.04293394659080678,0.03731092873032622,0.02653861386555843,0.026298800847041056,0.04735660332472984,0.10187052369109661,0.08699736810092361,0.21335630105605444,0.45413280639986275,0.38188347411900764,0.1635477718369389,0.10803985245570467,0.091416666808816,,,,,
0.0919439608838331,0.06665647909150463,0.05831075154630868,0.03798444853702987,0.026412738965764168,0.023658838422039797,0.06392357831307353,0.08037364575795898,0.09967571971009388,0.17686676978879065,0.4180741633991498,0.22293468708174463,0.17176016423971,0.11489576260434088,0.11733632159549331,,,,,
0.09124637395005095,0.0673433652739231,0.04306561166421441,0.036142235415451876,0.02575598862859154,0.022687321636824367,0.036244265290000896,0.08867502496808181,0.08615461625219469,0.17914660166975505,0.40370193864394177,0.3934904191289256,0.171136952088784,0.12415841015459379,0.09363439222672248,,,,,
0.09846582521953187,0.06977523718314185,0.04283879939319098,0.03523672014740403,0.02927576245759743,0.05403834081444632,0.03254360505513849,0.11030137326764757,0.0790558349185799,0.1444201361860125,0.30677346646694204,0.49518508604670575,0.1974589734298395,0.11399423361903144,0.09927891788972838,,,,,
0.1208956872498175,0.09666668989627139,0.04486280139107372,0.03560282653085577,0.026063635166463296,0.021535519398005513,0.03236557317447453,0.08516593807102078,0.0891442403045898,0.12258652342317662,0.22966292067112784,0.1663180385691098,0.22430716224597202,0.12929190250432812,0.11081838109386763,,,,,
0.10951621783802393,0.07175060944726344,0.04348947333065849,0.03523808175176899,0.029198045146026662,0.020985237905336695,0.03272476979817264,0.059903320235834015,0.07452642878213311,0.09539755154625637,0.24035558740892693,0.5231548296051638,0.2415718078583668,0.13387370753769945,0.12451169578928084,,,,,
0.12808975753972499,0.07271270759626391,0.04390216265820726,0.036012759041863726,0.02907413952602328,0.06672084102486678,0.028489755969241994,0.06041329567614089,0.07279456748928885,0.10610102013456454,0.19422349246919252,0.5016695312691597,0.2706163862312602,0.2090259699527385,0.11398718343974339,,,,,
0.1289086139962129,0.08669394775282574,0.055828129193229756,0.037661411339514776,0.030847290314853098,0.020250126017765255,0.0324552755552624,0.06074167384696306,0.07493264961143173,0.09999096725478404,0.15229048799130857,0.3728690530644661,0.2989458218520095,0.14906446926370545,0.12043254497446386,,,,,
0.1298034610262758,0.07650134907811934,0.04443998715601628,0.036956192635439304,0.02790361322779104,0.020020859404381895,0.026532468706595036,0.04705908929723511,0.07359508233836788,0.09296352653381079,0.16738456725276618,0.4521319486921097,0.33566487968609604,0.19338296536233124,0.12028472608514071,,,,,
0.14690769938473414,0.078120784709557,0.04543329851401794,0.03704836068169212,0.027906122610306394,0.025563484360422425,0.025834009227863646,0.03975913640481465,0.08155187994217694,0.08772575113491632,0.14691991531529205,0.3510480085349324,0.3730395440524127,0.17901505458600295,0.10740274547448317,,,,,
0.15177317980633762,0.08711263061491774,0.04850612578627781,0.03844731466969173,0.026230024912796697,0.020237587055400928,0.02470888047590719,0.03837490050168042,0.12172780566094052,0.0789081328572146,0.13511727276973845,0.3200996204174019,0.4876702354318682,0.17843249867536382,0.1087747193836326,,,,,
0.10476708790787834,0.08441157624626905,0.04602178323439207,0.06235648232777681,0.023379785705767285,0.02303954705678595,0.026550790026860473,0.03625035595075309,0.10080989926764823,0.07841099678777759,0.18008213845276755,0.2690889047950064,0.27937430956316545,0.2090853234596615,0.13961826126447957,,,,,
0.22109415943865382,0.08394384039373454,0.04694183199592086,0.04292796595017637,0.02427429673807028,0.023401919300485168,0.022637898396676803,0.034750753779275376,0.07368805686268114,0.07862878162534552,0.10799484598022056,0.23852684814796207,0.5158313784940873,0.2641977632594936,0.11141030872819808,,,,,
0.21869563655769222,0.09187210671647293,0.049347301238599546,0.047488922214878944,0.026038834001742606,0.02334137294117482,0.021502255561141465,0.06270999844060589,0.08712332167908067,0.06827448599201838,0.10018336227828978,0.17088346772423182,0.51084653797391,0.2501846297644205,0.1125505743227509,,,,,
0.2847667382141073,0.09339341809144447,0.04788612231584436,0.0623550630118714,0.02277114479000106,0.029948899969847672,0.05531462614718082,0.030223978124482534,0.08763997502422179,0.0621294333124391,0.1822430672027179,0.2815563659214004,0.4529971280591438,0.30777671350914826,0.1420825970096862,,,,,
0.32808737415072775,0.09436111195518448,0.0487911036234247,0.050883333243111215,0.02230656127193526,0.028246435097129492,0.021408651066350707,0.029299394839658655,0.05355493128006716,0.0649877126944737,0.09451276026996369,0.15906387456270146,0.43306836621506956,0.35060002515414573,0.12316322133257603,,,,,
0.3826708797143751,0.10536014176100494,0.04975997724357557,0.06722455417683693,0.05070510686835092,0.026960269357922482,0.020950682624235308,0.027380842335568305,0.043769747733270366,0.06099074789164431,0.08291902029620087,0.14479675408614148,0.3752033164015293,0.3390002190367782,0.13042802117766356,,,,,
0.21177197163255412,0.10638031070825954,0.04974502312336031,0.08287491151587686,0.021899108430872418,0.026918066226309195,0.05989896357384499,0.026989401129929928,0.04341158031108155,0.059833358852478306,0.08341732215371822,0.1898028408189017,0.44131005920719474,0.3845988496208474,0.20153086830492772,,,,,
0.45544579916850064,0.11309720481904612,0.050243953647683394,0.08473633651479442,0.022013978982881186,0.023889831050401208,0.021387562018248353,0.02596658565419843,0.04051125675714694,0.09194836110060532,0.07160117179764384,0.12408900181951384,0.3275677405697365,0.3800347917949652,0.1417463995215807,,,,,
0.4161999787690473,0.13248103497256036,0.05184070217848711,0.07844178814439255,0.025222421003081672,0.02719588296948066,0.023540633156891994,0.024998750100187248,0.03860177251576738,0.05704053900810514,0.06775870460850014,0.11538943130438199,0.25075863574052676,0.36532383368129534,0.15036811896047847,,,,,
0.2860983126151371,0.13816446078033115,0.05193664194005645,0.06762015488806826,0.021523428036126342,0.018983260738902868,0.046024213407853995,0.035121483122090236,0.05287050365159554,0.06028953882826597,0.06938827483070832,0.08862943541007395,0.18773427764545883,0.3712098499763955,0.23942275834539084,,,,,
0.3401763023384611,0.13533041088377265,0.05373291185876652,0.05212931016046513,0.021912649516919198,0.017584378537904333,0.030292964690626437,0.023134414149300314,0.03187973937767904,0.0767500544382273,0.061772594794118584,0.09385656053129164,0.20051368326401706,0.3520136063792697,0.16904716020756272,,,,,
0.23932050739413857,0.13557381518938408,0.05439156925241541,0.040639834480140184,0.02840565476622093,0.016179220371281774,0.03323313145239394,0.022637783832703574,0.029702088579779986,0.05763443330184414,0.058777806484566174,0.08960898372173623,0.16474197954770803,0.238872938675283,0.19589958251640016,,,,,
0.20334917451793957,0.14468364557182975,0.06880949887712834,0.03591540637446004,0.022288285586083534,0.015313878451345428,0.030765882523803294,0.034899668583139136,0.05066197688498473,0.08131971574454559,0.05695603790154184,0.07608114760745821,0.13711284849514807,0.3100621494086612,0.23160287363471238,,,,,
0.18015074027610586,0.15162215037980203,0.05677786048356167,0.03492747823891169,0.021533110701914764,0.016198624713245176,0.028353096323856835,0.02314063513443408,0.02752038644260047,0.08494493455523654,0.059588755704630826,0.07880614609090553,0.157523178567177,0.2884022435852298,0.2275875139143413,,,,,
0.13466622171534717,0.14749162157461185,0.06049436095713941,0.03469253953923955,0.02246389481456229,0.014586965316024896,0.024285926225303015,0.02561061635333789,0.027941009855778527,0.08396615937464577,0.05128463020308572,0.0746011536546729,0.11818367370477115,0.271975945622907,0.2822292253829185,,,,,
0.1375873150391544,0.1720535674072486,0.06058068533896999,0.03202967447230875,0.028662138462207963,0.014434038337507522,0.022550877548682277,0.039428703367414025,0.038731558359067296,0.0664725642569858,0.05135285477782109,0.06769057391076266,0.1050016240051643,0.2407536219850259,0.28284202668557085,,,,,
0.22462129931088723,0.20548276767360987,0.0606542103272204,0.0328852860168722,0.022713841300363503,0.014392315168303192,0.017945608314618368,0.027559044211850858,0.02642500993244075,0.06695830669005144,0.08466438073437849,0.06466165061741529,0.12925898883086917,0.20066462820562458,0.1665897731456012,,,,,
0.10009631710477616,0.2521001526961999,0.06388439443628113,0.03180603059382519,0.022801306541290534,0.017008351051376616,0.01786551056558942,0.032567026220195985,0.023936344457018272,0.06484573221509116,0.04615621501386265,0.061475766154430296,0.09587057460405785,0.1714634305612736,0.3949069303304626,,,,,
0.08098268004342683,0.24236270554610184,0.07290588924275292,0.031974860677521116,0.048877901283595246,0.013667219075974991,0.01623588632498172,0.041983604766736134,0.03915859618812394,0.0424743926153798,0.04442767166344393,0.06116795293386052,0.0863916644751797,0.1688987862955915,0.4102196434379878,,,,,
0.07853988521280043,0.27977817002692484,0.06705591959763067,0.05960586322570352,0.02293626091643878,0.013784250138804847,0.03805866189674086,0.028811321203513665,0.024061014007260635,0.036333430197781236,0.05057531172015276,0.08063732520854304,0.07837040267103418,0.15535239437085174,0.22666940421293136,,,,,
0.07855400463302697,0.31224620784840595,0.07218191024220559,0.03234902192106222,0.023504593619289405,0.013146934793802011,0.014835974555910979,0.02506371344744572,0.02423794370468721,0.07012680722507882,0.04390845359980009,0.052052462976164435,0.07941953102719945,0.12237477723984451,0.43583384821596904,,,,,
0.07190298280249625,0.12170613862494857,0.07211986426324449,0.03328857095383014,0.05369699586968118,0.012698387074558712,0.01454966970696817,0.03276999105390124,0.03554559736139723,0.03382754542485413,0.04482268557443227,0.050217214978331606,0.07408513502967473,0.1216234621555078,0.37506940315605236,,,,,
0.057585898521832414,0.367926904339659,0.07150076865267176,0.06167345320837995,0.02516905007017223,0.012825400016190008,0.016676999476222767,0.01877548689604744,0.02616799432193148,0.03250948874711154,0.047072334778375156,0.053467668167270783,0.10772628709283434,0.12140620192776455,0.3256815940910502,,,,,
0.05925161404094453,0.33273090623710555,0.07771103847476697,0.033301345587288866,0.025252055588353087,0.012497591815538027,0.013674688804551723,0.018330100892483697,0.03076377501896133,0.03612888603160951,0.04828050464289234,0.0478022101287983,0.06439216666961481,0.10558395639882856,0.27765826581516395,,,,,
0.05448375516888572,0.34079531322689666,0.08819132351270371,0.034041204888280094,0.03738377356431235,0.024851518168388858,0.013037115186541492,0.026032857285504217,0.027125999385107364,0.028481049698722935,0.05943156092783719,0.04563442149546138,0.06119841457685546,0.10230273399289001,0.2402230055703732,,,,,
0.047165663824544825,0.28812266356424354,0.09469778906706454,0.035779899875863275,0.028589931312869046,0.012134450343386692,0.04060372238064904,0.016242573958381315,0.028965555929248328,0.027846580102963554,0.06804745023367491,0.07064393011487279,0.0551962588939478,0.09236690343686782,0.19709845644815227,,,,,
0.04958355161261792,0.25182763733827274,0.09432046716397753,0.03469197886351171,0.031532457675289484,0.01206973167049029,0.011696415006942157,0.015355652146633968,0.025744506920169764,0.03063097447761254,0.06653271405472509,0.0415607971249709,0.05556139928588286,0.08213415580459985,0.1899514904897127,,,,,
0.046582193333218516,0.1909082976446328,0.10301202154975615,0.03677498073748566,0.04404364607580146,0.03396226029766334,0.011410090005011536,0.02049424923808067,0.02219968989829895,0.025620500525317377,0.062383172968027735,0.04017504340424185,0.053343246002734816,0.0755261033523757,0.17188607189631555,,,,,
0.04572316313321256,0.1928641729893412,0.09673615232789697,0.03632196297225811,0.037065927165994175,0.012358690447399245,0.046062733890665127,0.014630460103245582,0.019866762727309376,0.025290450443071644,0.06207884605543172,0.04517029676917778,0.04923159564740568,0.07754961057420619,0.10940562976459071,,,,,
0.039887172061239436,0.1373165552812022,0.11147216910245401,0.03573885928478859,0.04274876434421909,0.012400589582121759,0.011133992970400453,0.01378455587614158,0.019623638666477126,0.03237822136167438,0.052458041398536194,0.03786258264161101,0.0490457614541647,0.07333189853211014,0.1263775727734623,,,,,
0.03808991877886046,0.18949964039218778,0.13494534564022467,0.03861231920515246,0.054101031758876095,0.03293510049773719,0.010078087565189785,0.01365248106908491,0.017413867138810553,0.02600231726115938,0.03870457228270021,0.03724932681037371,0.04676261490905716,0.06225145407680939,0.11577768139600393,,,,,
0.04291340353276525,0.1519511823381202,0.17249069347635865,0.04102947914289612,0.0508204494049825,0.012380705173360375,0.029774418594652956,0.013126205219234084,0.01731596705661326,0.027364154898599603,0.03835218597766965,0.038431796783903655,0.0454604049788015,0.05871210852319566,0.09683065442946476,,,,,
0.03511210378936557,0.11084581477393114,0.15279133126263936,0.040360411762975966,0.05118501735984024,0.012068845279445297,0.010162431198077712,0.013566154412139155,0.01729879069706809,0.03155088611929813,0.03881564468853196,0.034764977389151415,0.04329196949621101,0.05932485723569918,0.10744480175115105,,,,,
0.03351843680217482,0.09177890290129184,0.16892986051891085,0.04110409413181367,0.03599947871400013,0.018585353471456588,0.009068980942918983,0.012019534602895761,0.016156923720121757,0.030036494501830824,0.029789625306425645,0.03470591831213062,0.040062148365835694,0.05408658259390882,0.09182117761224397,,,,,
0.03153130618251088,0.07882335594766451,0.22309830996361293,0.04399716916990103,0.04210459945500682,0.011988639476494091,0.011327395118917819,0.01177649138694323,0.05336861894688031,0.025672882454228337,0.029272296247195018,0.038526930853234956,0.03921514904338026,0.051375052428414274,0.07729224198324593,,,,,
0.029826689754809618,0.08476448597533247,0.2133405695667409,0.049033597821777304,0.03280100002737056,0.012280087443499184,0.008743012049666038,0.011249972176406678,0.01492486152927699,0.02034494969139043,0.025790051122271267,0.03527129596299241,0.06519979294630224,0.05182854397511997,0.07424731452364636,,,,,
0.029872684341448057,0.080142404705691,0.2671282824432631,0.047145279999178655,0.028417053763250436,0.011978061768385494,0.00869553281195019,0.011560899454637464,0.013845263253355848,0.020133001334075907,0.02579526721213799,0.037067606393776445,0.03451185998022808,0.04500976448660639,0.07467047686933426,,,,,
0.02831466396516162,0.07625792470196484,0.27627568547965536,0.05084704937419803,0.03232081919938376,0.012067367816351217,0.008536791948599078,0.013865128232442132,0.04426409466584245,0.019638171002864104,0.026778482578456168,0.03658775046882794,0.034776268190365396,0.04528624236428256,0.06955987708547265,,,,,
0.027167831780390374,0.06230638119501369,0.288218174121772,0.08151797237763049,0.02729779005216849,0.012188190988501945,0.008308743768278408,0.009490059116702924,0.012840582389406644,0.019275073948473515,0.025187076046917927,0.03655683204158034,0.03351328131226401,0.04548567789309219,0.07110755002967359,,,,,
0.025739167188821924,0.05886483627641802,0.26742915213811014,0.05321410418108225,0.02820525994080914,0.0125128351263144,0.008638716135216395,0.009184387312431404,0.012813058998161311,0.04017278393217283,0.0260836157212125,0.05110336921240809,0.03124127130554956,0.04205116168634335,0.059053922431815335,,,,,
0.025991979609251988,0.05653854751524722,0.23425819883167662,0.055530022979547566,0.027658558454668126,0.04086188269229014,0.008629366852272863,0.050207498274109454,0.013260979387344378,0.016652098894801893,0.026342156124611875,0.055340032519256524,0.029277257341804228,0.039911181755861065,0.05271080807449521,,,,,
0.026973348896461788,0.05440890473824102,0.210116253036604,0.09854788606812734,0.02773778423113702,0.012730131785022192,0.017872767437405495,0.010012413070817957,0.011896916970473913,0.016132928489332687,0.035718098939224126,0.05497377562738563,0.02992261711135322,0.03844484403434728,0.05260126884659376,,,,,
0.023864400896046804,0.04773210949480056,0.18041021895906567,0.06303475911450988,0.029276371493710592,0.013201587965507964,0.007321476006534471,0.007983407553429673,0.011807749420097425,0.015290998441766577,0.02380597050127326,0.05505379393317296,0.029454826990255555,0.03748366946832532,0.053127623700708365,,,,,
0.021787024989517085,0.03998253244155596,0.1305937640687802,0.07196970235825666,0.03248896983565334,0.03322181386732427,0.007681255971220155,0.04473062836915512,0.016749137306499514,0.015333870454470872,0.022359805407864992,0.03864588820850881,0.026871622927683848,0.03568926124059127,0.048333655158696726,,,,,
0.020672161044367657,0.03968241735643527,0.11920538190752065,0.10536069868274127,0.03071147318703218,0.01403188645509995,0.02439248192925039,0.007537211252173545,0.011546084042006317,0.01484663415419684,0.05951737876981466,0.03150626109207355,0.02927434501540391,0.03427296578247888,0.05571711393904685,,,,,
0.020670953479086547,0.039720330189323645,0.10637610823771865,0.0839557188460453,0.032218278019104776,0.014585253944350842,0.007343979260221329,0.007641650262593549,0.010577587856182366,0.01852572470850412,0.019325884086982967,0.02707555475463647,0.02593490511969584,0.031658948112023716,0.041375455231742075,,,,,
0.020526035282474146,0.03995506063545674,0.090575258635317,0.08377371223613654,0.03683810632846303,0.021486041892155156,0.0071428918383510415,0.007962915141776742,0.01365696823310742,0.01398840769272204,0.01752075149736484,0.02513476509844269,0.025103532829751057,0.030111951012022936,0.03961605010450203,,,,,
0.021875928565811244,0.03964236664221683,0.062352739007280375,0.12914818683618481,0.03267226330494487,0.01526054461769823,0.016954611267034132,0.007630909582810516,0.009765229325033547,0.01376730639249477,0.01760818170439678,0.024389823710261004,0.02511209330211469,0.029625445910497587,0.03763220206386814,,,,,
0.04115503579589599,0.0316241644718198,0.08296333226476606,0.12730752120886957,0.035461216874818825,0.01695688648533992,0.007942533124082052,0.0070231593478080065,0.009459504606474642,0.013701214858108208,0.017124300205539646,0.024114780410161005,0.025162029322876936,0.028153720705827882,0.03780272871175718,,,,,
0.020759717575789805,0.02767477552256911,0.0737516451213082,0.12738195576400044,0.041213167625189825,0.02300806321030631,0.0063860661390039925,0.010143496650261197,0.011095492360729944,0.013138054695438195,0.016817149347714336,0.02260486563503965,0.025811248274952237,0.027632478722347118,0.03503262046555887,,,,,
0.02601956662560477,0.052920287867346434,0.07375526263813366,0.16523795597163982,0.04655874113784544,0.021580272139704558,0.019520164587504506,0.007441984876140637,0.008855125656341292,0.011928158384940716,0.021581308652891592,0.021587842046687525,0.030045818242472495,0.02785222581778562,0.030259396375258405,,,,,
0.02910419632560026,0.026155763903774124,0.06700786630105722,0.13066208897446105,0.04136953139353118,0.029901754163424228,0.007769380337774153,0.0064620150082619655,0.008969777780775021,0.012867920945383374,0.01512163946245569,0.029016781600189903,0.029346900772657773,0.02575175912107989,0.030522565612684235,,,,,
0.02323401513653605,0.02511797935445535,0.053031026542160006,0.18571023021631114,0.04413235432671552,0.030171417482376478,0.007056729351570898,0.0061582322661064524,0.009552028889425763,0.012352393319239714,0.014458027892222858,0.020914132748390275,0.02976153525335636,0.02357505001983245,0.029068340796226277,,,,,
0.02006674457171068,0.04208765710636997,0.04676761302533355,0.18573331151651357,0.052285418675206675,0.03033266325494328,0.014754903289295464,0.005926454685342801,0.028789495298904923,0.011221003084970031,0.01973237031382732,0.018599773274443197,0.039882132659678604,0.05164644888636119,0.02941451678829606,,,,,
0.034542656726640586,0.02274212621624757,0.04496287306082675,0.10583596588407931,0.05405427225833473,0.036830651749057086,0.007174049243663253,0.005733443291676366,0.008593414843741204,0.010933851164210136,0.014614564015361969,0.034317025472644834,0.044666543572538804,0.02264544402177115,0.04078185662876116,,,,,
0.015958204023889738,0.02200083917468579,0.04110459100542334,0.13913652170780463,0.07293845349609293,0.025001551042823394,0.00773240658053451,0.005900853855830836,0.008617637770946072,0.02126686975677969,0.01406105890366693,0.017456093995493586,0.0414968716126488,0.022182393044879966,0.025908329100380788,,,,,
0.015211755619643809,0.027355777736038984,0.047444686098474166,0.12152875536394711,0.07234938233745034,0.025248974287598987,0.008452987382665627,0.023792634932408657,0.026477857210760722,0.010188428631764295,0.012379867234404426,0.017186735375144646,0.028662692674787636,0.06802644205634888,0.02525729293692649,,,,,
0.028620122830563366,0.020318529189659026,0.03607018172288018,0.06326329390183807,0.07154591313046875,0.02242227944550243,0.007212671894651235,0.0082501673379355,0.007617643306243691,0.010818078905555388,0.012455888845318681,0.023187868466915694,0.026885903167844658,0.02020269972424206,0.037751282340736846,,,,,
0.01377128533863453,0.020087219100484794,0.032138799690822235,0.08690087964245666,0.09140987551350162,0.021189168020225198,0.008569955702782869,0.005850756877142558,0.007643134938934108,0.05514830592346923,0.012184147376541684,0.015673266434905134,0.02543533291437617,0.020050889917536067,0.02275069175562773,,,,,
0.014013391498278436,0.019810303935799457,0.02864780438554476,0.07443117392824193,0.09827797811921811,0.03295854837695501,0.01065378095532102,0.026570416451799812,0.015097802511560645,0.010387546853428714,0.012810655163419367,0.01527996992186147,0.020522449765299947,0.01564678929308215,0.022030216137185223,,,,,
0.022460084605631703,0.018407490385741423,0.027660914269267176,0.06359731592913964,0.10612187145255417,0.01930129356593672,0.009172767111974926,0.0063659826013440736,0.007509288217534884,0.009658915286156956,0.012322674788927512,0.015166678972375816,0.020377668630667093,0.019250031189019048,0.03623725216032899,,,,,
0.01176671483235102,0.017514089178151778,0.025970817623894832,0.05158990603942604,0.10472930537634602,0.01922261174689072,0.009219054541364208,0.007188540144054266,0.007202776853656761,0.014480433031794552,0.011723518179080848,0.0450713761552837,0.01771872447403881,0.018447390223057497,0.019688949711099153,,,,,
0.01122273640643255,0.01750292411215598,0.02513120503205604,0.04593260220230906,0.08529879209102872,0.04759063117357197,0.011535550175829277,0.011675858925789144,0.011643634335044808,0.00956176438571329,0.011949121486279132,0.014437294636314567,0.016953463982351254,0.01696126398784379,0.01899179752970125,,,,,
0.010912839004578798,0.016051136981615612,0.0436016282779049,0.03887613226906457,0.08862504599040426,0.020711392067296663,0.011264486343324581,0.006147325597389734,0.006629413958432629,0.009202688436952003,0.03647764392381796,0.012741128333653182,0.0174850414691775,0.017667072231562733,0.02309469492040044,,,,,
0.023705928143837866,0.015636426383739733,0.022014906722147676,0.03770497647606319,0.0781821153325478,0.021908876612826627,0.016212707832462057,0.005605587934058991,0.008184084611314174,0.013384882354921567,0.01110098393545107,0.036110468705345435,0.016985615918821355,0.017959783641031256,0.017817832197477294,,,,,
0.01150966625161487,0.015266916293264867,0.017999721346445365,0.03398764171588226,0.06402629911065363,0.02988528112016013,0.02806973297000455,0.015503232099356716,0.00802795138536296,0.00892662895283531,0.011055098361106741,0.013006742892624596,0.015513934739375193,0.01864859899372475,0.016535661791308554,,,,,
0.009642287136796893,0.05903239909727001,0.02365467249662028,0.03123836566011855,0.09174864780961316,0.024338263411254966,0.029866226568843263,0.007071964936728123,0.007757019610470116,0.009725276916008432,0.04593323034610513,0.012860537196075083,0.016501513464864788,0.048324478791701556,0.01859642650542144,,,,,
0.009945490072054737,0.014918756638076701,0.017057075755891063,0.031618136201082225,0.04040459710931366,0.026460820838502902,0.024535386679435906,0.00754924480538088,0.008205723579013476,0.011756654405162714,0.011264831690798506,0.03726515441161726,0.04212688366302045,0.02008320011843575,0.015644282098617835,,,,,
0.009525247510836771,0.013509256745127086,0.017203627890785715,0.02633278905715489,0.0317613455641262,0.028134196309790815,0.024431909175478942,0.018455050676532164,0.007643177354020495,0.03060970469644978,0.010908322641953048,0.01172686365982884,0.013856497835946916,0.0232952162799385,0.014840868436886742,,,,,
0.009586144415363812,0.013215430588347272,0.03611524446955768,0.025546193532239636,0.02625387990164995,0.027903903677130165,0.03845938730033121,0.006398238006918108,0.008101073320332485,0.009788274674242153,0.019284775999653978,0.012341050391381158,0.014046110976583828,0.0459642739435175,0.01634993770829367,,,,,
0.017769241422883594,0.013324267151550072,0.013655899994456107,0.04323162380930602,0.026549752156633747,0.02947331157260676,0.01334857540645704,0.006594651993908527,0.00737991202545471,0.009561391430910013,0.010483137169276631,0.025105069539733436,0.017833272570249057,0.02712896309231759,0.014517638544000955,,,,,
0.009212581967588916,0.012880687604954352,0.012779211956468778,0.01884014185227598,0.02401768476404596,0.027677317365852862,0.010692204497567035,0.009426822312752525,0.009747285972631503,0.036060473785644136,0.010687109563150613,0.012000126410007065,0.012508067107719883,0.01742635432814097,0.013760899992195128,,,,,
0.008903902125001242,0.021290271157621176,0.02900712709890349,0.015746399744918416,0.031959243188045855,0.027146547468898344,0.0213788749219348,0.008749646734378997,0.00753961949930016,0.009372190802086518,0.012676924046482452,0.012888940166685146,0.01258328846472256,0.030313943389462587,0.014163169958744563,,,,,
0.010478806853551124,0.012348534742452982,0.013154626030121658,0.01564312160813181,0.018626386541996002,0.027020421204965485,0.009879032564637114,0.010820206351775202,0.008118542156278582,0.010557954721034796,0.01031237320008314,0.02049652695335069,0.019465065498609588,0.016115879239583544,0.022151447125094502,,,,,
0.008524479151873402,0.011650286735502122,0.012141501343890668,0.015694267262908904,0.015413074378462174,0.014690496522503326,0.008859700710046199,0.016601951370361488,0.00934478996865229,0.030978933351429587,0.010207502149798979,0.012142756206303833,0.012381045569862017,0.016076464259091948,0.012293042642717768,,,,,
0.007850572148175868,0.012835430984852658,0.01242420012297158,0.013449828805721011,0.014702959473259744,0.04047013583383064,0.01173062273074326,0.01711485088371223,0.022601423440057028,0.009968378858335106,0.01285004649583562,0.012749471230548608,0.012066696182415031,0.017239864423695635,0.011370899176404698,,,,,
0.010479518385399091,0.01729423619616559,0.011452034471266631,0.011995154593795245,0.015351957140821658,0.012058311044206791,0.008163262003681657,0.018964996189757367,0.009063581600800662,0.01003337228585535,0.05226874341729753,0.011728079961676519,0.01522555920016239,0.014850454892135864,0.011044536499174069,,,,,
0.01639340220262374,0.01283138922042181,0.010051449983456452,0.0368497912282703,0.012419633001858225,0.011226895286103376,0.009624384045342885,0.01720628468934286,0.009204660949863745,0.028278965216965494,0.011527116152025048,0.0123649843686143,0.011662301529715558,0.013195103450275083,0.011420966672331645,,,,,
0.009782974080383292,0.01665965081451555,0.010017592262696908,0.009881887098395369,0.010981985234355455,0.03282396099300776,0.013606074708463119,0.029777467090424142,0.019292843312474866,0.010878920582853035,0.010818078905555332,0.01169541716594184,0.012109605657010396,0.013423168246369008,0.011081693009923479,,,,,
0.012275229019976868,0.029435361632113317,0.010115493083377836,0.009100134206510922,0.010043706383028546,0.008088257566341784,0.013573990237876544,0.01494480993299515,0.010256642842821255,0.010773155030159689,0.028827350851350016,0.011710015961146895,0.012456929868036228,0.014054532674904046,0.04892149749028839,,,,,
0.010407252261474468,0.014523778114342679,0.010247788968041715,0.021604294434979784,0.009769710013867046,0.008534171267674558,0.016676999476222802,0.016663775675274214,0.010888303342516755,0.013719776209508676,0.011657992090421367,0.012677972490141336,0.025743436543921448,0.012867593428582827,0.01054972249221819,,,,,
0.010148864492979782,0.014379132077563452,0.012988959645880658,0.0085087964052065,0.010350811300636588,0.037135280682884374,0.01778660139623161,0.016664242576306998,0.02036850307592143,0.012248790847952683,0.012598453820497228,0.012471729006550511,0.011581519620008801,0.014146932132755296,0.01042918983739577,,,,,
0.01159340994131776,0.02484776095828431,0.010715434522413886,0.00885278231366898,0.0100280719335567,0.008812739797810998,0.020158941330599738,0.01645829508724079,0.013698020243943544,0.013188689488597763,0.01897333616321694,0.013223081983989034,0.012670580391473764,0.01359921094543921,0.035286072298863796,,,,,
0.051338238348129554,0.010857085521475705,0.009364612503710568,0.009936326319692108,0.008608303254866745,0.00929442087639385,0.02101865674936926,0.022388595524870405,0.013825229039182365,0.012572695351880903,0.01348081404896105,0.0447693060376885,0.04981545392608828,0.01372091035650653,0.010430899339391632,,,,,
0.01059764348206396,0.011419405385852194,0.009025013298545558,0.006903463427624126,0.007556327032613721,0.017377918819707208,0.019486504965100338,0.034231169721125554,0.015810031866178447,0.01305388916415133,0.011617321507411956,0.01136679298496714,0.011466208049278177,0.013405768131144667,0.010317401817257694,,,,,
0.011341810207771242,0.015094516886237907,0.04235926083525472,0.0058485400934926825,0.03836725444219584,0.008241990056454323,0.023511764581610087,0.029740483003848385,0.030942987194249576,0.012993576150532041,0.011514397223761588,0.011592263406554839,0.009961872465159536,0.01934223246533591,0.00970889598756494,,,,,
0.01073517222876759,0.009923267235593726,0.008772625371312858,0.011261809541327656,0.005682954409573474,0.009417773491589324,0.018443031481247037,0.03990143336826624,0.018323732846679288,0.01622611942833373,0.012369178536872793,0.011456025215456434,0.03538617337525754,0.01247692664336981,0.00912830498062245,,,,,
0.010347522201208615,0.010436119356903072,0.009247669349370269,0.020916612724297613,0.008502698220229572,0.012092057998976991,0.017932452264967494,0.03063223389680571,0.02252383497840441,0.016264912649018436,0.014054417343264897,0.011257346790228129,0.010675424500516457,0.011666887248201427,0.009639597066680716,,,,,
0.012331379667677233,0.013500038652813627,0.052464054090678315,0.0054694748597358695,0.043696783728375044,0.010194790436088081,0.03637376428973083,0.0378520925541671,0.05274356647582912,0.016428268602589207,0.013715522323007672,0.013972825232063038,0.01173435297047046,0.010356040382990752,0.02196680417902331,,,,,
0.024523293839229816,0.012542206470110423,0.0099990643039845,0.00903919085372363,0.012868424801107352,0.013245128553007296,0.018512998428109186,0.04041659844010778,0.03156707535449495,0.02092285786099533,0.013555635825049506,0.019338561571560376,0.034384220705329746,0.01049312100866822,0.009775979528079877,,,,,
0.018516062637449964,0.014796217498688634,0.016715502677083018,0.028332507913863086,0.01729618559438431,0.02188429984740455,0.020076742238090826,0.03598624753671451,0.031516415237849794,0.02168106168053737,0.01892682135057003,0.016355647150107185,0.01321265831679974,0.010886784777683692,0.010872004927732198,,,,,
0.021193680912358133,0.02058697226613303,0.04582582702076691,0.013412924244242501,0.016894158359868804,0.018139606154370082,0.02480943888802599,0.05020313967295184,0.04495113354641086,0.021533667736834516,0.025336439789416642,0.019671900709164795,0.015955827034288765,0.02322035109304268,0.01810705049337833,,,,,
0.016336508696835294,0.03770691096295319,0.023647873884884263,0.018010092443325583,0.017005777709422847,0.022401406590944303,0.02107255511497191,0.035791205640579936,0.0480963879247321,0.021420443994235462,0.03265927238630021,0.025705630012176902,0.030159886133922592,0.016524679226332543,0.015360211613897775,,,,,
0.017145187613206898,0.017286792722108257,0.011337779261522468,0.01911844244688311,0.022197221830836722,0.019583437043076444,0.027902695388007482,0.036741740578633476,0.05855083281741333,0.043543148694972486,0.026370876622538973,0.023951792760190594,0.026241331248817532,0.02033226193076992,0.019302502842297523,,,,,
0.023580151161571788,0.011840184474097199,0.029774767009966795,0.0054713712257051265,0.019241272001743692,0.026697490816453992,0.017616703958560954,0.04938748996962458,0.058813756122238776,0.03126435121038877,0.02681220127307965,0.026514073591796,0.019981392086555996,0.019048793230680254,0.018980716032674545,,,,,
0.029327938584239693,0.04341994334165115,0.013440352874556413,0.007537942408525247,0.007791006032333273,0.01383319933612208,0.02825294182260492,0.02678181157100991,0.05876342047149292,0.0296897198117641,0.04068724621408511,0.019375724431749182,0.026037202992387088,0.01954484464235841,0.02579566937285777,,,,,
0.02791457849740552,0.0152523849889274,0.012505475030786525,0.013582704668857606,0.008554811081798478,0.010508464612862542,0.01434827924052466,0.022028406059213832,0.05680121981241529,0.04390245802774518,0.019010888977783885,0.017220372056439358,0.016186592355301503,0.012966177501825677,0.015865360141248876,,,,,
0.025258833126897196,0.015323867135400586,0.020242776533565533,0.007024313239107645,0.009301916954724125,0.010660351617993453,0.013592725320145436,0.040434946526669686,0.0417486397642084,0.036310251064709316,0.018605349884982282,0.01505322454284844,0.009363504658858284,0.012964977332666739,0.010888541529548835,,,,,
0.02467327287245069,0.049916306129795356,0.01921874932411265,0.01305033736588219,0.008654313288259332,0.010894970611066609,0.023878320913322922,0.022814312147731573,0.04921458391186927,0.036029579761853815,0.01837546226754644,0.011866440233970968,0.021783617264017955,0.00868269840059182,0.047484607644257056,,,,,
0.03805781008340911,0.02524239958888156,0.018459898311313214,0.021744889478671446,0.015515794406035918,0.021256608291765264,0.01615692372012183,0.022541330048727867,0.04179684138570308,0.061517938735966615,0.01845266151856027,0.030930831657207978,0.010978442296468228,0.00958117186593475,0.008202760004167982,,,,,
0.0214237127707938,0.02356364752103087,0.030234434254154566,0.020851337869110382,0.03737284548151543,0.03365877165292186,0.04035562425492136,0.04005835301202705,0.04901487050664141,0.05559348680721084,0.02711285000436603,0.018705583230126277,0.015389899484537227,0.012906157919603579,0.0076648207588843,,,,,
0.02367027724053819,0.04611939639961167,0.025301407869569966,0.028081510761860263,0.036992666764814816,0.04122980884219182,0.0401873068931202,0.03996598835407236,0.04191432249082083,0.06793463802102474,0.04153048204895355,0.024635074155454684,0.03184493222073151,0.01239235188951597,0.02116571610310293,,,,,
0.030927949256071632,0.019774121779064208,0.025043009790480145,0.028941370916690693,0.034310071943698145,0.03991215646366532,0.04059190415816859,0.04785344631228602,0.04794695201386261,0.08111323734244413,0.04440068675818384,0.044199861534434004,0.029240383397730697,0.024468398004433154,0.02104147142019008,,,,,
0.023174233170471684,0.01612317965128977,0.022116573879250343,0.0302561821437901,0.03142626119926003,0.03957963459891667,0.038300885155086936,0.04725218840683992,0.04105712428596684,0.0870797007401629,0.0520119337591838,0.046148347854708796,0.03821245948695097,0.037207528412906636,0.02832414245889862,,,,,
0.022496543745635405,0.020253583675751516,0.021834395203432944,0.027002958789200872,0.05413602098455501,0.03836468570019014,0.04674181257038279,0.04190559709890515,0.0418774282935802,0.08679402792850972,0.0524135582018495,0.0455987101208911,0.04345212598177489,0.04195703368362558,0.03531559724333799,,,,,
0.06110566308225295,0.013564935630180738,0.020113540500087526,0.027153472968105427,0.030627492284448117,0.03891459737596175,0.03703225658705829,0.03991865390747656,0.0416162589865353,0.06796434686386482,0.06647956234976625,0.04422434474300212,0.04684454850770709,0.038599756896872006,0.0363619264190573,,,,,
0.030228225357942763,0.01182528033331097,0.01590692876148595,0.036177343721567175,0.0307226075706127,0.038687883917795624,0.041266551444365314,0.045139224226249754,0.04297446010593297,0.0719292724224917,0.05306662352982741,0.0405314176545626,0.035326216511818075,0.035538847727369184,0.034796770594573936,,,,,
0.03222210140902678,0.013073543190455051,0.026798268872694587,0.019100307164837002,0.053677522030669195,0.039631562370007305,0.03775804001482989,0.044145280949035956,0.039578061952230646,0.07348392232329473,0.056059644109496466,0.040588525750114006,0.037840580084152725,0.053567393615611004,0.03501757979955075,,,,,
0.05623645960053804,0.010501675440779255,0.008147242068797743,0.018741458511802048,0.017630408225684773,0.033713742006573094,0.04361333708440326,0.04392386702716775,0.04646934184026362,0.07173376354088347,0.0652516818611847,0.04748632123110078,0.0568256591865395,0.033002742064668376,0.040880348128586555,,,,,
0.043704113056064954,0.011013967560119008,0.008352522944888986,0.04456848336821227,0.012587409893515832,0.03189031338596364,0.03867162427077769,0.03561924924711385,0.03305073170095607,0.06838315843969073,0.07681854832612905,0.048741558133422944,0.03626214978354093,0.03511728304167042,0.03544458374346188,,,,,
0.060246850753988994,0.013950813236621574,0.021404334957148295,0.006793404628855759,0.021756947165830442,0.028022051703995327,0.015667246247986048,0.037443171660699555,0.031916113484178193,0.052495255878913884,0.07970390809418687,0.04889111153818066,0.041855692864595825,0.034552988139759704,0.0372040430933905,,,,,
0.07081656393646212,0.011447051164646031,0.010170466909644543,0.006842854047661141,0.008915727305430535,0.024675256800022707,0.016030259883362697,0.01980387165475848,0.03143360514777751,0.031215858508141046,0.04915328499945531,0.03072471789925936,0.03253754786195782,0.03740193660218794,0.044688718198442674,,,,,
0.0854858493052614,0.01559091409933927,0.010031304188897156,0.027359332715188138,0.007064764251984681,0.017756319849661435,0.013772132776273463,0.016049339346210063,0.018947364216259324,0.05441521422282631,0.0863601376830866,0.03472402562800949,0.02950756541590021,0.03716917192339484,0.034099437769742516,,,,,
0.08633038310098555,0.02047796569093598,0.02055244140864172,0.009415983341402614,0.009221867286896257,0.041223643881672836,0.013006917362182,0.026504693894569484,0.028856530045925276,0.029341244339481463,0.08085746505218283,0.02584237790425045,0.021657887941088107,0.021756455450240242,0.031150289744972335,,,,,
0.04494420233235042,0.037348723004589655,0.013106555958905947,0.007885306536813793,0.00791816921734873,0.012829570011014643,0.038363071698646306,0.014113183061316023,0.017734086613128298,0.028752988017530432,0.045619351506925886,0.027101129727529424,0.014769902097214693,0.013674048701990979,0.04211817921513386,,,,,
0.08132194818200715,0.02457235512168547,0.014699850239584896,0.02155826828780397,0.007984057244800663,0.01237559810230415,0.01204970484107064,0.013170511941738218,0.016633691343485593,0.03248973815671194,0.06391363242904942,0.03289018510785126,0.01518413216322397,0.014571733716533425,0.026075821769243904,,,,,
0.07419346740419515,0.019516294608701162,0.022396702813575132,0.00956057766083908,0.011874960856620776,0.019226861201876232,0.012697365848280491,0.04023604147427167,0.016575999324441624,0.025187578014434223,0.05565656955862803,0.030426920886099825,0.012909171804436733,0.008524441121884092,0.028411394772810655,,,,,
0.045485734910586904,0.03591956728206258,0.024086546142254535,0.011975219615956073,0.026653253988262456,0.01034852470416424,0.04781362931956614,0.012096748796491667,0.01678048296971635,0.02137220180550183,0.05011753753908185,0.03237378554513172,0.013576879751214696,0.008920961758782637,0.03613138941677236,,,,,
0.04392516599610488,0.010661233481951306,0.018883539920000823,0.015131583652456138,0.009916731244609232,0.009779295105427455,0.013586045707167484,0.01273013178502215,0.01601474108257145,0.0777726255255503,0.04036105433827823,0.03851864167215394,0.013372839475513945,0.008426560208969069,0.030073437949215142,,,,,
0.042180471442379894,0.01129495130800917,0.014171682222499704,0.014475305316284888,0.014913888315553942,0.02465161009055058,0.013101286434522616,0.02220990974227119,0.017437512647264616,0.022240482791890854,0.040978840237953396,0.03875431821124117,0.013081599744904747,0.007777679378447987,0.020544347979780806,,,,,
0.04626512868922143,0.009013367465935347,0.012330985319696286,0.01679166504773011,0.012901032699498268,0.008985413610810034,0.040116360825508776,0.012539130236121512,0.015350352175574724,0.018163092201557898,0.02875699030456987,0.04814791030900674,0.013845567643403183,0.0077224638410305,0.03543496057903801,,,,,
0.03334671823130425,0.007589375472424291,0.013275443853337659,0.013503880289324994,0.016276568436865167,0.010794078700937208,0.012673650298454579,0.012448416954113596,0.014640981480223825,0.03568711745880796,0.06122269249203396,0.04869184238752237,0.05894092524416806,0.006281911115320434,0.016979812825349303,,,,,
0.028664671917957216,0.009342257143192798,0.011312732411270737,0.008624857554788154,0.012748962673624303,0.01672087402944235,0.016086160796380002,0.014431904501981641,0.014441762430420313,0.016436850377738874,0.028931747276781754,0.05008198053616283,0.01516447720545418,0.009704621059298875,0.015870774099878263,,,,,
0.023991863151819334,0.014410661250005294,0.009469369463361367,0.009005307220669343,0.016469656548222345,0.010278271062321329,0.02297636690936967,0.013062826478297323,0.014937020419462802,0.01705884321330179,0.02790714488664112,0.056312507706124386,0.015694453168298657,0.04556065117455231,0.022867111232650884,,,,,
0.056492841501681525,0.009035065506713404,0.008558448234921964,0.00904051773901876,0.009016819651105191,0.00813525622709779,0.01685412065563892,0.013218153227052585,0.013024476968274284,0.01634890662435175,0.06258891307915922,0.05493887148390861,0.04514904798838903,0.00872831627974339,0.012719813886624012,,,,,
0.02076141965725031,0.010780825743844195,0.009293548846976933,0.017766084900462338,0.008183926163164308,0.009923267235593771,0.018660746374078753,0.015877309249721295,0.01208387825669164,0.0163970404617447,0.02439545879064689,0.05586133445488244,0.018402206151012603,0.006560348254672927,0.009404132225649993,,,,,
0.020514154868891472,0.011114846836854781,0.033221111269442924,0.008075100309935447,0.008899859771546182,0.008451453181628859,0.02787837906587103,0.013321347180190027,0.042164113167439746,0.014981662849590318,0.019870026052182365,0.05697313933829811,0.017555594862178805,0.03509201657369374,0.014522349500624053,,,,,
0.026082621407201443,0.008284556826918676,0.01075062269602894,0.007580100508297104,0.007138033916772267,0.00867989768064357,0.019796094479632823,0.01236708163054463,0.013442595873803686,0.014249701866741361,0.03249016721121502,0.049940765196358115,0.025687463112465905,0.007975241296832525,0.009403580647466882,,,,,
0.016464124476402293,0.010957308543791542,0.01347342932419491,0.006888184591265423,0.007666512380219835,0.010944875285553938,0.02709237209033184,0.015126119443399876,0.013386916700891042,0.013647754894515777,0.01876648894386685,0.06569651109086168,0.021328547665725225,0.00905037362819404,0.005266557811430944,,,,,
0.01546732848741163,0.009797312191529758,0.018580939857397376,0.007715408062637809,0.008324336076186588,0.007735550355074504,0.042898292066863936,0.015733053136657352,0.04085382127755474,0.015100378972357222,0.015619727654413145,0.04785528895192747,0.022639273119136123,0.03072691248730201,0.009610732453802532,,,,,
0.02156259868853153,0.01322455289870527,0.014222557644315122,0.00919341900982899,0.027866701555860175,0.006902101459636803,0.05130053842798911,0.013531819323973116,0.011997937983895987,0.014280495264096471,0.01942393485995113,0.039723594732240575,0.026102065797979176,0.007935509608280338,0.00698747978582635,,,,,
0.016670447227164237,0.009310556098110904,0.013529016035791382,0.022190926285917827,0.010003343032657024,0.008516831710751882,0.048369056388888325,0.019496351221354923,0.00824702318921553,0.03126240174712126,0.010297272614382699,0.04939973052585607,0.022034336085364037,0.006104991056138309,0.006093935902377261,,,,,
0.008408844548308881,0.00816393709156953,0.02363800145297983,0.0060133399660265196,0.0077053171713809595,0.005929353148615018,0.0397772335592228,0.02028902265260577,0.024111015958656876,0.01296730255952907,0.01804291288939576,0.03803903127447684,0.03429928929758825,0.01336025192408444,0.007759986309613773,,,,,
0.02063415948989712,0.05459151246580117,0.01709210567673024,0.009571557719194768,0.01651084257397882,0.006678718449772165,0.0315403627717054,0.009990209300877044,0.019191741275181147,0.011724624228753703,0.017645700276760875,0.03864035972174506,0.034453994839049165,0.004829877166180259,0.0065385691332243475,,,,,
0.014928662246259397,0.015398428364538898,0.01867847534648007,0.030641122442293896,0.0037140378560619274,0.005212169771422098,0.020336789628014995,0.011913337091961872,0.016781023897966083,0.033694889736932195,0.0169993712559109,0.02777725986339133,0.05157132123874502,0.005700326635322611,0.00341348236709356,,,,,
0.014995159378230528,0.01534602215597549,0.023462171242476165,0.00836973810453821,0.008532043746469343,0.016067690002377524,0.013046560967719802,0.024568726755894877,0.017020335789222334,0.018799575342571366,0.008006277348964315,0.03153944797896746,0.03120181446349199,0.011694724170710746,0.0075511769806494095,,,,,
0.015437957513191401,0.025117256580218104,0.020880127418580377,0.008536184326124298,0.017704173028791476,0.0058730994899501045,0.027610942050593265,0.02590383662417088,0.01094037214803122,0.008779274602806305,0.00953596228879609,0.020683370783731277,0.050376082720371425,0.009143031525456584,0.02258479312258718,,,,,
0.009133950004787601,0.011440705635085736,0.025220364430668663,0.013252444796799961,0.008056169227675524,0.006052031405348695,0.013537088892112983,0.02399620020644518,0.014661448809413436,0.026094153120363284,0.010232086155156524,0.026352184179913092,0.046010793021572925,0.011237833870108247,0.0051313706225676456,,,,,
0.0148839479714412,0.015395312185855449,0.04275028101672284,0.008390434674408406,0.007643134938934083,0.006197745351825665,0.01794618638123124,0.028753303711111476,0.017319486387126062,0.016189796518723296,0.01445845391344315,0.020090059341772395,0.04894156546533525,0.010005416909124364,0.005844048531151663,,,,,
0.012249214307904984,0.03586214750978068,0.0435526402224811,0.008266536850500822,0.025531824236761046,0.004994601645712004,0.0395998195408108,0.028277532202445547,0.016442864813293722,0.01466144880941344,0.017398501753511778,0.019624960232645976,0.05088381107679247,0.02551724357768639,0.046481527878335635,,,,,
0.012219642791640678,0.022560895201301064,0.04803693524361992,0.011480307652109018,0.006479049610401261,0.006864470607743978,0.01056961629335228,0.03546363027089186,0.0159849968534874,0.01915413683056904,0.014900078844632271,0.019971979745839044,0.051016615074716616,0.011383436695154904,0.004199484606832417,,,,,
0.013262617204712075,0.0256440123123056,0.05077482524602413,0.00963633434938457,0.00751485524125592,0.009536234253382637,0.008925757311032694,0.04332480840319908,0.017604130807249062,0.014775190868242666,0.01300611976795696,0.017728235939314982,0.04997537180424961,0.011729931815429735,0.004414675698724363,,,,,
0.01983025853944078,0.03279913201316735,0.05461232252020587,0.009510090187731435,0.011702261753124343,0.006528645514864134,0.0208862592933074,0.0493391544355561,0.03923186928407056,0.013831769709161314,0.013198739101192576,0.01704127453154472,0.04118260452700529,0.014284308565376541,0.013948210368876172,,,,,
0.013552000234004357,0.030301364332295286,0.04557692133333155,0.010197047922017869,0.0070783797511966865,0.005425257241926876,0.008763307971359324,0.05977761279824419,0.02306604123260306,0.015988626666534715,0.05507837888523318,0.01710583223727665,0.0392242001820922,0.013383889288043143,0.005857844947435737,,,,,
0.013705212992190524,0.031417357454649096,0.029814209576572416,0.047390134972483226,0.008243563240549028,0.006442671450450213,0.009174463377376131,0.05904269503850032,0.02642942608574291,0.01640146855746259,0.015100636594259165,0.04053855956650645,0.04708693286284564,0.012695859389579603,0.005149029824911581,,,,,
0.017593133445634592,0.032955321962804665,0.02551089051121076,0.011120824434780845,0.009474571774626676,0.006349002062164524,0.007437496672963235,0.055554397182384356,0.036723524674780746,0.018430160150983026,0.01545883762072093,0.014434038337507551,0.03007231683091061,0.01532989528686901,0.008672574195489283,,,,,
0.040084953379514884,0.03822246900638339,0.025187578014434223,0.012438386636332982,0.008303630922877586,0.005078024561885926,0.00834363007067514,0.04093635176360419,0.03117137786022029,0.020813492125763503,0.02937340078327006,0.014676035076273363,0.02706737572034789,0.014302453195018106,0.0037402187961822673,,,,,
0.018062379103867165,0.0394161380589774,0.01909867770937428,0.023200503674498142,0.010288359174935065,0.0067212979369018384,0.007648223069803538,0.031229148824903186,0.03664774876570304,0.018297618405379534,0.016326206302718183,0.04389046442659495,0.031796285005808736,0.015354469841518113,0.0036832728973572922,,,,,
0.020635871927602526,0.03496986044909647,0.01553926137942571,0.012462341784368582,0.009332813713982865,0.027743393660040784,0.013511872193136881,0.043879937784452344,0.05096998349866407,0.022115987550776442,0.016589664385177543,0.015173004601821014,0.0232799589288414,0.016651865275673812,0.02085309465692622,,,,,
0.04557126620877654,0.0366816927500197,0.015250259369101137,0.014082069846647442,0.026679902094347438,0.006584271318585481,0.008098551822102245,0.023921563787004812,0.05981772549488077,0.026183945992198317,0.021051006168711653,0.015684121751756534,0.021869525707383,0.01630313633543271,0.003672342756969219,,,,,
0.022620807635954622,0.030654714813591066,0.01306443950840391,0.0404129326362482,0.009529977104289673,0.006314595978630937,0.006364964027824204,0.023570924300094963,0.07245556724801386,0.029824809365281386,0.017835744697646108,0.021408711637129957,0.028439860848735787,0.017538154105928686,0.003481656259031572,,,,,
0.027239393294176538,0.028038058530070912,0.012121191917016388,0.0177040814724206,0.010754089962977376,0.047030064320250566,0.00791833298337424,0.02163016358525493,0.07357549958106473,0.03152365591273939,0.02146593503694783,0.01704186425064494,0.019937131708676118,0.023517168938488413,0.006285780383531201,,,,,
0.054673590431620886,0.054621623623269625,0.026623462167347005,0.02029485391278756,0.0525247912237385,0.006305193939641815,0.00682297474569057,0.018799627075338086,0.07222285859025857,0.03638122337840174,0.026367237554309662,0.0189648765323089,0.020043920247916,0.020495815194519866,0.013134500975045182,,,,,
0.03620149451277634,0.021905073459823673,0.011475364874036586,0.045901254679354415,0.011876052802026252,0.007978167483898475,0.005939841399409666,0.01525023811140672,0.05917695447787145,0.03240221230177349,0.02441246246354148,0.021596925434830008,0.027073938303962333,0.02283438166331317,0.004410635006530017,,,,,
0.04292125939242908,0.018100872626241986,0.010388795139111007,0.023847658962083813,0.013624527732023425,0.03233173024379883,0.006497636307863893,0.015130748077715594,0.04213414753711432,0.05034280767295835,0.03272559202023146,0.024390368668761507,0.01805376196721724,0.02436322556858223,0.004311846134849043,,,,,
0.06959062971288323,0.04401096049944946,0.024936126740673928,0.030154296196032437,0.04315633032106904,0.006605703462036449,0.02709374813606322,0.014122827324219997,0.047803396929429455,0.07297579224416012,0.03706222734883183,0.021092683464619285,0.01951651055047874,0.035768663044757086,0.050086738030767665,,,,,
0.06467368204442261,0.019561904945258946,0.008812555866072097,0.05197207779850079,0.01486075507045962,0.008240927987416232,0.005921201026214792,0.013887649542987485,0.036964305980154585,0.05656230944582233,0.043205407568320135,0.02394177483892291,0.02252487124919531,0.0308272003952618,0.0038511647077021155,,,,,
0.07469565357755792,0.02009133409224379,0.008470610722330536,0.0415238074199558,0.017887272348694708,0.013572079478012535,0.006442520493384396,0.01348100643070515,0.028757982334643238,0.07933383361151018,0.051879184358030246,0.04888665546574846,0.01939846593943019,0.03239743955063569,0.0055495573841244285,,,,,
0.05772305782112746,0.045777066304468525,0.030779956954655956,0.06025724584735017,0.04206685489803335,0.007444423928756452,0.01977451524107239,0.012421303458060688,0.05697515930212049,0.07507657895318735,0.06463368895569296,0.034705124325040616,0.02222419504145086,0.04481858449537729,0.015510862666852572,,,,,
0.05937535573832584,0.02282010897955088,0.008296600500041603,0.06025166650933846,0.025291565626226704,0.009658680340158538,0.006706812572288152,0.012138483803373953,0.02320441583884586,0.057611952010687605,0.04372674609479421,0.04831272405693052,0.026816553663740805,0.03308381954343481,0.006713576298489649,,,,,
0.04966450638769515,0.02511106051909466,0.00855117238164966,0.060655770991171476,0.025431572724462594,0.019337287491206695,0.006720333217295181,0.011852143526911947,0.020131568189416308,0.04572508452967299,0.07585876681120816,0.06960563299353134,0.05766713253720288,0.03028260370806543,0.005860887969606469,,,,,
0.048937007994579895,0.046571753030666116,0.020068602350082027,0.0661766926535568,0.045862202724401245,0.009496718077232538,0.011822428872899495,0.03509925853189918,0.02957024280092417,0.03990708772311453,0.06911221989168213,0.0578795997432278,0.03543766850166289,0.03747647305654148,0.01045101932609466,,,,,
0.04087854002647435,0.03391024547953544,0.00778538663210077,0.058552898012977715,0.041110206048442434,0.010883806584555185,0.005835221706478061,0.01077303466172974,0.018762342562133258,0.02808399270533862,0.055335720820496793,0.06808467152637994,0.04255369641650135,0.03064616871871192,0.005588617324657437,,,,,
0.031187597780271217,0.03993619172552432,0.0074398936231923505,0.05568966754766515,0.04965304930146931,0.015902750287937892,0.00715690227846406,0.01093029262418805,0.01660773033558838,0.026928602142294006,0.04138563974335404,0.032905390314258855,0.053445253884505294,0.02872636708900214,0.006496837974366775,,,,,
0.02502353273422976,0.054925132625870565,0.012748733816389845,0.046157654839781424,0.049474846713351284,0.014955738782901004,0.006747437365815655,0.05246619822427055,0.02205399822605959,0.024055246674853013,0.03493275910667962,0.05409772994649469,0.058170263270887125,0.036847301458650436,0.008448997880511103,,,,,
0.0221899912963177,0.0554961054278791,0.007680369621315766,0.03347635720606901,0.05989591642813962,0.016285946778450695,0.024720725165614143,0.010541207051467315,0.015239711912561996,0.023500069271471802,0.02570300669784924,0.04490197889763252,0.06146015496495635,0.02890197102426845,0.03922981992947349,,,,,
0.0230426987030425,0.05865408089869407,0.0101012214883126,0.06680125962042228,0.05458766426014073,0.017956895310484368,0.005559770854494654,0.009408647055822833,0.015004150319329288,0.041891855564550065,0.027084473432430527,0.03590692962886454,0.04723352349909113,0.033591814148028074,0.00924966731833498,,,,,
0.019912270363219308,0.04327953706124774,0.010908768418789802,0.02728822829859416,0.0435654412027376,0.029388572314363887,0.008216975415451614,0.06406885729369047,0.01661873604471777,0.018899378975419965,0.02448598653522673,0.03806689794832225,0.047599928580811954,0.04628364479183557,0.010931834800420858,,,,,
0.021667226243995114,0.045763927635407785,0.01051287522357186,0.02255773372543818,0.03832762259353038,0.03004859106539743,0.008110551935107317,0.00983799361321615,0.013244149484789471,0.01651737962868069,0.023549995779223353,0.028220852693814826,0.039639937777825984,0.05139394790185916,0.018938995688483666,,,,,
0.018019162256502186,0.0270807267484074,0.008246708708412744,0.034530613587019955,0.033135126010383056,0.030238980202006376,0.007222014737809589,0.010024062489472218,0.013315894853813355,0.03626684300167785,0.02239503816340051,0.028599001183246986,0.027636232717627853,0.04808283122718039,0.011152117921471772,,,,,
0.017594183741807906,0.02180884263456879,0.00904119903687429,0.018698649573613144,0.022571454193787456,0.03918011508520794,0.009617206735207677,0.024333934033411796,0.014658087491625218,0.01587026342796388,0.01724323008091093,0.02045567945312424,0.036658044036364835,0.03687793240389548,0.010548001513484884,,,,,
0.024943600977488156,0.021450706510332478,0.0074137031887459735,0.017170732508491472,0.023993173808616028,0.03613232253389026,0.04169190773906415,0.010588829809719636,0.013166646903341728,0.014900144116317375,0.01640472955990658,0.017119093308614462,0.024562022765150623,0.052125777725618355,0.018807075108117546,,,,,
0.01606758912099829,0.021558102873307727,0.007786011210185442,0.03174162990584315,0.01925967852626018,0.02849434133999462,0.010031659673404109,0.011469685112103938,0.012699535855961008,0.018039390925531414,0.015398996788581632,0.020364300818005967,0.019586747572563852,0.02982924385129169,0.011710015961146892,,,,,
0.01532118014256407,0.017338568175456585,0.009025013298545536,0.014936651455968841,0.016795525866324,0.03020851787377716,0.009606177612037711,0.013557166308552419,0.01332565391380351,0.013658677241173003,0.01478712205306572,0.018375462267546445,0.02047050796752681,0.019030404190892455,0.013112169505922547,,,,,
0.01798633451955893,0.04405969649440158,0.00929581595330855,0.01367089516675386,0.04583232783093725,0.023372532639911184,0.027850363440428582,0.01034316645128188,0.012642122768838731,0.01321327170131973,0.013890730531639885,0.015202887456179922,0.016406843924139245,0.022295731428636466,0.017217642117173793,,,,,
0.013211308770610832,0.014943530041066168,0.00973397327558801,0.03274560626041302,0.013133118712976255,0.014984151104358032,0.012615194318909792,0.011867532963368801,0.012028162392989483,0.012790597189861601,0.02857432440150285,0.013088536799717932,0.014597806746762974,0.01642921577711801,0.015783352821146315,,,,,
0.012633888603680817,0.013531699537211525,0.009597230339852044,0.013568185472116795,0.014353136130097479,0.01965942169107351,0.013154231717141737,0.012225371893345058,0.01344922620996475,0.01278935519605078,0.012576072714275414,0.024545386853607076,0.017409975857095368,0.01493734596791841,0.016017170048810734,,,,,
0.013875388839396357,0.012664643127913601,0.022173447151962466,0.012246964509184496,0.018987000325676323,0.01196156788390878,0.015039952561751054,0.012192844802054986,0.012326988548532513,0.011948036218710505,0.011507835294134232,0.012071343123819947,0.013902488025948888,0.03952033041589662,0.013960917986452458,,,,,
0.021167737787277638,0.012544920167771452,0.011702067832090381,0.030928662020261222,0.012264105495922132,0.010567775847988955,0.011129566352109876,0.011864281797739868,0.011929653088850101,0.011304562312891987,0.02463082327191005,0.011500170279056404,0.011726172523027904,0.011752158884677495,0.011836898409208955,,,,,
0.011297677647402526,0.012888462266132716,0.010008656480816532,0.011449090052246771,0.010426080933833213,0.014629573747119982,0.01086230964461221,0.013080608436752999,0.012565576716591764,0.019809240216679458,0.011426784133472971,0.03722476723008307,0.011663774714627042,0.010482147540541355,0.010156527918452526,,,,,
0.011757343750134697,0.011999694159938129,0.05806704819247668,0.01097055515452757,0.010961893445638173,0.009407716695571354,0.009896311208630664,0.020183820072692888,0.021696008984402132,0.011003218905025758,0.011036167856580896,0.01069678180232014,0.018425234313820905,0.01386784020140694,0.00967528031584,,,,,
0.056554554236494546,0.010178878470035693,0.008393216110880616,0.01735202503914946,0.009444585027334843,0.007830849918214885,0.009117466692627864,0.016089062573184827,0.01215356401387712,0.01115328063596763,0.013924017646792533,0.00983716976966858,0.010599356400615493,0.009444173118674081,0.013123661124895056,,,,,
0.011660299923740137,0.009597230339852054,0.006893453737569968,0.01059323756252404,0.008502698220229664,0.009825298763148315,0.008044087987345,0.020877565469276216,0.013432945906390227,0.023334774798729283,0.010401768429883,0.01652326665265542,0.010473484300365345,0.00939292194071212,0.005943933345802297,,,,,
0.011795195681328143,0.009878212143741441,0.017339241266680953,0.01080365517376817,0.009695931808651989,0.007384259621573057,0.006285367775073974,0.021584793375679194,0.07459300525101623,0.010454027782115164,0.00920399175179352,0.009211139089659297,0.0222147406312693,0.0112903580903947,0.005861164529644102,,,,,
0.022973939946599155,0.008659556012127933,0.005496731204024414,0.00990364632220948,0.008814027212510869,0.006978752048124792,0.04070197588679096,0.01951471650010066,0.01257950071182437,0.010959763923328519,0.009658378258334082,0.00938546400605839,0.008510320268679324,0.008423481900906625,0.024665913867016106,,,,,
0.011881865721385736,0.0081988069046892,0.005595863640534876,0.06079808761127255,0.00892775469754484,0.008119939636612583,0.00537482884620942,0.01709276950711832,0.013812748640645791,0.015360317141094466,0.009451550428396611,0.012358296970893579,0.007358972568341183,0.007691842056988712,0.006584271318585436,,,,,
0.011878591187103077,0.011624658291059683,0.005483208653760438,0.010098814177256108,0.008460347674927723,0.006333306996884014,0.004764801452722622,0.015571772597153513,0.032180492615023544,0.010219405021044412,0.008993167259779437,0.008267634841226088,0.018297051441712998,0.010238420832225224,0.007389526005740411,,,,,
0.01731866277812985,0.009031333135477736,0.0051242899017794885,0.010060476650815503,0.052998886234050004,0.007101607704752202,0.016857486404254763,0.011621339179433664,0.01507870151971014,0.010624284739979391,0.01005635117966933,0.008366328905561311,0.007039020286429452,0.007694918145006345,0.024814338532080458,,,,,
0.012760959212155486,0.007322184430779911,0.007356813652598193,0.028962477940777342,0.007806677307431287,0.008523832618979087,0.006108813178839231,0.008689565676300704,0.018339436693197434,0.014754639630753116,0.029390877701424626,0.012271425433747268,0.006656109070792767,0.006966803355443255,0.008615831879682236,,,,,
0.01453504584423234,0.007345524102031143,0.020780148952585765,0.009400822271106595,0.00781427298852608,0.005509632203274353,0.005737908436799275,0.007701277112726344,0.019701459390632614,0.011030526454774422,0.008206039630493241,0.007521926749112516,0.010532130690244343,0.006975964301359819,0.008235418766398002,,,,,
0.026501843863685783,0.03976959626014691,0.008418207683933096,0.008997203722881925,0.02298178432002791,0.00617468740370226,0.0064321967013765725,0.026635185719883395,0.019462283962382438,0.010138381776837029,0.008436672230963269,0.007286678847977367,0.00703717782797373,0.043772651025206104,0.020510440828385615,,,,,
0.014018387541344282,0.008135256227097782,0.010307845347158156,0.022951563123547798,0.007233317784920616,0.0067719920685625325,0.011427124576027868,0.007394437913606779,0.02471947931368115,0.014418870025277348,0.039701063922075785,0.009907213676575054,0.007150512570256022,0.006229414755132683,0.008411928212847732,,,,,
0.014719883342911447,0.006426599824696115,0.010294753696637736,0.010731396763669871,0.010009433822006858,0.01541885740307649,0.004598824782512467,0.004880622381924675,0.028520633240375008,0.010498063047225116,0.009655860542274894,0.04463424151308711,0.007141439348351981,0.007622620865628222,0.009349472153163693,,,,,
0.019438533108689492,0.006635084052365631,0.010014323209572852,0.009773691123919058,0.01572342749184586,0.005491774834039722,0.004741543907481383,0.03601038244811842,0.029261219341092937,0.011049349266068608,0.008483613139240778,0.007066232502848565,0.006672065153028388,0.028997771235522145,0.016216046777606654,,,,,
0.01957774162287557,0.006719368359180889,0.010282654302082472,0.01027915416742644,0.0073772319278870135,0.0050246282845728615,0.03475930729678842,0.006043454714843792,0.02695459317242439,0.011761065514798818,0.022374241320155558,0.008445582290884261,0.007603671751015664,0.005719346797067513,0.010477569291767531,,,,,
0.02715054775721681,0.008036790188365853,0.010470605281271542,0.00787975438671531,0.007639613665854315,0.05821817167522406,0.005690251507100377,0.006333870032578469,0.02084500909660652,0.02455331012199425,0.008777354231097656,0.036713397879460964,0.008394490627929395,0.006942190540330215,0.009421318361845656,,,,,
0.027675255796561025,0.03755666264104543,0.009536778159288613,0.008690199879007123,0.012461327229089051,0.0055165121531008405,0.0034741992869687425,0.023871246484761997,0.019959233560366288,0.012606582553098789,0.007793710224436891,0.0068044667940074235,0.006069575732725695,0.011914425520223551,0.008990859895804514,,,,,
0.027630894852617514,0.006693022438095121,0.010814961890834288,0.008647567972861639,0.00852478338568036,0.006406390341244185,0.04675005833792262,0.003916604637508077,0.01978724934669578,0.013879243370468154,0.022247828060856113,0.0075320481297700284,0.006079235526908633,0.006061879597816974,0.009080876754932509,,,,,
0.03002506249547891,0.006766245055121415,0.0091984954425791,0.02311826540846955,0.007220892439078312,0.012484173731787555,0.00494509176608987,0.004402321583199109,0.01407804057285889,0.02820176561442186,0.008618841488241191,0.010519040807867896,0.007794001389163606,0.005911118461487978,0.008427445014431644,,,,,
0.021145120679085694,0.012650735967065473,0.009247669349370272,0.009658378258334117,0.008423481900906613,0.005941751325080863,0.00471198376973436,0.009702883831690219,0.03429593379511304,0.013507720833263378,0.008295310942866613,0.007146521771803512,0.01881989536614996,0.006668420025542508,0.008355782587310491,,,,,
0.021023267925190624,0.007215143534537035,0.008642468020794011,0.009133098149249053,0.00636369058165908,0.004912401913302817,0.008868002972468137,0.006739986173274131,0.010883061908930194,0.014349521857126455,0.009734639342830404,0.00641529035737604,0.0068050861246627525,0.01465266795499789,0.008682698400591854,,,,,
0.017081177219297902,0.006802942047567212,0.009084981299799847,0.024379839510451157,0.005753255594767409,0.01969948470620559,0.004567702537120131,0.003923220807834933,0.007440242206169536,0.03557826024984631,0.00850635765582845,0.016652566123225764,0.00531587897127266,0.00541951774575046,0.008912054083596205,,,,,
0.01281609477653321,0.009889921300907817,0.029913894375968024,0.009622868158232817,0.006220248791359572,0.005236989767846012,0.0052690194525532395,0.006382867177499875,0.04198839195263647,0.01819376583235595,0.008435135062491142,0.006602561815839109,0.04067449584292342,0.006907970095557712,0.008113549190167752,,,,,
0.03360112580037596,0.006653381037333908,0.008520789452620758,0.009225768550941585,0.0050926231197427774,0.0063063763868312864,0.007953138292127111,0.004568057390061265,0.006857997521107045,0.022881397102110512,0.012341050391381194,0.01056455429710406,0.005789710030291888,0.019463866322155195,0.03840118118952232,,,,,
0.008874142376743261,0.007261944859435716,0.008652177840679787,0.008893883922741696,0.0062754570334588285,0.01065743182359986,0.005033395251015416,0.005263910263305904,0.0080148164740406,0.02218682080391661,0.03266567421036445,0.012022905570294088,0.006646751151738663,0.006832992792645556,0.00817596018964565,,,,,
0.008616170513125456,0.010486476476754028,0.04181241295710707,0.009193701107406803,0.005644317575978054,0.006494791796869214,0.004218816409524901,0.007304142533122305,0.010918749050179683,0.022408626776546158,0.00996333677407446,0.00705190401696186,0.019480381810957233,0.0059648944808686774,0.009099279185208335,,,,,
0.006788439875607292,0.007926312474001466,0.0088390026290842,0.009510942363151255,0.03267527955542956,0.006933078486381909,0.006940322376374934,0.005373803386028666,0.006995408856607807,0.02779098143174185,0.009879688852300991,0.006684928685041755,0.006677893218446598,0.04838980233751753,0.009392369704191522,,,,,
0.006791113655290381,0.009318108778159952,0.008943717731020467,0.012570090811738484,0.00607555487539737,0.006058723497018703,0.005160601540996167,0.0051707055491631475,0.006211956548118122,0.02857687698664634,0.01834890908694598,0.008371558357951649,0.008532993598267051,0.0065302343072011085,0.008683781103474716,,,,,
0.00838239422911307,0.008945348708333814,0.02990019292133406,0.011348068200146121,0.004916689600174149,0.008363189664553565,0.005216894657320771,0.005480843213451134,0.006184969288817398,0.05315924709296715,0.010805005403756576,0.03834390129362018,0.012026437330138272,0.006526708651285976,0.009525519781342705,,,,,
0.03432952127744913,0.018566714955144434,0.008922233557838664,0.012957173523446113,0.05696571891275763,0.0056646705411147035,0.0069973086434430365,0.036108062629987836,0.019827838887361775,0.024643915749263095,0.010621019283419438,0.008568480279937462,0.00879399580871066,0.01481408527035638,0.014283400728840772,,,,,
0.0055091614655326734,0.007811160897716149,0.008630268429038017,0.01567618260118263,0.005719800236649399,0.011349210839763564,0.013372475839724788,0.006635279486425592,0.006494043034261435,0.02481674227032626,0.034307000983014306,0.008436364819675517,0.007108315019737602,0.007614237973735783,0.009870496854090105,,,,,
0.006713962591323375,0.00945172192522634,0.027949687166624892,0.012727966993682558,0.0059837779886108,0.006123654311409008,0.00647239141353443,0.008106873788861062,0.00656316435320509,0.03226605792427718,0.012207539191768448,0.007390929741088506,0.010828382638920865,0.007585102704369681,0.009680371969557407,,,,,
0.0266441544660615,0.009372917166287707,0.008961967722614875,0.015369769437102315,0.020302519869815717,0.005476109267532352,0.006384898449924278,0.06362569228681265,0.0729825310012003,0.015875920755467305,0.01292310187874963,0.007242454950489627,0.0072119077618574435,0.012735733065683767,0.009895000794736179,,,,,
0.005883908410999237,0.008120937689616376,0.009401753313603038,0.023438172041498166,0.005876189781924014,0.0060215826986082955,0.055474797082446965,0.005862049434084822,0.006896509878094612,0.011763049974467596,0.029940942825264976,0.008324336076186581,0.007383205893963058,0.007698119341618622,0.009754035215961944,,,,,
0.005760013400109578,0.009921176186956092,0.01477615624864143,0.021362491733205185,0.005406041924449502,0.0053146591454297145,0.007120754700150355,0.008387343107625666,0.006601727064763055,0.04336828333554373,0.014908844448495181,0.010567530431055835,0.007998985582088423,0.008254292215618355,0.010952100134622215,,,,,
0.022173388670202156,0.021516920283249624,0.010368210474508945,0.02146611626385954,0.018534961976503863,0.005358397933749829,0.006621585172094542,0.02543625057125322,0.03016805417997205,0.012631861303861482,0.016761230024135192,0.008915581860079335,0.05266924668900282,0.013310269803000978,0.01378305064222308,,,,,
0.005887653808303895,0.009603477427137266,0.010531361147543423,0.026576955372639762,0.006478048814953559,0.008579634230734708,0.01593631014075678,0.0077833876454282925,0.00659976252810549,0.010865174382402299,0.027958674855232162,0.009271476698420688,0.008214607888558996,0.00826587014211666,0.011003454604530493,,,,,
0.006261234635308702,0.009318908933856415,0.01303890543893863,0.040848456698941965,0.006341491682383546,0.03410438107847234,0.007183306930166939,0.006223583431014121,0.008080237398015345,0.020413479786847422,0.021623852867773453,0.010024159511081779,0.009881887098395329,0.00926997304463992,0.010660351617993445,,,,,
0.015156351415082118,0.01770622376742307,0.010181266850296949,0.027024164253749264,0.01882039490367445,0.00725569233813329,0.006211121495479821,0.021834528830089208,0.010769272470358993,0.008932292551273344,0.0242314692874305,0.009669817208114865,0.0595678229084408,0.011081693009923541,0.01197351400067046,,,,,
0.0055612283904627295,0.010470109886342942,0.011852663212012034,0.017594902329381715,0.009348085083724032,0.00511650246320592,0.009282135158326188,0.006051174283329715,0.006462366173376068,0.00845145318162887,0.02808340398510226,0.010231325730344134,0.00919764956502492,0.009106544307397225,0.041914608665285215,,,,,
0.005201647734407194,0.009044819811374486,0.013112985372160366,0.027258619065692175,0.0063673574171336745,0.05153155857512163,0.006083233709206571,0.005933506964725469,0.008022902041266097,0.00866834917024802,0.02747746265301793,0.011717350038645788,0.009742062907930128,0.01036605281175307,0.011611962449018961,,,,,
0.012817233008048249,0.029530803718072242,0.009711132895007968,0.015427286219198094,0.01353622673952213,0.005755790701566775,0.005791893358379968,0.00863237174197132,0.009512987272699603,0.008523832618979136,0.02732821096775968,0.01061369124090812,0.05340806401172244,0.008780123864010555,0.01194529547929911,,,,,
0.00697982038917147,0.0101488644929798,0.009927872523109034,0.013324267151550072,0.006556443240993363,0.006051174283329706,0.010202292262828375,0.005972661309207504,0.007389526005740403,0.008394143051562207,0.02009288304725663,0.010201148272961818,0.009678496408774268,0.03132450706209266,0.048818948789429016,,,,,
0.007064397141587779,0.009987775233060223,0.010509174136708883,0.030005567309173597,0.010368210474508947,0.005735195851651851,0.00617006547379463,0.006554415671276203,0.007030587090415563,0.011093271590814009,0.025362017303730423,0.011665192132006596,0.009483634768926403,0.009586414956294103,0.011692423132001277,,,,,
0.006318701764905659,0.013089403673068168,0.020370158272837353,0.013042087503093628,0.006696170056344485,0.006700042018074454,0.006343280674595688,0.010176457672898797,0.007231300679416475,0.008444545827644367,0.01740222794121915,0.019318434702372805,0.017338325108315098,0.011086811298158994,0.012026679932053029,,,,,
0.01206253121732874,0.010944134765248869,0.010758701203257686,0.012282515934593199,0.017054034540285347,0.008574682911318595,0.007748949462850493,0.008983645563733423,0.06174726780282022,0.009310590917139849,0.01691860688013988,0.01241441137749381,0.01053234615212482,0.010205945815827499,0.043147142315084375,,,,,
0.008124928675639577,0.012690751419391131,0.011022058938136384,0.01577776503713871,0.007506179246166262,0.010175565655094225,0.007758356854734749,0.007914729348061445,0.007751626505075853,0.009827938003752501,0.023354813490730573,0.012534372220072027,0.01023208615515645,0.010581479474901833,0.011869062615513496,,,,,
0.008540550651393019,0.01385649783594692,0.06586399951917322,0.013276884549781426,0.009635829706843586,0.008502545709566746,0.007567773323914968,0.01294295450858451,0.008686468609941341,0.06727827377695772,0.013428963274645165,0.016813736962615327,0.030851073450708134,0.010880827576264915,0.012664643127913568,,,,,
0.00858284539095017,0.024470716493354725,0.011180134678591521,0.015064182340828028,0.022346694860004925,0.007811658915562142,0.008408960206136759,0.008301561472385931,0.03782489041843286,0.009084124852266678,0.012142462526724771,0.014795888845035975,0.010877102668560647,0.022639258799540686,0.026298492670416077,,,,,
0.007895865394958798,0.015587316459182076,0.012541715357319159,0.031531151961534956,0.009914900395035446,0.010360046515672716,0.02933571942634364,0.008577517985924519,0.009510533328479134,0.009901813053228016,0.01889795520487065,0.017166370651626756,0.01116911056146222,0.01189767993221862,0.01329152683109882,,,,,
0.010448444392499605,0.018937848792332547,0.054832506311087895,0.0255096578330669,0.012372663857111877,0.008838122345318224,0.011330685890956585,0.012175816498418595,0.010830178797704237,0.07401235083997294,0.012814678169456532,0.01652051963586244,0.018326298020156517,0.01208315388156723,0.013450190350215956,,,,,
0.02776530630798506,0.03376624194612892,0.014997321154264031,0.02557078790168606,0.01568941228693599,0.011005575672921278,0.01141588461113233,0.009488009265549711,0.025120057214545886,0.011899314685513524,0.01371408042878946,0.017749453720811444,0.013575709691813551,0.01588969822736331,0.016781023897966048,,,,,
0.01170040551995892,0.024112965480125557,0.014877499441129035,0.032207882141517624,0.012960175544621777,0.013861176224577833,0.05574622166979318,0.011328625693396809,0.011857476054474682,0.01274812351034535,0.015278272519905958,0.02265242900061923,0.013698966873955342,0.013817254144684904,0.014618822402925072,,,,,
0.012508481790182194,0.023348594032877562,0.10480228631618471,0.03632381939129386,0.01370121485810819,0.011689317397910244,0.011987801175337239,0.01258864605903539,0.01263914780167927,0.05428602479037781,0.014314348108806055,0.028067885024817975,0.01364830121944366,0.013793842356413474,0.014510379338978814,,,,,
0.03090160738704521,0.022891029359086188,0.026602449118165127,0.03772711826842753,0.013547023633595988,0.011018528885701274,0.01150107231067971,0.024005331129581444,0.012811667359336278,0.012870213329620126,0.013831394700578,0.038480244124751393,0.013629285746944825,0.014589809749399751,0.015030120299684528,,,,,
0.011404065039633633,0.02354428226863583,0.01984455788661103,0.034497127920067046,0.013789517280401259,0.011070190172512,0.03361628910357467,0.01140051109144651,0.011843250645381255,0.012842374795469668,0.013522904291660956,0.02655552708401323,0.014066591141916066,0.0421921904591574,0.015435668428066257,,,,,
0.011981200886261513,0.020990180762096796,0.017001735823380867,0.0385765697100076,0.015198963348800124,0.018137372057540794,0.01138548697469855,0.011367049665388249,0.011452034471266631,0.013452142522578977,0.03207191358480338,0.025883804964536194,0.014914409997547999,0.013279423701909952,0.014591142886663798,,,,,
0.031613419405569325,0.016032848259773243,0.01291989050943451,0.035013135782089394,0.023201579585453054,0.01091664080807937,0.011722882153265559,0.026337909969378875,0.01246143128984227,0.012029806363268796,0.013018999917074569,0.03430292799263952,0.013765987671449188,0.013875972928081305,0.01544860045113771,,,,,
0.011338694211909991,0.02555888053578709,0.013099900667755878,0.03269387692298754,0.018384492898013045,0.011702261753124336,0.01160947746303174,0.012037214917003854,0.05292112711089861,0.012558737998012213,0.014009134204401027,0.01968302129841946,0.014229189073533354,0.05641603088121265,0.041357704687326004,,,,,
0.011531024683342756,0.01524122217757027,0.01454055381157014,0.06777372597714984,0.02061405521233256,0.05808646801026911,0.011734159579782313,0.01184434551419209,0.012412739993783164,0.013262446098926546,0.07060346188324049,0.017917712534715562,0.014344030938196688,0.014261618046531423,0.014538524803220992,,,,,
0.025025605482026356,0.014678332196357604,0.013500254773883507,0.028795800508216896,0.025988599340256845,0.011505158755210751,0.011959101326941913,0.03677032592658489,0.013085043956803346,0.012915473572839701,0.013111007426968056,0.029024645856467215,0.048117446819800146,0.014491600241037192,0.015157271130994202,,,,,
0.012718794380762453,0.024571260071371465,0.014728954279730495,0.025370503336841838,0.02405158073554413,0.011947710619216834,0.01320833928362846,0.012588156758032674,0.07008696550327835,0.012900404468741413,0.013819318676452187,0.01682948214138397,0.015198963348800122,0.06638746995288611,0.03903219055141783,,,,,
0.012917079906352819,0.014500009129731014,0.015700731346333565,0.07641929827980805,0.023105178338363872,0.04123335484955269,0.012073491393688724,0.012685641392439646,0.01304593974491794,0.016268599570262915,0.04321447065988308,0.0165163393696784,0.015898020154129795,0.015146145239147596,0.015315931742385552,,,,,
0.016236984483635166,0.014794398856907007,0.024241581461225205,0.02290101146563227,0.021725872741117827,0.013245813857700716,0.013224062611978782,0.04026080938153737,0.014262618188692233,0.023218605871201017,0.014136043042421267,0.024410085318531706,0.029471936630868972,0.014699320942821824,0.015470409204837677,,,,,
0.052570055979288634,0.026068858693813594,0.014356207546699922,0.02431068875651167,0.020199490144473704,0.013169527326264611,0.013291746342528676,0.013369372412019043,0.03316760186302468,0.013792714206467823,0.01466206791548237,0.016580848875355398,0.017869139369885247,0.022879994420653343,0.01797024994765325,,,,,
0.014036506386562723,0.01504911061885449,0.01573931591774894,0.024493280478824354,0.019520015117590505,0.03593078398753389,0.013500254773883521,0.015001730211424221,0.014196366327056578,0.014682726645537372,0.022925558849091785,0.015665590808346574,0.017387486202601495,0.01613989981755624,0.01599073522976507,,,,,
0.015405058673321401,0.015756217107506354,0.022516925287692287,0.02116988178679281,0.019364343662541403,0.014401840039455193,0.014612279056421845,0.04925251143132643,0.01509462427091848,0.037896986855446915,0.01523271168780077,0.016699222949071342,0.03219660692301559,0.015745514440810095,0.015900161121762197,,,,,
0.0701698927424005,0.021804680079921094,0.01649498977587203,0.021355707235931803,0.05825936365169306,0.014500210346563475,0.016057093996987973,0.015041159589408562,0.0194568030061001,0.015070099250439967,0.01519821680063847,0.01621614673542416,0.02104767950962389,0.04510261044466399,0.016652254639066492,,,,,
0.01575967333867936,0.016332162236388472,0.016243212633025465,0.021546836662823157,0.022432759169745384,0.025101246961039186,0.03800969426672293,0.015850661632798458,0.01521857376739635,0.01614016093271939,0.017670943589952155,0.016434483439081826,0.0230158818684301,0.016698757026097716,0.016049016154447288,,,,,
0.016299158883835325,0.017379411155871043,0.016670544460363167,0.019841159661214604,0.029147204778987704,0.01654630399592443,0.0160703530417441,0.019359923443377166,0.016172807218927186,0.03641720514184715,0.04636286581429855,0.01769411730951408,0.025516582932470906,0.016480341375875923,0.017671182081926435,,,,,
0.03317088581497539,0.029076369498784924,0.016336211030956258,0.01980689983353035,0.04358359428286995,0.017625626738863323,0.01718909302834932,0.016344444453825074,0.018684861292588378,0.016464124476402338,0.01714339123737609,0.031649126504286224,0.025790641913131913,0.029390701218854988,0.018422418958384493,,,,,
0.017254901377643406,0.017816249212592044,0.017792578640331874,0.01986206259756225,0.03261323161948264,0.02012752584971295,0.046303427747737956,0.01683887982711701,0.04476594597791308,0.017371444327559656,0.018213142013423226,0.018410801066474254,0.02569126156110969,0.017458025320354276,0.017307727528277046,,,,,
0.01918060627756044,0.018029953704315187,0.020616303966611033,0.03192830005249469,0.032329895279770475,0.018269603561774782,0.017556093442502266,0.018027166532488405,0.018193142175106602,0.02282103235844553,0.0645838735917858,0.01972436771831594,0.024507359192020964,0.018125088545653905,0.01776362132859958,,,,,
0.018788587525621733,0.0181499509038973,0.018546449652929023,0.019237362770028965,0.03927320537788643,0.01977020312596911,0.018585562786799233,0.01748253829380328,0.017971909560330023,0.01865763642484949,0.018303074532649694,0.029441748744966988,0.022025388932028635,0.01872664578109136,0.01858024195682011,,,,,
0.018818189948491007,0.03068637171806567,0.018407754557658633,0.019585357218336156,0.04602981992725432,0.019589792765581746,0.028564849480411506,0.01848811577840378,0.03183296833617931,0.018602997456271662,0.01921915415592537,0.019583023187540204,0.021765468471024584,0.019044282749092215,0.05688924473992934,,,,,
0.019803626106456012,0.01908347973686762,0.019399000712702338,0.030242893029615595,0.046108766936857566,0.05019694012164641,0.019702907366763747,0.02069527937409552,0.01940910849720565,0.02001238900396804,0.03534826172197152,0.02033857492163135,0.021012532654494043,0.0186430874872593,0.018633347088331902,,,,,
0.026280402538210637,0.02039687745931993,0.02661542435143958,0.01952227365205646,0.044333697410563706,0.02340092186833648,0.021144262101070368,0.03137779142342923,0.02037278403048251,0.021713991886327007,0.019539751851682705,0.02054063939862063,0.02071882567224495,0.01958635033856974,0.019799172968956953,,,,,
0.021138987213930142,0.048283304557259654,0.01917891603165284,0.02001036399879175,0.054100582340726434,0.02564694503002398,0.02464356056782109,0.021059028031191484,0.050458946260684936,0.020010769016220828,0.02108694984186041,0.0203637436353751,0.020831427627604558,0.056485180062051325,0.019546834949030673,,,,,
0.02339863592596265,0.021633160905796624,0.020105786365012653,0.02967907177627804,0.049811965664938486,0.08004842206231545,0.021833697362051666,0.02225905988339997,0.020806092343292715,0.021127620265212237,0.03560100536410468,0.021270634609833756,0.020957242457202614,0.020333712816766443,0.01961570739967286,,,,,
0.02389025171685416,0.021435210059153314,0.05445352014702659,0.019560894010799457,0.05089492740731057,0.027248579575318416,0.024047806390744282,0.06691896684206618,0.022191963493914103,0.057471391360963145,0.022048411667459446,0.03467545354935891,0.02379083630629837,0.021172699284547635,0.01976797291801222,,,,,
0.023578020091027507,0.03229839386404698,0.021444887205202674,0.020168636117371134,0.0422428713445401,0.02719931582086969,0.02650389885239886,0.023616597026068886,0.031582927826780356,0.021652992702973477,0.0217825010808222,0.021783751202158082,0.021514810866932618,0.04595211299639428,0.05710554298441402,,,,,
0.02499117560944484,0.023123803790630074,0.021320703235986886,0.02007997143787659,0.03888246933511756,0.08341204827157661,0.025456125013892612,0.02533388061769327,0.024141652278629855,0.022861510664768256,0.024027509129567484,0.02253041161056284,0.021960132569814928,0.02179416609133552,0.02084200731163392,,,,,
0.02763247872234712,0.024136508631826342,0.037972190758167525,0.02013351659710973,0.04450710059500422,0.03222383184690543,0.02644238814067923,0.0438372513022777,0.024497105290591795,0.04857027728048321,0.022838739799175434,0.031448710546084654,0.03220958314873308,0.022619775760259656,0.021235001855122553,,,,,
0.06185037952078394,0.0245155195542473,0.022633888312585282,0.020623724687954197,0.03569317603519616,0.035776710424474334,0.02905441912284726,0.026751496411870638,0.03204602647967063,0.023683093108873086,0.02447866393110005,0.022566182498116417,0.0222428586105321,0.03175666024783366,0.0279311227898666,,,,,
0.027485496065967747,0.024090529729724298,0.02282465448414272,0.023594554897917792,0.030975500740881498,0.05016331359064819,0.028311778576336592,0.027389827309231975,0.025820591104420594,0.025061449818014798,0.024743493525541022,0.02434151326886018,0.02378565768390283,0.023268551147178962,0.021234528586929386,,,,,
0.028464027796649177,0.025373378231372767,0.037421251701335354,0.020931176648695194,0.02572428817871935,0.03854426083993951,0.02919289291164261,0.04271775175908809,0.02663654887182929,0.02936863254603482,0.024990773474708086,0.025259872702038215,0.029720201221156733,0.0252345899092718,0.022049632010285473,,,,,
0.046459371605430254,0.026853375633997333,0.023452345046055877,0.02099215757892135,0.02576156397153593,0.04099131404506826,0.0320970526090482,0.02965484555083585,0.03323559934478175,0.02576599318073436,0.02562561196832598,0.025681909552088586,0.02483796083775369,0.024707096066066737,0.026411474732343707,,,,,
0.03139121972693984,0.026459240345942003,0.024667582976805137,0.02246318766553792,0.02588208903309541,0.062363422473322376,0.07781523127662578,0.03195200990798751,0.028227778765435273,0.026851347391472824,0.028614877868130207,0.02549573841507315,0.024387377892887654,0.024729116637633157,0.023078293632922114,,,,,
0.03503690471649031,0.0282282381462357,0.026045307229968003,0.06480222345941669,0.023483716422462223,0.04906628074618747,0.03475565108888365,0.05731282382799456,0.028259057007938904,0.03149424060908448,0.02701312556847332,0.029237811124413773,0.026468550415141325,0.027290699234161143,0.023720077832413533,,,,,
0.040309800919565215,0.031166229390606683,0.02594595272627163,0.02174870573678285,0.06412667653703721,0.057349132169131144,0.03636275555205828,0.0342840214729285,0.0308935808196015,0.02912084403467376,0.02801308434915713,0.026634224168960795,0.02583063338724931,0.03456134672266783,0.026415402249807717,,,,,
0.03395634160164378,0.0336099236643905,0.02692794000613266,0.022988779919326997,0.022434955677395643,0.06240169636733835,0.06792688782619094,0.034397747670889434,0.03153245767528949,0.02971242286710261,0.030816093282882227,0.028950241100554185,0.027138425667438352,0.02732708399233373,0.023873962444208134,,,,,
0.03819856905608908,0.02998205903934153,0.02832042241384804,0.0575860617797762,0.022127198390034193,0.06247602562668564,0.04183843276516252,0.03926504071652635,0.03222363063797306,0.03183801917109741,0.02873127576689665,0.03193744707772965,0.028841191044961346,0.028091194871582986,0.02504493854123478,,,,,
0.04905929655939946,0.033696958230514794,0.0301775628685002,0.023227874987870694,0.04607303623093449,0.06912528227442669,0.04418950396713767,0.03818193971763766,0.03784249907237258,0.0553990502753683,0.03135608740060919,0.030228000140849517,0.030157575035240095,0.02800631354093637,0.027007424481177565,,,,,
0.039917849906145386,0.08729731637896355,0.028467307723810842,0.023247922154678993,0.02118829592687299,0.11430379545882807,0.05122958645869927,0.03974154492485758,0.03578700263234544,0.03261715779949472,0.03284126002392404,0.030007004228836235,0.029553628852778485,0.027981681768949055,0.034621176799738175,,,,,
0.043833930732870674,0.0338153242982258,0.028416837008164792,0.08321642255131949,0.021586039928667092,0.10664609434475543,0.04861412268492987,0.04360822276706149,0.03821581042308259,0.03553665838155995,0.05554856142189574,0.031506127327689405,0.030464742338616083,0.028987394657507812,0.026770733502107222,,,,,
0.056385710843170005,0.03479170203356173,0.04848655288515217,0.02440279307758558,0.02648578989570291,0.10632395514225867,0.054429510631002986,0.04251834062013955,0.04145720533981382,0.048582236615884206,0.033707010263542704,0.06430442024976837,0.06654879645570495,0.031043819767729422,0.02708902142583431,,,,,
0.048314066066232855,0.03976011483996711,0.030066494967661766,0.024846782424910428,0.020756094332199482,0.12399669062822348,0.06339210752185093,0.044877677558135945,0.04079832414768103,0.037587077751345246,0.03610723662685328,0.03413245878708597,0.031630427325079334,0.05156805233646817,0.03072835787554206,,,,,
0.053457165674603485,0.036494925488083446,0.032985291846706254,0.06203857542908711,0.02085558189098738,0.13208554287085522,0.06183398736192353,0.048456676947053794,0.04095792602978229,0.03742931620538937,0.05824545070183791,0.03509475095800185,0.0328994489994795,0.03155794424988394,0.028489334942877996,,,,,
0.055264136196343704,0.03701950838189229,0.08850845292421007,0.025800293770575543,0.022509667829679243,0.1404330046691799,0.06577721603071265,0.06718162091670712,0.04554991979250014,0.09376228673715518,0.038063559453467205,0.05822881201574585,0.04933524480646002,0.03209260823422375,0.02889699037432779,,,,,
0.05896863408930684,0.03946270336640117,0.032704901406060284,0.026013984268266163,0.021559230674245297,0.12654809555872598,0.07636715246670284,0.0527809235969459,0.10215357696835368,0.04153922379998412,0.03866420458335649,0.036800712620680916,0.0341329146810584,0.09223378431704546,0.033031255668085555,,,,,
0.06332231971540853,0.03843264030827006,0.033483754966608915,0.03351650237733928,0.02061869398198181,0.13406396861672779,0.089553640000379,0.055231340814498375,0.04740941518793312,0.04138873377161712,0.04749329100088406,0.03839510242421818,0.03500399599834799,0.03380760593916854,0.029873823803468418,,,,,
0.06045149039250808,0.04182785472440095,0.05028481830624956,0.027079637359621607,0.021478496480513948,0.11357274319219231,0.08950473116137364,0.0873436494987681,0.049634261792713866,0.047326473028627844,0.03972454956033163,0.054862296109857635,0.04496370221037699,0.034527796970257006,0.030415539698903562,,,,,
0.06755480701414734,0.04556901819076512,0.034830191567950974,0.02719293847741462,0.03679816667153352,0.10291924217105278,0.09891485079757457,0.06422302554052065,0.11090808061574363,0.0476118320599604,0.0435403715667081,0.04051656996703281,0.037607383927076556,0.03436689653362036,0.03211406685658727,,,,,
0.07782203003579728,0.04464894696649604,0.03756878849447993,0.039834430006375154,0.02181676415983428,0.06549049970897408,0.0787212264041884,0.06428639467254045,0.0557591303055027,0.04901164276065336,0.05077066859642127,0.040682847787541554,0.03778550476810752,0.03438297614574741,0.0719984891522896,,,,,
0.11323600673767566,0.047184980796855,0.037097968053021464,0.02800220396169487,0.021973591790085522,0.07189663434803904,0.11938427300653823,0.09433627631621115,0.05581172826219437,0.048742841779416714,0.04489201441203286,0.0553908571251104,0.04625405612079598,0.03605361373204911,0.03209427494690615,,,,,
0.10811259568490865,0.04906326121505475,0.03721041226796591,0.02875211984230966,0.02192282572086597,0.07200713375148235,0.13218839684983913,0.0757358629345506,0.09236261792756366,0.04866211247231839,0.04794289504468885,0.04280133115982664,0.0408538212775548,0.0598825352961435,0.03396068526154909,,,,,
0.10824481253816721,0.056616932628285856,0.038829740168825205,0.02985088511735892,0.022293012239264994,0.06183846981971163,0.08295467263504021,0.0812154284921976,0.06372706699286819,0.053829315454741546,0.05449760529838933,0.04411407432126234,0.0417863536724074,0.03811081618030378,0.07655288260370363,,,,,
0.1516821595825348,0.05077610218218301,0.044385679939844346,0.029797111514933163,0.022684692259883506,0.05938450041241011,0.16844447406932994,0.10910703176338045,0.06686575369947415,0.05992385992881825,0.04963765804548763,0.051397309874014356,0.046239580697137815,0.04029236135373531,0.03478186095368985,,,,,
0.13386751058566979,0.05771806478966219,0.05300427488651556,0.03082904067603186,0.024470186572396715,0.05436429445710787,0.23504797056541787,0.0974485776210056,0.07670316741530357,0.12139659932256991,0.054200943613346764,0.04829767086844787,0.04365120748424477,0.042407051251750455,0.03532110460910388,,,,,
0.17315753440179696,0.09565928285856078,0.04258842912629377,0.03407018152732839,0.023597852226257685,0.04094716011047612,0.21086546277518217,0.10697874003299608,0.07761773720525963,0.06027895031510535,0.06040484344238985,0.04877749409827745,0.046074169066280715,0.040336942722016156,0.04378515075646759,,,,,
0.22733553314088592,0.05830937274634201,0.04285680639827613,0.0327360611625043,0.024542256457843446,0.040958432591561664,0.21504504750752362,0.11605598425750718,0.08198162764236192,0.06391138538830334,0.09942276872070556,0.05342918331746332,0.04632115169852931,0.04192657983571139,0.03690563048415754,,,,,
0.23141108505340807,0.060221748786459806,0.0656668968961969,0.03319792696266925,0.02442403943652742,0.041062611606682314,0.25111573688467015,0.11475966877018638,0.09326236208361317,0.07538913876569128,0.060406855986267244,0.05307345908430024,0.04857152540677402,0.044593585680749066,0.03820146295876771,,,,,
0.23065772927781075,0.1322080076193107,0.045877970233819176,0.033053625144514744,0.024230184899895226,0.03779107252879726,0.12571373808601358,0.12464827355887546,0.08690069684697693,0.06842698179771647,0.06001791925102802,0.05313118715324894,0.04871383510274185,0.043564071975219255,0.04416378293482591,,,,,
0.280931925684545,0.06654440718875025,0.04735444006062069,0.06071805253257114,0.024863842526159856,0.057782059706988444,0.23629353654869353,0.1429048735681532,0.09803261145411517,0.07469204254353709,0.13616509334816054,0.05516166008606127,0.05335972520771199,0.044580207296459264,0.039422001819756615,,,,,
0.11387853164798271,0.06932365372073802,0.050329083116831694,0.034986830461875354,0.030222680239651523,0.03417065677979046,0.1616224382336876,0.14971611286923067,0.11088434325633903,0.09232226261493189,0.06729172588187947,0.07477685574140394,0.07366526431277962,0.046584357663092844,0.042770728092811267,,,,,
0.2749091357800101,0.07823954452684784,0.04675582742987399,0.03491819534102035,0.025897515805043143,0.03168291069849942,0.1652807283343925,0.1842819894593723,0.10420983746153069,0.07863944705895719,0.07015213582341029,0.0609993580965966,0.05462423500750155,0.0705965924673084,0.044853110083266694,,,,,
0.2105991763838603,0.0753331815572839,0.0499604497115889,0.07154653389506482,0.026136818391663767,0.051624550042771465,0.16553073617981504,0.25425619015671597,0.1280525146766322,0.08961576679286062,0.09470384138356193,0.0665304921269269,0.056398789256702664,0.04940104300597708,0.04518631289037616,,,,,
0.15292098948349037,0.0785001713103065,0.05879319804638614,0.036913614426060636,0.028692886719936105,0.028893669464057643,0.11862692500528439,0.25218412973999277,0.1411719656392347,0.10051546740710819,0.0778963444021702,0.06679949311261178,0.13086628485329932,0.05178912277658488,0.04498948473664873,,,,,
