0,1,2,3,4,5,6,7,8,9,10,11,12,13,14,15,16,17,18,19
0.12569669905158898,0.05268438370949843,0.015793910787829803,0.008712373252634619,0.03218572981939387,0.05023715751593744,0.12065309341104713,0.21583274378457126,0.11637040772657739,0.06779021014605631,0.05052922614730403,0.0381256633378054,0.030065577290321336,0.02331792087502729,0.016097619162959133,,,,,
0.030900614954103605,0.010903077397225729,0.016719888884077435,0.024477591254966853,0.030388925192311223,0.041492628517930695,0.05237133309744609,0.06619065125542099,0.08988856441691975,0.11940941299223704,0.20538861269202077,0.23931594928839534,0.13155807210387774,0.06704055245077487,0.03720984984076642,,,,,
0.005572830854576997,0.008073586594043123,0.01475503021994456,0.02360791869940327,0.029043525435348314,0.03982383156173668,0.05234251755894549,0.0594264234400149,0.07774578948027042,0.10210817912812031,0.19091668116317362,0.26970014047006186,0.1402921249877137,0.07190293341839114,0.03946379847051202,,,,,
0.006150332847009152,0.00836483962225827,0.015250529823770108,0.0233217027893363,0.029780900304320353,0.03914917997092559,0.04656252444404736,0.0586102494528508,0.07768272638701387,0.10331200179686417,0.15553461076014413,0.2742293338122297,0.1577403620763792,0.07040408924015348,0.03979055807533727,,,,,
0.007388406641072961,0.008758695851999421,0.014877036097349163,0.02214063063139249,0.029202778188615133,0.040505778150477054,0.04674958682440786,0.05631866577645292,0.06396347701913391,0.09654365904985861,0.14493294387462838,0.2603799839919879,0.17075048433647858,0.07781795615088367,0.03998733499867536,,,,,
0.006197232318615648,0.010296804683409872,0.014833054713611633,0.022215834788133795,0.02822773810786312,0.0377153140385983,0.0438479452256307,0.05413881055358814,0.06992616921798853,0.08714947857080839,0.1427433880803949,0.2532851886762352,0.16706581089315495,0.08688886120466079,0.04381272507475659,,,,,
0.005573587175027211,0.009493164361578602,0.01460232727482323,0.022001848032068536,0.026976631377231892,0.03543248283120204,0.04375811153279267,0.07048590777523503,0.06313072405712346,0.08506929121740844,0.11908055224787813,0.2118231386046213,0.2070147807384716,0.08799717511989409,0.04281301227218766,,,,,
0.006347760827644478,0.008953183152076211,0.014785039447525489,0.021645510583226953,0.02916194580573286,0.037289931055014866,0.0437770692251248,0.05209588703322196,0.061603282021235,0.0803182228321906,0.10088971061532255,0.18118420848258723,0.24579150836721556,0.09446192686497644,0.04401963859465166,,,,,
0.007970112106151676,0.008990768024301102,0.014824658347191736,0.021276869401913222,0.026313179409206112,0.03398521429583777,0.04105070607702556,0.04709412409467867,0.058367299272345435,0.0756033344872918,0.1266924876317699,0.16078501758025282,0.15121262802232777,0.09832786366954115,0.049985607596995156,,,,,
0.006759540063338365,0.009592548095992538,0.014315285337938941,0.030019470737934026,0.0256466234148598,0.03340892941919508,0.040532729372794014,0.051705604032401216,0.05603098946121334,0.07704929872380052,0.09647640201006594,0.15761209384060906,0.25613497406133484,0.1010202613232617,0.049769425386448,,,,,
0.006822183670948456,0.009462511816031482,0.013458095297883206,0.0206861536604687,0.028564310762934662,0.03643689399402925,0.03875490872275807,0.043972464676825786,0.0527130308205695,0.06580333766511048,0.08420441228548317,0.14246348350509952,0.25389617639641054,0.11688759906994117,0.051651746536324296,,,,,
0.014730661862736577,0.01104078901609396,0.015061173498502887,0.019861241363770286,0.02485883523769016,0.031452323747495986,0.036770315477815396,0.04285111234159862,0.05380217862961943,0.062042073952558764,0.12375861019105912,0.12336884268940004,0.17825638929451476,0.15738066078921442,0.060891909222179956,,,,,
0.006751476647296301,0.01098883304326359,0.013529221533009344,0.028035567784346137,0.023441143211674634,0.030243694209821034,0.03687728105099026,0.043332187981510596,0.047896247727315815,0.08577557123627567,0.07512697040675274,0.1211618841322985,0.23880559632799003,0.14634438883090825,0.056037904277370675,,,,,
0.006728047730476892,0.010588026154708037,0.013328260237043046,0.019282114222175583,0.038450850543921444,0.04132581474377568,0.04324290244362104,0.040006401857461946,0.04453015719101304,0.057453812018104886,0.07522106727698437,0.10349184554430405,0.20141154107495537,0.16561237364561013,0.05884112175177853,,,,,
0.012267063998179067,0.010972297016718546,0.02376985515207108,0.018947214886019446,0.022802173582646967,0.028851315764846355,0.0341016492447395,0.03839387136219227,0.04407337631071317,0.055565013001392154,0.11011458569473644,0.08301988333119713,0.19646822341831385,0.1914502189733365,0.06920967653019477,,,,,
0.007124599351443686,0.010112356284024864,0.012785993236203037,0.019143593966274186,0.02239099982151943,0.028297490494122748,0.033074120182188665,0.03777592620814807,0.04334266246827778,0.04941033374426621,0.061939766189187485,0.08996891008691117,0.18170514463451282,0.1902029557089025,0.05620395655399862,,,,,
0.008163050888610215,0.008691842969137154,0.012304671704497587,0.018135947245164114,0.023534834635259436,0.029570594253514017,0.038399208308226615,0.03787822899275349,0.04187613843107669,0.04889457565176987,0.05933874897559858,0.08423767524943564,0.13592555312474422,0.2357200335723082,0.07184771233646176,,,,,
0.012206995978014059,0.00812195583296139,0.01253190660661986,0.017948453177278938,0.021467479995718866,0.026801252220783497,0.031922323488887065,0.03574497332725995,0.06086238103630885,0.04575980963776094,0.05653143773051134,0.07526005863646738,0.11399066272001171,0.24703538209507306,0.0716958103004697,,,,,
0.007870221807444438,0.01348505204684691,0.012362717891109288,0.0192305389681441,0.021228292568454005,0.02646755721488903,0.030833964832237753,0.03395277015155792,0.03838310232162478,0.05138431938293579,0.056736588737799784,0.06941031201852695,0.11333885622164275,0.15770050637389135,0.07851051068427262,,,,,
0.007451550774883576,0.008120358814672572,0.012273643758608862,0.017684440772158996,0.02349298403627706,0.02506069529492476,0.03578087626438865,0.034038447575071795,0.03692992771304573,0.04678593654649631,0.05240348646373946,0.06796811971598289,0.10523495651226077,0.2358949902138561,0.08734584933193383,,,,,
0.00903799570263858,0.007867873145493113,0.013307687770334307,0.01678152110120205,0.02046884804350275,0.02486676429157014,0.028311866999059705,0.03219628570151995,0.0354698356270844,0.042586787257107,0.047764769873791045,0.061338576305601654,0.09754313079871448,0.22173184514514221,0.10027138351504802,,,,,
0.008026380241219652,0.013649285545449601,0.011880350190932044,0.016975468273743622,0.020197231222884495,0.024328365627711124,0.028598922487589582,0.0318723516579881,0.03505580407268747,0.04045429854538084,0.059603158923978466,0.07223469308407154,0.14438559347682547,0.2015394185887362,0.1350797483478984,,,,,
0.009020435615968094,0.007824109250672858,0.01170340719737673,0.017823822789076613,0.020575888916027706,0.023702496704021858,0.03006416449328723,0.039352625110882285,0.03430247688550684,0.040012885112818815,0.044731309667885404,0.055943169390030564,0.0844964006855073,0.1648326058061495,0.11031547291778318,,,,,
0.008889215967600157,0.007781557695198959,0.012179207169840061,0.016512420337055578,0.019895951293228926,0.03659530242986448,0.027367552055244215,0.030057951712323696,0.032930924721724056,0.03871684779510167,0.043039803519803535,0.055417158763331004,0.0797586410715985,0.16400211805214485,0.1328820592870393,,,,,
0.010831918922553295,0.009726647105721952,0.011929592441630953,0.015822851381727298,0.01873864198844173,0.02276097021592743,0.02629593475290101,0.028506997508812956,0.03252046274912436,0.03737071698093095,0.04133918210717146,0.04993242091240141,0.06600329912387633,0.1380234909207226,0.17740762720948552,,,,,
0.009302717336709758,0.008241637076772482,0.011917110499592083,0.017130619805368407,0.018506183359717158,0.022239305803284606,0.026372223607442822,0.029658763776537027,0.03178621144117401,0.045784291316109914,0.04029029996976963,0.04892766854761309,0.06676637709093092,0.13455164351135104,0.16157772135317577,,,,,
0.011682415815051727,0.00852152262261288,0.011626774083920004,0.01572962530476214,0.021235012064533286,0.024010907935484414,0.025803028964041533,0.027517275798225306,0.03038710061768784,0.03423965538775536,0.03790548306358196,0.045363104021568575,0.06325386853073674,0.11102960105396832,0.200330131814485,,,,,
0.012550547342753429,0.00848327298414706,0.011441945092926101,0.015340517113535481,0.017982257309379253,0.022021586738697998,0.024232804998150243,0.026910202911048994,0.030300280015383315,0.032820621294312,0.03759813457723945,0.045476075375607515,0.06130141973329881,0.0876729454976331,0.1406157127826424,,,,,
0.01031929509234573,0.008338439557605163,0.011413316316231735,0.015325460718737697,0.01756941912776455,0.021365665376997214,0.0232978887474038,0.026328356200990943,0.028178026247696757,0.05294349311151419,0.038003069011938354,0.04544451451420744,0.06023115119376449,0.087310264835101,0.21263585727413714,,,,,
0.01122263312313354,0.01205571829467733,0.010815142981724058,0.015370923171960095,0.01851821615508913,0.036821626934240764,0.03145145778247573,0.025055312415138486,0.027975421316559237,0.03040732486614901,0.03534283651992714,0.04078187552735571,0.05218422300174578,0.0871325709117381,0.22008687730323934,,,,,
0.06260375139011133,0.013195329673400586,0.016070686699057472,0.0153569734213147,0.01720399624677787,0.020215283602737725,0.022660903688145207,0.025058223972059257,0.039861746539053486,0.030945062918916688,0.03311896023732116,0.038761308526878445,0.04770991617858348,0.0808053140886137,0.19942292929694608,,,,,
0.010883432304029897,0.0121020771661698,0.010408303513724343,0.015620739541701454,0.01660869081499624,0.0199244015125831,0.022520475342546777,0.02530610916342428,0.026638755607216118,0.03907330785342847,0.03263142309115879,0.03791786713392292,0.04407139727545675,0.08372937036092817,0.19695693713188747,,,,,
0.011851740807752071,0.01073307540927562,0.010267793501855856,0.01562698617338301,0.016434477092583208,0.025121379726823524,0.021847333443151706,0.023401272772543606,0.02520530264833658,0.02898881512983595,0.032545578373268,0.03816232575613914,0.0460399432436308,0.06660830029591601,0.15876041025037138,,,,,
0.015261751482595154,0.009611053377309869,0.014552793298416026,0.015142310260332815,0.016406852568801925,0.019670610083656403,0.021502371668667104,0.022887899650218573,0.03739960669142537,0.02789439273623887,0.030681668307851514,0.035348735014092525,0.04403076694837276,0.06304335118567214,0.1578298532077427,,,,,
0.013250061760367133,0.014774267727441491,0.010175007322786934,0.014312748315424407,0.015683404011614537,0.019680975487504197,0.020932590427948927,0.022588329817243742,0.0246466677064947,0.028509499696977563,0.03077199659904562,0.0355378457938104,0.06184731383078095,0.06127345946493418,0.15936277559763048,,,,,
0.013592344438809037,0.00838253530301874,0.009911567091815726,0.023302578365194383,0.015425734257540163,0.019696126508308202,0.035060197205035795,0.022343901976010827,0.024380540897223354,0.026456970662093047,0.02916990565930846,0.033596634804648896,0.039248597371299605,0.056425051483601406,0.1274773407532682,,,,,
0.012903550013803137,0.007426925118233201,0.012388917446402775,0.014217100715818937,0.020399776929772056,0.019506009270476857,0.020034238211582987,0.021778956864794204,0.039711273820859996,0.02622723835211597,0.027411412417250924,0.03147099804913865,0.036219866917812524,0.05106829620428457,0.0858723176805714,,,,,
0.013022610203434174,0.011206905018614188,0.010048282131414815,0.013457059274887854,0.014982692254289798,0.020906551426176524,0.02000080583885376,0.020792465697150767,0.02250960252572429,0.025780953621046213,0.02922941344512695,0.03356076221074909,0.05287722977547016,0.047674182543842605,0.0947519504056479,,,,,
0.014951756924227809,0.007053292332816745,0.009451163017319478,0.019380821564044994,0.01531945094967191,0.02090282892084453,0.028695864064338675,0.02238346850805737,0.021572872498297296,0.025692197552124728,0.02720966517296407,0.030556839925608724,0.035370375800034916,0.04658923596086676,0.0868755157129319,,,,,
0.016226016962979203,0.006995130135708717,0.01036218965075205,0.012847341806572377,0.017723908253718817,0.020878445630017766,0.01926717615542879,0.020185797730125885,0.0238628266646353,0.024017226929576738,0.02575673197576075,0.028798323274473802,0.034139574868899646,0.04430448152743864,0.07022265953576891,,,,,
0.016818885554925254,0.00998928382821774,0.009702114705972981,0.012634770385600404,0.014855225383790156,0.025032331592495134,0.019070097406737912,0.020157459078962714,0.021519314137864915,0.022988995030412678,0.027002880832986277,0.032926119478168245,0.03193104731806538,0.04025016260449714,0.07541547853140654,,,,,
0.01797459243374676,0.007097651946380785,0.009807152103333614,0.013125753787018862,0.014760566866310268,0.03205595610007008,0.018699651626493976,0.033115631405366976,0.020941386766606444,0.025687868455493812,0.024565772917354588,0.027150017856931087,0.03205970848669325,0.0408981385832362,0.06462407969867706,,,,,
0.01862772815295303,0.006999207956426188,0.010110592619324166,0.01298128815272127,0.016636837736820082,0.03598328916917898,0.018476584781822288,0.019272981171542997,0.02117813459540714,0.021975305447631585,0.024296238008513604,0.02654403687042586,0.02990954189530584,0.03787863987468038,0.05792170047631806,,,,,
0.025684523318518466,0.007022886494788141,0.009753578098661973,0.012372339572204256,0.015294858285867052,0.02398577752891206,0.01877556552485971,0.019272308215808116,0.020546194620478336,0.021843400167762737,0.024568623712047415,0.02593687416158462,0.02850043390804036,0.03736269918581832,0.05893142380055925,,,,,
0.021244293688865264,0.007129330826228327,0.009792561048422755,0.011828052391823623,0.015032621485150967,0.028683070493893747,0.018944870279975736,0.02089488535964525,0.01921797361938908,0.02250157775539256,0.023415276690952055,0.026160927245974547,0.029022362009828332,0.04072981348320604,0.05911186088384336,,,,,
0.021670123039597495,0.007264132136118129,0.01009181456618857,0.011957825761215624,0.015577171947947208,0.029451328902914596,0.018606480276967863,0.018519704385407763,0.01946649052328616,0.020743379735871023,0.02222197844899772,0.024005708370686298,0.027565603300184836,0.03334967504670968,0.05950537094593595,,,,,
0.03089153715423301,0.007692714648667285,0.010539653242640562,0.01210081786861996,0.0137339004478202,0.019344181715297087,0.0188180689771474,0.01831796518863974,0.019321506638681426,0.02007241306717892,0.02310370024343876,0.02371830506190564,0.026279357392023715,0.030747119500085074,0.07923711315642804,,,,,
0.026453673752434993,0.007438790477755752,0.009990062810854567,0.011677890936983105,0.01352819095704156,0.017143485718089758,0.019710525640887357,0.01901238833369872,0.018507847749485613,0.02330179914691271,0.021904604821833974,0.022591774599925816,0.02687385063533634,0.029978571815687038,0.06388503440355092,,,,,
0.029725540116129715,0.007453291100192745,0.01035693146686136,0.015120882189262405,0.013644153466744502,0.017025152519214083,0.019880822083512818,0.01820545026196365,0.020037232090750465,0.01956721744859986,0.0214495140378625,0.02184755606020578,0.02552222158934569,0.030056872973689655,0.04589904465964751,,,,,
0.03443417963227793,0.007719810941331127,0.01700234059009712,0.011584307627294725,0.013356450122661826,0.016994710730289374,0.020395453212036032,0.017900208668989098,0.01833502072932164,0.019386759800184863,0.019630084810503882,0.021677827398016294,0.025124644978276444,0.029069235832232074,0.05317943816553577,,,,,
0.03432723325434109,0.01580759802627494,0.011285010296720344,0.011340041557562587,0.013478125460784383,0.01685585940970789,0.025453793647424835,0.02391239745615437,0.017660717947089597,0.018231078769191222,0.02795644170972345,0.02788481301871159,0.02471802545475262,0.026254854569927343,0.050866910031227036,,,,,
0.044422356967055876,0.00798880395493558,0.012834110292944461,0.012142546057469639,0.012606612812397642,0.016949624646789403,0.022526708643083742,0.01812185362457548,0.0177578294303875,0.01827188539455582,0.018954879894124994,0.020573997833772475,0.022709500087292278,0.026409425987861408,0.0387112447337854,,,,,
0.049393630099846535,0.008365033431809695,0.01773190092318711,0.011065283748424781,0.012526523818466483,0.016578364417957202,0.029281780803661568,0.01814393711026478,0.018169170556170813,0.017807442970893983,0.01901102394938976,0.019839729280624448,0.021852304683767188,0.024626412964228503,0.034928255706146306,,,,,
0.039586881807335564,0.008309458692832807,0.013772470286721749,0.011094693717312544,0.012246535723568744,0.01455760505246538,0.03467795099361448,0.021773581702945022,0.017245465849017972,0.018105438987898504,0.019197176365558115,0.020149398678841513,0.025164297465620045,0.024529462335172524,0.03530497281814501,,,,,
0.06433632684702574,0.008661948321782818,0.013817128981522384,0.011635694641355722,0.011796897748852484,0.014164274169643477,0.031034217128883095,0.018981888027952684,0.01767013383055912,0.018033680768823734,0.017628835537738554,0.019124835177072974,0.021282827066557052,0.02406890466540614,0.03281642237300145,,,,,
0.09667424622201362,0.00908576301559101,0.02016871572032027,0.010717808750518488,0.020938924783671622,0.014425573594620869,0.060494608543780866,0.019859984275128775,0.01753966317364817,0.01699511138312497,0.01760010120046291,0.01878890995346878,0.02064636537799724,0.022980643839106626,0.03206307615784884,,,,,
0.11802310830268493,0.01031049350361536,0.01819761212994265,0.01139628661946602,0.011340813530646272,0.014240184860677482,0.04111532062668596,0.021206271313986714,0.01752003838506774,0.017077540389878205,0.017329491942543965,0.01869576719528743,0.021891515581507058,0.02135218502001885,0.03142464230285559,,,,,
0.12695081086318152,0.009928563479761407,0.024622976297045036,0.01200545396774219,0.011314479583496252,0.018883859856010078,0.04207725622626851,0.021112121414625474,0.017489679336132376,0.016952780750379114,0.01707222337169659,0.018365836149525555,0.019171351025968897,0.02112583169742162,0.027926920619210645,,,,,
0.11593477611416245,0.00993117572690873,0.024499689586480387,0.011253101396417045,0.02295954073824479,0.012811251282733598,0.041859914004292634,0.024482478703016952,0.028978623771270067,0.01684061753094716,0.016798920578617312,0.0178687898685672,0.018804710755652158,0.021627152798190292,0.02534963509091364,,,,,
0.07873195361624404,0.01181601201152765,0.024540034798743632,0.010764176351064794,0.011143072289600287,0.01207377833969861,0.028108657991186736,0.03012432753218454,0.018417315342905253,0.016896744236462778,0.01660517641752679,0.016564022143998592,0.01769446707278093,0.020509850235237968,0.02829153155466986,,,,,
0.07363645113594854,0.011135620714651212,0.03851627408028882,0.011268908889837176,0.01095810341895665,0.01287084210797814,0.022330968590622353,0.03175607455139178,0.01930792575553256,0.018194707601171825,0.01628856241443134,0.016779666153221903,0.017397315224614174,0.028664887478606363,0.024637193876546844,,,,,
0.05535600053862362,0.011438742459806037,0.05824378245126063,0.010824283102169707,0.011246645326771524,0.012611755744916473,0.01984719663148221,0.0380436594963998,0.021416231984536363,0.016610642936744,0.01633378589646943,0.016766540401798802,0.017411641495232385,0.01875332676225701,0.024436134533428917,,,,,
0.03332489300802492,0.012688649592660304,0.061486223967774624,0.011147988763987276,0.01081538282123407,0.011794698722298522,0.017418269692855554,0.04724123236741001,0.02216979812853827,0.017127742573865585,0.016413787751148698,0.01625995220191483,0.016939693432668802,0.017640290434176482,0.023112778558370333,,,,,
0.03975749325107545,0.014719828322697111,0.029688179160433748,0.011156565583744069,0.01082113737473382,0.015166295136297508,0.01732195002895836,0.051660684842449504,0.02409233343185376,0.028430723242544767,0.02391672255572696,0.029036748117474885,0.02727108441393806,0.017765295808140454,0.021450738436925448,,,,,
0.03746312717854679,0.016266252360933122,0.037452350234756605,0.011055433710867061,0.0105458042293051,0.01135489995919532,0.01721530063525828,0.06560109613138902,0.031945260327670054,0.017743216185568896,0.01609784072526172,0.01583104603567561,0.016310742557556768,0.017575046954356643,0.019860261821023975,,,,,
0.03780611866449107,0.01652610108976501,0.03688349677530093,0.011643271741524396,0.010623520380148422,0.011543258023281273,0.015819900267178288,0.04055480193864557,0.03144378676551081,0.018512332096978678,0.016231830910218577,0.015377735164587047,0.015722037746793455,0.016879945029046713,0.030697431571000435,,,,,
0.041515252916628845,0.02065134310558534,0.024237233455305075,0.01234213854620305,0.010408147751863049,0.012663479867560402,0.0144259556953805,0.0448182161085158,0.03713550746202026,0.029982476049386777,0.017640290434176566,0.01611002195927323,0.016429583494740895,0.01655722822180306,0.019019634984215134,,,,,
0.02695856027794506,0.017275165473491578,0.018168813639378115,0.016469892506347925,0.010400668439256307,0.011544830911495019,0.013926892115839088,0.033675882162050384,0.0467796780603767,0.022410916625993572,0.01703587137711623,0.015793335951674148,0.015594480523109815,0.016204641291845852,0.018574859642101278,,,,,
0.025879204720421288,0.01864192633073739,0.024271737004023068,0.013367612409287001,0.010330380694434517,0.010640720324508789,0.013856122367801956,0.02461760307452131,0.04553449608991899,0.03046438370036743,0.017917951406207396,0.01560296136558095,0.014731718366929778,0.015212723495820755,0.022003248001168083,,,,,
0.027006326806290174,0.031897205047214744,0.014930229105317697,0.015732201767649803,0.010409549524708102,0.010098013578580168,0.013446067700611622,0.025940086759808658,0.062072545351529215,0.02987053323419835,0.024566762814114008,0.016190889177999435,0.014778656341151051,0.014952190634083236,0.01787619176326919,,,,,
0.025666843661140713,0.024977545699856687,0.013337501416870588,0.01731032193761697,0.010871508910034005,0.010275621971089373,0.015827277021818128,0.01996817811484174,0.04163623570274206,0.030192222046038095,0.021064149811691125,0.01611652155901333,0.014567312825130409,0.014837753729331823,0.017090598037309793,,,,,
0.030209314046571175,0.025127058152283912,0.019335597832315823,0.017693459200749995,0.015999753019636215,0.009969236585930697,0.012346236149551697,0.017048048039419998,0.03705854870165108,0.04660033514847215,0.02765771459910162,0.017657192582447447,0.01459042067849796,0.014360265480959587,0.016362207558470135,,,,,
0.03609477921219399,0.02458185709803721,0.011947436059314014,0.02037636703433659,0.011017358216583178,0.010356587087889484,0.012102211126282725,0.018050771404579297,0.025418713362909996,0.04225632895305759,0.02812504483122105,0.017690215295557202,0.014709074978136014,0.013465730495957198,0.02101522013807435,,,,,
0.036501468018780805,0.027458296709054208,0.010701974977128652,0.030359985837931033,0.011705844968621872,0.010246392594079282,0.016656938588430505,0.01642265498283708,0.025026722364714534,0.05356343793725376,0.027605837039234787,0.017495592273120066,0.014906995473662138,0.014567757980622122,0.015466039005330761,,,,,
0.02944238792786153,0.039071407503028975,0.010308763737081651,0.032442950481425724,0.013968829057695082,0.00987774918481435,0.011543847881476044,0.01550858077357517,0.025263060136469426,0.04165196342080793,0.04226396308935605,0.026735370352433025,0.015032211665649563,0.013223606779839798,0.014818883085629812,,,,,
0.023081403245446965,0.03939866450880547,0.01035145135174305,0.02957814815861147,0.01338077677727634,0.00970929726412586,0.011465498000491457,0.014067617110793332,0.01949550094606233,0.026535521504899868,0.03385713783795441,0.032876677303313596,0.02127014788512846,0.01309072810022213,0.0272853481436189,,,,,
0.029528107335669032,0.042823348742575165,0.009700243027104751,0.01922890340781197,0.017917227556786344,0.009677352592898184,0.012009558451960197,0.013304763657129367,0.01634108940763493,0.02535858703732362,0.037252497107390634,0.034909536050873914,0.020081311705975203,0.01423380799194132,0.014476550841660685,,,,,
0.017009967027514113,0.04911340061056406,0.009039287121621033,0.02235051818710241,0.022215834788133795,0.009320580509278108,0.01111174793066933,0.012648338609852261,0.02174319676831947,0.018133301055441083,0.028476760537712715,0.028890039576685664,0.0201618820804427,0.013011027340514927,0.013281664943480922,,,,,
0.014026738389222016,0.03936511401717261,0.008363909273896693,0.017882575249789083,0.021791756618037582,0.009292952971574942,0.010586464248228055,0.011908700255332333,0.013959634179841885,0.014771172971124279,0.019801777194556277,0.023503953752304685,0.023349839329583358,0.01487877957323523,0.013433787974862861,,,,,
0.011816670572572147,0.048665226916214374,0.007967792888863503,0.011463801092524133,0.019102222233533934,0.009649268050393277,0.010736458340957863,0.012773332791357027,0.013270723560046924,0.014252293050748672,0.019186634091029053,0.02225992642426451,0.023897518020165213,0.025827533598590708,0.012949803221252049,,,,,
0.012179340281603036,0.03867605001957659,0.008465672972527968,0.011248057908647366,0.01251266802847987,0.009400630966004577,0.010251612589996559,0.011718773291093628,0.022397544213559245,0.013356328742209137,0.01457921605330248,0.015374466628380648,0.016649793100935808,0.015409014709660667,0.012305936489504565,,,,,
0.011131427011655233,0.032512834524394185,0.008096005301338745,0.010015702875943056,0.012504762062117016,0.009590519801533883,0.009906331567305023,0.011234905384464552,0.011660663703071252,0.01228523563633993,0.012433747236005268,0.012700296697468633,0.012671491513298586,0.01504779850776247,0.012102720161189217,,,,,
0.009806623102194937,0.03004106501212854,0.007842776987501687,0.01029412773050769,0.011106465092996185,0.00987486012844237,0.010757426857058832,0.010445867512795158,0.011178544465905348,0.012906263556788686,0.012278265978345571,0.01951048024202687,0.017713953530085483,0.014297153871862357,0.011913409634921332,,,,,
0.009935908674366039,0.026515865868202183,0.007680059512414696,0.010227420034919124,0.00977745080113788,0.009366076057793668,0.009962729632913518,0.010015864740918106,0.012198147660812612,0.011015033000734139,0.011458708860862282,0.01163338152878467,0.011766487329071382,0.012035664694184562,0.011478584036829578,,,,,
0.008630109364790334,0.02568115249455531,0.008580372464016535,0.008736493141214807,0.014805376814222962,0.009455278959426988,0.009643789264010537,0.009969399205340908,0.00995361275234858,0.009868060945074503,0.010889984606091016,0.011026801201740847,0.010269940611404741,0.011049566424419097,0.011683109659749625,,,,,
0.010379447785555664,0.024578163549653247,0.007614552493321625,0.007726150511576124,0.00836390927389667,0.008970296565013488,0.009682812388297605,0.010626205892473017,0.009981100839955345,0.015548775036955922,0.010806895262262604,0.013739258600376069,0.014553394854674486,0.019341080556532726,0.011289233110683854,,,,,
0.008343104462756653,0.01800784335092839,0.007834504100960099,0.00787368171650457,0.007971251123638425,0.008513795040665573,0.009268077247347436,0.009361366737305105,0.00929759232363092,0.009387687780785957,0.009574548899858428,0.010236166350647412,0.009736143037325283,0.01000835144875541,0.010315020972972226,,,,,
0.007916557257567512,0.015405479199740894,0.009261637825163163,0.007338737301462594,0.01600021911636358,0.008525174606083511,0.009040147965118128,0.009248184588256164,0.008903794317822473,0.009166661481806537,0.008586907416487946,0.009442788402337634,0.009218968558831385,0.009722646044087664,0.010857273144944056,,,,,
0.00777501308777317,0.013833545842590958,0.007722792447064625,0.007427623605249599,0.007560408929681585,0.008457242628262054,0.00871535003544394,0.010913748288739365,0.008712112735746276,0.012651311927336229,0.008591437411747293,0.014908322220958998,0.00923358812886896,0.01366099181786095,0.009966374049997265,,,,,
0.007354978347792176,0.01392696196059055,0.00712569150909012,0.012288850908538573,0.007659048154988502,0.00803251822382695,0.00841030062175711,0.009263598123162287,0.00849503695871044,0.008726058045293894,0.008574626661364427,0.008984418560107078,0.009183730149024044,0.009008529914100187,0.009513805816197575,,,,,
0.006727662180049244,0.013079949258087364,0.01296741819652409,0.006868272189506042,0.015809013271142387,0.008029086377653965,0.00846950217318899,0.012561883701493613,0.00972748045308824,0.008436514249406155,0.00830852214318338,0.008417083185517838,0.0089237643281014,0.008902337557099335,0.009599981509275376,,,,,
0.006724528763367323,0.01915363515565324,0.0068085296321944615,0.00661367889281642,0.007446849865016481,0.007938112416771531,0.00838253530301866,0.013177059732111192,0.00818363989214371,0.00885852334050032,0.013224783680502302,0.012038897061254198,0.009290440476076547,0.009531103287780354,0.009682812388297577,,,,,
0.013181561946904985,0.01067512819519755,0.0067603075061194815,0.013258085785535337,0.007116630635127227,0.00869646744075601,0.012160477151548358,0.01708181179446756,0.009146938194714162,0.007884998178721469,0.00792208456535027,0.008151126011690133,0.008197139390742311,0.008589625700326991,0.009090650779090164,,,,,
0.006226202360294019,0.009655986240465902,0.013207119158706312,0.0067218280330869455,0.008325987032627047,0.0077230023688738495,0.008160786502858473,0.01193929159706764,0.02413824963974262,0.007965839340055104,0.007902414351197927,0.008101970478424486,0.008068765870371822,0.008615368986149128,0.00910917900490817,,,,,
0.00660057602383075,0.009872659939100166,0.006516133582577565,0.006888777284028309,0.007188076166437689,0.007879074494741047,0.008124031487394899,0.010734011863147682,0.011711023547633759,0.008147744123508481,0.013544575008017264,0.00945308401332134,0.008103571120611329,0.00790142955508005,0.008533879797914711,,,,,
0.0089952748649845,0.009804771373445719,0.0070525107969370854,0.009492071332280885,0.00851665087533581,0.01809469070863995,0.015975071026187896,0.020643224238331516,0.01877288859215097,0.00839733687847222,0.007976618586770094,0.008638521145433087,0.008040748678524444,0.014689663804676888,0.008684042923423712,,,,,
0.008867486330671848,0.009804109956990945,0.009262197952641216,0.008582186128808175,0.008407408662033222,0.00883334187898625,0.00929992856422185,0.011019859483169326,0.01867277356431569,0.008941006579621902,0.008525783117909467,0.009810556865300737,0.008582375030182516,0.00829946338127998,0.009084906494364945,,,,,
0.014682223411827535,0.008362978822037497,0.007084666139613914,0.00815760735743928,0.008160826234339036,0.009314142574053151,0.008451413114611164,0.011846158443945315,0.018765771275804168,0.01004673313392251,0.00967064924602003,0.010404190618741423,0.00836704878501993,0.008142967302005573,0.009476755685011804,,,,,
0.014209184690394316,0.008349359116272903,0.006761458506965959,0.007778015120030771,0.007259845827183573,0.0129532830759124,0.010352328365106385,0.014427191834387058,0.02876135870414616,0.012882425168199983,0.009496715837970605,0.008194093060838693,0.008299150833820145,0.00853372781836296,0.009742901162205261,,,,,
0.014455033092528826,0.007760654016418798,0.005866092420423173,0.007734539294311885,0.007237301056872431,0.007397046952403349,0.008089153938756501,0.00940063096600457,0.024959897883800142,0.010887721529372561,0.008300440016238472,0.0075185643812515435,0.007734245840570624,0.007523737646652747,0.007645489157148248,,,,,
0.022050896995645025,0.007943012436219513,0.00564727264632032,0.00808835223071592,0.00709248790652461,0.0071970470931067105,0.008141693009607728,0.009103624496684492,0.020588444446098808,0.011674641937162483,0.007859832941929426,0.008301025942059925,0.007489398181025688,0.007445064483045894,0.008078404440986318,,,,,
0.021433545101986078,0.007852403908618487,0.004904964445650147,0.009532191841395844,0.007091024840272498,0.007077156440849488,0.011993050979948596,0.00917373310543546,0.01584179508606771,0.01427718266387725,0.012198785591980664,0.007321043125431397,0.01590917386713062,0.008162057814305979,0.007425178613225269,,,,,
0.015984425057516315,0.0066738539543739345,0.0044232731718987965,0.008463183063025424,0.006628614897402534,0.007329585898212965,0.007506479563697517,0.010683781133471031,0.016290552897697732,0.015292144529444223,0.008266267586888913,0.006978562717287124,0.007013646580128729,0.006923379491549864,0.007278624340391318,,,,,
0.012256486707044956,0.0061978601301544,0.00383673529668806,0.00879729597940165,0.006893341367384341,0.00670854973900989,0.006889765640974653,0.00860938291372605,0.015866336998668393,0.022468699626144537,0.008875490484886613,0.007544395234755508,0.006579517734563704,0.0066491275991884735,0.007953129576331446,,,,,
0.01171946498326673,0.01312884125531536,0.0035636874621223164,0.01009258563513148,0.006437184245186678,0.007070510124570685,0.008487056039969573,0.008097166653380991,0.013228142175225195,0.02173126365941376,0.01887477459915205,0.007006014476689142,0.009082229344905138,0.0068582094046123684,0.006525233255789663,,,,,
0.009587138357182013,0.005910146001229487,0.004167216715820606,0.008897382786555233,0.007179003700023123,0.00681405163216064,0.006768025055606228,0.008231047326473034,0.012406048166039227,0.022743755167282113,0.009544939077367616,0.006759779898566971,0.005950387246984738,0.0065320372820702344,0.0065393796622059295,,,,,
0.012672515000785867,0.006125398819764099,0.0041322119128753545,0.012590888141759802,0.017228912569621235,0.0069487631433506475,0.007489181711292479,0.008048809581479556,0.011672419878237035,0.04362434457702548,0.012772723555868122,0.007152941254190187,0.006201207384907343,0.0062636372210547655,0.00736519886242417,,,,,
0.008141374405343722,0.011655740933578006,0.0038514960805655176,0.016519978537984793,0.006684339808945734,0.006641711269757099,0.008101009941305729,0.00810565148291081,0.011746630033391934,0.04059121939559589,0.019146303743536257,0.007388274984618207,0.009206333488889802,0.006514541077248533,0.006484609189764779,,,,,
0.007145684816146985,0.005653986267846554,0.004198610520310139,0.01601156337155359,0.006801620827851985,0.017766153601642336,0.00668196251645902,0.010039146050943719,0.01095304250636062,0.04191978539387527,0.014212835278716076,0.00828538707335394,0.006776786504663019,0.0067698932004146275,0.006279715685347226,,,,,
0.006598610806285233,0.006444835936309798,0.0037165391377964236,0.019858025017300482,0.008017487996382803,0.006079971934897365,0.006251149263445333,0.007103816453159346,0.022890463639062997,0.03463726371408883,0.015740670204718647,0.008169999028873817,0.006936854211639289,0.0065192676906097435,0.0065073201535315135,,,,,
0.006940218803893569,0.013316772789175077,0.0036919425464269967,0.023153481896847374,0.007157336887714785,0.005873825647936262,0.006721056196534467,0.007125737012026011,0.010206982818962176,0.02520401621588072,0.020798094424993273,0.013263758384529437,0.00716381212952757,0.005596055438357939,0.013054937874260653,,,,,
0.005771755411670519,0.005955343838637209,0.003671245910319917,0.022596782951020578,0.007506479563697552,0.006252808851445007,0.006043169964858153,0.012151514911958537,0.009597785872737392,0.02102038817119386,0.019679986972287986,0.007560408929681624,0.005536230271665489,0.006171647209104151,0.005594201019836497,,,,,
0.005992685186239042,0.006253275531212246,0.0052185863310875436,0.04578672743351394,0.011658856147865123,0.00583655715854455,0.0060965879853235915,0.007049981704925842,0.0201101123794595,0.021785625581613947,0.02437661732683156,0.00781461344056246,0.005370463504653077,0.005210067301208463,0.00555184566354455,,,,,
0.00614110004862622,0.013233999114682024,0.00369475184348748,0.05140660187467742,0.0076507885006645154,0.005973012375171139,0.006323605308456972,0.006795516184258881,0.008581317128927141,0.01783946056352677,0.030124704249679928,0.018900593452431395,0.005975183353462275,0.00476385037806805,0.015183367385081182,,,,,
0.005193923804496548,0.008077922785598086,0.003691239888087628,0.051278199886097865,0.007781557695198941,0.006602147776686525,0.005965353375509391,0.007280762282672793,0.00864962416549575,0.017743380651510054,0.02988324159003484,0.009716808209327434,0.0055016261067027394,0.005416154027736602,0.005418488280311605,,,,,
0.00555260484238875,0.008906452291923425,0.00508407686860316,0.039932418349161496,0.008431901022889106,0.005964755451355621,0.005931776806497908,0.006157077212796922,0.018035820231157813,0.017886201215800198,0.04676781028148271,0.009517724335142102,0.005323650089495909,0.004631256504731186,0.0048252556340668004,,,,,
0.007398098889592289,0.011639929511227486,0.0034282772413109534,0.04184912263411942,0.008768204654338155,0.006165497295313967,0.0057668659263233266,0.006451121644782255,0.00844108654257441,0.015813114714529907,0.039102307848983,0.019874346264125407,0.005818752897021538,0.004342189477453047,0.017944984339473693,,,,,
0.005137684766459019,0.010571353921450567,0.0036063765410061887,0.0372960606201781,0.010053959747090144,0.006835478399861463,0.007685081876793965,0.006435975251844207,0.0072839680195050886,0.012224912107999997,0.03829372517478155,0.013443053089964444,0.0053962420703433335,0.004710118064475262,0.005067532023545707,,,,,
0.00512169296759701,0.012886023867632527,0.004573557716568033,0.025064110753634575,0.010581899710593375,0.006169755580851847,0.0055498012043195604,0.0060444038834654296,0.010730416643327441,0.012334254713685915,0.03256943023225985,0.014513236526927278,0.005416632930786135,0.0041753785157361166,0.004326404949857667,,,,,
0.005162867177737263,0.020171528899140385,0.0034320582915847737,0.025238302923810078,0.010550722436734395,0.006585379484755254,0.0059006472863378295,0.006517277955426097,0.007897365973023384,0.011588561275812932,0.03215718743049558,0.020658313048285363,0.005932651329003297,0.0037685212306619,0.015067286285000897,,,,,
0.00531603141878984,0.020432254994112983,0.003635300728880096,0.028485469617487064,0.011694621468212055,0.006913068608043419,0.012117285563205486,0.0070605978036220735,0.007556119043539955,0.010545066300346462,0.037681770577554376,0.018399701698706583,0.012710708744751099,0.004646982378523322,0.004903311551097498,,,,,
0.006699408670417847,0.0250889364661124,0.003985625561819238,0.02474771896046762,0.020617716190934998,0.006345717315751815,0.005281273744204262,0.007026348330147966,0.009149809034447074,0.015406068507738447,0.0210341582467557,0.020726882412142777,0.0056642421351943365,0.004044015762624463,0.004148500875658985,,,,,
0.004607672613677635,0.02678771116434973,0.002911855085690077,0.027442326991649803,0.01719952896632328,0.006703279427292273,0.005763210155172063,0.007225149687690799,0.006349956869462881,0.010961919754209633,0.017938930333997523,0.04210332473894396,0.007648075695508547,0.003950324918882057,0.009657900068900552,,,,,
0.012923636811270381,0.025319469337820557,0.004112075381388412,0.026527211196933926,0.01004105143202928,0.008087349983904596,0.014887167195164875,0.004384989737405658,0.006948389839932654,0.011169113652330202,0.019263136851589188,0.03892594309736265,0.012414826659920091,0.003002315366001163,0.0056939878823226465,,,,,
0.0022380513223697537,0.05070681616449127,0.002918972914867682,0.026497761973784128,0.00833283822422304,0.0067744895159361765,0.007599207604194376,0.011193472406859126,0.0054542739523286855,0.012450920442301618,0.014328076861373742,0.04639923512003087,0.003978134083948553,0.005157840531449961,0.005827940011699762,,,,,
0.004322806109681305,0.03952073647178224,0.002804769720385958,0.04503558725771495,0.029324934206308616,0.007686094392938124,0.008150927115933427,0.004110576940927769,0.009117291045188151,0.013012248386259681,0.009416518076582834,0.04863676227786821,0.010269940611404784,0.003906331545677038,0.0065569579394095115,,,,,
0.010366475600224249,0.039545776339899974,0.0025580911308226476,0.01170362883392661,0.03359856494799544,0.00781627292889424,0.008617513924114239,0.0036371732853973213,0.009032971762576478,0.0037057052520111725,0.010292867747059786,0.04545239073340208,0.01605443686646054,0.0033478889018070815,0.005855027234541264,,,,,
0.0032311851698575192,0.03281895166994094,0.0028323786515337544,0.0356315152213001,0.05491346998466945,0.014498036654536018,0.004160987456064204,0.019703944485930422,0.008147943096963867,0.011753032158891905,0.016422161387568204,0.048690911439162744,0.007901798868007237,0.0058120622377914495,0.0039017636580946074,,,,,
0.005517163131841361,0.02118284960404238,0.007418931495530408,0.024544645609281712,0.03047123720079792,0.008929975373868587,0.008405055801020855,0.00724088427851857,0.018736150143138494,0.004326404949857745,0.009437155386544634,0.0340361327449834,0.009851980470779238,0.00423337266163968,0.007389810830642861,,,,,
0.00926639782949909,0.02320050153352873,0.0039030099758015136,0.023976624063068375,0.04106677647398138,0.00891922135355243,0.009037098775323183,0.008433400598305909,0.00462453052277817,0.005187427336907972,0.01124678947590754,0.029074856950922268,0.016951097568258685,0.003349341327249622,0.0063597531993824915,,,,,
0.004845841088866931,0.017417227222209813,0.003379410253294889,0.02577411095441162,0.05320479610007674,0.010531035825610319,0.007172496966899511,0.007847116761508122,0.008249305162482687,0.009902042920555514,0.012435937552243995,0.02429053889112486,0.012504580555032233,0.0052714414790492135,0.0059814205268426965,,,,,
0.0043377815792895935,0.017027209235252593,0.005103491409481103,0.023237353872147454,0.04793688224944716,0.009372443725020914,0.008355531477101347,0.006847279527870294,0.01318451338429789,0.010065208728972746,0.011267614028032384,0.022184710963533867,0.0163752019918106,0.004075324326860022,0.006563729079652582,,,,,
0.004265039748390096,0.015344300034859551,0.003271077855594298,0.019477397385110052,0.04252552944878549,0.011288457610219222,0.00979193192031852,0.007926871781206058,0.00800534628985873,0.00875691874460281,0.0099990167492749,0.028632337319773066,0.027683622779371964,0.004335015017458994,0.00489464125817881,,,,,
0.008637620275050715,0.01246695169931762,0.00390840609337325,0.01968986989120555,0.039254743230625305,0.023305750627800652,0.008653521844633413,0.009297313330297735,0.007969420480396868,0.010677223760452381,0.010555054707402329,0.016889681005744957,0.02384515611264087,0.007481948024258576,0.005043416663169655,,,,,
0.004546466606746417,0.011493263333215865,0.0037317753796996265,0.017006097037941245,0.04860255735579706,0.012071173126826958,0.009551900374667742,0.007735084250294609,0.009237414911868004,0.007872487395956735,0.010373979564820559,0.013112630118367948,0.03731280962735224,0.004510379558262611,0.005043416663169659,,,,,
0.005045666309090212,0.009996681712443325,0.002677008180539687,0.015699934613317007,0.04916693251251846,0.01457565722822451,0.010546941768629393,0.008628794283322005,0.00900968160547722,0.008016476889892255,0.008736159114275874,0.013907764752709443,0.03894790228789708,0.004426790336292616,0.006680021242317827,,,,,
0.0051166258713376735,0.009384233249746977,0.0030558367882203494,0.014966149373237075,0.05212877010150321,0.016216642331277203,0.010937015656542034,0.009449344572111948,0.008270345937702263,0.009021190432555733,0.009062894747196357,0.012598791534221287,0.03723195030611458,0.005194173506369578,0.00508509717854865,,,,,
0.0065471100138379855,0.009139171779502893,0.003716190150600171,0.014430787273062646,0.06249505318375746,0.014906473442355695,0.010208380452720524,0.008487858289591959,0.008709581594733817,0.016252053617941915,0.009347502043587426,0.011802173740879144,0.03954081555573969,0.004231457437615641,0.005166633953095051,,,,,
0.005081333770458698,0.009319710777914226,0.0032009394012257487,0.014283199659213323,0.06359292294055495,0.017580285671456256,0.01204535919318079,0.00987765070816864,0.008962738853722044,0.008666289437961168,0.009655717602610261,0.014379467400718049,0.027823909504395773,0.004512463820676362,0.013385549599680515,,,,,
0.005683044033879995,0.008570276948287067,0.0030915972925876826,0.016149321642805397,0.063436215217516,0.020688112854834063,0.015812520071182872,0.011026918820326335,0.009615505531390288,0.00917472269778458,0.00979285904236518,0.011498227465581068,0.02541293424130482,0.005227463648648149,0.005015049314746746,,,,,
0.004644469816902161,0.008340616838028104,0.0027160871481286797,0.013309953516211077,0.056677077400178286,0.022602794376490685,0.013101423829043592,0.021680175560794036,0.010684630868653988,0.02196431038177457,0.009737741440986788,0.0105745739548042,0.025626045591003413,0.004885092799681841,0.004943418817665668,,,,,
0.005051895806629032,0.00824871556281243,0.0037568016631033545,0.01297481735161533,0.026446318569832816,0.02322648160241059,0.014622142665250535,0.01180698053405937,0.011621641662872162,0.010103374421461421,0.009266677753610217,0.011941463996801184,0.019436819586044256,0.005679163030411542,0.006778317398043473,,,,,
0.005283728951674713,0.008535209503556955,0.002522993802602493,0.013716773387995956,0.04752354997604929,0.024055267784244622,0.02894744572075814,0.011550250117199477,0.011233635466623024,0.010181155681631781,0.009151190969407011,0.009947780082742202,0.01644709900509402,0.0063665303613187185,0.0049943173148069946,,,,,
0.005198603718770435,0.00736489069234463,0.0025101094685507103,0.012028146083161075,0.04258934536688569,0.03027485465933561,0.015698612805746793,0.02574152046810982,0.011007259095790539,0.01690413059877116,0.009742135698819416,0.010325828558781345,0.015017601851032644,0.016535966968821647,0.004816310190338214,,,,,
0.005405067558506644,0.006922630126952875,0.008609345252301096,0.011554488241696343,0.03767498084523418,0.030485237388725144,0.01620640200041928,0.01319631253279761,0.025573190999943513,0.010501930713189082,0.010072035787643856,0.011147756080363332,0.012612398464027366,0.007383358130444982,0.014495643458623562,,,,,
0.006129208871750608,0.011804920719503422,0.0024919594873712954,0.01124229115209883,0.03531753429735999,0.03962490076816018,0.01936319687245046,0.01409904354506407,0.012003968446745086,0.010626419483631272,0.02548470374459692,0.010122259160048821,0.024159517604929976,0.007631098813983254,0.005122199401530836,,,,,
0.011920810215314293,0.0070503036397491685,0.002553650988142511,0.011313562517019921,0.0333271113037946,0.040101705278789604,0.018731442419795668,0.014519155697690278,0.012795550034656331,0.017073078004151577,0.010344651977158137,0.01016432647069285,0.010942498828493958,0.013177625668758188,0.00548539490942368,,,,,
0.005496260362340633,0.00668918880472953,0.0028792693213761937,0.01080554503608097,0.03235080313766566,0.040264982258428145,0.021231576224274653,0.014409853737239095,0.01545328720876328,0.011206210623226395,0.010860766663502334,0.010304988693168735,0.01095928692087646,0.01024132823894548,0.005651003420755265,,,,,
0.005560249244105819,0.01110623153942118,0.0027853970484193885,0.010127991348352705,0.026927848904199896,0.0568850206010284,0.02009056146368417,0.016726733045784332,0.013809500233334717,0.012062171414877504,0.018321646565596972,0.010119824399833138,0.011948521568166613,0.01998174837303131,0.005721709284932829,,,,,
0.006481358270028732,0.00643804047810628,0.0022513405008383037,0.010131864342497939,0.025766612123337078,0.08594309323774033,0.02311221740583796,0.01941011037265443,0.013515218159374596,0.013093625722811187,0.011064111584741384,0.009995222037411712,0.010481564729226654,0.019216843178637442,0.006106153600569206,,,,,
0.006129632064671983,0.00624372758942521,0.004420340063806662,0.01053279065704289,0.023730755613014284,0.08114677271605035,0.02645808588054254,0.018774874740054983,0.02461718159570358,0.012182188524719667,0.011852835080590728,0.010466550791986497,0.00969609730958304,0.01957187323884568,0.006573009509862209,,,,,
0.006074209635052629,0.00623541314723966,0.0027336979914297293,0.010167356508822578,0.022488562034547625,0.08125124585244435,0.03194704665859131,0.02039227342295675,0.016129814433448197,0.013100433850628281,0.019005104798613153,0.018285012234952644,0.010672485374266944,0.015416167427336555,0.01329208506653432,,,,,
0.007141372817396136,0.006351999017441994,0.005132128053518088,0.009897326538806372,0.021673594079844125,0.09643071077025835,0.0349595070546831,0.02238194745454779,0.01671368212296551,0.015656504558850617,0.01272613249602027,0.010601002506949972,0.010080402282926108,0.010500356000196059,0.006600183027133577,,,,,
0.010817091523817568,0.006196552117669252,0.005977082312620856,0.009490704868636632,0.01919109499086585,0.08275785444515277,0.03832990539541975,0.04798358461326757,0.019434200368725396,0.014719277625064028,0.013229686306326656,0.010836497832144727,0.01004172953127446,0.01460350407876461,0.007052142985377204,,,,,
0.006591531171743183,0.0079508869666719,0.006293383571341625,0.0093166486776185,0.017228912569621287,0.10076661065680861,0.03942314861891638,0.02431736779749669,0.01885277325528935,0.015363390613465156,0.013262609390190175,0.018967311831078932,0.010501436711003172,0.009713470728477567,0.008467970700711508,,,,,
0.007361676149897054,0.006601902214969105,0.005225292272551415,0.009270595803678472,0.01874156602319341,0.07986746339154265,0.04194518649748092,0.028345288496348757,0.019738224665307856,0.015817215094402894,0.01308094078679691,0.01141970655262435,0.01000186994286965,0.008727544229815337,0.007540956233204856,,,,,
0.014750788446609386,0.0066156396342931315,0.005146953622268741,0.009427358297305696,0.01798225730937924,0.07596508817882718,0.046168088128688785,0.05545183796973247,0.026190916152370323,0.032996385403009344,0.013819475441415591,0.01234119275222135,0.010248670737436315,0.019661195740172784,0.007998660495181711,,,,,
0.007871869572847261,0.006534022522757395,0.004815838917227763,0.009093503732580919,0.024277186776532015,0.07293297144334043,0.08552925729313568,0.03238381094482661,0.02444684020031238,0.01756766582993851,0.015396215683233775,0.01758506187325527,0.01046902880062538,0.008802896443141245,0.013515434074865468,,,,,
0.010481657532016788,0.006809291553597066,0.004047221610179123,0.013334948573278023,0.016752997933448022,0.06457015090602429,0.07612838385224391,0.037707670475323016,0.024641102272760246,0.019104140198058717,0.015315026761162717,0.01260393765814842,0.021310840774780584,0.008901354108836496,0.00822064114806391,,,,,
0.009646747522893106,0.006380368006761091,0.0036814766639653284,0.008712373252634586,0.01634902430617098,0.03474553282391852,0.07678284439751806,0.046823878454939405,0.02617982141216936,0.020799700126211348,0.01566238499857159,0.012792077965580953,0.011115365663023563,0.009391141041075959,0.008829376688786127,,,,,
0.011721124877942909,0.0065260282524581366,0.00824678924346269,0.008454290021741508,0.015939736019595044,0.053426698694366226,0.10840174821877334,0.04589876209000375,0.02620373858985216,0.020938166001017458,0.017005715710522146,0.013964093058556549,0.011245722728546854,0.009082622042872959,0.011124900331416672,,,,,
0.009905316864411099,0.006833960311279017,0.003345466791477384,0.012990077278876343,0.01520251075841078,0.04648948905864294,0.11120550679207106,0.04974135144461198,0.029213979052991636,0.02186756748712908,0.016796971034713094,0.013685085129282567,0.015871955842331968,0.009202070962896365,0.009956739480383356,,,,,
0.012055906559586832,0.0064869588398877255,0.0035632325097437216,0.008669095036992844,0.014933073771268134,0.03829931312406522,0.1110407064397362,0.06475952632708211,0.035102417197322114,0.02469923392311756,0.018661048934696327,0.01503124099594418,0.012214298314388477,0.01973822466530783,0.010014569747863411,,,,,
0.014580839478682075,0.006692871691961113,0.007488488966095907,0.00855342460960228,0.014191191841311169,0.03966225381195014,0.11645016004684276,0.06658228128688062,0.036535917629915246,0.024746972143708527,0.021119077463250757,0.0178670478006441,0.012130042673350112,0.009757533246958204,0.011523466257062303,,,,,
0.01004508706236467,0.012215386652425594,0.0032486984968858276,0.009006910098946264,0.01408127838323609,0.03675620395792072,0.08733636427296014,0.07014317345432076,0.03653428467072596,0.02719136736544378,0.020233303850971378,0.015613285972197181,0.01453674261527013,0.010650801684051747,0.011454746671166298,,,,,
0.009582673023590683,0.006685503888682076,0.003350986648388628,0.008291333318277085,0.013654249470604125,0.031033120084993177,0.11204177822711918,0.08245018205199994,0.0428521413985621,0.06083603112232779,0.021200475665078298,0.016606250340107223,0.013194346740789493,0.01083670727845623,0.016878638790453815,,,,,
0.010744398002246679,0.007143914942103419,0.0032978309410317957,0.008238292344226836,0.016275399197362005,0.031699335951175495,0.10718862697131104,0.07487445830712026,0.08317951111196599,0.03151706957248328,0.02214404256282386,0.02013652109099287,0.014089910631216873,0.010733286873743194,0.018058385991000323,,,,,
0.010908072317269611,0.016895976637024936,0.00319394236069689,0.007955616094940365,0.01281853822395,0.030293345024595787,0.061234034180893473,0.10406931483085372,0.05622113979386253,0.033798899492834704,0.036301015581242296,0.018992731743308126,0.015708688779207735,0.01111046393603043,0.01787546622283248,,,,,
0.009587814741458164,0.007254529074700701,0.0032286755110946205,0.008575571959219264,0.01297271802026599,0.029323950131602206,0.08135828295338549,0.13570762442703257,0.056656936438125895,0.04672017021862251,0.024014351183306148,0.019538778168748053,0.01438668123358108,0.013532600312892221,0.013258208065413881,,,,,
0.011791289420661408,0.006910253878780288,0.0036261022820678643,0.007989128643669666,0.012019408890712872,0.02899928243306647,0.06540574994876311,0.10234294443989861,0.0722420317596077,0.03537408824804305,0.028776235864607952,0.019604168182930128,0.015778033512217775,0.011982745938520428,0.013592940792528655,,,,,
0.009830927692834142,0.0119742193251987,0.00341652939330271,0.008596417649385707,0.012134532549965996,0.02689467932706532,0.07799796846371718,0.14342348904582947,0.06957052777866665,0.04091557649133858,0.03785755073941241,0.029672699289021214,0.01603341891135498,0.012520646692453175,0.019142662391748055,,,,,
0.010309487129302738,0.007348671552979445,0.003425154732653063,0.008357122352832562,0.012373204370356454,0.02767565721966321,0.05717910665031391,0.14244543173772056,0.07831869835725701,0.04451854187778074,0.030204591093993722,0.021243301603546694,0.017543711174312273,0.013541486550250758,0.009745563175291103,,,,,
0.013470545429101165,0.007864451909762434,0.003301761376776387,0.008210103302293414,0.01217294927508561,0.025922869085319388,0.05351604911865947,0.14021489862974235,0.1372428617593465,0.04783707827089767,0.03026216075671263,0.02315930682020754,0.017388833134745332,0.013341366221544373,0.00983669780076085,,,,,
0.012095859785454128,0.012602728507909543,0.011110901678145376,0.008187759400196368,0.011673530960570987,0.02396353002046897,0.047100932822858106,0.11686866529479441,0.13055155441499414,0.051527907332865455,0.04160949273113386,0.03817574764720016,0.018752842642130365,0.013861643798100542,0.014772050982054514,,,,,
0.0118169998393313,0.008023956060842023,0.0032788992669203847,0.008222415859586586,0.011254945307540022,0.021981899847342026,0.04636269411017223,0.0834506916198009,0.12991762263838796,0.06573194984819192,0.036350652535191236,0.025281855813062103,0.02058143508825142,0.014034965243071558,0.009918924872649058,,,,,
0.012101889619520564,0.008319753780809435,0.003608084382390898,0.008387484949715158,0.01121800949911677,0.021499174617359364,0.04387821593500687,0.0820438115428712,0.1587321725468633,0.06258795784325358,0.041358503799584785,0.028070519590322477,0.019668895722740224,0.01569580359506013,0.010340921389785582,,,,,
0.022679225321837495,0.010983904368924161,0.010464320082492363,0.007388626063284229,0.011067158952090058,0.02126453737419702,0.03687090598806485,0.07729171522220823,0.16154235710551607,0.06963991292634263,0.037930922474327146,0.03462325676144214,0.021535942164529524,0.01524298031399986,0.014804500779748916,,,,,
0.012743242448522334,0.008919221353552465,0.003679362290288181,0.007097971719078105,0.010696974754934906,0.02072774278661134,0.03764743071984006,0.0708064257260562,0.15729639940263088,0.0977266234607786,0.044477175489522985,0.03125259252234733,0.02177096064419812,0.016517132348833362,0.011300715772145219,,,,,
0.013907764752709502,0.00910116661366924,0.0037574057684480276,0.0062428447057165356,0.010796178823691391,0.025626501087319297,0.03588540606496352,0.06517532177939592,0.1485780049587903,0.08585132139233626,0.05191503571302972,0.033127378730930065,0.023128947927828516,0.03162622942905976,0.011505246925992583,,,,,
0.0187109361772517,0.009668067218320968,0.00901773932667865,0.006063524249381893,0.010496248284330772,0.01940534893668802,0.03545356035350507,0.056725363668038084,0.1175886388763417,0.10960096362587296,0.06045235831608975,0.03439698417956251,0.024079181120529862,0.01775607647601879,0.01392409803849378,,,,,
0.014805486314887609,0.009387376925050523,0.003731862265192943,0.006025061397574794,0.010188509720187039,0.01954652637545051,0.0344269377728266,0.05276801720602177,0.11877445672649146,0.14021415864156003,0.06750408002341605,0.03722331029896546,0.02815291857562616,0.019020657818358957,0.012765080258314103,,,,,
0.015588512068121363,0.00967426963021595,0.004279687027132241,0.00656688984746583,0.011454746671166333,0.01894267943691602,0.03194608245828487,0.04989575760198459,0.08270267526845222,0.1463049812592651,0.07492374005637753,0.04234138508682057,0.026481763986869033,0.02121446509596508,0.013115102622739669,,,,,
0.016233588669783704,0.01110646509299609,0.004430890166146919,0.006656340822284099,0.012095779367359975,0.01851129869134925,0.028474209923900894,0.05001258492909025,0.10117766891196855,0.16621917026597435,0.07403329617604539,0.045663661775656124,0.027427400134800297,0.01949924269174596,0.015101828575005458,,,,,
0.01618237583276456,0.010213937330395538,0.004260856434359712,0.010460353202139403,0.01098481943969359,0.018435527742459424,0.028752970003473058,0.047502804312341655,0.07982374023210698,0.18278486180617579,0.053062000085059464,0.045537351431326485,0.03310513360258678,0.020711608731633857,0.013672379775672008,,,,,
0.018729226611122436,0.010466798619250425,0.00466342009047248,0.006487608592871409,0.01033938487433527,0.017429435108351245,0.028305177964087876,0.04626840878775449,0.07941506410430636,0.186287340392678,0.09315309040294989,0.04884399810734981,0.03251168764304919,0.025926371063637613,0.014543700086163213,,,,,
0.020602739289219976,0.012033967353911426,0.0054094449332848914,0.006386615627063384,0.011379174448439009,0.017498946373997733,0.02689612600220172,0.04275348167080744,0.08444312553054564,0.17336488202468942,0.13542548676116498,0.05579096490636845,0.03616285139646793,0.023190646642796194,0.015184050729933092,,,,,
0.022269494313559186,0.011081681021523092,0.00521236943348713,0.013066332923385006,0.01032410136158204,0.017584047730403014,0.03548738261047939,0.03932004138361947,0.06313919279281734,0.16370350094672184,0.1346218440072095,0.06108733217802459,0.03450129917650335,0.023326484920506676,0.015122940601551685,,,,,
0.021386067078235118,0.011894669967025496,0.005086691003122731,0.0064210456171963975,0.010107224768494837,0.016791970674842973,0.026106597104904754,0.037475692036647634,0.058891135360955374,0.12939115222975117,0.134587207280424,0.07323002204080484,0.03425146212828025,0.025976847059592904,0.016349916741271474,,,,,
0.022582013017523137,0.012968918366381232,0.005435754455017068,0.006982278721606618,0.01035771410375997,0.01656036121233633,0.02428235491574423,0.043845460547383086,0.049219760611233614,0.12374776575798221,0.18864856372809252,0.07337135525068869,0.040622160936440666,0.026490969823675416,0.017306369229737138,,,,,
0.025565696649083577,0.012583675507715992,0.0052200151702176305,0.010612985396819423,0.009589674552227884,0.0158956556856137,0.03285568354415431,0.03521736814717068,0.05569613018232642,0.09513377748014709,0.19350080255708438,0.07371466884965891,0.05303050890378331,0.027513599201521056,0.021471889857752856,,,,,
0.026084182010577543,0.013431205150575198,0.004928112553346389,0.007226899667301693,0.009543342357069814,0.015510420497597877,0.0235068229714888,0.03386348661962103,0.04978354108981722,0.1365791045585642,0.19216748016112786,0.10102498583561656,0.049350055901094626,0.030153804892652795,0.018639421555828338,,,,,
0.02705920996619553,0.01438282679177743,0.005500977778334336,0.00713319556623061,0.009441552174570229,0.015479136399152068,0.023343492466147968,0.03417761968654972,0.0426989940791902,0.09107388758134512,0.17914204445504647,0.14074437885760122,0.05255843717299929,0.030203227740787226,0.021676630784120885,,,,,
0.04525289588696814,0.014212379006455748,0.012707443138513259,0.0074790005664313085,0.00947021849178917,0.015162852719236694,0.027479543763898055,0.03349964708689209,0.0433035647575815,0.07844936428482766,0.16886920936828678,0.08665787701130341,0.0564905855978468,0.03349922121102841,0.03731076746805074,,,,,
0.02823636323160121,0.014580839478682122,0.005484153461904519,0.007357843285637697,0.009031069113125966,0.014801697121014274,0.02153738747319337,0.033867699332051616,0.04223443166308044,0.08034334086533364,0.1630146816592117,0.1465597287110083,0.056676476708002466,0.037487629940594513,0.023425023238584735,,,,,
0.030874875336970233,0.01611404678831456,0.005728052645289926,0.007186271613358615,0.009288520750819115,0.017453379409282876,0.021013600045177126,0.038387765053558974,0.03968552952550798,0.06692334407474267,0.12894728061213073,0.1920937908210304,0.0674359591742062,0.033121300010124775,0.025317228190050223,,,,,
0.0412485381916107,0.030476557178700577,0.006964842816368179,0.007721448812341012,0.009084906494364853,0.014679241781052631,0.02120039919474117,0.033298992234356235,0.04168461450707211,0.058474820760796506,0.1011877855456106,0.06302265178331803,0.07933436612193352,0.04015512270809382,0.03070312421834752,,,,,
0.03677792463101754,0.017293380756862577,0.006433153383791535,0.007520289198466382,0.009108289087281613,0.01398903187946009,0.021037241014859497,0.029265166397540603,0.03728068698258259,0.048943762747577065,0.10507548353410243,0.20935446391001197,0.0909454875940271,0.042567421340345,0.033996174731381196,,,,,
0.048014165301732255,0.018072313811649404,0.006093396109927076,0.008157289374751775,0.009325310427003932,0.021282827066557083,0.02014708132048265,0.028859945519957953,0.03632980988333371,0.053179365000157554,0.08789190733864415,0.20465848228379016,0.09939360345568068,0.07580923821323628,0.032044574882827845,,,,,
0.04946756898944476,0.027126755712614605,0.011922850008594374,0.008773195421770377,0.009452363685570916,0.014053781059654697,0.019098912018771803,0.02890170942789778,0.03599839723482327,0.05016978206789966,0.07196956988666713,0.14948141679938493,0.11143991456948507,0.049056624610043724,0.03369940546962088,,,,,
0.047047393375741216,0.01968418781911702,0.006436781272636955,0.008874905950932337,0.008871982703477489,0.013936294725249885,0.019197041244828184,0.02688744478381125,0.03619202439084826,0.04780984319102317,0.07768637847479098,0.1879214209111756,0.13392233535634349,0.06888383784370115,0.03388153057792797,,,,,
0.05216147082171591,0.020187982156015763,0.007072940191964289,0.009415829387252028,0.00888220986048066,0.013869033457542146,0.01898316910433113,0.024426791433207994,0.03721438076508159,0.046023044944308825,0.07017463677569202,0.15174361229467367,0.1444924563190104,0.0626803782156259,0.031073935343255116,,,,,
0.055538286537359136,0.02617600650914468,0.008615256079884356,0.010176441210045172,0.008462148577556214,0.013350331174012863,0.018583934494069004,0.02437841293741247,0.04776509571040833,0.042826286419459764,0.0662960242445861,0.1419129488559761,0.19611721754187572,0.06221884213944177,0.03314533429845539,,,,,
0.04114790110897799,0.023481650183478517,0.007330957125524588,0.01754518966311794,0.008054608436397144,0.013368946406731107,0.018338557236390753,0.023896717496251343,0.042375555618753426,0.04275348167080746,0.07844089505740127,0.12079082641832344,0.10587730941417882,0.07581758230475547,0.05002010486016878,,,,,
0.08549353866927915,0.02327327016548624,0.00796148282889789,0.012843479815594878,0.008163964410280514,0.013381382559708214,0.01781790959172407,0.02333482350157811,0.03553551001904945,0.04301394073266387,0.055448089753957305,0.10887691451106882,0.20993289837767157,0.1008826817559012,0.03489110372744641,,,,,
0.08481778785637323,0.02693226762532626,0.008736493141214755,0.01468701483875462,0.008135996076681199,0.013434946463675419,0.017400166514890097,0.029917942272355485,0.04015290210179641,0.038221007490466266,0.052822706960435006,0.0827371690157391,0.21533986477378989,0.09421299979239349,0.03489779400253317,,,,,
0.11715667089912679,0.027642458320006662,0.008481552855510638,0.019921276744265304,0.008131531356014363,0.013510035152372651,0.021820944671324678,0.022366542774056062,0.04010483423152941,0.03652296732273262,0.08097528640792005,0.11690948907169924,0.18889905569528964,0.11975893727186418,0.049445993042859925,,,,,
0.13322950713874887,0.027665404044248127,0.008875490484886596,0.01711746009308135,0.007922084565350217,0.01314609301322914,0.01714547150589334,0.02168189539127728,0.030123154296087962,0.03615675391227423,0.05044735077369999,0.07758914097913255,0.18838013848463536,0.13953531335859784,0.04050572211679222,,,,,
0.15770278241038455,0.03428249813470004,0.009159407401416181,0.025027033301704606,0.0140031171487793,0.01298371075010261,0.01696171029669658,0.021041479083536634,0.027640112257470633,0.035671941056500484,0.04620170226844167,0.07205627076081923,0.16719628246464935,0.13434897953960392,0.04352276432162765,,,,,
0.08971460031381628,0.033868618399674345,0.009554717408703617,0.03138800219537923,0.007793340780694854,0.01301601048030283,0.02322653744221189,0.021030088300912186,0.027294294827728677,0.03535805317950328,0.04282886050675104,0.09104942218633943,0.19161633690998103,0.157393312175012,0.07614841617869339,,,,,
0.19667692943430917,0.0369357219897524,0.009858560521919127,0.03362017498293542,0.007995619649488285,0.01281638799516402,0.01654727704532833,0.020912754129258474,0.02646187237045599,0.042723499327066025,0.041798925169679334,0.06393027556094161,0.14797044504190415,0.16160872417840932,0.04924868492520791,,,,,
0.18301613766597247,0.048088209166461345,0.010443756571743805,0.031198264092544854,0.00843436172436713,0.013180208983888341,0.016571948127227547,0.020466186632568287,0.026081484440153214,0.03471962721740844,0.04017272978765718,0.060440686044220655,0.11748538894064453,0.15904836048023735,0.05271883709971208,,,,,
0.13115966900311699,0.05035374008800992,0.01036519312963641,0.026180069113924342,0.007636025995375926,0.012432990965795301,0.019707893442625874,0.02091729644216802,0.027683247980894995,0.03530123473168658,0.0395528269622617,0.046537623059514005,0.09291801495470554,0.1603426319179521,0.09274713218837555,,,,,
0.15307118462901903,0.0507488484806338,0.011222633123133522,0.019871034135472587,0.007771342362375068,0.012640645752408784,0.016401298357683402,0.019567880262162687,0.023685254123346388,0.03806851257143223,0.03745305147962989,0.05172591777351685,0.09707560240489663,0.1542356468439392,0.061398559897704874,,,,,
0.11148279611687775,0.04899143783488329,0.012017466429733245,0.013046068177210074,0.008223519931237596,0.010785992854152443,0.016458627754432024,0.01960497859612961,0.023071778555617924,0.034734332770497374,0.03696748656806559,0.04962672123000776,0.08200065966034494,0.09749328349322535,0.07419393001020333,,,,,
0.09703364184848672,0.05222451991607924,0.017150765815969183,0.009969789481103134,0.007605732964872907,0.012102720161189136,0.01619433330676206,0.02034948884307405,0.025417182597706343,0.04324350228988879,0.03430924414027787,0.042928638578080214,0.07040705507290858,0.13953077041315143,0.08952864090871888,,,,,
0.07960505340159575,0.05505697630438891,0.01323654693183311,0.00992898801668902,0.007829867466441189,0.011772465528689352,0.015633686593282573,0.0189256918041546,0.02254994236045335,0.0439913373661403,0.03490225347346186,0.04578287490919169,0.07792327220186068,0.13112373940262786,0.08811253297983113,,,,,
0.06716751099463959,0.054063967362343264,0.013757748240518505,0.008306531624571,0.007500127239582694,0.011133203703694762,0.015004641823547998,0.01841441025220846,0.021636146312581827,0.0439518133938354,0.03413235599884442,0.04348933861476506,0.06279806042547259,0.12088723010442323,0.11263250399114756,,,,,
0.06890695508342143,0.06357884898493169,0.014213451223033677,0.007201730970510735,0.009060783673076023,0.010951739904930275,0.015519218887120774,0.020211353568938707,0.024098039059043754,0.037217316857990866,0.033502124802719656,0.04053170542591093,0.05750805436434085,0.11310030830160472,0.11486361883912174,,,,,
0.0989241125004251,0.07991995072707678,0.014308239460352796,0.00703856651199732,0.007805687646204749,0.011700192995601788,0.015160970819293336,0.018094708627750252,0.022053367163801477,0.03804915634628353,0.038953854201377806,0.03974598422149092,0.05725490660547312,0.09656601057231912,0.07585712619829353,,,,,
0.052582466691012186,0.101819760314875,0.016185280889111683,0.00617836830797479,0.007835042104026182,0.011627917412584973,0.015097190276064822,0.018082358151976844,0.02118064531506806,0.037655009013717496,0.03112742870895059,0.03843944796826769,0.053258976464116675,0.08516662677465199,0.16582144758710077,,,,,
0.04482961635489762,0.10979974896955297,0.020069440592132778,0.006160078186934377,0.014419211253514915,0.011152641416999245,0.014414600736634088,0.019729467101728234,0.022401872307199925,0.02890302199130316,0.030032828628353714,0.037972896531955444,0.04929080290104449,0.08408937283064608,0.17563760699081804,,,,,
0.04276537167497825,0.11498594049454301,0.017662627225808497,0.0145731877827264,0.008141693009607731,0.010959523605923841,0.016782467818535582,0.018145813413961334,0.020742754484228937,0.026012483460262716,0.03066428975225604,0.037528501444848456,0.0455749028036345,0.07822308835337227,0.10458629309735673,,,,,
0.054014670601331576,0.1307622638842161,0.020254301874322266,0.005310966583679056,0.008113647905235973,0.010968986819992196,0.014343637685413411,0.017018676049486557,0.02016445501668362,0.03259649760718338,0.02961784844778499,0.03388662135181399,0.04631939065935699,0.06444232185752319,0.19138712689701756,,,,,
0.04495251295546847,0.047260007214367995,0.020171094891433438,0.005220015170217633,0.013432460416932024,0.010866377828177329,0.013794089045976581,0.01797920978547154,0.021451086093055488,0.025256590676736277,0.02966916957824741,0.03325636444020482,0.04392518842455613,0.06411585180991335,0.16999183006499496,,,,,
0.03389350033683734,0.15943835560296277,0.019847441682904594,0.013238310518000526,0.009125537999988153,0.010670510425674618,0.014495911874097376,0.01690472520443055,0.019648575758228325,0.024585246759405342,0.030693628843692415,0.03383376252934327,0.05513503516721102,0.06389952804891455,0.1511755039823264,,,,,
0.042114805478529325,0.15195159098646707,0.02243729072082663,0.00508662725972829,0.008845630003961989,0.010740051538327033,0.014010524760721734,0.016367359025343794,0.01930631354569404,0.023823593900207198,0.031170398634933393,0.03226858304834775,0.03966706862431991,0.05713526730207051,0.1299518796735593,,,,,
0.03308211884094162,0.15510838377220582,0.027237832850158454,0.005281273744204209,0.014585286293755738,0.011897613612108554,0.013776589640415053,0.017220196899001124,0.019634461473511597,0.023027227877808858,0.034801031811162064,0.031371190635130206,0.038204376571049574,0.048118480782071774,0.11422875918984503,,,,,
0.030900069311996108,0.13382024901441716,0.029059206573769307,0.006232500472026118,0.010772125682622737,0.01043801140973196,0.016720664567218713,0.015953135550920077,0.01928776344667269,0.022828322905466315,0.03779397251136854,0.038494338204966005,0.03555616170506332,0.05183662535716962,0.09726193401399409,,,,,
0.03090631214137568,0.11950041114904428,0.02901636196841674,0.005698484716947884,0.011616758180251763,0.010471784896184638,0.01357687781162483,0.01610454657754013,0.01850069857405333,0.02279694011872095,0.03791402747849783,0.02950680796937699,0.03573009386989036,0.04726198994068571,0.09330114054247601,,,,,
0.03469141246711001,0.09180084432349944,0.03326103423798519,0.005724372086762235,0.018818068977147422,0.013018127737107078,0.013335750948208526,0.016661609729555407,0.018293858665405855,0.021730368412078108,0.03611812756992621,0.028616071017402094,0.034881930390170575,0.04374162151572998,0.0855317289856471,,,,,
0.03151428145870504,0.09446609726498752,0.030542447918693337,0.005898448874426276,0.015058073109373698,0.010189178005951028,0.018951988770838174,0.015603730233628137,0.017787311565550266,0.021175501081791143,0.03415104593259587,0.03011884845093634,0.0324996678872823,0.04533433263601679,0.05798321691562155,,,,,
0.03275598731296882,0.07084689480529817,0.03724643001543405,0.005618780101744238,0.017927286443406312,0.010163784158056955,0.013248691319167338,0.01530666176437148,0.017769310655037583,0.021580085706742066,0.031907897027511914,0.02741953751856065,0.032918861049184844,0.043236903523236093,0.06560499573820894,,,,,
0.02568988794994901,0.09464449693528251,0.04828549832347083,0.0063044508382045185,0.02352006098584768,0.012870035942050346,0.013321641561243089,0.015383637856729237,0.017458060322604992,0.020814613195058004,0.02665666643763709,0.027108999980845937,0.03167638481552853,0.03850788013686054,0.06137653979108647,,,,,
0.026396556064029443,0.07756851095337738,0.06451050776143807,0.007499565210465735,0.022030227900075694,0.009780103410279583,0.016260430780661427,0.015402006033964417,0.017251048995806463,0.020452858530113388,0.026388251141720904,0.02691155236473278,0.031062361329392888,0.03623654963833133,0.05239838780459091,,,,,
0.03419461605126233,0.05975454670289582,0.055747528710851826,0.006639514056621915,0.021940160955215778,0.009916799852258063,0.012765486661722657,0.015387368033306753,0.0174463185143944,0.020723737830739594,0.02669137091302599,0.025705823765114388,0.030190901093063015,0.03705603753216147,0.057472979809798874,,,,,
0.02285671215099616,0.051584257592588015,0.06269189726199499,0.006989333686816756,0.013705800837766086,0.010203805666648375,0.012580866614151894,0.014981978083219886,0.01699129525836975,0.019897173517875188,0.023296107280210133,0.025688423832295595,0.028605780866173238,0.03450498296981648,0.05082188117201476,,,,,
0.021746894702505036,0.046301109759631816,0.09125175219668712,0.00818066780564947,0.013334097516803256,0.009606194128620196,0.012693478307887817,0.014937003296207962,0.022943251978548875,0.019384167272933756,0.022027063302536933,0.026406172258036497,0.02792227609877539,0.03342673374876221,0.044361375357824896,,,,,
0.020893643905399294,0.04844245663828221,0.08326775206518283,0.01047101078530606,0.011391278063036804,0.009665920592488934,0.012750466538287573,0.014834256929085483,0.016611111411827063,0.018430549714608654,0.021647008490607893,0.025104969606879926,0.030357582770465727,0.0336350720279276,0.043325131239168174,,,,,
0.0209072958477088,0.046077823892306365,0.10880244076291092,0.00906976128196196,0.008684042923423745,0.009591026915361707,0.012600464255029527,0.014582951884915618,0.016323162191439474,0.018645248117196433,0.02140496488965919,0.025126645219157678,0.0260061879644429,0.03059785603585789,0.04337066928610526,,,,,
0.020517816441292174,0.04366613275889378,0.11546174437716213,0.01069833868366737,0.008522740124310861,0.009650343275095358,0.01245925094252799,0.014675861867205273,0.02069995811020769,0.018309466878357595,0.021450859361435818,0.02506825007970884,0.026217840974827534,0.03047702529230014,0.04082852689484788,,,,,
0.01933646980678394,0.03848429658297866,0.12211513585662534,0.022896128894350613,0.007061011094812125,0.009525896921604153,0.01237351882742617,0.014263390772942794,0.01623688395607678,0.018449610215279206,0.0211356521849813,0.02457268816207287,0.02586797628795239,0.030548986720981275,0.04092498194942828,,,,,
0.019591743166032908,0.036795482276868664,0.11577305575166316,0.011241598942518402,0.006168914670996398,0.009337263641585613,0.012326786706190364,0.014119909716251261,0.015948256903648088,0.018665982861486317,0.02039570757374628,0.027857415931104194,0.024440579214735844,0.02892942887372165,0.03629472690371434,,,,,
0.022885307037966655,0.03585858785328993,0.10507361970016497,0.012215360108749075,0.00629461995200341,0.015040729300374676,0.01239747268821407,0.019247375466855208,0.015961263315962152,0.017858498317734006,0.01963281001718672,0.028847719271625504,0.02351388417327713,0.027427873002257897,0.033442880428754304,,,,,
0.01890786580113339,0.03489233966652235,0.0948267428580986,0.028548539508837383,0.00616717993229969,0.009268252169206095,0.012497318109997626,0.013887793919944349,0.015584497152719165,0.017334730049859817,0.019375919057392693,0.02889076908048617,0.023718086333011836,0.02721490787847377,0.033617136911165225,,,,,
0.01857529603451126,0.031805138265310305,0.08306895027380337,0.014843368740445246,0.005407766359113507,0.009216893232550871,0.011989914424814075,0.014135676758409,0.015687538295068873,0.017320602244533804,0.01908320189590975,0.029026193789406456,0.023525643538969163,0.02677666995703161,0.03378684823622092,,,,,
0.019800811085265456,0.02807994357634991,0.06365717482848875,0.018728257112390692,0.007037414759543778,0.011392160411722621,0.011996402942367167,0.01814036266157648,0.015690927594657577,0.017493368205312086,0.01907817192437001,0.02426238405238494,0.022437969906774304,0.02546351120110024,0.031398578426735914,,,,,
0.016904744384910006,0.028508078026098737,0.05472182721899596,0.02948986954919204,0.0052110629426768435,0.009282619474462475,0.013739848577548851,0.013677762028474259,0.015305877973538263,0.01689659071936496,0.025965261254438318,0.021889560407935695,0.022753205105397408,0.025535125854471735,0.032699625252706206,,,,,
0.017852233359727954,0.028549448096850106,0.05326392578227912,0.02320899714259868,0.005147268595962145,0.009107043056510777,0.01172278453758528,0.013534397192575284,0.015335845292136385,0.017140705228667445,0.018164458689810373,0.02091667638933074,0.021800503751539788,0.02415167856504309,0.028208514469395287,,,,,
0.01656858249384291,0.027915644706980786,0.04658898541577319,0.02335872481737994,0.005955779385697791,0.010077925237073761,0.01175206654438249,0.01366448038814293,0.015197028443977655,0.016888778695613497,0.01796385611346639,0.020612289894517185,0.02069369162399264,0.023196350409087973,0.02741278451018608,,,,,
0.016379636754349846,0.026979035135281996,0.0335997326308878,0.04210993944394063,0.005567533734644937,0.00924678208377997,0.012753619434967466,0.013539187705845411,0.014963094303077705,0.01661499534222078,0.017792560678538724,0.019861943339688572,0.020820142495011774,0.02330122863129063,0.026176985060010916,,,,,
0.02111347287936516,0.02438076698203805,0.042391896291689636,0.04087773471956101,0.0056907411238989155,0.009158451557740182,0.011649508005870139,0.013354386504923058,0.014779775229130356,0.016514089328324797,0.017727219155835888,0.01986742769275324,0.020786991428338886,0.022778158019242,0.02652360517999659,,,,,
0.01581975679618993,0.022597012533628284,0.03697537083428692,0.041200780589942955,0.0075532005292538494,0.009868455228543578,0.011585343198707052,0.013585663488707725,0.0148835948639856,0.016002650705188862,0.017375831662009518,0.019084968868491037,0.019957393248748664,0.022467545133877387,0.025173057712333646,,,,,
0.015623250946334755,0.02637841945317488,0.03648299567995433,0.057345444804443695,0.007917048730076731,0.009794679919464344,0.012435702893956731,0.013388528722442151,0.014660122867022219,0.01597825728733939,0.017779726777571354,0.018399349253835445,0.01975377496174706,0.02154387511203398,0.023147053177104648,,,,,
0.015916835184983134,0.02208304636085035,0.03507018375260846,0.05222697225372351,0.007148452201971587,0.010744307468849112,0.011549323697480749,0.013093625722811177,0.014424494667251542,0.01598775141916116,0.017300279168800652,0.017740584523151193,0.019632677894679585,0.021515079771347815,0.023320590525264324,,,,,
0.020628768835354628,0.021466679478418235,0.030884325486049042,0.06905560113802084,0.00864261141672496,0.010735703314695219,0.011485841341542374,0.013027190685980468,0.014508521799914124,0.01596038977977733,0.01700920453764871,0.018147957523504794,0.019478729102397365,0.02034196678658596,0.02269906064115188,,,,,
0.014612271613433403,0.023006026570648878,0.026628224941039048,0.06882625574702277,0.009417895304162035,0.010726276116505042,0.012027175597440636,0.013091124394159635,0.015513702190675435,0.015623728275108998,0.01664182625891667,0.017718638802591953,0.020207647408442376,0.025480275769112697,0.022464384407772157,,,,,
0.018172382491852268,0.02037573052051032,0.02786648147346252,0.04498859936265957,0.010960263213753964,0.011475900213747368,0.01146614841529454,0.01312812502735826,0.014023131842525377,0.015342271321524785,0.016776574117483015,0.02080655803705439,0.021128824360723778,0.019855689982592076,0.02143172969730243,,,,,
0.013737205282299856,0.019990444074823456,0.02624874073127919,0.05776736739375754,0.017790665344170363,0.009390415961754339,0.011357954949728709,0.013088548269084123,0.014043810662296074,0.015768269170689544,0.016254188209725913,0.017369579284788533,0.019577157295786542,0.01955529954357173,0.020774134485142915,,,,,
0.013639399820239593,0.020845418393942716,0.02795245168704661,0.05225257523199738,0.01768510081311918,0.009337680337992945,0.0110138260496468,0.014724937814341909,0.01602583356014625,0.014927449060771623,0.015805136429011175,0.016915922902137698,0.018186918324132332,0.030442908638543466,0.020645108979481606,,,,,
0.01572766691068783,0.019037696963701396,0.024051115894390802,0.029373886178564977,0.017552580239105324,0.008749510245256666,0.011303728037946862,0.01282346973940357,0.013939807438650614,0.015185182452200845,0.015565448616110195,0.01796342291717243,0.017787475623778252,0.018303940860809817,0.022841954146730126,,,,,
0.012847139901168437,0.018199607611093224,0.022491661698883034,0.040370310413867856,0.02564719232716074,0.00852912915692039,0.011123413810974741,0.012898096076543112,0.01380950023333466,0.023301854806225483,0.015450202546447384,0.01631998366524483,0.017774911675721244,0.018566915508160888,0.01936200792559319,,,,,
0.01273611609506621,0.01784287722827481,0.02088172218935882,0.035474040382484674,0.033764768702133616,0.01009287477079797,0.01118953220617656,0.013667896899768602,0.014215025181702028,0.014778129776318682,0.015657250088936477,0.016203520741321368,0.017141083553055776,0.01811933064026626,0.018912666762476542,,,,,
0.013703458574479818,0.017892599252795245,0.021002688166012442,0.032476753201053796,0.033973916292312854,0.00815601732002832,0.011226099591447042,0.012733060722637267,0.013870623122680895,0.01446848543591486,0.015658389024693024,0.01601868993421354,0.016858629179877,0.017585006557880506,0.022580289947273683,,,,,
0.012441672267336477,0.01733242921910725,0.02012816234964714,0.027428913281969218,0.035784872316920895,0.007811833007830602,0.011279032457380671,0.012730106498890253,0.013591771914621536,0.014929273523396121,0.015204643420463975,0.02185309107494045,0.01650597841221591,0.01714895080807302,0.017849327125580978,,,,,
0.01204969226448397,0.016505978412215877,0.019611179629083614,0.025513377892705216,0.03397033717153237,0.015430715070274662,0.01096543907176218,0.012526653239544834,0.013709963873333404,0.014518597388446516,0.014939673046525465,0.015765369538963285,0.016106962416569864,0.016184479546340003,0.01752359134216678,,,,,
0.011678862684372331,0.016545376238590134,0.022360453333764407,0.02345900751536061,0.03328439288236478,0.007645701201411515,0.01107972048291822,0.012486935861412222,0.013307517214711139,0.014235448031018682,0.018664853732772463,0.015302509334370622,0.016296582577638555,0.01608625496996377,0.017909534849912916,,,,,
0.011421722285128203,0.016303743655114892,0.01827167244916897,0.02254936720145877,0.032156905105257594,0.007728206605521192,0.011126211802167534,0.012324682225226782,0.013370498527120016,0.014298605235245157,0.01441246365552756,0.015716365305183475,0.015755103435477567,0.01622351892325031,0.01688217308514873,,,,,
0.01124851912145336,0.015868196545374243,0.016824378996969924,0.021490953599727913,0.028453432128949248,0.00874228091365856,0.011042051748518524,0.013515218159374497,0.013570380394509364,0.0138118714648006,0.014468485435914823,0.014770997362675387,0.015526654964960038,0.015858549056417343,0.016310901588618736,,,,,
0.011345387108030769,0.023182368094363588,0.016621082893592373,0.019853975271762303,0.027423888838900467,0.008006966247843169,0.0114643384738889,0.012448446251876242,0.013257890135383667,0.013758337424829169,0.01958015482565849,0.014811441931170342,0.015190882487780034,0.022154816714596945,0.01640240539679192,,,,,
0.05098914970291814,0.015550192986419475,0.016388482894591463,0.01909157657571785,0.02180187203315469,0.008301025942059956,0.010955528860834942,0.012492309752308379,0.01330732229132236,0.013995705616155102,0.014464899367610489,0.019652403850760836,0.01951214205202451,0.015689997676801883,0.01581549306433921,,,,,
0.018025839896942425,0.015006716180079798,0.016003400370555917,0.018323770100481033,0.01901252476674445,0.010733075409275651,0.011045340048313895,0.012886426456803832,0.01293665144092044,0.015428361468868787,0.014033648346364655,0.014320720301293482,0.014564085040901375,0.01511704335948129,0.015376891737884838,,,,,
0.03919979284178847,0.014775913610332715,0.01974400614225406,0.01814908307961498,0.019651875882331526,0.0089228922564025,0.013666971678868624,0.012345710891792467,0.013185620002998283,0.013527112363229803,0.015771620562865903,0.014094512335068603,0.014411541238414403,0.01847068746154536,0.015413895747315174,,,,,
0.012049046439641513,0.014829032047935151,0.014539686566955526,0.021468869502042777,0.01778818652528171,0.009414417416625147,0.010949608041060764,0.012186153660846558,0.012785993236203021,0.013293182730208757,0.013513418729455108,0.016579537861017325,0.014507985430598468,0.014443207115358616,0.014830431359753447,,,,,
0.011405501165171897,0.014523241867786908,0.01391112151486963,0.015721212791577316,0.0164715264369536,0.013031943723024342,0.010966621782029009,0.012487455178850262,0.01305699915345827,0.015959475562802198,0.013558332832801187,0.013947434655510238,0.01401033961815659,0.013917646234772775,0.014435841843622274,,,,,
0.01083099093378673,0.01420589835881464,0.01683054493538588,0.014501256780742471,0.018307483371663904,0.013600571810683105,0.012188149046662664,0.012317313710302388,0.012817829953131108,0.012964217253972486,0.01359520669809242,0.013629435555662785,0.0135368166136684,0.015571363442644823,0.014398238367935499,,,,,
0.010462832678610434,0.013798789402554678,0.014144138263488364,0.014662444989470298,0.015158682285302011,0.01358750107746015,0.011222401987174745,0.012312653481381133,0.012723380536150313,0.01296571779418768,0.013148066019744505,0.013637616775611996,0.014404700010329176,0.013553573009325876,0.016307243481818036,,,,,
0.010562762366812554,0.013085699078792168,0.013188250923462163,0.014630367147992922,0.014056549359403377,0.012679856100635666,0.011354214614811835,0.012236603145446813,0.01271662551860565,0.016918702003926533,0.013130100733849594,0.013243795728674408,0.013128841255315297,0.013506794763011956,0.013496708576460547,,,,,
0.010375354702959055,0.013168690874893063,0.01299227363139252,0.013476513557053874,0.013844581088825206,0.013676458152842321,0.01125932338620699,0.012367306819874444,0.013204295553372965,0.012979214849572932,0.013094690499898183,0.012997263961338268,0.013103527284838759,0.013692285911222141,0.013168567763781239,,,,,
0.010385943411915448,0.012949402602426526,0.01269807537714951,0.012876962283678933,0.013840575679163513,0.01214016926875946,0.011065283748424797,0.01227044680566944,0.012626555686666163,0.012454045032886241,0.02055999841905084,0.012675764025834852,0.013058786987534187,0.013329914392499727,0.01299526805932118,,,,,
0.011040436599873912,0.012569108840513158,0.012156823702819595,0.014183307077073742,0.01306593587751433,0.011858086184570318,0.01149329154456995,0.012247091709759331,0.0125587859408947,0.014692290224237703,0.012795930130981917,0.012759592545377634,0.0127033599502008,0.012734563039022814,0.01299826179741927,,,,,
0.010310902315122385,0.012114074112355155,0.011907747264155421,0.012241875037143824,0.011989157202359293,0.014308330104598211,0.010973863101047742,0.01352711236322985,0.012414199830506038,0.01221804072886152,0.012378208530388483,0.012682745332955093,0.012467497856094812,0.012648953836329885,0.012682029478325335,,,,,
0.010045442120221078,0.014055626653401123,0.012246244482632994,0.01192951090271107,0.011705734171851587,0.010350668241303875,0.011235800013121739,0.011893443233215523,0.012182827291558267,0.012121485926607022,0.016563102092919075,0.012306120926457206,0.01208633992971621,0.01263066370396518,0.023411966926219812,,,,,
0.010754050521503225,0.011772878656121422,0.011540701622723457,0.01214486898561411,0.011529457975519972,0.010383445574972627,0.010673427144124737,0.011984937515734352,0.012114100877963259,0.01363692726918837,0.012251406363636428,0.012241875037143834,0.016872932415929867,0.012011961084464376,0.012401865746890747,,,,,
0.01087803858715386,0.011716365884014054,0.011709168384221133,0.011316313493493553,0.011073748944441388,0.013836334771819484,0.010086158259453252,0.012186153660846672,0.012946397566083638,0.011773236688169486,0.011787411516637376,0.01210242545937918,0.012055045895999372,0.011777284447016605,0.012231196435511807,,,,,
0.011475335118379573,0.013631814323479804,0.011128542924111074,0.01135567092218582,0.011131427011655258,0.010214699180757797,0.00964405823413331,0.012072247509530802,0.011872705915012117,0.011663305010621669,0.011571901561510388,0.011763758938501427,0.011771363784652706,0.011798546749799216,0.01660484446376813,,,,,
0.019186634091029064,0.011166355448578478,0.010857900269505815,0.01066321513912015,0.010559323787621288,0.009992366945592074,0.008977197808641132,0.012228651274264453,0.01193285354154878,0.012858744312177692,0.011713459733786223,0.015134599649752018,0.01767365661381043,0.01194675756619473,0.011803904411919376,,,,,
0.01114889036716138,0.01138797576464501,0.011126444936339805,0.010639013772030323,0.010177333304603289,0.012300850210000271,0.009183906677405188,0.011670669709062519,0.012053028474900149,0.011470700286276314,0.011652318801188683,0.01158321597882436,0.011446676547216098,0.011472509224021248,0.011765825959152643,,,,,
0.011324591044907026,0.011974083933177022,0.016835321984388113,0.010586066078346031,0.012483092240903522,0.009992626533102822,0.010230938473803507,0.012045359193180857,0.014835131206418916,0.011464790986027974,0.011460972354259155,0.011350330214982867,0.01102974129010179,0.01208384475594007,0.011454973118925403,,,,,
0.01603649248515612,0.011190140710092734,0.0109789144160497,0.010899002464354358,0.010474230710520572,0.010501930713189061,0.009877256791767704,0.011714483888036257,0.011856308727474453,0.012092428138054886,0.011354757182526654,0.011328455648613506,0.017621108933447156,0.011534715744789948,0.011216304056764553,,,,,
0.011447384680465337,0.01131906380137215,0.011325621734835508,0.010632306806942354,0.010869838591165259,0.010590138955634458,0.010320551849414567,0.01194157260641389,0.012417542555074207,0.011727623870009134,0.01148129547338044,0.01135375769557324,0.011104625725620352,0.011754797648858928,0.011566156101850194,,,,,
0.011769270186842528,0.013180577987575081,0.018472776311125608,0.011115365663023576,0.01578592279655198,0.01089367598512491,0.0157020823132999,0.011705041668276477,0.018497280712835806,0.011492586239942563,0.011259467373032357,0.011734478477222074,0.011671308690130524,0.011592281937901874,0.014607500063647015,,,,,
0.016978676864283806,0.013267498038608662,0.012309493000604566,0.012856600807743807,0.012197297034021592,0.011892489019434467,0.010841732776075792,0.01174168807677459,0.013423743550466926,0.014024334127810087,0.011483102742061406,0.014333959391022394,0.0192880324160922,0.011617623403925739,0.012644133761074549,,,,,
0.015532918558741813,0.01473055180585869,0.013842918164697631,0.017036956214137856,0.01780188861331462,0.019469821510761615,0.0132756092204806,0.013320960040280803,0.01309766151298628,0.01399366675651082,0.01317902810266051,0.013469775155459803,0.012086635023730866,0.012367726294122664,0.012803858900052888,,,,,
0.01965248634454665,0.02394956237145999,0.020278508264613974,0.01814408007356541,0.017701795324914983,0.01638319953291793,0.019288183709742453,0.020786617066701974,0.022220577668710852,0.016313286868508126,0.020592664661059457,0.015334597823088153,0.015230105624736085,0.018278982154574,0.020770950226499624,,,,,
0.015019674417664566,0.02342358366298846,0.024077996117482073,0.025733520747122544,0.017795330419493643,0.02163170997945405,0.016265056315895237,0.01662476946075251,0.02229311245667004,0.016300561342405276,0.02199005528313503,0.021190119070473048,0.02220446234389307,0.019022362419714337,0.019750705281977244,,,,,
0.019457227381898794,0.025486128676513377,0.02402872647298018,0.018149797682186792,0.030230000465584442,0.02875522527104158,0.029192883663921254,0.02925159096567945,0.03234795657858202,0.023089872462350763,0.02658651180912896,0.01908879108600028,0.02565117435996914,0.023687868686707008,0.02492317277506228,,,,,
0.012268993369858863,0.01745462406033334,0.01484092199288515,0.022345991517458814,0.020556102742913862,0.02768502822847037,0.026185418899917216,0.024576474885511224,0.03309318242481362,0.03166327996635857,0.030125909714008782,0.029959789779577046,0.028774714689938016,0.023485916550720194,0.02498554089870819,,,,,
0.013548380743105376,0.01895371665493812,0.017467399823458067,0.01962355929339312,0.02284047782184296,0.025190890852349348,0.027010744693265275,0.027847578982828965,0.032785343531257755,0.028127350446245845,0.03130368838252889,0.023332377826664055,0.019793670239567185,0.023630308910304917,0.023240925677134597,,,,,
0.01401219093372554,0.01604667959651266,0.016349817584221372,0.019169997955498834,0.017930614040858908,0.017090692896488707,0.022253516405383488,0.01889868914422384,0.025815139748054904,0.024688427569120118,0.019470870653793267,0.023068250839150668,0.023361500839239876,0.023361334287230758,0.02301303009260623,,,,,
0.014086044038224117,0.01453165620304181,0.01617147221104585,0.017258246144956687,0.01745165161219381,0.017384506607938485,0.01925278226730619,0.021442332512744813,0.020727633286389636,0.017959288977021075,0.01697556377626584,0.019359981523964818,0.017023228883992644,0.018075184192724383,0.016024214887176876,,,,,
0.012549901456056455,0.019050959897968796,0.015631965087741666,0.01631203464005661,0.01782242199351238,0.017665949613045462,0.018387221036895073,0.02012120213653908,0.021619790322144748,0.01823378189866072,0.017023705051567483,0.015538011086401345,0.01536322177432845,0.017177288394145618,0.022143164004130893,,,,,
0.016585716624430594,0.011125862091749534,0.015797092538151238,0.0158739168612364,0.016621863187657855,0.017018199741200654,0.017439013055305652,0.018110184113690087,0.019308076893303123,0.025489372643999083,0.01702810421002546,0.01704226520963186,0.014537010271877539,0.014182392617926778,0.013906459126382458,,,,,
0.009602277945542723,0.009331393190823599,0.009488552289350033,0.01581055143709585,0.012938054934449517,0.015084750022693206,0.01583481415242974,0.01655448636869972,0.020293708474957258,0.019526610436525565,0.014797841222916386,0.014052512073347775,0.01364864414114373,0.013717647976444865,0.013970128855027469,,,,,
0.01026915128507779,0.015556697215300588,0.008706416633669846,0.010106198152719929,0.012687141839549155,0.014891849136091118,0.015835141772381035,0.01697317605200161,0.019833844923931424,0.021375754897184535,0.014224510865449581,0.013128125027358255,0.01234421378456002,0.013818513441050891,0.011456558127913767,,,,,
0.01139329882518522,0.008603204236424,0.008585208052027496,0.009991880200832177,0.010510602841953383,0.011469117231706134,0.016311219646090894,0.014968294049893204,0.017629258563505258,0.02704001894546319,0.01395944836232079,0.013964905721571438,0.012301061082019414,0.011865739878975714,0.011554488241696408,,,,,
0.009791534555425392,0.008462914875231186,0.009661525230492352,0.010421348085741638,0.010190546263867253,0.011497917270098022,0.012397812682845202,0.013339810711539113,0.016000867576181067,0.026007995738013618,0.013841957793575738,0.01161985594155684,0.01156405339119774,0.011266606810409308,0.010979180210356853,,,,,
0.00971026566765725,0.010372197864797714,0.009298708213256108,0.010534729867487052,0.01502399134652218,0.011323875232817778,0.014654636774079705,0.013253193665260008,0.016368151414806957,0.028421780632688902,0.013450383446524706,0.011655768751675056,0.011443985241248629,0.014026738389222086,0.012054830720501373,,,,,
0.028004185013035268,0.008157289374751792,0.00937659422174805,0.011995754248546035,0.011043725380584367,0.013996562775271096,0.013121405400102686,0.014108124581668203,0.01609542351711384,0.028800113403135097,0.023174604269374843,0.01322735778563259,0.0148569059465549,0.011906113387528472,0.01127037622003908,,,,,
0.011370309286742972,0.007884998178721469,0.009084906494364914,0.013659852499914117,0.0121546097653866,0.01528535803051569,0.01630915216164856,0.019643162354462333,0.01842342334198553,0.029747347761991994,0.017342958164929978,0.013274143711162369,0.013471965505669812,0.012344003649716481,0.012954209210629166,,,,,
0.013833639597243317,0.007815650662061678,0.010609471411039304,0.010902333909944596,0.01505678109215003,0.016123762607532007,0.017806987760867244,0.019430546221069225,0.017394948112342445,0.030175378250393136,0.01921864847769154,0.01608091263801431,0.016579361849853008,0.021601785930037167,0.013790915399643233,,,,,
0.028507497964015825,0.0076690748357405095,0.00789584672367939,0.010887096122591656,0.0112583154268672,0.016097941434391125,0.018869706251725304,0.02085880655458467,0.02261795213827605,0.0323260577626512,0.03375570231313391,0.022425828162920963,0.025206794827734882,0.014902840468199518,0.01862738002252456,,,,,
0.01942338610387843,0.0077579796290584615,0.00791848201732889,0.013636166394052948,0.010112644854418873,0.014474758917650248,0.019100185246187628,0.018481901287393878,0.018856900462605797,0.03108615173915606,0.034862776641528904,0.022191535358198608,0.015231127485149381,0.016252751879752867,0.015003453260894186,,,,,
0.028940959603504318,0.008091558586280969,0.008521218220007908,0.00826030329821977,0.010313009009750016,0.014037714155553428,0.011810412759996383,0.018951030668198848,0.018021162523881744,0.027492909183917766,0.03816993773698208,0.023038025290956766,0.020306885560898314,0.015886677993419095,0.015159430909209052,,,,,
0.043181914632912696,0.007754635347828793,0.007650237539972146,0.008285387073353965,0.009001148395417102,0.012126914813017165,0.011938857069685982,0.013466212066744098,0.018346617923497347,0.020697890379496545,0.0216559937591335,0.016350928108834623,0.01592775026710996,0.018069604471296522,0.015769996357442903,,,,,
0.04663211500104428,0.008120957733334764,0.007561566781669844,0.009236010771997634,0.008735156956821246,0.010386474124878392,0.011037117461913304,0.012360514600157638,0.013824167166365335,0.020534876476479672,0.046046534645700465,0.018695350958360217,0.015399142714457286,0.01783764292202773,0.014699703464050182,,,,,
0.050354454841006355,0.008697474056171276,0.008047802410158464,0.008025572262453928,0.008375376347735579,0.013688022747778453,0.010697217243864122,0.013854624651495586,0.014125213262100143,0.019947171483914696,0.047711214214256184,0.015545187881579946,0.012158343884190813,0.011439677834731383,0.012528594395290247,,,,,
0.03422772142511935,0.018277829118572207,0.007282187228822684,0.008084342497956564,0.008465672972528085,0.009822183647972393,0.012091704150547996,0.011636586320983897,0.013546107004799484,0.01967431852636668,0.03186221762996389,0.016793283654777436,0.009466794077107758,0.00829700175131794,0.01888015071402468,,,,,
0.053947150581122864,0.008963607048735809,0.007616808991368892,0.008809487160884108,0.008297900526257429,0.009639585631074428,0.01029185964923864,0.011315625812075023,0.013199260671867443,0.019112963748805917,0.04187843025380648,0.02111170674332714,0.009283352973267775,0.008571638834932938,0.009469362504216438,,,,,
0.051244771021456054,0.00792601275024641,0.007056187858043834,0.007999309059325015,0.00847420971700639,0.010480420093915043,0.010261475869923807,0.016724251633767926,0.013252215024490926,0.018657504041217597,0.0381664632599497,0.02047668768961736,0.009027945026754212,0.00693157037804375,0.009474291932435958,,,,,
0.034475322907065814,0.01837663756938302,0.007227123993016747,0.007962785960558813,0.011039614251610265,0.009379360199203835,0.016704542351155403,0.011212950227327009,0.013233999114682012,0.01764426021909794,0.035466096632423325,0.02304293665027195,0.010231096933562162,0.007015634188725404,0.01673555071162912,,,,,
0.034988432329027826,0.007529467196302686,0.007573264008048128,0.007899336455685534,0.00844650092988083,0.009536272810789864,0.010628524652507625,0.011049096906907415,0.013141085179665677,0.026012982048277112,0.03110943409796277,0.030021900869188243,0.009671319789786715,0.006900064355512619,0.009304285653904733,,,,,
0.03466650463120054,0.008055856254966215,0.007317188976954626,0.007926012750246413,0.008781063975407576,0.011795990700072907,0.010510602841953367,0.01280740372557494,0.013488057270637541,0.01757384773259198,0.031085317296156805,0.029710494420998233,0.010979386934813847,0.006890518579684277,0.009002589167004395,,,,,
0.03428810621900863,0.00787845718818724,0.0075574491686775215,0.008361156387212906,0.008589738943485614,0.008948292770490238,0.014781530176903333,0.01137806311883974,0.013122813842261296,0.0169874782763473,0.02539037926743173,0.04334314872224404,0.011811593215165601,0.007050303639749231,0.016924680316960733,,,,,
0.02940395045298422,0.007929325642575032,0.0076471853466237175,0.008578256037114403,0.00827034593770221,0.009519086920146398,0.010508844305463708,0.01119463102548096,0.012737745327359742,0.018690129866398224,0.0283409070320102,0.04367026111691586,0.035533685088184025,0.007358372075266951,0.008317259172084345,,,,,
0.027185631120835586,0.008606218779505546,0.007031192036179247,0.007786722796639081,0.008962738853722023,0.01010542812244553,0.010981896849845347,0.011621641662872115,0.013136346949826338,0.016650708361820043,0.0253929331844857,0.04364031424321171,0.013528190957041645,0.008079207136156442,0.007136240415602642,,,,,
0.023443356247867312,0.009981750528546074,0.00729122024416143,0.008148898101920722,0.01011645962233828,0.009733311886864349,0.012926346137567025,0.011541600641313472,0.013205277745445906,0.01635372391718549,0.024877023968704746,0.05357936206577549,0.015046074617092894,0.02475903637169398,0.008868948815851737,,,,,
0.026031522737248115,0.0091862718304258,0.00736907190118636,0.007854344389603876,0.00921604889831402,0.009719477368868315,0.01124736605397712,0.011570444446678632,0.01280119963672962,0.016560282894796764,0.02588112158857859,0.057647987319420245,0.03823714783460166,0.008055856254966217,0.007619362710969707,,,,,
0.02238219372736721,0.010872075567060921,0.007614893139648115,0.008312618768885309,0.009448795538748922,0.009074336085197622,0.01100557991825343,0.012185594894265805,0.012771708098805025,0.016363317242216575,0.02346343000914633,0.05988675122424434,0.017396271498273067,0.00881173203348465,0.007366255347677105,,,,,
0.021161210090859552,0.010542114067974957,0.010175772087802227,0.007835538689453702,0.00943935403655669,0.009504394779303526,0.009993307918236195,0.011990320060029496,0.01748663867812224,0.015878920447181165,0.021290641115950196,0.060250823855332473,0.019404429928588304,0.018506884173653215,0.008080611660838063,,,,,
0.020810251020712482,0.01058401373449226,0.007607438018577571,0.00825464894431113,0.008887355509085175,0.009758596542758187,0.010381478105384947,0.01106715895209005,0.012964817490899325,0.015653418515051462,0.02074289516749159,0.057318298360943085,0.02595083419637255,0.010128663627099082,0.007751624261109096,,,,,
0.021017750319034155,0.011848648940970909,0.006549288719715999,0.008022945769501242,0.00859807708755691,0.009799975092771335,0.01224073607696808,0.012694295686317303,0.013143132948115317,0.015641482847489424,0.020822400519133116,0.048197766700401094,0.025594647441845864,0.01046137605739237,0.006820282308424797,,,,,
0.019498826977683674,0.013765782540649965,0.008052192754359632,0.007991563388688176,0.00811045028238569,0.008947857940554405,0.0139789457157809,0.012372549225791807,0.018519756908998757,0.016094617700390362,0.019562991484227046,0.054154858872356354,0.025687716987009352,0.02005429675152816,0.00906861722055461,,,,,
0.019874297320429807,0.012969093374894372,0.007514423204645701,0.007397923577114926,0.009772674290280543,0.00906690085777302,0.017938333858732457,0.011075037195667426,0.012702058158054426,0.015270778077685258,0.020018776200421515,0.048230853668086195,0.03500770256768231,0.010992609213833932,0.007118407292965096,,,,,
0.01877703335819014,0.014719828322697233,0.005235892448092446,0.009398181757577466,0.008422666989649236,0.009137007355973028,0.01742874678134374,0.013642822612682157,0.01198374707907167,0.017699322379033745,0.018774615689200466,0.05348657725158278,0.03483604608497854,0.011838793361845021,0.006933441222028101,,,,,
0.017217617118186555,0.014739903706826207,0.009460318548064938,0.007786681156298886,0.008547546891778985,0.00937244372502087,0.017761480862992906,0.014121287452120102,0.013628674262272551,0.015715932052772632,0.020275629970658533,0.0440101430231003,0.03885223888742648,0.015182021960019401,0.008251702433796344,,,,,
0.019064978942265987,0.03620195845347035,0.009749288772495984,0.007225867679314135,0.00898950570401078,0.009471279808939337,0.0038027812192395196,0.008627291087609543,0.014348158014816325,0.015805300547422962,0.01976099585669571,0.04343933470237985,0.044846103968119465,0.013486614846790835,0.007925235451526746,,,,,
0.019166073510953254,0.021303125456980876,0.007391916614853086,0.009924121081566723,0.008620673912563196,0.009226562380749696,0.007637214838770706,0.010293781250433804,0.013120812326594612,0.01774687062486115,0.01926019099181778,0.03731406093782605,0.0420612481359294,0.01393068650662694,0.0089377059030563,,,,,
0.018203401985051902,0.02120359541966071,0.005956051586436744,0.00849198294762583,0.008184471882955995,0.009854086565191544,0.009304285653904695,0.012726820393008813,0.012993271850712787,0.016187504407521553,0.018105528530084673,0.03820899322545384,0.0564939661998571,0.015364234781317763,0.008846216472391522,,,,,
0.017790227930640393,0.03265541083181314,0.005540152877321446,0.008242423875414523,0.008668496585394536,0.009122801690689889,0.010283192234612971,0.014314039534858332,0.012321103782647409,0.014348609969432944,0.018987216737568115,0.034237875028783324,0.08086066525728518,0.015592671511504758,0.014048427466665002,,,,,
0.016881865784548318,0.025812564797684925,0.007449244217584771,0.008246160143768345,0.008226358292211876,0.00918514228107752,0.009189377375223766,0.010780309772095034,0.013530946972833264,0.017620814519624026,0.01860290755554828,0.03528297027868322,0.06621322501140543,0.016596582535214673,0.008519696043841538,,,,,
0.01713379934121355,0.03253062096564941,0.012111718507207532,0.007579041679778062,0.008284017267663618,0.00962504373935672,0.012602522683548898,0.014251906294007239,0.013326508554530122,0.016104143902467612,0.019229442989483595,0.03414425681978815,0.08923328302905306,0.02049378196243546,0.008730515839884505,,,,,
0.016816263490431464,0.06330715674570654,0.016623423665909055,0.007445761268408376,0.010205807387882609,0.009395662891687947,0.016489174369037133,0.014086711561613962,0.01301501400497934,0.015566698414599178,0.01954453569480605,0.03305662617729991,0.0889677017072949,0.03251291430593921,0.024772010971193748,,,,,
0.016275399197362036,0.04688557143892248,0.014408301061601856,0.0078083041683804765,0.008313515855467735,0.009786731787654475,0.01022424923340595,0.013884174634376242,0.012630869069758159,0.015522895595537772,0.019462492585789727,0.030090726909295738,0.0966023778258647,0.022593970374751745,0.009118428999641458,,,,,
0.016649929419575313,0.0533776820356162,0.016239978918954623,0.008059719241833813,0.008223519931237638,0.00975726740490319,0.010417115838567722,0.014263390772942787,0.013157729475114753,0.014999389826462145,0.018894159207665354,0.02931604316421425,0.09607048387099563,0.026537867473668993,0.010954700138712435,,,,,
0.016933950190112613,0.07474755486669565,0.020576393175275997,0.007761656674105434,0.008398572382815194,0.009443852802131092,0.010580336899706269,0.014836005432231777,0.0151687749028906,0.015036266230236576,0.01889649294696396,0.029218318372341973,0.08608909874267759,0.027732128072177935,0.013889474815673375,,,,,
0.01580119707574832,0.07035143412043436,0.016759654456778076,0.007810629230024378,0.008344853129876465,0.009638240081325541,0.010692123821464738,0.01680083129814472,0.013480049869482555,0.01465304365269643,0.022021468948171693,0.0283232255747181,0.08393535017997746,0.029661081350857994,0.011973434030162029,,,,,
0.015414631976581562,0.07084851034172852,0.013529221533009384,0.01199140168685425,0.008112848617678445,0.009369398858885401,0.01078130227212845,0.017060063964604112,0.014035311774300176,0.015114362034257695,0.018671662211665427,0.030113562184300006,0.07290241837444017,0.03119826409254492,0.01343052918932664,,,,,
0.015631861376534214,0.08277383812695108,0.011613380400037392,0.008160190507436563,0.008254648944311183,0.009631004530679313,0.010067624491193887,0.015921417987089247,0.013465730495957222,0.015479387760684197,0.01886626930950248,0.026231428991231053,0.06986062832587912,0.037824339153257724,0.015582104353766498,,,,,
0.01876577127580414,0.0976771751928221,0.011639929511227578,0.00839799326278643,0.00815919708498898,0.009533552358628843,0.010464320082492326,0.01440199863098666,0.014042540774991478,0.015211124876957683,0.01936642842953056,0.026001699155632618,0.05942977889242649,0.03827003506738735,0.015132392835533226,,,,,
0.015462181018734202,0.09952040874866008,0.011682859880405466,0.010308732284094473,0.00848002355935853,0.00973947274892848,0.010389220911529693,0.013104714969535587,0.013663151514016831,0.01461706378798067,0.018676610695480638,0.02771341473853181,0.06096334824239844,0.03818073293248814,0.016070686699057493,,,,,
0.015388526943588603,0.09446527349686135,0.011818316814631896,0.008844786887466706,0.008518516170228932,0.01127466203197135,0.010768513077560184,0.016082384476366313,0.015055230525121348,0.014920388026602293,0.017948453177278893,0.025037667612502246,0.054484301414632674,0.046300409466759666,0.01960787265555491,,,,,
0.019476282001817037,0.08935890374121801,0.01181356952715512,0.009495657363772371,0.010496649861275641,0.009772674290280482,0.01066275901798315,0.012221516696915324,0.015614428114751258,0.014779775229130336,0.01826718227271374,0.024785724450252126,0.05204572293749253,0.045472624361895364,0.015741185169474533,,,,,
0.01524304412833941,0.08495346497793249,0.010766104000728154,0.012038897061254203,0.008501408671326626,0.009726647105721901,0.010519699341885801,0.012348205667156416,0.017006249566514746,0.015052904375102288,0.017729487041283024,0.024479180776036218,0.053101997251574086,0.04971868784134721,0.01528196365088173,,,,,
0.014972106049840344,0.07774041765582668,0.01004750766251927,0.012562012758274215,0.008554372250382592,0.01732530031644023,0.010748531548196423,0.011926112952176582,0.017497667814688454,0.015192760682619304,0.017944713308280402,0.02406470123352369,0.04660638117970219,0.07038328805726717,0.014790586782479503,,,,,
0.016473416082275438,0.06837754426594145,0.016610311092232672,0.012999783349979553,0.0144744229072014,0.010003814835571312,0.010313166208511214,0.011648839994381639,0.016141871104696965,0.015295218670421606,0.01809284494522517,0.023572732378974375,0.04684793557833869,0.06782238735062787,0.019010341720514298,,,,,
0.015122940601551688,0.05964135177600953,0.010034591047617837,0.014244077901383182,0.009137894476796651,0.010702065868635027,0.010725701756648448,0.011312903329571413,0.015151729011211113,0.01602192823297668,0.017327995049618593,0.023121194212052287,0.045420427928704474,0.07566967319904384,0.015050383973535498,,,,,
0.01525495146266075,0.050706912080771514,0.010220284348146742,0.012241875037143876,0.010085161649559157,0.014840310242963888,0.010513779802271674,0.011675114070201203,0.013726225443037277,0.015306216915040124,0.017960967940819385,0.0225948314046704,0.04157069929305103,0.08597330002875696,0.016226396631348054,,,,,
0.017511097289610072,0.06217067109967411,0.017889264584180685,0.010491551782593663,0.011867242703199358,0.010899627187964446,0.013110528123033306,0.011796787807260298,0.01642610973441566,0.0167982064155274,0.0180976471217867,0.02254614603994152,0.03878100325476163,0.10127947808762006,0.03774205002421118,,,,,
0.01733398184572622,0.04871865894172161,0.010567457903349427,0.011018535353941513,0.011308746697916025,0.011957608836254989,0.010661542599550718,0.01151932930978946,0.014012190933725485,0.018251697784624415,0.020406896350208772,0.022719849109264143,0.03871037363198412,0.11759777108704156,0.01706690469705296,,,,,
0.016696601632953504,0.043313903935494,0.01108826238310031,0.009740238421589536,0.010873298252658528,0.01252924138037352,0.010807735317863474,0.011521918593555891,0.013199260671867464,0.017554057980914885,0.01804439351287999,0.027242534549843718,0.03763750773798732,0.12684707334491796,0.017604964114474445,,,,,
0.015802941181404236,0.050906230635857454,0.018156317131384696,0.01025262464514391,0.010148459840243209,0.012768661243076664,0.01209478750023418,0.011578848355741819,0.018965260353518792,0.01680469067482184,0.018228232936691298,0.022217016954636067,0.03558224194365672,0.08078165222399804,0.01917008252520116,,,,,
0.016399262001333088,0.03946622216356131,0.011767589529667609,0.010089243910781679,0.008976330928132277,0.010734011863147654,0.010893675985124914,0.011679084786708795,0.012873864780598683,0.016503620982193636,0.021303901680434844,0.02192199075269171,0.0335108340682796,0.13357959032361338,0.019694019238234106,,,,,
0.015790215047394755,0.03759799659528135,0.012059133500966091,0.010092585635131487,0.008995383001414678,0.01253894215064212,0.011036089207854344,0.01171691935471351,0.01273211850158248,0.014634798913985735,0.019157900644361087,0.026523690752178707,0.04191440936707464,0.12798829640970524,0.01970447105921553,,,,,
0.015961588340478474,0.032819821070744964,0.015354101703874266,0.009461963546701976,0.009401493211451596,0.011700303844844589,0.011335809067513953,0.015011231235769489,0.01661891738566568,0.015189708498072583,0.018346953708605902,0.022524506311328435,0.03241479463273931,0.0678056718382081,0.020675319884200846,,,,,
0.014822996002536911,0.0353237766454192,0.012854910969994757,0.009324754090621902,0.00905630943268014,0.0104196056039194,0.010512299396535559,0.011708503776568431,0.012856802564572079,0.015155088375784569,0.01888686441374506,0.02202269099424268,0.031836888816036586,0.11978283351831297,0.020737642345063513,,,,,
0.014850859397202461,0.03415090351751602,0.014311502291498256,0.008464102499521533,0.009028519652496484,0.011073016916746403,0.01051146657668468,0.011603101438811778,0.012939784029638883,0.014621144771877521,0.01774687062486106,0.022676937714437836,0.0317565646448385,0.11072694809229026,0.02370669597241728,,,,,
0.014498774663292876,0.03327309078842548,0.017103513013559633,0.008220365047391279,0.009065219937666666,0.010866825402677803,0.010872075567060852,0.018765011014515734,0.014250996236741356,0.014530384321778935,0.017137583733790842,0.021505915014469294,0.030287404070979157,0.11818703922586188,0.026728759890419607,,,,,
0.014462209232840726,0.03182894396065548,0.01501328308493556,0.007918850534977222,0.008918639685750778,0.011448744173524301,0.013341098881169463,0.011695730441417874,0.013091520676101033,0.014356562041871516,0.01667703465481937,0.020900238286369853,0.030149664741026618,0.1023834036118793,0.033094867606295646,,,,,
0.014245534672252404,0.031232801419367046,0.01649357848692529,0.014100515299920218,0.009125822244813758,0.011623343423144738,0.011017358216583182,0.012057331898514484,0.012926647138769497,0.017190326859200227,0.01690627875276631,0.022719506596394264,0.02864904709736577,0.08802563462585601,0.027820180192091582,,,,,
0.014597730169463037,0.02908457981267526,0.01813902206172151,0.007961482828897946,0.009110745048806948,0.012540829694696045,0.011529907931926405,0.021215152862769076,0.013415625256055809,0.014135516193098639,0.016702678854154974,0.020516552170661267,0.03078100431538419,0.06762321629035174,0.02935012191311244,,,,,
0.015308779917182632,0.029516421499742953,0.017734826400162544,0.008324117547176922,0.009202810881724803,0.010773961625807705,0.011704515338157147,0.01219623366710419,0.012760532737785145,0.01395431417497698,0.016323162191439415,0.01970460270033805,0.028228369864149665,0.07071478125064767,0.036386314282827806,,,,,
0.015289260635470875,0.027481301811703534,0.018946787059842915,0.010955262492703729,0.009550135062498818,0.010820088595686709,0.011535840090199298,0.01263374384033886,0.01300025723981414,0.01664067669307623,0.01659468737608046,0.01993600118342604,0.027340241464557404,0.06757820675245842,0.03286323218674881,,,,,
0.015374382269861616,0.026913829414396885,0.02048137420590626,0.007977756675299605,0.009269371590934824,0.016153336679785645,0.012476934787805509,0.013456167749393478,0.013668466235347414,0.01420443752294688,0.01635092810883458,0.019840072480892663,0.030045781294990657,0.06079201810385113,0.03711869592162966,,,,,
0.016213602908086166,0.026612110439385845,0.020626128059177996,0.008136912635764283,0.011362749913157362,0.011079135180275831,0.020101210360064563,0.013100631852296162,0.013410597182396,0.014291709946484247,0.0166007823744394,0.01948387200565421,0.026778692097539986,0.05636870863261395,0.0380970178176326,,,,,
0.014578882450355855,0.026997296702179194,0.021989170572011565,0.010809385237011363,0.009092041705748979,0.01094901578298659,0.012341481752516847,0.013116264538785791,0.013790915399643253,0.015038142174700678,0.016278765692282076,0.019586049181274656,0.0263019020175105,0.05763196090037007,0.042167195227256725,,,,,
0.014420740270128938,0.025959079211349406,0.02817658785208132,0.007899131220009497,0.008870228292583587,0.010502671672900669,0.011751514729039066,0.013236350963309827,0.013786682734768527,0.014381383928002079,0.016243492484428582,0.019812008510294715,0.025987541863230986,0.0503512673507313,0.04502809898868804,,,,,
0.014881329038901044,0.03263162181980825,0.027858754418853365,0.008091839081944718,0.01372294159200253,0.010660082714209127,0.015102021806546281,0.01250655106242431,0.013542444286913953,0.01477461886451006,0.016415368009485863,0.01908512177188868,0.025691086949671888,0.04384398150538342,0.05075006878952488,,,,,
0.014154931372587816,0.02492348500390211,0.030117222834332463,0.011331346082805208,0.00869616916195981,0.010352672885743593,0.011383191427154965,0.012259475716674599,0.01344355959179765,0.014674823436718887,0.017258095843551327,0.01907382060902144,0.025237853268644823,0.04839085711769563,0.05627477839342835,,,,,
0.013884641691978516,0.023976637586274455,0.029664579233331014,0.00791684395357243,0.008797295979401671,0.012485040169450911,0.011085454813401624,0.01216740768739885,0.013261998182430595,0.014907517486688013,0.01621952125943714,0.019492457129911725,0.02561352892699057,0.04709291921216218,0.056446762952318597,,,,,
0.01432807686137378,0.023909346366795654,0.02927407289179274,0.008024602580548226,0.00969021002008246,0.010163018490952549,0.01157918438523762,0.011842216367483515,0.012961290700893944,0.014567490888959467,0.01607512478905718,0.01870402064732526,0.02512660650632916,0.05526858045917807,0.06662512154994712,,,,,
0.015609298201283496,0.023874998139347344,0.03475752221290577,0.010352672885743555,0.008772012681804418,0.01019181889701562,0.011177239135559526,0.01183093039353964,0.013208518461094306,0.014496784190064529,0.018311733480067385,0.018752756190792554,0.024404693522803503,0.042532970425001135,0.06683600027935292,,,,,
0.013684706035801087,0.023658078428301327,0.0452481738485116,0.008213735846950641,0.008699896911876745,0.011362065042272468,0.011072314124627407,0.012042263187677925,0.01296169095228306,0.01561328597219718,0.016122656546702294,0.022264834667997932,0.024352663201162555,0.04149894990399689,0.07340818425713552,,,,,
0.013689136035196503,0.02328753206328369,0.057566977017007505,0.008237977475948687,0.008803927718930326,0.010335150435838788,0.011764971634648047,0.012788021801018273,0.01401804410994452,0.014568180865740016,0.016165877243120737,0.01899819394736306,0.024598734828071286,0.03919526807247779,0.07655904183302883,,,,,
0.020539881222809524,0.02297535224039855,0.047758252674602035,0.009082622042872962,0.008782245496399926,0.010112773105284226,0.011131689164379103,0.012063434746717085,0.012831558375573817,0.014775386947754985,0.01619022830208346,0.018391523238390627,0.02393569494252676,0.03900828658495753,0.07884043696921415,,,,,
0.014172512699402872,0.022053176029713534,0.05385112199603946,0.008418354307856169,0.008878996880493916,0.010444625834433889,0.011429242654079467,0.01204966535580658,0.013206063446508385,0.01697745461558043,0.016078976864680784,0.01903733929841857,0.023769432282102262,0.03828190312817507,0.11024360332922156,,,,,
0.01401369494753933,0.022173410294185243,0.05273187429481219,0.008652360220110348,0.008737643580708167,0.010214857892431463,0.011768471215819785,0.014436178752067893,0.023835458931710803,0.014604991600876806,0.016113402883225932,0.01839124115765011,0.024277333689737144,0.03628287014026516,0.14423271560527803,,,,,
0.015783950845152526,0.022098531284119663,0.07239708729405672,0.009022735812351806,0.008838295865112644,0.010275464197959173,0.015496219695263607,0.012465287073928367,0.013141085179665639,0.014387762996551222,0.01586901385959997,0.0186627168868747,0.023304581949710756,0.03609334189684923,0.13457414663855988,,,,,
0.014154312881698862,0.021346231523347935,0.09262738443543546,0.017051794418083382,0.008953472868632075,0.010604825051936885,0.012354506013583231,0.012328233328463386,0.013323466892071874,0.014848239189036584,0.015976796150919355,0.018498472654099696,0.02279876059025779,0.036334950277910394,0.15667878109004876,,,,,
0.01393441005712466,0.02113319749092231,0.09186423955990682,0.008979509080854186,0.009205065505604158,0.010353424527340598,0.012002212593973757,0.01272083189433097,0.016704231782758705,0.01460499160087679,0.015949883285210922,0.018447483589727347,0.023048269004098523,0.03507836505410288,0.15612201067061623,,,,,
0.014495911874097432,0.02095921589150459,0.09186520312643898,0.009181646857814484,0.016021624670272197,0.010388347012739047,0.013651375839197304,0.012500612670424543,0.013219879236526887,0.01453841538822261,0.015895961653928398,0.018392845434194227,0.022552602280001225,0.03459534768392234,0.15583364468298097,,,,,
0.013846454566861082,0.020786617066701953,0.11775660003475853,0.010943891412930217,0.00896476451129544,0.010807135284811704,0.011810412759996362,0.012623473796378213,0.013536888471048532,0.015036417176954872,0.017914603357458488,0.018655818242835208,0.022535558981776803,0.0330219245720833,0.15659387906700606,,,,,
0.01393236222750103,0.02044215489648191,0.09911273975543748,0.009512033434166756,0.009074336085197603,0.010510602841953369,0.011967718780397948,0.01248693586141221,0.013525386434223026,0.014682775499229797,0.015953460741025754,0.01829437265508616,0.022276598396498853,0.031593928508333445,0.13903561830167693,,,,,
0.015767508326025647,0.024595795244141874,0.13838891421326882,0.009347502043587445,0.011493263333215917,0.010483420628939998,0.011997889400088679,0.014674823436718967,0.01305203166275989,0.01461582152323065,0.01591553139132477,0.01833960037571312,0.022013516630525715,0.03835784445998841,0.14603649729412022,,,,,
0.013973099366332896,0.020406896350208772,0.1353649923901039,0.011782349069869181,0.009396525593016115,0.010538914882993236,0.01237150092232524,0.012996665222916823,0.01356189562704906,0.015178775364140557,0.019815526861713728,0.018201905706682044,0.021989052607839007,0.031171615669319676,0.11661054098199612,,,,,
0.014114558233493722,0.020040079906582204,0.13463533110665177,0.009702615987218999,0.009738806897682525,0.012100710688309065,0.011759651379578254,0.012812769737244975,0.014509661518876166,0.014875401403119702,0.016191029360331902,0.022008802790112653,0.021788899650665508,0.029915774658936453,0.09863084719321798,,,,,
0.014514666283597667,0.02013370302071233,0.1328101335330317,0.009817329819468134,0.010343147364331026,0.01064129927120493,0.011794038934379632,0.018590912135107846,0.014501256780742587,0.015040039443708648,0.016076334964601813,0.01803972095043663,0.021895114421764315,0.03606623778629463,0.10353964422878591,,,,,
0.014253839972773779,0.019798764087804687,0.11249137116966927,0.009833005321750125,0.009917617221677302,0.010657040644096174,0.018203686976511316,0.01286466861283419,0.01471709666006473,0.01508483600091481,0.016824456085146905,0.018060702056042533,0.021785134428816317,0.029634648071105045,0.08590208509186818,,,,,
0.015126392101690292,0.01993138164662435,0.09327708899940844,0.010106358568309014,0.009871181924692484,0.01877427028250106,0.012004157523263372,0.012797577084607962,0.014483917798582524,0.016907812981380103,0.016470739020751878,0.020023488926198797,0.02173160682778074,0.029060768643558034,0.07562739890856825,,,,,
0.015095579422261644,0.023586029630878975,0.09298293606152463,0.010868973503724504,0.010653023781406848,0.010805785088621848,0.012080839131440079,0.01613325150277775,0.014375701244157206,0.015249679361617922,0.016137772847130114,0.017990315431436667,0.02160471266473319,0.028180085902370797,0.07526405230007828,,,,,
0.015315725402206796,0.019626863623845893,0.08512626156882148,0.011004313000728438,0.010384725791459503,0.010908666798264384,0.019494586187882846,0.01297908994121631,0.014421100015183898,0.015403121742287244,0.017140913308114365,0.018055315400334348,0.021464761136235296,0.0281203869122633,0.07567049590536001,,,,,
0.015439285869824501,0.019448076533721912,0.06938336235196481,0.015814160412385158,0.010283034577633724,0.011571985620229642,0.012027472143052166,0.012856197284588484,0.014192562657505299,0.017975404163524205,0.016295090290388003,0.018575784781839227,0.021227498305647602,0.02770101019314866,0.0673424194272856,,,,,
0.015123476600439011,0.020242660351828572,0.07219695558052526,0.011084752809866441,0.010086672600226214,0.010950792461114736,0.011899112410770631,0.01342413001345407,0.01769930405962692,0.015276191474538488,0.016182315722643864,0.018265850980631878,0.02192939962612416,0.027428523181701046,0.061069415638459745,,,,,
0.01503091742544586,0.01926596445319947,0.058969094984354965,0.011526392180073985,0.010169397288687706,0.011325020510443595,0.012809226396713074,0.012903122830054094,0.014171414505492502,0.01532402197455179,0.016622019242075355,0.018066715256877162,0.020965232892146135,0.028709239225307562,0.06089765447557141,,,,,
0.015029795660452703,0.01917351574011045,0.05650183435598678,0.014606878537797376,0.009744232259652045,0.012942289554694711,0.012376662958701925,0.013101646563878059,0.014166036702423382,0.018866750519105222,0.01658485642823043,0.018587563194305018,0.020950922283307614,0.026970092071456536,0.06080078592651301,,,,,
0.014456939602225142,0.019088094650058215,0.0645577214241344,0.012249288932009945,0.010050863263401788,0.011560099259747943,0.012423416258049554,0.013317040617897749,0.020833967106273717,0.015760453341850295,0.016538260971731004,0.018177235006740795,0.024490476648571183,0.0261822487883194,0.05366401760133374,,,,,
0.016811943904491394,0.019083694625867783,0.04982029348990798,0.01269378483096669,0.010121105925589463,0.011847362705680795,0.012825896865868965,0.013158715142970704,0.014107205249032344,0.016355389277971043,0.016685587100460128,0.01829068578869396,0.020851639282175854,0.02709004770629098,0.06956795507579121,,,,,
0.014545907049692212,0.0190192087870872,0.04782611694840938,0.01296629295522833,0.010028417495385501,0.012027472143052232,0.01248984376095033,0.01341506935981446,0.014166952217324344,0.016522471004331806,0.018937286829707026,0.018329696999984137,0.02067047342045884,0.025818807038832846,0.0491861325152184,,,,,
0.014693526023939658,0.018919128989508198,0.06332440943696038,0.01306447166657866,0.010214730923289828,0.012059778785626652,0.012563741991231428,0.013961306426240681,0.014832333337554158,0.015998293846437976,0.016634206468391165,0.017964433692275336,0.021343193385261004,0.026040576458990876,0.04477750311046103,,,,,
0.014568180865740032,0.01899942272686214,0.043525595197476875,0.013724264676858852,0.012974092620852456,0.01180656859989714,0.012654079560415712,0.013662771811955285,0.014062384072358325,0.016807411002759703,0.016606504166205953,0.01785842569313299,0.020660682920915087,0.031406673446599975,0.044740297071925623,,,,,
0.014425236438486616,0.018889628184779305,0.04099242872563343,0.015242299611087272,0.01076384500151304,0.011887253112656183,0.012797146363358726,0.013523396548295713,0.014362523206856992,0.017756806894703027,0.01745991748009069,0.017921859687888148,0.02050796887390594,0.025424771737404633,0.04486596782876671,,,,,
0.014704996347237887,0.018988924340869028,0.05111852512505893,0.015408909497863395,0.010594424503343924,0.011886462072081497,0.013040897617187904,0.013517521080138649,0.014531098374088482,0.023285081421263447,0.0168836326866186,0.02196419228408413,0.02085358292917088,0.024943836489545623,0.043268875665070955,,,,,
0.01946474152667158,0.01864463945715943,0.039173588256071125,0.01601026729207242,0.017754177246806155,0.011956741097056746,0.012744132962511487,0.020659427393117692,0.01498096087170868,0.01727612267582877,0.01695788665551633,0.018298395454807857,0.020467770847431847,0.024919217537809332,0.04160180084765033,,,,,
0.014472182638173538,0.018722993243305702,0.0380364314214525,0.016246306781263684,0.0105471877069467,0.012806694838965665,0.013474468327068513,0.014149616050483767,0.01468259883351968,0.01718944033061363,0.020152230643839406,0.01831157411880456,0.020402208618327828,0.024624253581848686,0.039994405064453314,,,,,
0.014895158271450748,0.018627153734257034,0.03493134682668573,0.016143698913445078,0.011097615818942287,0.012260930280727405,0.013116487021605871,0.01394259836785438,0.014677629239505273,0.01841168081006331,0.017264858111409757,0.018225386659824115,0.020592900841562598,0.024284344422860676,0.038862227153451764,,,,,
0.017351182378140834,0.018623672029756108,0.034850051248195985,0.01816595805258483,0.01215855722776965,0.012333097994469255,0.013173614375949267,0.025623654102502398,0.025609173870730306,0.01631726156013824,0.017197737958485223,0.01823884918661089,0.020389729234652567,0.024156833288641082,0.037284583164587076,,,,,
0.01484893795642221,0.018725296368106086,0.03410617478648739,0.020128484523444016,0.011599551965737743,0.012177210318787598,0.023583733743443816,0.014280656936535715,0.014795737582227377,0.016469006572587097,0.0198608985293045,0.01829059715295092,0.020719685154003326,0.02405823298116912,0.03710723350979062,,,,,
0.015103546102023168,0.018707834037645053,0.03249253373113628,0.020555787271239676,0.011470700286276309,0.012297897622070883,0.013533462844914496,0.01439353102597198,0.01486779226187439,0.021525099256220547,0.017555627945294486,0.018308404312210185,0.02031197840905566,0.023845360078300192,0.03518139703925227,,,,,
0.017314517189797568,0.01924157957678137,0.03214898890642161,0.02052958622301811,0.013102735435231766,0.012674945452340686,0.01380219616012811,0.017059018611141084,0.018131870521823443,0.01670842396904234,0.017635878514007435,0.018172507388994154,0.0238817739833396,0.02399252208718249,0.03427969847783785,,,,,
0.014976436690194004,0.018817396983562086,0.030884230998871724,0.023224359590474065,0.01161519503217584,0.012924640331675284,0.015221012305215578,0.014649502762675806,0.014799243483918858,0.016576545417052276,0.019068465088883373,0.01855781486191898,0.020411996015048683,0.023592531141409377,0.03365834449232707,,,,,
0.015215898920348084,0.018945417951154855,0.029100717939291643,0.022191900630638743,0.012102720161189184,0.017364482399098685,0.013987015228582148,0.014625934039142391,0.015122597552293822,0.017839969469960082,0.01834916266796815,0.018744593389120986,0.020253789595958062,0.02350097380776668,0.03339063978351993,,,,,
0.01595963809409189,0.019883741221545962,0.029648562110108915,0.024196316353282253,0.013266691535714924,0.0131658344006451,0.014191191841311119,0.016828907328337146,0.015579690375562227,0.01651275414880456,0.018734904096200943,0.018408070281122187,0.025476445204082238,0.023281182140949225,0.031710554777904215,,,,,
0.015508246254850502,0.018699426212810295,0.029067908465025966,0.028014372066178857,0.012849739190721882,0.013345642939212867,0.014430090726789939,0.015192589947228585,0.015522958259155461,0.016655536990633532,0.019633255924084277,0.01873734419369762,0.020000546454887323,0.023138927185963155,0.03762738394529537,,,,,
0.015522895595537626,0.01886583964769947,0.028170476728833403,0.03549059861639066,0.012376531969179096,0.022282303314505852,0.014294636314073208,0.01519702844397764,0.01552078577277138,0.01666069506754138,0.019775823240271505,0.01881145137948276,0.020204052906584717,0.022971612108930235,0.03146641294762882,,,,,
0.016312829716880806,0.02091723443771137,0.027508413422314016,0.03007118468495015,0.014560700664430111,0.013643892059227508,0.014600550787348987,0.015441196845370443,0.016219521259437132,0.017035205214886457,0.019677614333161956,0.01886652710188749,0.023899580263335128,0.022888352973014673,0.029772025632082536,,,,,
0.015966239528829005,0.018995463041669845,0.027444418230344547,0.03135377026718792,0.01320947579311061,0.013817574839564214,0.015140532884531316,0.015152691962549555,0.015870750512576828,0.016632783460949804,0.019094633352789235,0.018667633003677016,0.020041875764166505,0.025435685922596922,0.03630766038617106,,,,,
0.016109277255675812,0.018928432776118144,0.0264914961245669,0.050001672535576865,0.013986551589574127,0.014092602810368114,0.014848937956422255,0.015347870764067495,0.016174860336440503,0.017336525608034024,0.019363866669516738,0.018845617288125137,0.02010043608510308,0.02265884318712301,0.029208651129863764,,,,,
0.016104143902467578,0.01902070895862222,0.026273619485764618,0.034321291464941145,0.013800692591496447,0.014032192685164714,0.015095815691576087,0.01582235956752668,0.015924981476955338,0.016954521137966076,0.01883854466074299,0.019175223662371295,0.020397694665417444,0.022207791466973287,0.028664876167172258,,,,,
0.01604718474122793,0.019140206205206976,0.026029280614125933,0.04315956289644749,0.014692841933376832,0.01424291693042205,0.015382794753667058,0.015762407662388046,0.024785724450252115,0.01702378123714351,0.01895883095302625,0.018907865801133347,0.02011107975283295,0.022404998436626477,0.030375318269931596,,,,,
0.01649182877732859,0.01935582757497805,0.025380761464533295,0.04719539616656252,0.014451735358628254,0.015499901859285242,0.015321567334423226,0.015651201987407198,0.01630885394514971,0.017532618534164095,0.020331762942987577,0.018764941898325758,0.019951803616032004,0.022194647286807884,0.027581866066058388,,,,,
0.01679598652557272,0.019355710313481427,0.03393737244161151,0.047237498467546005,0.01559996865352783,0.014764147003958969,0.01528077543987561,0.016610018282746296,0.016539731319068572,0.026901911924784357,0.018582416510235875,0.019297847234289706,0.02112699811917249,0.02225271502319546,0.02719993966251571,,,,,
0.017029627463176558,0.021905063691706268,0.024934475568845964,0.05170480135035941,0.017235705099455538,0.014732862827642914,0.015474946439190975,0.015929053060652846,0.023114574154926803,0.01741668734681671,0.018342729437744388,0.019547272828425954,0.02017070909896533,0.023410138738412307,0.02740638476572935,,,,,
0.016613434072308052,0.01964588574707541,0.024310753373903725,0.08857328566050633,0.01591685555591168,0.015246277038607656,0.020196075321167718,0.016303266347808088,0.016891773411818963,0.017587274345584353,0.01956232850502196,0.019706330408557248,0.019958108088846946,0.02174175022778789,0.02650950644927971,,,,,
0.016766230981819768,0.01988413258177314,0.03189370803264455,0.08062954677801747,0.01668947312693749,0.015229764989362092,0.015941587004488875,0.01661483922183147,0.01724390525249537,0.028433186528620362,0.0184973333000993,0.01953997295340818,0.020179885745091344,0.021912285925365257,0.026037886823615373,,,,,
0.019230522107407017,0.023125807495444357,0.02361361779314357,0.0805286720517354,0.0184481866335639,0.016050498096340744,0.016055083136440183,0.016364724054500963,0.02060108675838522,0.01768326730517657,0.0186752217797661,0.019874998835217584,0.020333548985255048,0.02204336715683812,0.02624349033944413,,,,,
0.017106091047783382,0.02099519936811806,0.02399794068917636,0.0810040954776698,0.017471111955461423,0.016409540052800212,0.02922719476751818,0.016750578483392273,0.017478255589964898,0.01797199465208419,0.01858471960946913,0.020595183780122702,0.020125826435382795,0.022006195013419085,0.025568220372932684,,,,,
0.017661911270475925,0.021323510965589754,0.030432905906735724,0.10395574442530081,0.018606253734518727,0.016408828702813148,0.01646758897943286,0.017695804705182158,0.017478385447203308,0.025067176507660674,0.01864260464936017,0.021595105485941884,0.020255070267575743,0.02179812392676762,0.024761655405537583,,,,,
0.020394054165921854,0.02133273888593948,0.02360319358826562,0.10477913834156596,0.01849508944394746,0.016563493610263318,0.016703591217203984,0.01717870404639259,0.017887742028785424,0.01813487451208462,0.019002579643147194,0.02254506742319637,0.020249066419342425,0.021593679056017556,0.024542214802803063,,,,,
0.01776259440055476,0.021316697681299592,0.02317952865459789,0.08556329364877373,0.018560278241139278,0.016493499852275453,0.023226202401390207,0.017171152552408878,0.0175858915829978,0.01844818663356386,0.019148217292675417,0.021861324226818562,0.020313015980140785,0.024459675512962204,0.024504599090701892,,,,,
0.018261927542302714,0.020910350800161882,0.022729893857256076,0.10186968040495799,0.0208449361975883,0.016390540372346944,0.01747714248834243,0.017579013028129455,0.01799040554661796,0.018711352067483356,0.020077646138309414,0.021665738560514763,0.020424445918551835,0.02157455579597688,0.024039181960670643,,,,,
0.021886893980684274,0.020537907888032163,0.022912493608338885,0.0854564202351383,0.02356607405998824,0.01729128069391897,0.018025336238159866,0.021021390776710676,0.018392845434194234,0.018901005169519935,0.019137241422317985,0.022512195197204717,0.020149800970849983,0.021678066712869128,0.023855039642241106,,,,,
0.0186764023647082,0.021080767720248892,0.022671618135027917,0.0733342247786004,0.02223707500753411,0.018287210945914085,0.018007843350928292,0.01775446944913949,0.02885095613569916,0.018855524827210045,0.01926120105163786,0.02083336013689559,0.020250923799872034,0.02489265955549683,0.025821569722094394,,,,,
0.018724517147063382,0.020508206029798765,0.022211397453890926,0.07070328523737435,0.02353957346813005,0.028405804684229825,0.017925025494936107,0.018153941822394264,0.018824959834329726,0.01903531240154251,0.027658312483214337,0.02042646196171414,0.020220335380954527,0.021169988016128613,0.023073085500870213,,,,,
0.022150001199378665,0.02055187502016498,0.022154758173584987,0.062398856154711906,0.02668030198970281,0.01847461921756275,0.018547608445713463,0.025588515245369214,0.01894514411754434,0.019217028777950285,0.01945847716366341,0.021636880617814096,0.023859714878543332,0.021341324715548938,0.02299786484839055,,,,,
0.019467290012260136,0.02110241289767299,0.022015284060467342,0.04929543368146802,0.026015574551918337,0.01942747553828856,0.01887752296417556,0.0186211125618648,0.03281982107074501,0.01934456723001896,0.01948447109056104,0.02050366797119456,0.020367963450163663,0.023954652302961517,0.02464351016785354,,,,,
0.01955979240219804,0.020577023481959073,0.02186810126989386,0.06357080605426703,0.028214582878023912,0.03245813809100818,0.01880464178537805,0.019324057235168758,0.01932310080093976,0.01998395510336214,0.02445592373718619,0.020476054294335678,0.020776865690680147,0.021368472714304258,0.02275081092223733,,,,,
0.020581828935686778,0.02067626081341471,0.022571212939958202,0.04031533637631998,0.031944255472628955,0.02008152160809639,0.020018776200421588,0.028069410678070356,0.01939839681287477,0.019541101294066096,0.020040015187989396,0.021758103951045177,0.021479725699778286,0.021149561846812336,0.022598088671010423,,,,,
0.025621933104951998,0.021702896229341503,0.02153293079323467,0.04428896365819887,0.030146825451295916,0.02041159889064059,0.01978770664234408,0.019460210061559607,0.02338734365265045,0.01953147511885746,0.02022687676109295,0.020351145871562455,0.020809674522131207,0.02121886641829496,0.022349139971312652,,,,,
0.02037369354263264,0.02104012299443877,0.021426161497142226,0.031759678603578236,0.033598149976533,0.02398204625712744,0.01989456601452407,0.020329721559689415,0.019634131193359224,0.020433651424702666,0.02153399987825714,0.020587231761665357,0.020783980745924937,0.021160719767783453,0.022110867421734143,,,,,
0.020898236917736877,0.02099268191459419,0.021255890019853785,0.03273197422076312,0.03493738903815155,0.021328376264685228,0.020296280675103317,0.031206130537764866,0.020408802916114417,0.023581190134119658,0.020320229624699433,0.020744004968667264,0.02206611060009275,0.021152213918883896,0.021518048435898447,,,,,
0.03370517791243785,0.022021984277072835,0.021382898128422596,0.032800768011295764,0.03452978195415238,0.022060584938849694,0.021821613323302985,0.02075038126710571,0.02074475522314844,0.020605996747553108,0.020432302601272503,0.02067674694339868,0.021567942085065055,0.022315674016692575,0.021821182416597702,,,,,
0.021413582327432325,0.02142514756584967,0.021030257897714615,0.028971182151478182,0.04138464898913521,0.0266831091435474,0.025815642147449115,0.020961892045919493,0.020519586289311186,0.02083902449691084,0.021027374566040445,0.020937376218437564,0.021780490254995292,0.021011208251161664,0.02171556164000194,,,,,
0.021740631702635023,0.021511718808999127,0.02120487989107935,0.027564932828475306,0.05289611283252148,0.023740700426548748,0.02211190856421141,0.022752521078773395,0.021018907312492688,0.023029691879360874,0.024245004712624873,0.020898236917736877,0.02181150706350853,0.021206408922280165,0.0212337752260861,,,,,
0.02644249306633991,0.023482423433756158,0.021332328503143535,0.026463085403110657,0.03170048153753209,0.025143363586288155,0.02316546620298214,0.021893218810097547,0.022046014658938278,0.021060901633629503,0.0210673513169502,0.02204588229138434,0.022387393797167632,0.021642139912561656,0.02084026920483372,,,,,
0.022354420252974367,0.021751247915894823,0.021168563574131306,0.02412104970595373,0.05927607387632107,0.025932773458132122,0.03281033545318664,0.022046602949562757,0.025084283516551124,0.021493246750203334,0.02128607184467353,0.02119623879267916,0.0223378644249783,0.021061809942402837,0.020979626469832344,,,,,
0.023718728843397516,0.021773120062081746,0.02102786799843011,0.02393266037133872,0.059399436530828575,0.025991322053529536,0.023088187293657123,0.022556153143079523,0.02212898510311864,0.022513405008383162,0.030949253816387343,0.02142010746392672,0.021954048275183432,0.021031491287863528,0.020437253140371443,,,,,
0.023595169721182127,0.02209266150059261,0.02107019840086824,0.023208438316517754,0.06258850180010656,0.02735945892010148,0.024098456162754394,0.022485101439407098,0.022065522829563308,0.02177143722380453,0.021504603290682087,0.022131021681558578,0.02174699907055475,0.020766891149945437,0.02042628735167336,,,,,
0.023627564470946032,0.0234781150007527,0.020830620773034925,0.02067312421615622,0.07945043016460611,0.02738622941107483,0.030191706559070403,0.02317061642939434,0.02519623189879806,0.02203424554803766,0.021881367516586037,0.021629086719356722,0.021809529850433447,0.020631786451384145,0.02708919789359918,,,,,
0.023498214262909673,0.02234652838197408,0.0206808393911183,0.020657669526003505,0.0794982660370581,0.03318561331257128,0.024893349900793033,0.024359998326813157,0.02313924947788051,0.02244278142275531,0.025300829758599472,0.021936199981036412,0.021364936926505648,0.020917792471204375,0.020282217463201115,,,,,
0.02731727187148674,0.022621163074899666,0.021087057564939844,0.01972328681905866,0.06389719893477393,0.03162987902970981,0.02588551857329008,0.024720189762321248,0.023630157974423523,0.022596481620308105,0.02215819719566796,0.021977769358689673,0.021611390139088034,0.021013600045177126,0.019846608495723558,,,,,
0.025280470670339436,0.02968074065332444,0.02070691168911254,0.01971999864551538,0.0885926669879239,0.03373260275034901,0.02742909059843885,0.024856787357298623,0.035171073312798444,0.022932579609869972,0.02279530441483747,0.021792991545274205,0.02177508569077339,0.022088801267977527,0.019922334663415225,,,,,
0.026857038421411183,0.022984029822925852,0.020717932399616976,0.019287359985510646,0.07793090731423029,0.05399296000259548,0.02711416648388431,0.025801822599627728,0.02381647476685806,0.02327081802155043,0.026502081120326332,0.022303363932419936,0.021760607355801865,0.020886193630316807,0.019611989752553852,,,,,
0.027098915287729623,0.023313540317911073,0.024750339191898268,0.018127578243629223,0.0734737600554014,0.035587444764506225,0.028263725678866352,0.0392226816595761,0.024714417854284482,0.03047143937693503,0.02311930095706239,0.024026027544010932,0.021660949037016236,0.02098395343419591,0.01976821411400993,,,,,
0.026919659711020706,0.025215270274561396,0.020740253289167423,0.016541397554718916,0.06231736189505786,0.03543544761533491,0.030056516981444268,0.026977015992913148,0.029380872659523622,0.023795268103083994,0.02328542953953896,0.0225538530526355,0.021604112341221914,0.023066493806995228,0.02262367130204469,,,,,
0.028134946110799208,0.023701128703509128,0.02047702021429726,0.01696599175176381,0.05535213453534204,0.06591287182193117,0.029957192258206963,0.028230954174468234,0.026116667688833296,0.02409770267982473,0.023610212235062294,0.022641163828476776,0.021615515636909863,0.020964908111015274,0.019156191177619526,,,,,
0.02892724323196376,0.024315621017729903,0.021442498848952694,0.016801912012972847,0.062172339984692654,0.04083434762049014,0.030873562587489373,0.03615305905390639,0.02599612447266251,0.03065509966208802,0.02338791206761637,0.024252960648324762,0.022381367978401064,0.020703325562808936,0.019260578187676063,,,,,
0.04596402480193484,0.024186625905627826,0.020544853185805227,0.015657560715995392,0.04932650259780762,0.04467111274442899,0.03327196036787621,0.02957994590113885,0.028455995999620412,0.02480507790040166,0.024624095570825028,0.022736668701361585,0.021955820492291302,0.021249894286173215,0.01966634038826339,,,,,
0.030054499612404462,0.024178151959502087,0.02085251005843041,0.015538929233445608,0.04064067466235889,0.059107445125557184,0.03270018052932404,0.029777764526007278,0.02710679913422458,0.025502204531369938,0.024359785359746547,0.023266693378473063,0.021828744336637684,0.02094976153523706,0.019207982944262077,,,,,
0.03069810756209448,0.024479511913267978,0.022049720627832337,0.015074170961699279,0.026452300940264826,0.04760360882369008,0.03349410059775871,0.038341281351759605,0.027692862299900305,0.026974227404975435,0.024352343653643027,0.023428026683594602,0.022658399582530835,0.021089748245743598,0.018513050192343006,,,,,
0.03928648977411757,0.025015318672815486,0.020569836840837602,0.0149328349270295,0.030073858612628273,0.05071725079201502,0.036025723391159954,0.03182759925045947,0.030267356795016857,0.0257325631335639,0.024711111517955634,0.02357289743737097,0.02254476540126026,0.020902208438836025,0.018301230377073346,,,,,
0.03336320596765993,0.025113221196358834,0.020656916108589937,0.014519669323233949,0.030509212136550307,0.07612600295961167,0.06565765973753704,0.0334875171848036,0.028979966416430615,0.026396347244461497,0.025172349276286383,0.023857119148258606,0.0221130816237614,0.021138904215552312,0.01839594781384631,,,,,
0.036673392469138415,0.025777368994653573,0.020717728945306664,0.02252231816065128,0.026177591990901826,0.061075361857971966,0.03821068189902746,0.04574439561394493,0.02888852439454539,0.028341078642575065,0.02524559906515077,0.024368369119800275,0.022449642911701696,0.021434392238219205,0.018528858748570905,,,,,
0.03649684858956987,0.027025337792533306,0.020761503842432878,0.013718215247246583,0.03870642830050095,0.07156278557217555,0.04008251387904503,0.03525100311102553,0.030106961122979885,0.02760348786420042,0.025826592025438293,0.024097379751356927,0.02256915861697139,0.021481974767969342,0.018540771900236494,,,,,
0.03505384317065483,0.02706638661912579,0.02095650845119338,0.013101646563878092,0.022672647828449743,0.07762147511371345,0.06939573582845521,0.03577014542534816,0.030897498368568557,0.02794391298088804,0.02680976784338959,0.025115183616623623,0.022652331344522908,0.021012365604842705,0.018257683598991437,,,,,
0.03888053647986709,0.02666220029937556,0.020717478537258836,0.017295780516564337,0.019634329362117356,0.07770698138112027,0.045093377848361704,0.03843877315365398,0.03160131683195334,0.028921627056582324,0.026107640354353426,0.025863576320932665,0.023114644292586542,0.021394252622319643,0.017975043399259715,,,,,
0.0445601463712977,0.02803751069441718,0.020603054041970215,0.012941663218906448,0.028800563732451226,0.08639348361989929,0.047107451481528596,0.03849710087631763,0.03482152315977134,0.03581131113524439,0.027178342794120843,0.025664380171102997,0.022999711709186653,0.02125680525023543,0.017903305861984176,,,,,
0.04047939371973577,0.04477072487470341,0.020867556305344762,0.012571198195621348,0.01750404115356424,0.14301411164668731,0.053580626835449945,0.03960607595631885,0.033718835423542384,0.029358516694681914,0.02788276643887596,0.025634799824935554,0.023094885112163167,0.021339425493313274,0.01835755428941734,,,,,
0.04381639562387757,0.028197995100498502,0.021230965350017464,0.02072782100070126,0.016705241108937494,0.13293215902633296,0.05176972816741756,0.04153480496229141,0.035497385990461996,0.0312808823057096,0.03559284723925707,0.02570664363083278,0.023426573451833806,0.021268882600236197,0.01773107804582067,,,,,
0.053049624666943955,0.028610858407730946,0.022564560853020207,0.012335595320690953,0.014996449634367507,0.1322958606582556,0.057115060836293724,0.04191353521409224,0.03707079587015537,0.03280709390524501,0.02801280952018357,0.03355058730917196,0.028197305168711106,0.021714292444941396,0.017727219155835826,,,,,
0.0478273440363953,0.03043584634794459,0.020937670454645313,0.012254370153250567,0.015158575336011596,0.15351905322196865,0.06412839221647902,0.04299201451626093,0.036850146420897165,0.0321860118917908,0.02979662865481057,0.026626483632046706,0.023690277662414057,0.022133204568330615,0.017380906564578302,,,,,
0.052789402394185794,0.029549896095865804,0.021120720168960147,0.015778218462463148,0.01425918466117618,0.16021179434568045,0.06457139623333794,0.04601103133392051,0.03695316956364462,0.0319405504309097,0.035644325486597815,0.027007827528292085,0.024131371137363026,0.02168309171463753,0.01715998913785985,,,,,
0.053156599581955837,0.029767146157696656,0.027883057155392306,0.011618321118019114,0.013310343283068092,0.175353967898063,0.06841713732798962,0.052121479752406316,0.04013881656040553,0.05607992453951227,0.030198503836330333,0.030580811552255675,0.02579176736851814,0.021717756425814326,0.017371203252812238,,,,,
0.0580088057561903,0.03035156892799006,0.021251191216725304,0.011479487920172853,0.01252468589482647,0.15759892715705184,0.07956962566835538,0.049109597778791744,0.0659193009487921,0.03468575741497918,0.030680558657885618,0.027588883256551813,0.024065065021071495,0.025351412943227666,0.017400296954902028,,,,,
0.06170097693247782,0.030645028643846474,0.02132868030902899,0.011737793785589467,0.012399800157206172,0.15555033684084438,0.0851782301343307,0.051127404447471804,0.041207209695425656,0.03413057954280918,0.033750553364165936,0.028248314607086343,0.024678641309154647,0.021681895391277347,0.017175400676309936,,,,,
0.05818443066454597,0.03184767231293021,0.022634217146086346,0.011061561699852705,0.01100534422371028,0.14268135369608856,0.09190153244636652,0.07033220787841728,0.0431261113103033,0.03709772540884005,0.030940284603366144,0.03149559164136367,0.02541711881382214,0.021603587044465217,0.01695880440802332,,,,,
0.0657655236062376,0.03319550938054782,0.02145829490916519,0.010808095321704837,0.012640107077049592,0.12996830876640122,0.10095103728728722,0.05843818478069911,0.07749852191798857,0.037549671765309336,0.03282890888237459,0.02877533443747364,0.02518902443661479,0.0215339998782571,0.016694426498793477,,,,,
0.0755483846962209,0.033342674139866434,0.021787351970249884,0.011420955780885905,0.010296930640518367,0.0816540637493859,0.06561105968528788,0.058349742259391935,0.047127875818687416,0.03834181412049543,0.03572493905196811,0.028798728596368433,0.025291549688037426,0.021598108188373485,0.02053495542516396,,,,,
0.11033020328110232,0.03485659126670947,0.02171417298746901,0.010552934882268139,0.009640426504298577,0.09129259129952688,0.1216316320282565,0.08455369951710794,0.04746970851042585,0.038511222778882935,0.03352074052515134,0.032710223459232336,0.02641526941682628,0.021805485668446853,0.017027037851738164,,,,,
0.10389288323525238,0.035694185272665956,0.021836273940543896,0.010514550764375154,0.009780003950420803,0.09138846793858589,0.13494720228331525,0.06801704251809733,0.06789528308261714,0.03845106135852365,0.03492387382931781,0.02983682067627592,0.026028184394750107,0.02345589745015217,0.016681700168727342,,,,,
0.10416266381230956,0.034874493290566994,0.022012927455676727,0.010113157848121576,0.009699708195377644,0.07879311527606263,0.06402689115574436,0.07239128273625495,0.052616986816119746,0.041449540864939786,0.03752638461996476,0.029853812045764927,0.026123222036719452,0.02187432777304383,0.019447543018146784,,,,,
0.14640830828278673,0.03634911829546856,0.022485894539500773,0.010233251742675548,0.009278461885941669,0.07559470081729387,0.17165825052593275,0.09734169645856774,0.05480580663200525,0.044944325494156806,0.03562867595957068,0.03160469231045304,0.026525646612502993,0.021955229769150084,0.01657545000838993,,,,,
0.12205188573018909,0.03987553964954027,0.022137013116986074,0.010225644507203544,0.008294656662638646,0.06933698891230325,0.24001504543370578,0.08570647327217469,0.06152314244356547,0.06817122973311594,0.037862038408815565,0.03157734980045503,0.026857436822411644,0.022189781966786958,0.0164571895651943,,,,,
0.1654819307781988,0.056508289902100405,0.022430454364127824,0.010016512174661362,0.008104011241788344,0.05325561577928107,0.21493354009344395,0.09350658067868109,0.06246830195036962,0.044915083721558335,0.040928982773696373,0.031802844395774126,0.027461225057495778,0.022337240258135098,0.016893212990255337,,,,,
0.21803374069527764,0.03993313288003151,0.02258673642756942,0.010115978848476426,0.007932596276950471,0.05333568487896818,0.21915018949464168,0.10121660455559127,0.06563895057818536,0.04696009673950754,0.046955263267251135,0.033610143480369524,0.027531883060108557,0.022529227386045545,0.016245408654391974,,,,,
0.2213959245058985,0.04080015783986109,0.02428075250962238,0.0100890189472701,0.007982429265689083,0.05349277841924501,0.2548725380753306,0.09974199836282957,0.07122261571394269,0.050462054323337883,0.040635352830082946,0.033244418862831714,0.026356727620937607,0.022855023977556822,0.016276773767560777,,,,,
0.2208200371071663,0.07031678989960026,0.022986583089139943,0.009611458203808737,0.007701981866397648,0.04894508768261465,0.11832283908645441,0.10814998775658372,0.0688429071397637,0.049538340989498705,0.04039105088384332,0.03313579508573321,0.02799158498556092,0.02233410464452308,0.016738979625620726,,,,,
0.2701630912209011,0.044124983778479225,0.022830382312673536,0.01283661118494626,0.007743923942492416,0.05932026058547806,0.24118478202950133,0.12324001085606105,0.07633074740829639,0.05293124312890914,0.06721017119951785,0.03364740892070773,0.02862440921846644,0.02252922738604557,0.016528219906199865,,,,,
0.10084059155691863,0.04541197497059227,0.022977610138231682,0.009146938194714191,0.00852445194187154,0.044891767595603434,0.1673864858201896,0.11868875101141518,0.08495288483928796,0.060726806412579694,0.04359026036888038,0.03668286913160508,0.03139057428265604,0.022820040792345647,0.016444733134433183,,,,,
0.26636085472998233,0.04890412397757757,0.022997004809163335,0.009092041705749043,0.007215045363394982,0.041898370012916235,0.17101860592577292,0.15709221098088383,0.08120634722023563,0.055038086435899615,0.04505718106099343,0.036344434895767525,0.028706743152256065,0.024735334612832432,0.016382942247090394,,,,,
0.2063521279647028,0.04867988260926302,0.023355504218653025,0.012023724347153361,0.007296421384760349,0.05029043454561052,0.17051965552778028,0.21597563979533357,0.0980587550880247,0.061709641880131394,0.05522165674509247,0.0378676814975815,0.02938550732261334,0.02321570200635119,0.016351503172295733,,,,,
0.14817319877866375,0.050153234384570464,0.023979761242520138,0.008642611416725078,0.007157518092998256,0.037679868887419324,0.12405368357508051,0.2141988888132756,0.10691779321509008,0.06777930401718811,0.04864939380874209,0.03814872915544995,0.04100385675863864,0.023506491925610353,0.016278765692281993,,,,,
