0,1,2,3,4,5,6,7,8,9,10,11,12,13,14,15,16,17,18,19,0,499
0.004971673134985686,0.006149963801204794,0.022896284669066708,0.04195844154233681,0.01581005924027252,0.0033470171440098057,0.004159116858829114,0.0056009782561138016,0.02785949928853093,0.014213565283867127,0.05904478809006752,0.010012626944239128,0.010395679241356084,0.04895303653978158,0.012301904533949535,0.016148618908700178,,,,,0.002851545856996573,0.006333595981405643
0.00431830334177456,0.002969739551768487,0.010189178005951082,0.01234211227512661,0.01410168799460023,0.016958517615700167,0.025003974617922486,0.023595375847800554,0.027944203061268557,0.03290735458811627,0.047453722494261906,0.07160849640625469,0.13527495633414413,0.13378667471167083,0.041912606890079265,0.019533732716728872,,,,,0.003129125641683448,0.0029225253286442043
0.0019183676483438732,0.002940223017178723,0.010062212378338986,0.01247810415815994,0.013905176695483702,0.017028865853633134,0.019858955688870722,0.023162176736425948,0.027808056473048685,0.03251188710358041,0.04739620344346192,0.07156378235430036,0.13080682005052027,0.1340115453958611,0.04193739382240046,0.01937792705991193,,,,,0.00322706830521495,0.0029888937433332962
0.0017598719445703912,0.0028430050363404524,0.010054733719011931,0.011588561275812872,0.014127416747456477,0.01682659514117825,0.020137503297086266,0.023305973226506738,0.027777910787841156,0.033072561394810636,0.0470484960497773,0.07164771144797745,0.13055051873985202,0.13723437527504087,0.04204077634238774,0.01976821411400982,,,,,0.0028679859904043037,0.003063890189934372
0.0018938725008431764,0.002967445852366463,0.0095796949781948,0.011866504976908509,0.013911517745836568,0.016517917553445543,0.019513803720501197,0.022566270755897056,0.027515956050802013,0.032452143831059786,0.04672655464025348,0.06598156266398822,0.11663353938676015,0.14566300268303187,0.04443257445931557,0.01992806272692647,,,,,0.0030238376154569004,0.002988351284528599
0.002052920716745278,0.003077406175876099,0.009635043647571099,0.012022079262098171,0.013670482441490975,0.0169601809436684,0.019340225555057964,0.03689169781846691,0.026747677225283723,0.03141436384762792,0.04460983883668285,0.06216599798327409,0.13021995449776252,0.14576941841856772,0.04329865259598634,0.020102049124285044,,,,,0.0030022073671029975,0.0037474688387395573
0.0017882013159242643,0.002912857081390436,0.009664612258574812,0.01196541565723508,0.01350861907782818,0.02235128704950661,0.019220402998384078,0.02215329459800894,0.0258746938822389,0.04624832701063992,0.047658401183401186,0.061273967466269404,0.10471134646892415,0.1410867523322882,0.04703184981377655,0.025504543842580947,,,,,0.0028921907330707007,0.00275731773215793
0.0021419638204907897,0.002754376341407772,0.009612942421780237,0.01207538953021779,0.013283300491748203,0.015914410858310878,0.022644085095295963,0.02194528846788717,0.03596201721669118,0.030090155805385304,0.04203496840305911,0.06107149157194262,0.09245672552039716,0.15704864799998108,0.047062229068014945,0.020597261821410442,,,,,0.0036189417255500273,0.003165901972239689
0.0018938725008431764,0.0027146542347352503,0.009499071373246263,0.011336953139564258,0.013009158170985904,0.015441196845370434,0.018358984898894412,0.030086534969892883,0.025174564682703033,0.027930449938206068,0.040040297671140666,0.05162728382366621,0.09597730468642214,0.1581054815583442,0.050468845556788204,0.021872371063052586,,,,,0.0029840080640303954,0.0028498397405774976
0.0019420531335313533,0.0025048077348818454,0.009507089469764387,0.011698640995917631,0.0128353986921027,0.01554199628594445,0.018390183316338297,0.021034327810742687,0.02494137958793955,0.02810219749834299,0.04008710835852567,0.05311701589348946,0.08482466860623901,0.15575407557276683,0.04856667935075527,0.02208725992202635,,,,,0.0028471078277521964,0.003042544699164165
0.0019467223389432109,0.0026371043281305183,0.009313341871073985,0.011680195235041163,0.016054760004702184,0.015668925429157127,0.017517761893235513,0.020790968604436938,0.024424083389686574,0.027899692719489718,0.04015434752857482,0.05300882951430175,0.07795566739322203,0.10569036117113122,0.05346027946387294,0.02187088859045275,,,,,0.0031249780811865063,0.002832950976430393
0.001867668013855399,0.004722836152296854,0.009196431531414802,0.011156565583743932,0.012782746862896316,0.015396110383972348,0.017647935149670287,0.02600849441205854,0.023622911917996408,0.026989513018838708,0.03598617253364289,0.04954982657506116,0.07755795558730061,0.14554713512676726,0.056986389125009494,0.02266532454767701,,,,,0.0028957760022654253,0.0027069992198916963
0.00213832772141326,0.0026428768196531875,0.009322667533504225,0.013481974003491689,0.012465287073928315,0.01750480061186232,0.017599898549886958,0.020030110779763684,0.02299961302571909,0.026912335498786945,0.0362538686284765,0.04279308196544224,0.07718090382587203,0.13306260883367493,0.06723525279367489,0.022899753922201976,,,,,0.003104157154554296,0.0026664498642793295
0.0019553641401409633,0.002584446350355609,0.0089555006220922,0.011067158952090027,0.012603037238147659,0.014882374847190684,0.017820548029885433,0.019487266576608347,0.02247160002624357,0.025782601124234833,0.05863688072346956,0.04682000046703661,0.0708805937636986,0.1324743430417186,0.062147302003761964,0.023273827434894666,,,,,0.0030345414988948343,0.0028896110731673817
0.002074445825065995,0.0025864529083833064,0.008638521145433127,0.010786564003646446,0.012722947303059593,0.014496359222176165,0.016728671392815298,0.019189016746104685,0.02185546491438294,0.025069802150784092,0.03309560239693684,0.046327062146754666,0.06270871943940168,0.13173439869296968,0.06611568485537261,0.02395520725669394,,,,,0.0028506360553120697,0.002717042003896639
0.0020077258550185795,0.0027069992198916967,0.010465590405908134,0.01769739873777811,0.012498744994742335,0.014625934039142516,0.016679289816156077,0.019192987180591786,0.021839243484475468,0.025295792794673456,0.033141499375791895,0.04076679837763442,0.06537195669880073,0.12022737053442373,0.06241801183917542,0.024037414965369562,,,,,0.0030023153660011406,0.004792554458987236
0.0019939513917412244,0.002564800142514103,0.00867481564540282,0.010848908020123811,0.017043577931945286,0.014414263323839835,0.01664317056569556,0.018663759281290472,0.021686575630416694,0.02541293424130482,0.032957891972419905,0.041263415746461085,0.06024650234104778,0.10914877187574308,0.07333433089244362,0.027988804804110753,,,,,0.0029996142270233847,0.0025883326437812887
0.0020212460472082243,0.002554031874264125,0.00864411194825995,0.010643005457215112,0.012479845017670575,0.014338030497750821,0.021162267311334148,0.018929666084017513,0.021695768686648013,0.024063016960242697,0.03174667963145144,0.0412428781248467,0.05981884529433289,0.10702036783437031,0.07348662287272627,0.02505293115708987,,,,,0.00444550155012712,0.0027202621676194905
0.0020568654587034825,0.0025989587975085836,0.012568515503526173,0.01103573664155031,0.012040647564437106,0.014635352790375903,0.016275717948616274,0.01856522148396939,0.02111932310961236,0.02281242370943547,0.03182861797552182,0.03980391968339466,0.056968224401661854,0.09551146422599839,0.10288890227383847,0.027007635440529604,,,,,0.002938568386675396,0.0034733782008056196
0.001962481500450428,0.0024871405787913387,0.00860000012658953,0.010492942413335826,0.012187510558745649,0.014002306703471586,0.015656835909938147,0.017735703949157366,0.020703450852801546,0.022914021894698943,0.037185451785692596,0.05415495466893351,0.05195631525620493,0.09641900882532863,0.08815190226125012,0.027091771188201823,,,,,0.003108854020842582,0.0027354765464039908
0.0025182342821789255,0.0025748938459926036,0.008227146552032277,0.010463607394515703,0.011871203782398783,0.013553166313739085,0.021740557132245302,0.017679599718845484,0.02030354817462077,0.022860570365010567,0.029113472762407385,0.037280121654492904,0.052199679626511494,0.09545207775737648,0.08804406116214397,0.02712761630118376,,,,,0.005914259200757472,0.0028103132054360324
0.002005786959486632,0.002631072714189385,0.00804139384812175,0.010487842532485355,0.01187489049597738,0.014456468605568073,0.015330262607631387,0.017724731463945494,0.020475420879460235,0.022104282159707396,0.029167015460874857,0.037201004235184056,0.0551887658439332,0.07908720702207561,0.08795533675251999,0.02823894681040015,,,,,0.0031612898657182938,0.0026915034124650756
0.0020530786519469945,0.0023510974442721767,0.008096005301338798,0.010429310009529867,0.01119138659106789,0.013401890289305506,0.015398489971527254,0.017322698752771648,0.019912681103025992,0.02211143932296606,0.027187551287568418,0.03300940302550336,0.048369732662377554,0.07803204877192299,0.09784064737127254,0.028135314892078475,,,,,0.002415314186663016,0.002520936734341508
0.0020780376713193374,0.0023968522291546407,0.008251073708706107,0.010038629275093271,0.011302236349513215,0.013412531279947784,0.015863455292465956,0.017053695818222074,0.022615773028792925,0.02215721676291771,0.02679612218778074,0.03411720090363857,0.04534844176176976,0.07805157589815416,0.10803007354551815,0.029595408552486786,,,,,0.002706999219891663,0.0024820510605070016
0.0023499939016418904,0.0024609290706854793,0.011051943050729946,0.01000031375636907,0.011306682147528778,0.012951680956812027,0.014902644654022221,0.018721746320695835,0.019047147111894806,0.021661068788010537,0.026770856966209674,0.03409327160469361,0.06348751183329543,0.07149295361170296,0.09408024394339089,0.029619326321241174,,,,,0.002413030963133078,0.0025718698944549013
0.001949219098131337,0.002357570325330431,0.00796376316936911,0.010035398823110995,0.011919722182836212,0.015370079371452672,0.014754305029068843,0.016471231160289243,0.01831123768491737,0.02804510756812205,0.03066787409250293,0.034755012714226464,0.04287722458624444,0.06310697061303806,0.11949436304182859,0.028893911347839196,,,,,0.0022962590946760462,0.0046602902546390365
0.0019743414932557736,0.0024083233928786805,0.008209589878332953,0.010181378609328499,0.011238800827761127,0.012751585397309997,0.015372188785876213,0.016039888907824675,0.01824595879605637,0.020891238377861644,0.025885318157185724,0.031142685239464996,0.04101577964266444,0.06053492784088343,0.11936060507566412,0.03281307273054345,,,,,0.0023131415111310974,0.0024313700748612526
0.0022448501883146807,0.0024393583892590603,0.00786807919652346,0.009917584528193947,0.01077997891844425,0.012883935234414622,0.01441154123841441,0.01570767734427701,0.018157513597918604,0.020422858342944696,0.024957611455548683,0.03098753235404827,0.04047278491036308,0.05984927299367327,0.12650203422998366,0.03274073980251345,,,,,0.003271077855594165,0.002758728485758525
0.0019225884843559553,0.0023696422178628384,0.008142688567583899,0.009556074718927693,0.01072143844049507,0.014871913454890506,0.01400867322495984,0.015679247958430998,0.017719901417998455,0.02033554215076644,0.024084580225791175,0.0307767589015272,0.04034317835449999,0.05517224251783022,0.1374810559959051,0.0359536492048769,,,,,0.0019952518656389602,0.0025631561612859035
0.002037224525480106,0.002384918071256167,0.007860286710754527,0.009626121669881672,0.010980361440546276,0.012435702893956771,0.014037714155553344,0.015547940888629534,0.0170992470299517,0.019695731412342904,0.02405203260704689,0.029674884657979735,0.03816361718125201,0.08284005916898877,0.1373232234491108,0.034219763137858274,,,,,0.002121276850917414,0.0024923498013352144
0.002619215411309906,0.004000242223913389,0.007828914960564173,0.009414038559206691,0.010756371866043734,0.01227850364545881,0.023877863510410477,0.015521308032837633,0.017280026010765136,0.019154921672917623,0.023275053380627433,0.02850944283150353,0.038151032420553746,0.051647232857247184,0.12820240696314006,0.03638332004079535,,,,,0.0022200139579676348,0.0024787830524267774
0.0020410407471054353,0.0023187416682465935,0.007860286710754522,0.013500431736907202,0.010514766623634188,0.012176145197657695,0.014082107308651731,0.015511361181245282,0.01701362650319247,0.02044486701365806,0.023301186885696632,0.02769636290979358,0.0362764978748556,0.05131369853717756,0.13172088287444172,0.037831359201150806,,,,,0.002169638141856614,0.0028732946746845255
0.00214196382049078,0.0023254440548671597,0.007768003834071927,0.00935502618990744,0.013460528433631736,0.012301192875195733,0.01362379621728872,0.01514061854598186,0.016907582855963308,0.018606340866556326,0.022779481810624072,0.027188779646088186,0.03444867760857398,0.07507602544621884,0.13532528432742214,0.03889587797627595,,,,,0.002336571976081069,0.00233615563563119
0.002204772065850307,0.0022309410820252865,0.007710354891715731,0.009373862018083441,0.010541037527579586,0.011933723017687732,0.013485941662865035,0.014748326339985152,0.01688409358718386,0.018620607591276952,0.022039998486164312,0.027166350376650116,0.03441578477845795,0.04788834689202297,0.1270032707835198,0.03882940726739207,,,,,0.002221619966104916,0.0022345715825262476
0.0021023920215047505,0.0022598217804052087,0.007591694370036635,0.009416518076582866,0.01029286774705975,0.011708808393091992,0.013621892116116675,0.014903188575939821,0.016276375353363685,0.018222824630537694,0.021883145619781066,0.02635494376806169,0.03464475173919188,0.04464189537762533,0.11510085040718548,0.041246525812413344,,,,,0.0021305804069300886,0.002375109158380555
0.002228177945437539,0.0023339338989083022,0.007450680459789923,0.009159584398558253,0.016985092226995572,0.012034506218029007,0.013003249829253247,0.014734249266724708,0.016173978289291038,0.028907822997532827,0.02502931338826997,0.03287151889561249,0.031220621635465608,0.052377344398785226,0.11453824982595541,0.059980798431475,,,,,0.002316503230009607,0.0022803894105955214
0.0022506202792833786,0.0036990494447961524,0.00752946719630262,0.009063467157119157,0.010213588129987522,0.011417321282753065,0.014722295195233687,0.014681163345817063,0.02025122800975673,0.01774367303164143,0.021604112341221962,0.02528031676090761,0.030346953590702365,0.04199082343237898,0.11491266921960518,0.04402712163600743,,,,,0.002151630043934985,0.0022059482580203027
0.0022016815718315483,0.002176352763073406,0.007556419414843057,0.011035002092237697,0.010190291718165328,0.012201336983118828,0.012862979834970315,0.022241740468746125,0.01562657119224597,0.017191986619583634,0.020518401140112934,0.024324366992051566,0.030072133525212,0.039358326343354226,0.10023363020224073,0.05097093422177743,,,,,0.0021793303985650683,0.002382877877488676
0.0021419638204907923,0.0021571985708304328,0.007178281020935762,0.008846216472391507,0.009663773489824194,0.011451207843313563,0.012742733555444348,0.014079781588742065,0.015530162888708135,0.01670126168080771,0.020742957693079867,0.024623924391071864,0.030006679604527017,0.037421655741973474,0.10282264861553139,0.05143222237092162,,,,,0.002122040972137734,0.0023696422178628306
0.002216505901062312,0.002325444054867166,0.007308321158565778,0.009003741618277413,0.00985793560586636,0.011357184141785503,0.012489843760950336,0.01370068992888185,0.015545834464917491,0.016831681533659156,0.019897450545024398,0.023509540130234843,0.02841836938078848,0.037386773430615014,0.08179613049812541,0.05185508699064335,,,,,0.002095440414172788,0.0022110867421733576
0.0033647948556491253,0.002240223415005804,0.009514487413680595,0.009519529718279329,0.00982314092273022,0.011024419155392502,0.012437293268992304,0.013633241384943854,0.015564677857017687,0.016792028602593108,0.02002348892619875,0.023430559243511194,0.046343667685589236,0.035442510854601796,0.08272775913709035,0.055661702207682066,,,,,0.0021036254578217805,0.002308651604656173
0.002239789164993975,0.0021419638204907797,0.006920006711819888,0.008855045454401668,0.010826170099889896,0.01101809394216977,0.012347155296862868,0.013612177057067689,0.015056781092150013,0.01599048906347472,0.021509533148137958,0.02301195926955077,0.02745083273127499,0.03502719362634717,0.08315299989972112,0.059727974053927525,,,,,0.0022513405008382837,0.0035215858191896873
0.002426029918897513,0.0027040030936610385,0.006916585408813499,0.008652922315965117,0.00953079710967504,0.010798340978386577,0.012204764575066803,0.013056403154363945,0.014752722670694565,0.015944027535172028,0.018623811310433475,0.021868679519853038,0.026372813750702034,0.03341975868657147,0.07253788888327979,0.06130253576309899,,,,,0.0023630651942813403,0.002187053278207567
0.002434435360246687,0.002228614457920015,0.007952191834684893,0.008497021477286343,0.009480860516537421,0.010942706245918412,0.013472350585379477,0.013490821485270671,0.014772072931659122,0.015952830679175734,0.01827257744992449,0.02138811375794948,0.02587469388223894,0.03350571522978035,0.08189197175002226,0.06077516155905223,,,,,0.0022169447117508186,0.0022110867421733533
0.00246514164091663,0.0022286144579200156,0.006846142955611105,0.008414309161157853,0.009411110510346099,0.010734495162214783,0.011924590356281059,0.012916107922978735,0.014380008563712332,0.015410592800422574,0.018297119596487055,0.02131073427067169,0.025424733478516877,0.03105197339829346,0.0675439546739434,0.06889168407944685,,,,,0.002314262626675482,0.002559231636671565
0.0023719672071794637,0.0022689859666524736,0.006836616745079365,0.00854724341600579,0.00927563086479533,0.010715146196431076,0.011993348369320013,0.012989702863560824,0.014093523095533727,0.023589988480671762,0.01828373544273674,0.0210033056796378,0.02541044613528758,0.03189747950596891,0.062045920276582234,0.050174409271430374,,,,,0.002281100233034355,0.002271413988713338
0.0024244255784251984,0.0020505502290025465,0.007884998178721436,0.00840293380416326,0.009198440975339362,0.010647147913519612,0.012023589512584632,0.01258952321022762,0.015509584286458463,0.015167919856757497,0.018007699306043116,0.02059228676662017,0.023879832404947732,0.030531872477049683,0.06094149543234773,0.07480860634203494,,,,,0.003953606737939993,0.0023165032300095836
0.003126741466631456,0.002106705889194885,0.006844958825493274,0.008263129024223216,0.009153918792524331,0.010848908020123813,0.011501075233035552,0.012524685894826514,0.01374890744604837,0.01492230026725698,0.019801400581286183,0.020514023395650345,0.023487393720549848,0.028166470979693225,0.061047404278985036,0.08259891524959144,,,,,0.002425896264382954,0.0021395404410464868
0.0025434729843564273,0.0021691897614277643,0.006850877429390062,0.008264698454541789,0.009079230000336587,0.010019230939527382,0.01156862279505069,0.012506136244564417,0.013733711576115493,0.023265578484550718,0.017178704046392667,0.01983109829327844,0.023353727146478646,0.031623153595869244,0.05590121453794487,0.08288375985858368,,,,,0.002361555379871281,0.0021571985708304367
0.002458951944094396,0.002172027940892338,0.007215090302808837,0.007909181505149123,0.009045418843896001,0.01055333430216694,0.01200437360706639,0.012523028943765703,0.021765851651166148,0.014602083020611181,0.016821969813427148,0.019318418623953185,0.022158972731143343,0.027502483935966843,0.04778811587226578,0.08305526036190332,,,,,0.004096274841181207,0.002163202474928773
0.004800125853379687,0.0022235164801948392,0.006559182807478621,0.008373827660793072,0.009216893232550897,0.01644157811064822,0.011410730804249316,0.012215280477373509,0.01320969670603088,0.014365141724354314,0.016698155126738813,0.019364620163523937,0.021906617856957477,0.027491493913109098,0.05122451966741946,0.10353947825581365,,,,,0.0023752456706753046,0.002080532689683174
0.002524021708044428,0.0023883145212826927,0.006640539513224121,0.008041998647611787,0.010709819102454185,0.010033330787989883,0.011067158952089996,0.012156743688007971,0.013100557602021338,0.014109710289681226,0.016905204709889633,0.0193939835955471,0.021799016391503504,0.025475121552710735,0.047309159786677685,0.11310144643287265,,,,,0.0026434901726795344,0.00225637561480055
0.0026866803579447458,0.0022517725231982525,0.006510159678944834,0.008107571343544798,0.008728472966639065,0.009786234815081256,0.011073719664262679,0.012086205793691407,0.014246263001825502,0.013809241955815163,0.01603859511733137,0.01827082064280274,0.020839444594146366,0.0253163572905355,0.042080053355936606,0.11108209290961371,,,,,0.002895776002265369,0.0022200139579676304
0.002878368282605413,0.002156446907484597,0.006564865155764058,0.010707548228674745,0.008769055133972357,0.013374887142571026,0.013895263011228148,0.011979633751316767,0.012786018595249641,0.013745699779565686,0.015758293021377125,0.017355984263418577,0.02587786408119388,0.02522452699146193,0.0438036657907272,0.11117951036629903,,,,,0.0025223511489832896,0.00212387374142032
0.002733697991429688,0.00233171004523616,0.006616031712857682,0.007818471208389258,0.00875425240709885,0.009929869689235404,0.010810015139708619,0.01177477885561437,0.012833377616128237,0.01610736502118105,0.015512949761885329,0.01760938378005325,0.0206089075668826,0.0307847119894096,0.04085475727988281,0.09213014285365688,,,,,0.002744942710334137,0.003105827965227375
0.00270699921989169,0.002763777772759043,0.0065340225227573856,0.0077716761363270945,0.008547053738175596,0.009776290058315642,0.010874729514775049,0.011899575637618856,0.012721723977047253,0.013273752881351,0.015483157693977434,0.017541215941874563,0.02001864662528057,0.024386923662563936,0.0402246987195479,0.11638545268365139,,,,,0.0036260128623846143,0.002109013260069226
0.0027107098172788045,0.00236416263550822,0.006311287384985335,0.008345474789886221,0.008507089584038946,0.010570525754328639,0.011211793501798347,0.010918530454506241,0.012883004047836063,0.013229098087159129,0.015049349840527972,0.01726682994067424,0.019416123149087566,0.023329612237675906,0.03840731364289445,0.11544537696443984,,,,,0.0027628390692343956,0.0021571985708304232
0.0026949947296110712,0.0022639788984250638,0.006185501473529942,0.007685756902377707,0.009018134832888174,0.009684151745016942,0.010579601379407345,0.01133349196788886,0.012497318109997609,0.013315798821136017,0.016027856671475844,0.017761772945173025,0.019038974284861603,0.022295323102507602,0.036033939692670824,0.1088198401093407,,,,,0.0028489293940471075,0.002562270503726669
0.0029490320340473794,0.002901145598474843,0.006424327057181064,0.007756642089593231,0.008411264387373258,0.00962629008562277,0.010636575364954668,0.011144847125170202,0.01202898171645708,0.012911086225035796,0.014659791105217304,0.016729756769055564,0.019071644579054664,0.02235911923494086,0.03568941592845314,0.11111835178557662,,,,,0.002887702886883432,0.0023991508497091148
0.00297791691342037,0.0024557852306825493,0.006363066248010143,0.008979689623942199,0.00833377204123079,0.010694792107158214,0.010938349654046746,0.019151180376396505,0.011950149646563418,0.012725011399026789,0.014591953975475936,0.016442209163837564,0.03220534810600044,0.02159150169181596,0.05599389527779505,0.10151071717023556,,,,,0.0026963178397318775,0.0023198600774124154
0.00549785294276598,0.0022883380097615163,0.0061558658791477,0.007401385229677211,0.008264109953099997,0.00923109460048201,0.010354583201238273,0.011175759576857127,0.012010638346257584,0.012446153931398023,0.014533084147594957,0.020954017297141896,0.01859314442719798,0.02356193229697903,0.033894036054535503,0.10126159642545626,,,,,0.0028442592949451586,0.002873294674684531
0.0029402230171787095,0.002203006600146788,0.006185291791959864,0.007377866700651324,0.00821527524524829,0.009208305560287294,0.010453686695047005,0.010919955788108076,0.011901074189187129,0.012535838720903907,0.014295452867881161,0.015596330904071337,0.017607174085939176,0.020940767427080027,0.03230834938570964,0.10459333656874886,,,,,0.0029697395517685058,0.0026518176894499285
0.0030697051319468413,0.002363065194281318,0.006133862388034684,0.007538591009597666,0.008144281207215708,0.008987629929343672,0.010275369532918237,0.010758180358728706,0.011595498089312524,0.012382817903263498,0.014107504038710274,0.01570249529885034,0.017274771315936546,0.020796457417499744,0.030442056563701633,0.0806238643876026,,,,,0.003280975239349002,0.0025663167289139963
0.0030065242970302056,0.002303026912160746,0.006140202408388714,0.007431507741023989,0.008022945769501242,0.009006046078406025,0.010805785088621888,0.010788247215730833,0.011610476398699297,0.012116670101062434,0.0136666869829134,0.015537489387773272,0.017300279168800663,0.019978096997197888,0.03010942726791179,0.0812762710184604,,,,,0.0031535880322571966,0.002646922323101775
0.003120513305345013,0.0021151539434975074,0.006109338810711225,0.007339311646454338,0.008108051237673154,0.009169313979787925,0.010097210812260182,0.01078752587128287,0.011147174350054138,0.01993977409531321,0.013366229762357124,0.015451293789901774,0.017550954579407682,0.023107727695001985,0.03016429789964736,0.06894919742665279,,,,,0.002997884220836861,0.0026703382365443613
0.003287293926452843,0.002102392021504784,0.008801533500512241,0.007379624402781239,0.007904260513214191,0.010077313924311035,0.010747777370070983,0.013338668268357171,0.019275470903476487,0.012040970706427661,0.013184439606415374,0.014954966079309977,0.020737829968775254,0.019439488489016735,0.026247604264937458,0.07156876605668257,,,,,0.00584455138139102,0.0028329509764302976
0.0033974956552694628,0.0022980940132606843,0.005899768019875673,0.007221379060476856,0.007781349353069647,0.008848268805781944,0.010374698409766134,0.010108764496669689,0.011334207172633105,0.011730747635345904,0.013122517340685097,0.014514666283597658,0.016436055361726314,0.01891858055729372,0.02695711695339403,0.06305602261457953,,,,,0.0032726634484432676,0.0027040030936610203
0.003268598826927668,0.0022409469780281374,0.005674765160288035,0.007166572515458373,0.007886190604579705,0.00884387036532867,0.010490315511618335,0.010609471411039302,0.01111128104069535,0.011762766639570061,0.013069905793443866,0.01460794399449213,0.015852823195253937,0.018695957967448797,0.026857521330955054,0.05686067096725685,,,,,0.0031317150776222786,0.0025560623083514186
0.003357076983554645,0.0022402234150058014,0.005601441357380111,0.007224431624710778,0.008040385747875849,0.00876580067882263,0.010544574319017593,0.01006301793662132,0.011116969925471943,0.01178952939536304,0.012928227280106532,0.014778020072950418,0.015837209716901144,0.01797314926806696,0.025446697362557093,0.05734372591086625,,,,,0.003430168287425948,0.0022563756148005756
0.003691239888087584,0.0019797535787733998,0.0059710035174933675,0.010163018490952578,0.0076370025588804406,0.008614051654311608,0.010740051538327036,0.010134136236765463,0.011057310584995199,0.01144341856986557,0.012919722336907852,0.013949410540449809,0.015806449328591394,0.01776148086299284,0.02587298958314477,0.057139041032395164,,,,,0.0034598159285185366,0.0021644012572180444
0.0033606487024890894,0.0018532025840076053,0.0057098532763122396,0.007065372138516864,0.007631098813983316,0.008519696043841549,0.010282782321439204,0.010008707809803969,0.010927435739347484,0.011437608569461778,0.012693273955056253,0.013886509765298037,0.015519615846447394,0.017524423962287615,0.0240389796395491,0.05522670024156968,,,,,0.0033663363067318007,0.0029189729148675968
0.003448551643602752,0.0019143068902569798,0.0068094820206270786,0.007035571563440974,0.007558478782220092,0.008769683696342939,0.009893230634425402,0.010129816001147745,0.010836228538081347,0.01135064444379168,0.012419761836016093,0.01383082668121412,0.015697435477171284,0.017500780665503864,0.023493467087535736,0.051688745091878895,,,,,0.0034107353610539786,0.002111471676477309
0.003530046318544806,0.002099305260154988,0.005860949707509339,0.007687444207016453,0.007643792591281305,0.008499615917821949,0.009656691379280937,0.010099811543595903,0.010946261361994667,0.011216304056764556,0.012611267256485403,0.013220664069826107,0.015182513160764917,0.016849568032403932,0.023186731481522352,0.04660000812557345,,,,,0.003325246431535988,0.002126162481343824
0.003562504465089747,0.0018593161865923824,0.005517163131841512,0.006747297162495966,0.009207178714067706,0.008378782451407085,0.010364692610263133,0.009969756958706458,0.010422094774483477,0.010969489324869266,0.013027588912700396,0.01318060258745352,0.014448055365836966,0.016596582535214628,0.023261411095439607,0.043325131239168195,,,,,0.003681828941528313,0.0020004453069683904
0.0037227282164179515,0.0018878708073112524,0.005687093431759513,0.0067833382151912995,0.007506825114182335,0.008124151220509118,0.009203198434512682,0.009746095490657133,0.01037547970647955,0.010858975255921924,0.011681305577812044,0.012904127945778053,0.014703408682339582,0.015757140729352533,0.022482217203218715,0.04420046645946159,,,,,0.003743573294939638,0.0021395404410464733
0.003757405768447913,0.0019939513917412344,0.005688518589890382,0.006684145775946374,0.0074544655900912965,0.009348091711473966,0.0091745813339841,0.009750885021256749,0.010066336156821933,0.01068265816545123,0.012032862607028428,0.012698381789260988,0.013832045681727387,0.01603455134919461,0.03824356645603317,0.03961635704916609,,,,,0.0038054234900201456,0.0020881551386171186
0.0058436636744684176,0.001982208732763927,0.005605607547139707,0.00658222759562162,0.010514273224530283,0.008157806090324746,0.013609056290283356,0.009608084128467012,0.010427848705675752,0.010845948807139185,0.014637102902009513,0.013328454854222776,0.01421739719595826,0.015911456347566657,0.021412068090445123,0.03684627469952099,,,,,0.003944739560441502,0.0021023920215047457
0.003872401585118586,0.0026737359235782417,0.005726637325800125,0.006713332950390172,0.007376328367706261,0.00815064865371992,0.008972284378318469,0.009444299127633692,0.010241074955448397,0.010592190112664808,0.011532466725120644,0.012624629593401422,0.013275682491699848,0.015934263169653722,0.020459198781679625,0.04466573394430074,,,,,0.00415786932646741,0.002126924847348178
0.003906995520788273,0.0020172316518905875,0.005473797116441133,0.006684291301223846,0.007339090749853671,0.00790097814917033,0.008525516899329864,0.010884743079985815,0.012182827291558302,0.010536607175608306,0.011352958042655995,0.012353456178985697,0.013544000464548085,0.01547006370469848,0.021233607254814744,0.03382554859800924,,,,,0.0037835481479305513,0.0019928127809095246
0.004732643471081053,0.001901561130279088,0.005583526161130796,0.00665901942057025,0.00946391661120905,0.009648763997567865,0.014325791073435838,0.009599441091491223,0.009940737221024315,0.010775646806449227,0.012511631465056704,0.0122582061379094,0.013386712263052618,0.015114898337354953,0.019670214475168243,0.0337293344803558,,,,,0.004085495569014947,0.0020338794577374657
0.004139502881252898,0.002134229705191421,0.005455700496836151,0.0066117175698708845,0.007261140916398455,0.008162057814305984,0.008607537310117562,0.009608759038318714,0.009799214087703659,0.010428470562131158,0.0110789010505607,0.012036526743611572,0.013355940317347366,0.014625579332386417,0.01866137906206466,0.029698225286261662,,,,,0.004505272638703507,0.0020077258550185843
0.004186236162363243,0.0021691897614278402,0.007537214537954405,0.006546664280131551,0.007061699859710841,0.009469910345176327,0.0085409818234838,0.012025746684269738,0.011312416079378154,0.010357181917103293,0.01078491059321477,0.011854339540809776,0.015075698073160018,0.014499825701826863,0.018123785885656177,0.031671471132533546,,,,,0.004192118536827593,0.0018883859856009136
0.004411896516040727,0.0016097619162958783,0.005146953622268688,0.00657078932351367,0.007700297747280432,0.00795382261866428,0.009749455060602503,0.009497535220850103,0.009551900374667696,0.009897162735176566,0.01073401186314766,0.011558444292669555,0.01263743901303038,0.013872656693345076,0.018171668777430223,0.028002853476616792,,,,,0.004119638115020322,0.002109013260069235
0.00451792146375398,0.00172319422558142,0.0052448022949157435,0.006415791822285076,0.006878650221783267,0.007917048730076686,0.008191560184239137,0.00970238205919381,0.009670481602813473,0.009641771748922855,0.010748984029672464,0.015580335527047637,0.012497499722558283,0.014325791073435868,0.018205307780593087,0.04222172403467771,,,,,0.004253544792019443,0.0018858086867533804
0.004581703351180764,0.0018844326860691454,0.00932197191067857,0.00654711001383803,0.007089973074918793,0.01048883179410584,0.008143922890453896,0.013957311283021072,0.014391931530724933,0.00998798538881323,0.010712725118465445,0.011674225333330398,0.01252986245462378,0.01368991765098646,0.018147510854907054,0.029197714743024763,,,,,0.006679681461338383,0.001951878787716612
0.004806066438376004,0.0017977857168530807,0.0053461983724437945,0.006365053249445192,0.007434997367315535,0.007466634593220122,0.00807996962270618,0.010151558494505969,0.00915037600737078,0.009608590315300062,0.010604672176592436,0.011295205551462765,0.012408792112495865,0.012790861251270299,0.017570600198192773,0.0258492179456841,,,,,0.004865139988727504,0.001986293912343096
0.005030542244193172,0.0019266317874221893,0.005272978979002902,0.0062528088514450545,0.0068918360244898036,0.007505831613660731,0.008206943260876022,0.011205053201951726,0.00935554606858587,0.011284435642082894,0.01203825065727362,0.01132630880934762,0.012187324326802255,0.013951897433064284,0.016801776927420776,0.024424136491465055,,,,,0.005114597627224236,0.002141963820490789
0.005003138911826615,0.0020004453069683904,0.007887012862201614,0.006368312626272756,0.006854426138665676,0.008124829674827442,0.00794333899670955,0.011028447747787447,0.009228705800816292,0.009398423257192213,0.010099811543595875,0.011273281545624647,0.011605588217879981,0.013259846506992261,0.01630374365511489,0.024874221554537276,,,,,0.005110538724120539,0.0030493574870919986
0.005720292395963798,0.001905649048569902,0.005137432318985028,0.008774414955382916,0.006382552829453184,0.007601298035318561,0.0077482772368006785,0.011444551884573217,0.009391141041075924,0.009254948685612203,0.010181537840409236,0.010812984186742994,0.01154370744178255,0.013093700012394514,0.018963430932192007,0.023778051886886226,,,,,0.0052025939167387085,0.0020491266200786122
0.005547171506698554,0.001955861540617098,0.005135854241135166,0.006419884090529158,0.012814490434843123,0.007384894999034188,0.014600550787348933,0.012647697717114973,0.009059924790314334,0.009377320369803408,0.010137463162771067,0.010797139834787625,0.011711715697505507,0.019245707642486783,0.015391244772621137,0.024120686762765433,,,,,0.005508988114688755,0.0020844251770706676
0.005614854679039341,0.001935363299206083,0.005142415861966424,0.00620037074062604,0.0067013443283280094,0.007481081245443962,0.007813285596122951,0.012518859706473864,0.012960290018341989,0.009332817722270783,0.009911861507916208,0.010868973503724476,0.01138327687938618,0.012406048166039184,0.014791354036544786,0.023707352468314086,,,,,0.00548539490942358,0.002323351636050321
0.00607308855294872,0.0020974510228491216,0.0049465006068195655,0.006542948651705387,0.006483208993430692,0.007432162170760195,0.007711574322375679,0.012878397459315037,0.009107185468655802,0.00917938648189207,0.010099779439884481,0.010716628836578368,0.011253101396417107,0.01204363629702728,0.015189174836390984,0.0232736184604302,,,,,0.005870236487812338,0.001988904023735008
0.006069082997789672,0.001878918606403534,0.005113646610866674,0.005994686778256076,0.007725520985664915,0.007213966733477564,0.008643211660599477,0.01094981532381866,0.008942783362406535,0.008940607661485744,0.009632620380676324,0.010390188356596965,0.011135387772586124,0.01201301377200541,0.01511007092421756,0.023606270512238858,,,,,0.006199952376147905,0.002037861058701555
0.006127568723119351,0.0019225884843559597,0.005422615650287174,0.006025976189448679,0.00657473580314004,0.007376855832283277,0.007660783667211657,0.011302006841510523,0.011079340039717899,0.009020759116525133,0.009446599086200864,0.010289338972574287,0.010805935118751915,0.012023589512584554,0.01444749430899092,0.02372699790236823,,,,,0.006164498012295065,0.0019007083740003765
0.006816858519452333,0.0020172316518905875,0.005003851743533025,0.007204656847562137,0.006573996018671794,0.00720317155081358,0.007667721787946654,0.010901887793237898,0.008875490484886566,0.008820669051535997,0.009640695568240418,0.010131864342497918,0.010853449887873323,0.01172983547128853,0.016346644241040216,0.022240690825302157,,,,,0.006908752220941242,0.0021299715826836587
0.006672250497668515,0.0021419638204908,0.005011168598143928,0.005900647286337795,0.00759549460480905,0.007028563009949328,0.007718088702166668,0.009956739480383392,0.008938975538275018,0.00881772782351754,0.009517179246517219,0.01009566932198998,0.010731625254962206,0.01525157157527688,0.014094512335068697,0.022392954652200182,,,,,0.006812909516617968,0.001946722338943215
0.006950676008689456,0.0021085519878893126,0.004964102121014126,0.006152072336186664,0.006357356534805933,0.00696633238336725,0.007543234747013902,0.009328056851522723,0.01058508590405733,0.008991056529769089,0.014764147003958956,0.01005705527739694,0.010570372382926284,0.011253792898492937,0.013282324069248235,0.028902158174229486,,,,,0.007806518383177406,0.0018885576804674408
0.007319847227557647,0.0019156614327157063,0.004917112655959736,0.005866755667914735,0.006185711147992261,0.007327816193501141,0.007469803968170231,0.009275665820941506,0.00866808512595322,0.008523044472560705,0.009177796821743436,0.009860171964749635,0.010371103686790626,0.010971114918254383,0.014251474024051957,0.020665908235808446,,,,,0.007561266614845811,0.0018676680138553989
0.00874061175722737,0.0022099132848837693,0.005177604728736558,0.0059883551326119135,0.006655171641534046,0.006846095594338782,0.007198173303440402,0.008683034750951056,0.008933750740261153,0.008583697223402756,0.00926685270188586,0.009542221095927731,0.010289843157305837,0.011741688076774587,0.013698725507679836,0.017967231076856167,,,,,0.00803909519509558,0.002019801784039051
0.010636422945951737,0.0037956122730009494,0.004955930753958139,0.0058944896667854005,0.00613518376589592,0.006748017948005645,0.00724124250316247,0.008408334197363804,0.0089922104590773,0.00855554717917643,0.014889236141302303,0.009647923851005265,0.010177078428423253,0.01080626517770595,0.012678833205752174,0.017861675354967937,,,,,0.00937493424355956,0.0021139272338432102
0.009715072862374483,0.0019433883369434919,0.004983593677017297,0.005818752897021568,0.006137931320642243,0.006718209282874112,0.007237883451100145,0.011949824048629213,0.00865610683635605,0.008795342347614995,0.008901791210366784,0.009337506716749756,0.009930653332451144,0.010896771016227883,0.012470488290486918,0.017867574068233836,,,,,0.015653584224134237,0.0033104898539052553
0.009634471542297768,0.0020004453069683895,0.005222312917216982,0.005706501906468986,0.00654507920333397,0.00661627675016187,0.0071815325041322785,0.008157806090324769,0.008969971244532738,0.008577348837150257,0.008995563225909315,0.009198722967429242,0.009726113725935513,0.010845470474703531,0.012446544697691546,0.016679289816156084,,,,,0.009705055186327213,0.001984824216313272
0.007149540715878032,0.0023718305061905514,0.005052858445337196,0.0056599472460628205,0.00624310439035631,0.006631304695095175,0.0076012980353185305,0.007946807873160768,0.009291557224618366,0.009048465229959836,0.011243906142062993,0.009274267472325648,0.009911043663819992,0.010321808453463949,0.012032215878860183,0.017924591360195183,,,,,0.010845320991490782,0.0018539023018290335
0.010742134438405895,0.0020173923810770686,0.00628012873622066,0.005704228671344541,0.0059054809117941596,0.008800059811563433,0.007040777348564891,0.009704119675590107,0.009429868696858893,0.008313398849664118,0.00869646744075603,0.009010545277406952,0.009556651517397983,0.01030067715999497,0.012060558458527937,0.01582481848568057,,,,,0.01396211925145119,0.0019915107142687823
0.010587076788036593,0.002217675869948775,0.005004694050105392,0.007634667090529949,0.006253482933263013,0.006560912738809703,0.0068786502217833105,0.007496451670867141,0.010026056966102632,0.008436514249406153,0.008515127882704632,0.009101629743824433,0.018761485764187735,0.009971578049568648,0.012393915262134068,0.015163387307301386,,,,,0.011909380916626971,0.00202108562448907
0.018855610807362474,0.0033257339399951997,0.005058822716760076,0.0056002835324111535,0.008282255756025104,0.006495600230038794,0.009325171346020044,0.007709345561853951,0.011598992894604261,0.012911086225035777,0.012588621759212068,0.010395928758118317,0.009542221095927738,0.014634267172929098,0.011111747930669272,0.02012945101389609,,,,,0.011884934396456255,0.002228614457920023
0.013198278032014713,0.00225062027928338,0.009511078937808488,0.005542961395530992,0.005960405107657174,0.006362454738110347,0.006791697995599824,0.008861926685838805,0.011351330003726751,0.008445733142936932,0.008491677486107126,0.008600904937357878,0.009254072785933189,0.009875812297204774,0.011262577039157189,0.014356742719600982,,,,,0.015631550238783192,0.002175756746969373
0.013039629522659411,0.0022490349800073474,0.005266087480006351,0.006290703912951559,0.005858348984785614,0.006344644208529037,0.006547110013838026,0.007659725474835956,0.011143916099135844,0.00811999944227103,0.008413731124297136,0.008684229609185792,0.009142683441817564,0.009768725272271336,0.01709879192888149,0.014528599037467825,,,,,0.012571997733478696,0.0021153072321844044
0.012093312952813958,0.002963619075113227,0.005286673695531032,0.005671621736619439,0.011248951491284964,0.006339736262362457,0.006962607868353706,0.007492644476541526,0.015633188828030328,0.008840680127613331,0.009059208992477209,0.008499882947627142,0.009359981192116668,0.012098138075987124,0.010689697529230824,0.01504986691591417,,,,,0.015322815864316334,0.001992812780909541
0.017284547522449966,0.0023361556356312177,0.005663326165487284,0.005871175403111369,0.005962308773599213,0.007050671547261971,0.0067553175695949114,0.007343374957942275,0.015308864637199182,0.007956390425626875,0.00792065192999975,0.008851492939678185,0.00880760986102429,0.009213339470275757,0.01057626024768433,0.013277269935492608,,,,,0.019223776626563653,0.0023187416682465896
0.017376298167114352,0.0022200139579676365,0.005267010971571884,0.005839056528900519,0.005722389267023897,0.006572368199731203,0.006535014916943446,0.007196551504725819,0.015361195559939108,0.008156852128315918,0.00803251822382697,0.008556494584879932,0.00907147710353888,0.009169596867618755,0.010591853382794216,0.01315299724121022,,,,,0.01778200620050833,0.0024971586574034244
0.024129113701507315,0.0027544940573443594,0.00530045537446656,0.005430980385542502,0.005603293379701303,0.0062076875548483686,0.006568074743246846,0.007128966978118244,0.015520138145882132,0.008766096588308589,0.008465021836152253,0.010508103781003912,0.008654608384488923,0.00928335297326783,0.010612160478595234,0.013346833372416692,,,,,0.017819802028363512,0.002014658240985577
0.02338834183561441,0.002381244463922472,0.00760466711217451,0.005573296294692513,0.005728279063956929,0.0062913223969597275,0.006547902354396887,0.006877471688613043,0.015372273156432411,0.009963250345542348,0.007913279994114675,0.008546029405145854,0.008591135486375705,0.009521436920978227,0.010027770830298308,0.012794232279968393,,,,,0.021731606827780716,0.0021504241421762935
0.02358070887986936,0.0023621045149513397,0.005601441357380054,0.005250795544591318,0.005792391720935676,0.008654121331768147,0.006312674351296592,0.006978562717287134,0.013167779825409549,0.008438627802051563,0.008175711927200088,0.007925358187971812,0.00849656355260186,0.009118535675590615,0.010131096263023753,0.012143614125593633,,,,,0.015095579422261717,0.0022169447117508178
0.02404522383347551,0.00286968131832341,0.005584048775626797,0.005626565104925956,0.007581821951439073,0.0061762687502603855,0.006707147950317618,0.00688388047235918,0.013156571221024439,0.008728138632767031,0.008298721061842762,0.009713570869587901,0.008468736471568905,0.008975789085298471,0.009939008348925608,0.011718911632794279,,,,,0.02400442518794748,0.002205360240348122
0.02673943285295517,0.0025723741332392015,0.0072125283093298145,0.005428113928418697,0.0055907803231624266,0.006020808482196946,0.006366122916413368,0.0066726392498281,0.012960214964035889,0.008843870365328643,0.007848769377570375,0.007875493443189312,0.00837723439414601,0.008552704332386212,0.009824989189346765,0.011157728034771504,,,,,0.027281176774346296,0.0021419638204907923
0.026942679455329088,0.002586452908383306,0.006731468522849854,0.005535058805842265,0.005663326165487308,0.0072698432834778295,0.006388493797123094,0.007890588685801232,0.011007700942042512,0.009238362585634109,0.007657354593257851,0.007835497308536827,0.007948929263022738,0.00874376434076675,0.009563434769616562,0.011222633123133475,,,,,0.028744184049444274,0.0022053602403481094
0.0261728228690422,0.0026182248788319375,0.006629739854651476,0.005528728601184945,0.006296216584358945,0.006003064571898728,0.006304862268602394,0.0067399407473446565,0.009332817722270787,0.009338340069277506,0.007897694420941893,0.007818927377628947,0.008087991436171303,0.008540981823483796,0.009589945040111366,0.011498904226680415,,,,,0.028364327987853873,0.0032311851698575856
0.028753251921592914,0.0029195282644502427,0.009888247728817358,0.005370403129465408,0.005451241305728546,0.00584765729439428,0.006232708565395963,0.006759779898566953,0.008649624165495773,0.016552370914551556,0.015629040167749544,0.007609142690214532,0.007943012436219551,0.014408301061601852,0.00916552951570182,0.021563506756609053,,,,,0.02734470026370054,0.0022200139579676387
0.02880929872825367,0.0027713929524172333,0.009218863045040064,0.005493605035666444,0.0055256781384687955,0.012246774006455421,0.006097811094571605,0.011817960148312781,0.008097006476795683,0.010210635321958695,0.007712919677292138,0.007687992501290096,0.00790700844466137,0.008243013925111491,0.008895050174834178,0.010713118580866257,,,,,0.0201857977301259,0.002297388448780826
0.028192107139878065,0.0027478941990153704,0.009224488762928014,0.005540913658233173,0.005417051936223893,0.005788191920700899,0.006101053805469729,0.006327296009317667,0.00806293698377183,0.011729835471288605,0.007614552493321639,0.0075954946048091485,0.011580724395669522,0.008344075989732762,0.008810407259811985,0.010527371287339044,,,,,0.02489453516598831,0.0022962590946760683
0.025972415600108708,0.003817673286592257,0.011131427011655228,0.0054058473504089745,0.005292619531136477,0.005521862690292119,0.007164038430686917,0.006185501473529936,0.0075561190435399295,0.014326356896493272,0.009015006264234725,0.007290197361291458,0.007744928766052888,0.008197930460063162,0.008890419586235045,0.012544733165316877,,,,,0.025095462066460062,0.0024280338537519004
0.0229647936231766,0.0027779369826672947,0.01132731071830636,0.005549801204319516,0.005514811850807391,0.007058255363100906,0.006166811894689967,0.008391156628044101,0.008643624304083811,0.014284629741816416,0.007818927377629023,0.00743813663119802,0.007826553902896468,0.008143285843947816,0.008668833219502185,0.010210794096798944,,,,,0.020218539337755262,0.002349993901641932
0.02293115153884166,0.0030194380552129156,0.012134826472035311,0.007540268244677525,0.0054070468106626034,0.0054077663591134955,0.00602210082474729,0.006496947849423062,0.0070983371559501076,0.016106056519398382,0.007200695375401258,0.007390161836346691,0.010875087300871835,0.007673470593375896,0.015129135589630478,0.010309487129302686,,,,,0.0214389450219749,0.0025393903605619088
0.012919998396401669,0.003370283057163653,0.010226025003380577,0.005531073966157532,0.005595128305924483,0.0056402061199681795,0.00822714655203226,0.006200998234419582,0.007013091798122106,0.01568125375345697,0.010360937944250408,0.008668496585394505,0.007384894999034187,0.012997189120544017,0.008457050931861524,0.013353415280344073,,,,,0.01857430104485563,0.002744588318400553
0.01696945053128438,0.003268598826927661,0.010176281899216032,0.005767259486537658,0.005242143301522005,0.006701344328328011,0.005932651329003283,0.007095824397377516,0.0069218806812294765,0.014960862190843782,0.007595793419028347,0.007286638389510614,0.007340857736540919,0.0075016401856049415,0.008188590972451571,0.009629792465249504,,,,,0.015224995293902309,0.0026428768196531923
0.017066011757053048,0.0033315784772316344,0.010055926809014907,0.005440524335238934,0.0053013728791975,0.005548574167194303,0.005891848716963591,0.00620909766296697,0.00696111750436844,0.015108118065714516,0.007441797431992793,0.007129330826228321,0.007199569559588958,0.00733095712552456,0.008171308587519735,0.009398181757577477,,,,,0.014312567082322293,0.0026231738008907547
0.015662695523793457,0.004715621987435642,0.008322130758732964,0.005549509077231324,0.005105524065704123,0.005664242135194362,0.005811671711572414,0.006133439486995693,0.006822563879867019,0.010088761839971512,0.0077993711535381096,0.0072607836734807805,0.007276975914520257,0.007322814466990923,0.00791065720579423,0.008853873648335174,,,,,0.01420998333672799,0.002443077330485124
0.015052796674265564,0.0034971015133508808,0.011206008083133018,0.00557335447197392,0.005407046810662579,0.0061758487530649215,0.0059254873783229495,0.006882043269699885,0.013612963091613653,0.010129816001147748,0.008056862419493258,0.0070763775405924215,0.007068675558271934,0.007459379041288902,0.00806132827335117,0.008906998352749732,,,,,0.01187611914617699,0.0026896957805171338
0.0120389239940002,0.003677863873491865,0.006969124463364707,0.007479824237748722,0.005282808382592209,0.005561706905487446,0.00563117336148176,0.005979251813177813,0.006624651570394979,0.01026855135649041,0.007930266088113652,0.006962049019246876,0.007224027682918484,0.007221513759635799,0.00937026397829063,0.008801717694281718,,,,,0.010823324501144796,0.0029011455984748677
0.011387605619806142,0.0037405406227219223,0.005295987915629362,0.0057508759132864126,0.009528381359666828,0.005501626106702731,0.005715302152425727,0.005716947145709977,0.006240610971742354,0.010302439756553072,0.008731444260627162,0.015794465074309053,0.007060092637089683,0.00712409872323278,0.007749950929642664,0.009177231542888359,,,,,0.011305535012183218,0.003906746543345741
0.01083566000641379,0.0035806611723967524,0.00533824745742091,0.005860949707509296,0.005080567990366937,0.005298436304801301,0.00905287171476238,0.005796420666337592,0.006846095594338825,0.010576536160922244,0.008096005301338749,0.006979724181160411,0.006878273113138995,0.007283255755481538,0.00743913917242174,0.008690910317922627,,,,,0.011358183327221634,0.0028966716261952657
0.010717354952837516,0.0038292065566136227,0.005400566560475359,0.00618319458517528,0.005249251547138341,0.005273901263826003,0.00537378309535612,0.005711045662190403,0.006391741220790445,0.00792666725846915,0.008676572199212104,0.007144096487825656,0.006749939666408272,0.006954220416229846,0.007541300203931706,0.008313710861480953,,,,,0.009442754064862882,0.0030996623882463418
0.01250976543445224,0.004865073342517713,0.005229944117434034,0.006236609030479387,0.005330163021158272,0.005305102430344461,0.0054034476311313195,0.005699907026895575,0.006070097988417765,0.0073194928499230386,0.00984371628274203,0.010590138955634452,0.013077643663257909,0.006833058786605142,0.007657354593257927,0.008810407259812046,,,,,0.010035915765305853,0.0029588012473761843
0.00964849515862719,0.003954590752574464,0.004827942751072971,0.0065944327744349674,0.005079291433651849,0.005276851492020572,0.010118254309581503,0.005625470089249171,0.0060145582452922845,0.007213966733477517,0.009798386841245062,0.007056187858043809,0.006759396158116565,0.010852254843811663,0.007136831056791417,0.007993794586837081,,,,,0.009318353834892807,0.0034369674383740684
0.009881424944006137,0.004068396545217237,0.004769224306936156,0.007853064551721387,0.0050711138611378515,0.005298742273901419,0.005352017497545135,0.008071939837246616,0.0061359764560248746,0.007414690944134296,0.011301088762889844,0.007137739640106981,0.006613678892816285,0.006826364804341734,0.006995269191461913,0.00793026608811369,,,,,0.00825998926899248,0.0032342944422091274
0.00741014167785001,0.003949668227842654,0.004579792199279089,0.007491475972210303,0.005353531856633897,0.0051986037187704654,0.0051670732313511695,0.005583526161130822,0.00596258067626184,0.006697133557489599,0.011416412477427858,0.007336483667678131,0.007859832941929447,0.006691321249664979,0.00844815143552351,0.007737263690398877,,,,,0.00908490649436484,0.0032527879855672563
0.009416793538212431,0.004161065379366423,0.004426790336292579,0.008487056039969545,0.0052438748922122285,0.005417351205980714,0.00812323322153263,0.005220015170217571,0.006211655930454822,0.006832062226194291,0.012768534274976682,0.007092853625932655,0.006542948651705372,0.009241345368501649,0.007028193945112737,0.007643792591281225,,,,,0.008876988177456142,0.0034702962733974933
0.008530839692443266,0.004216104324922071,0.004626002666959668,0.009579119567266904,0.0052299441174340185,0.007197767888020141,0.005135854241135189,0.013096077056549738,0.005895644710330716,0.006678467816721265,0.012723584405441699,0.007331664755408423,0.00671338124827074,0.006520113144193484,0.006751908860132456,0.007794880008830873,,,,,0.008944233535663038,0.0035625044650897317
0.008904668259863177,0.00529310961119041,0.004325805351081315,0.00979176635357276,0.005142226701720504,0.0052808439655371775,0.00522405108099194,0.005354743035549671,0.005697118965333302,0.006357713542108488,0.01214016926875957,0.008168133537435769,0.007535794788240679,0.006375284128400579,0.007203531650875065,0.007592762043815951,,,,,0.011632350233991347,0.0034971015133509527
0.008246160143768255,0.004728256696362162,0.004455773779202556,0.009604540073665357,0.005194922539974477,0.00500728487393178,0.005223492448569766,0.005357346142991723,0.005943572003370541,0.006180204835872285,0.011195934328112153,0.009707727577386352,0.006573009509862198,0.007614084079738356,0.006875208338619268,0.007761656674105432,,,,,0.008309458692832816,0.0038787599379395163
0.008501408671326567,0.005000286568801227,0.0043646079424767914,0.009947258560286134,0.0054173512059806405,0.005045152192747062,0.005249251547138357,0.009473504765330208,0.0056716217366194355,0.006371417667842996,0.010071391923205346,0.008552704332386063,0.0065391317433798925,0.006249956162373065,0.0064501163430595795,0.007070510124570692,,,,,0.008445886705909445,0.0037580960556476985
0.009123690192768439,0.005609539440771969,0.004236358682173118,0.008849917657363352,0.0055289045380686325,0.005032797644945008,0.0050015832900099505,0.00526651846288895,0.005568174313599975,0.006148698333143448,0.009836961496224409,0.008195359205582172,0.008319169174004866,0.00648695883988766,0.006656925335653857,0.006940592546795184,,,,,0.009187860024250073,0.0037353360277109534
0.009009501663404086,0.005623798338464606,0.0041234142802999375,0.00838810345019161,0.0055500348949191975,0.004957500701175469,0.005161108408421214,0.00514146999114302,0.005796420666337639,0.005918917371448043,0.008085425321769263,0.015070556898590333,0.006551021263783987,0.007220840238713909,0.0065411148308850515,0.014123009432953814,,,,,0.008777813972647194,0.00394991449977668
0.008679748042680926,0.00539834468574356,0.007801324825762502,0.008365498556413616,0.005646813303728744,0.005058822716760106,0.004842695242541717,0.005219518227058248,0.005632152130253419,0.005844551381391037,0.0069228174757065995,0.009615336926754285,0.00702510226594104,0.006202043916326857,0.0062572149946275996,0.006952121972086634,,,,,0.008774969232813621,0.005012139058984987
0.008135318553597908,0.0068247021603586614,0.004238271691384343,0.008424784016201942,0.006226462739029635,0.004923175519982324,0.004784767792789563,0.005227463648648123,0.005439034197020827,0.005749973744340083,0.00710404466549655,0.008464102499521516,0.007622766339617491,0.006400409848436073,0.007118635037542729,0.00650891442557001,,,,,0.008079969622706098,0.004239495564263274
0.007197993121628233,0.006902742322803097,0.00412380743199479,0.007171276297183077,0.00604869381383636,0.005024544403189178,0.005052858445337231,0.004989900667944534,0.0054305027477608795,0.00565369952401109,0.007039856251038875,0.008646024748277099,0.007729716856639118,0.006138987745035296,0.005900647286337821,0.006552604903195804,,,,,0.007796044628114426,0.004157635372475829
0.007286104393805113,0.006706422772228961,0.005519043435432165,0.006157077212796894,0.006545871789710874,0.00505080459429781,0.008564070057443737,0.005173657929473233,0.008314490839797637,0.005545593089569875,0.007383841180756321,0.008394865324284583,0.00750302318356531,0.006123545854879672,0.005984021945747646,0.006468939753042332,,,,,0.006981907210174806,0.004923373096370965
0.007292643146877914,0.007766668020928958,0.004095404042859557,0.006396812019859184,0.00682028230842473,0.011505810552274622,0.00449020587999893,0.00491757422356488,0.005037434151167109,0.0055937373191481555,0.0060725012368653955,0.007410535474738456,0.007538935088239872,0.006339736262362432,0.006799761399796497,0.0062830193320145165,,,,,0.005948806806054267,0.004425398459637194
0.006150332847009029,0.007680059512414655,0.004066403620297802,0.005596345135744293,0.010231096933562209,0.0049207380922503706,0.004590187732419655,0.0050815251974501655,0.005274393083122875,0.005599125468019375,0.006177948453514176,0.00940549299602364,0.007798207031052788,0.006455543112517908,0.005956704817460697,0.012022510781595915,,,,,0.00628822936860363,0.005668876960654543
0.006438795883184538,0.007587593106614134,0.005045666309090375,0.005595128305924497,0.0059579566434011105,0.004948663269403249,0.004743934414359016,0.0049181676039779035,0.005159537572061109,0.005407466558894914,0.005698484716947806,0.006361231541955943,0.007015865269459256,0.007375756905180974,0.005672479206737908,0.006060314959845308,,,,,0.005658744092959326,0.00639473347857677
0.005734841316710316,0.009140448903716519,0.003998620788872924,0.004958612446381746,0.0055867771903840326,0.005060873313810934,0.004926006690983526,0.00518492652813473,0.005256658598936182,0.005404167658802063,0.005733031790336787,0.005899768019875691,0.006417055146472191,0.006457300809311015,0.005594201019836489,0.00578707145921791,,,,,0.005275929722926591,0.006267311500757314
0.005338976278157128,0.00928698468489627,0.0038380872119154843,0.005037755972309282,0.00788598502677806,0.005117449615887318,0.004771195496224298,0.004824381998783944,0.005021962483539141,0.005167386978671043,0.005467099452561104,0.0057766968878371905,0.01042458335068641,0.006318834962724726,0.005654215652444734,0.005922586523911426,,,,,0.007127374924244396,0.006216664994582117
0.008039740497380947,0.009162522051646993,0.003804145201069224,0.004970042425892593,0.004885822854108455,0.005104444317869182,0.008158283029498498,0.004924492546174219,0.009602109108641862,0.010389220911529733,0.012480884221024694,0.005836557158544509,0.005542785904834418,0.008711814992620307,0.0055523128628102054,0.0060070061951529455,,,,,0.00483565989489342,0.007021039484658301
0.004835659894893408,0.009770318345548836,0.003809511132238899,0.004951741794596741,0.004942828468630325,0.005064715945515749,0.004584886834040612,0.004770651801219847,0.005109840775455749,0.005219828822077025,0.005309684353551021,0.005769957462002046,0.005440524335239005,0.005886618344084875,0.005442371539992955,0.005810555777747809,,,,,0.004799112520113035,0.007551268539284139
0.004847513579611489,0.00868852227461615,0.0038536001485074884,0.004710118064475262,0.006404106916829031,0.004797963817021621,0.004673698990343665,0.0045766051725967235,0.004718921259847435,0.004942828468630352,0.0052845266484963654,0.006211655930454809,0.005147772513785713,0.00523966860785557,0.011029741290101801,0.006065021336675069,,,,,0.004425398459637299,0.007624977883509928
0.004539043566109995,0.00986543198591002,0.003853263574844415,0.004552809406278612,0.004381217002544326,0.004742020269490433,0.004460065066779698,0.0045766760195231375,0.0056441139110362136,0.004863540227631285,0.005101712170944776,0.005536933032191109,0.0053062635584167055,0.006467586297750301,0.005214110911999493,0.0057337104296498725,,,,,0.004521365001954999,0.007751833402144814
0.004386764019329111,0.009665920592488947,0.003716539137796332,0.004613298761399106,0.004121919961868352,0.004396804759292072,0.004565255503436701,0.005063627495926683,0.0048463763487022644,0.005009615469763762,0.005176665287562621,0.005337032535022437,0.004957566104853711,0.005629848874061648,0.005216100461213192,0.005122199401530789,,,,,0.004358958347104857,0.008581883877960543
0.004511314001872986,0.00953814267155476,0.003784319347552064,0.006512350746562907,0.005535937428449845,0.00480282703018022,0.004375588852217176,0.004438859333755332,0.004696882334940827,0.004928967802933225,0.005014726036400001,0.005215043607699912,0.005020929343921868,0.005185114130631114,0.012503335864041914,0.005508046326817122,,,,,0.0062104030331555085,0.008676908520013824
0.006646932837598964,0.00915491052668524,0.00367786387349199,0.004461591478219372,0.004508078564173112,0.004391861087072978,0.004503473049001744,0.004430890166146867,0.006165076564310791,0.004718921259847539,0.004686931009041707,0.0076850818767939914,0.005084395737455909,0.005334601860152573,0.00498391897474265,0.005285201528692478,,,,,0.004117118747363526,0.008769055133972355
0.004040165387716288,0.008954378172452633,0.003788344172678996,0.0045908234289072924,0.004271117254588007,0.004596399658499648,0.004451405515240266,0.0044400279159352895,0.004490783528459793,0.004700746605725817,0.004667589940273227,0.005099169324666596,0.005169143611742733,0.004876057642342877,0.005003398135106622,0.005429009858848365,,,,,0.003866955225615949,0.00855270433238614
0.003963026829296835,0.007677652678353578,0.0036958925104576264,0.008442008385648353,0.004088668893171167,0.0043556841794252215,0.004422760018401279,0.00442971917338324,0.004555372524403469,0.004580641698565991,0.0047504913413506985,0.004627334203367227,0.005070346537521979,0.00477880073126273,0.008972898704246796,0.00526405522828224,,,,,0.004142243470421925,0.008515318271679968
0.0038682965794179292,0.00756281020302461,0.003621001835848253,0.004207867407831881,0.0040465806438510854,0.004203781462498589,0.0041784835793879874,0.00460316674444491,0.004603800648780491,0.0044308901661468435,0.004667867797816765,0.0046260026669596435,0.004970564311009499,0.004551028613833765,0.004695846722445263,0.005340676473088995,,,,,0.003928266008302746,0.00824840109242234
0.0038279362097132057,0.00735854833003235,0.004494897124994997,0.0040962748411812345,0.004027706751380113,0.004364236483319545,0.004452497983008035,0.004401595552847157,0.004543684387647934,0.010080530944001761,0.004566462745158019,0.004624881075800702,0.004879514236792368,0.012805175664084912,0.004941253859717777,0.005085097178548728,,,,,0.0038160592459009026,0.008361427838850376
0.0038346219749650946,0.006912083583182709,0.003550926762167843,0.004336884509363861,0.004011169766812959,0.008643211660599517,0.0041982243737161695,0.004590823428907311,0.004565255503436692,0.004318903982064219,0.004473421627592868,0.0048964295211826455,0.004778800731262705,0.004473784021095413,0.006279715685347197,0.004899408509059774,,,,,0.0040540256188365455,0.007506695534614625
0.004072140603607864,0.004473204177398983,0.003606646253936622,0.004004130989145452,0.006903869577211261,0.004161065379366454,0.004306574112302636,0.004176931336093877,0.00471066874615538,0.004282035028721839,0.00425842061513276,0.008318233717658281,0.004831702204254895,0.004562484741887142,0.004573770395668607,0.009642276167270189,,,,,0.0037426204341825054,0.005392154645104013
0.0037126984744081074,0.006111885783644585,0.006719946526177583,0.004138484485895609,0.0037608559374578752,0.004307778579984586,0.005456710740220171,0.005618318429659083,0.0042741527670385705,0.007479347386462889,0.0071945237422245565,0.004547964019742569,0.0047638503780681,0.005224485531579475,0.004394813202138409,0.004640768292283963,,,,,0.003667004145864266,0.007088097801786464
0.003626012862384639,0.005690741123898917,0.0037017657586675924,0.004216104324922223,0.004036953936640394,0.004568095564368606,0.004026740604142389,0.0041734366778116445,0.004444334407171063,0.004336286359645958,0.004080413117169446,0.004382992811710994,0.004596399658499593,0.0042247856899956995,0.004544754673481739,0.004597598722367146,,,,,0.0035354614181957924,0.006318834962724791
0.0034823282990464606,0.005462352778529097,0.0035854572886812883,0.003906746543345711,0.004029316481971374,0.004026418503545679,0.0043080043801845295,0.004113730917407212,0.00452473426040896,0.0042259367427792596,0.004235133902795353,0.0043867640193291065,0.004458319956640852,0.004372623758123057,0.004440831137806297,0.004718715122904157,,,,,0.003918265882952949,0.006803384430847565
0.003888444746868084,0.0056217800461566695,0.005484153461904501,0.004114046182067618,0.004114361422570998,0.004142243470421911,0.004024727052494808,0.004123178371289129,0.009427805403681216,0.004230614464368903,0.004236435219127429,0.004364236483319558,0.004454318167201061,0.00518292501231868,0.004358288831095036,0.004724414927134459,,,,,0.003361420467042306,0.005918917371448043
0.0033245637995942406,0.005202905522078922,0.0036052974875113828,0.004090333902824741,0.003988878337649774,0.0057211992453277604,0.004132211912875305,0.004079141514749268,0.00422724089037142,0.004044015762624376,0.004306272942743003,0.004426790336292705,0.004372030497994438,0.004441415207928541,0.0044559920799912885,0.004651933730917581,,,,,0.003364794855649101,0.0059903581714542894
0.003379410253294847,0.005019702214446828,0.0036261022820677376,0.00410702582224021,0.006980420966722172,0.003972832675857532,0.003943341984720134,0.00404762216259048,0.004210563499847154,0.0039644174655280575,0.004159194817177339,0.004595835284901592,0.009688168704205658,0.0042363586821732285,0.004353301419849038,0.004800666210328895,,,,,0.0044232731718987905,0.006130531252633309
0.0041168824776007485,0.005053179284154532,0.004568095564368615,0.004096353995485963,0.003920334115286412,0.0039393932121840475,0.004930743616534471,0.003943095302289866,0.006283070937710792,0.004500664252238589,0.004143495707451794,0.0042229433529548345,0.00440336314366329,0.004353301419848905,0.004143495707451867,0.004265039748390209,,,,,0.0032327903290076754,0.005170397984255457
0.0034426231398109295,0.004573770395668591,0.003771875270691679,0.004012220477752496,0.0037821767381087056,0.0052729174876123145,0.003877004067260549,0.003991153703386143,0.004182749278206863,0.004156075342638784,0.004146702838769036,0.003866955225615992,0.00416970581401746,0.00406001968666159,0.004324905797052781,0.004192041190753564,,,,,0.0031972906818318247,0.004792892722725114
0.003294387963078248,0.0038629283696005284,0.0036225237730721166,0.003851496080565432,0.003721421522178876,0.0038924452054845344,0.003996025124341835,0.0038967744011308746,0.004225322886982985,0.004159116858829137,0.004015451710037381,0.004222866571468511,0.012816387995164028,0.004029316481971217,0.011201580220573017,0.00422785446768649,,,,,0.0031166664019118386,0.005067532023545712
0.003436495709767557,0.00414224347042192,0.003681828941528394,0.004000161167770768,0.0037677467974110822,0.003920334115286483,0.0036153561289840918,0.003981963012923146,0.007221379060476873,0.004475740438972229,0.004130092769329272,0.003835974634992278,0.004088430979296438,0.004159194817177366,0.003866955225615939,0.004213411778389925,,,,,0.0031621102874191567,0.004517849695464682
0.003136577429910252,0.0037718752706916397,0.003769897608074653,0.0040741307221929994,0.0036510536389968993,0.0038784255476688348,0.003918348633206476,0.00542022335491759,0.003987902783482637,0.004241024908696184,0.008153512382327527,0.0038404519184270696,0.0039034253266073756,0.007888328296120123,0.003885024426443352,0.004106157303894179,,,,,0.003150296185814927,0.0040344633037812504
0.0030357166219428223,0.00406935280249811,0.003805423490020227,0.005525150002796629,0.0051057780908337295,0.003822850600705674,0.0038245465550950032,0.0038736573498450422,0.004095404042859506,0.0047244149271343586,0.003861669115950378,0.003785689981188996,0.005644516030061666,0.0039223185923131605,0.007847736533314612,0.004036391670004911,,,,,0.0037408006623915716,0.0042056321936866274
0.0037303849365868742,0.005892564091080124,0.004532252278986072,0.0037771153609350554,0.0038696374682590504,0.0037412340216754917,0.004210563499847198,0.003783548147930525,0.00832509128990096,0.005194610455764877,0.003955820426653275,0.00820737783871702,0.0036630230306467794,0.004067758915475096,0.003893694505900533,0.0039839167913519056,,,,,0.003063890189934362,0.005924392883147742
0.003100499117209751,0.003447799382778314,0.003774625077605919,0.003778059521769894,0.0035442547448029603,0.004046580643851077,0.0036902735144137048,0.006250734297597693,0.003949914499776734,0.006025061397574809,0.005720292395963773,0.0039426841306078745,0.003934781302339338,0.00582142700760304,0.003764302944218958,0.003938158408777207,,,,,0.0031806157709779424,0.003929503920288986
0.002923412757596141,0.0034985846715635833,0.0035922333035111843,0.004040165387716295,0.00388343837843835,0.0036919425464270786,0.0038996855767691415,0.003834621974965055,0.0038190319496670348,0.005104253750423297,0.003906995520788257,0.00360133819191639,0.0036871090660560847,0.003923310454408327,0.004199845950826775,0.003758096055647828,,,,,0.0031571845593103905,0.0036835898239961735
0.0029701762460656233,0.0033916691075956407,0.0036403811413364263,0.003771875270691635,0.0038896953321597085,0.0037199400471617738,0.003751273903385763,0.0037802044648409046,0.0042259367427791746,0.0052950694778172705,0.0040492239760065085,0.003729689520644421,0.003800649017659306,0.003923971556520039,0.0037099027673290347,0.005521392914449421,,,,,0.002855182164659556,0.0034882822735569476
0.0028011837225352565,0.0035454438311671044,0.0035720482439129658,0.003879094299384769,0.0037464304231174814,0.003728385266147561,0.0035668705039626947,0.0044015218878253924,0.003795185122989741,0.010655945286258257,0.0046004188163098125,0.0036135619965083623,0.0036452765814575998,0.004210563499847299,0.0036736297504897505,0.0037663696340086805,,,,,0.002980528930804409,0.003397495655269443
0.0029411051061558795,0.0032685988269276875,0.0035625044650898076,0.004175378515736048,0.0037615455915116602,0.0037470362005364143,0.003654604212274944,0.0036881641838531257,0.0036771585248977106,0.004688660184901738,0.0038901121045824363,0.0036260128623847388,0.0038303071831271678,0.003817673286592136,0.003536286721421076,0.0034665569303867715,,,,,0.0029932298746474123,0.0034334751119550226
0.0031158340145291483,0.004085257470334636,0.00338784298069936,0.003680067216492529,0.0035987262745638907,0.003801416748001046,0.003767144350370876,0.00368182894152834,0.004251638654889438,0.004493093379657571,0.004069591831709398,0.010050379351647449,0.010359717384798763,0.0038303071831272133,0.0036117669728038685,0.005465201277661996,,,,,0.002732748955472823,0.003074454631286507
0.0030554123369662452,0.0029588012473763096,0.003407406468091588,0.003965071713814609,0.0037024664193957466,0.0036332487262928045,0.0034985846715636718,0.0035303218630300098,0.0037512739033856986,0.005103491409481104,0.004082081494211046,0.0036153561289840644,0.0035582241943658017,0.003716539137796349,0.0034916269225395255,0.0037157538705118974,,,,,0.002614258995833893,0.003133267711987968
0.0027515496481036778,0.0031116687375991737,0.0033182183680496046,0.00400016116777071,0.0035709588172895394,0.003982614378897085,0.003345466791477403,0.003610330311262221,0.003698260463853166,0.0041769313360937995,0.005057027762245954,0.003641716914008777,0.0037574057684479495,0.0038404519184271984,0.00361033031126217,0.00378774500168645,,,,,0.002782485340730021,0.0028778049901123748
0.002796086022728334,0.0028741973039928385,0.0033096082451344417,0.00425079968376834,0.004483919147890203,0.003906746543345689,0.0033779707566075415,0.0035537562954254726,0.0035782153962369404,0.0040053454539918714,0.004001457869022181,0.006768408306834221,0.0036495435993527565,0.0034926482597633294,0.0033030377613757246,0.0033855452290209097,,,,,0.0027426974547117714,0.0030371048175263874
0.004383880446542054,0.0028597210470490213,0.0034598159285185804,0.003936099542269854,0.003725253192285681,0.00363886667287227,0.009703952610610887,0.003411210652002787,0.003580661172396863,0.010194872568407684,0.004204398463413688,0.0036530956402922145,0.003517163566521167,0.0034183320860084777,0.003418806320841604,0.00343130241484578,,,,,0.0026310727141893534,0.003186624720777902
0.00273926693747839,0.002874197303992848,0.0034613150634762785,0.004635735071192833,0.003880097210842002,0.005827661827077573,0.0034971015133509844,0.003533993736572477,0.0036099710565411437,0.0036982604638531413,0.011713930302263585,0.003288378728054022,0.003590156685238982,0.008433746616305967,0.0032187180451101797,0.0034137760796484795,,,,,0.002844259294945105,0.003342072887973181
0.0029368024199373103,0.0027815529505419248,0.0033159701530281653,0.004783886763606981,0.003627443312802628,0.0035593175187713273,0.00342070260271194,0.0035697782299289717,0.003826495973390969,0.003911723081234367,0.004454609327652795,0.003549100059663964,0.005046694384654972,0.003463656162874044,0.0033801777342002985,0.0036792741650161103,,,,,0.0027360691411437723,0.002743997563466029
0.0028634602088399384,0.002762839069234392,0.003461315063476451,0.004610275560404704,0.0037671443503709146,0.0033275858207670738,0.00403639167000492,0.003315970153028115,0.003637173285397288,0.003637173285397233,0.00471183873103292,0.0036381537636873476,0.0033490508925525576,0.0033218318690279836,0.0031678472900007674,0.0031275709510516026,,,,,0.0026848694787990238,0.0028957760022654214
0.002655605391446049,0.0027628390692343873,0.0032468016214012127,0.005673908035634653,0.0035926845834345074,0.0037144447227876478,0.003581838172700148,0.003357076983554647,0.0033237834771331575,0.0037029042650258003,0.0057282790639569545,0.003370283057163769,0.0034523104889538614,0.0041457644229975065,0.003128296569497942,0.0032476004408552167,,,,,0.0027917921159118114,0.0026231738008907234
0.0029848772137069882,0.0027020838294010085,0.003148237033894983,0.005766865926323314,0.006257214994627582,0.003267011261378666,0.0033237834771332,0.0032685988269277517,0.0033864070686043355,0.00361670114426965,0.00572805264528989,0.0034882822735569584,0.0045034730490017055,0.0032511926995539846,0.009483903785766492,0.0032555778550869482,,,,,0.004517849695464654,0.0025813079808307943
0.003222241877679231,0.002564800142514109,0.0029665715956330918,0.005966929433806066,0.0036934352515476192,0.0033798899492835607,0.0053742657740982105,0.003517071377129885,0.009006622101309182,0.0036919425464270613,0.005779895362266534,0.008765208829881311,0.003397877374910558,0.0031678472900006937,0.0032986174028426466,0.0029239672639187982,,,,,0.0031906921482050643,0.002670823885041081
0.0030875043364873792,0.0025764044907960865,0.003198000481081791,0.006095683790317143,0.0037774587194521984,0.0034260066081610325,0.003243604376291636,0.003444882820487265,0.0031810235160947744,0.00360808438239095,0.009805796480783077,0.003414535836199304,0.003383245916811167,0.0032883787280540483,0.003169484526257107,0.0031749018409440873,,,,,0.0033760504729228105,0.002837525419869041
0.0036371732853972454,0.0023166431957648463,0.0029341514769389274,0.004910183935286283,0.005088985233564745,0.004032453608362053,0.003288378728054079,0.0031374043138447678,0.0031234213260968743,0.0036588603521633054,0.006732239165651835,0.003609521937857097,0.003554577350941219,0.0032086286276311925,0.006718740154874314,0.0029034916742021874,,,,,0.002923080003311554,0.002631072714189366
0.004163480278368098,0.002399015697702223,0.003322124683332496,0.007043355780807002,0.003661606479897836,0.0035483691153539174,0.0033625777817494255,0.002999614227023343,0.0031538964667077703,0.0033856409998086266,0.0065160838226772,0.003416529393302574,0.0032527879855673166,0.0031571845593104586,0.0030178268574735843,0.003094218134763714,,,,,0.0039459723044254205,0.002371830506190549
0.004241024908696126,0.002527487802606078,0.003228675511094625,0.007274836859494116,0.003546906774836414,0.003174391168466496,0.0030570037252944625,0.003034541498894897,0.003287293926452911,0.0035097807633203706,0.00805219275435969,0.0033100980567734727,0.0033025469026011617,0.005382464690148685,0.002877804990112434,0.0030399859674487147,,,,,0.003966298138475232,0.0025648001425141206
0.005049841564069079,0.0022997864848390208,0.0026459421629781935,0.005950387246984681,0.003870726598412388,0.0041591168588290955,0.0031907937674591704,0.0054304430400842875,0.0030789861966076444,0.0035009008483625594,0.00864036013081561,0.0035037707811816795,0.0033056871392672404,0.0031282965694979154,0.003357076983554679,0.0028246983099928695,,,,,0.003825224726313178,0.002452614428545868
0.005076226387752434,0.0023921128200925937,0.0028011837225352873,0.0069700549081510585,0.003851496080565532,0.003403121678114677,0.0034985846715635377,0.003110105320559446,0.006098714974184067,0.0035854572886812614,0.00867690852001377,0.006089297418495754,0.0033182183680495404,0.0030942181347637173,0.0029146375565453565,0.005162867177737331,,,,,0.004701850099765071,0.00226784246854954
0.004928967802933212,0.0023142626266754816,0.0027040030936610537,0.00598862585268712,0.0037630106867077824,0.0032182143254800353,0.0034339472555075055,0.003187133433081598,0.003062090610141929,0.0032270683052151227,0.009639047433714576,0.003705967736003417,0.003141225820688666,0.0030005869171726286,0.0028828706602714686,0.002810313205436064,,,,,0.004806403751171654,0.002137266027263335
0.0044315487135994525,0.0023719672071794576,0.002664016749561233,0.006339582827820531,0.0037856899811890042,0.003554577350941245,0.003185810612130641,0.00489165936707861,0.0030637843615596073,0.0030996623882464133,0.008888668814342079,0.0036238661280532537,0.00279550615046804,0.002922525328644229,0.003022121475922837,0.002513078714723492,,,,,0.0044251053771865645,0.0029340409690022805
0.004551028613833757,0.0023520626193478927,0.00353766179893982,0.005535468847080866,0.0038451769687120386,0.0033606487024891263,0.00328285236892489,0.0030837214014301727,0.0031041571545543287,0.003105827965227383,0.008941332953949886,0.004990875264273073,0.003161802654228444,0.002643490172679684,0.002791792115911756,0.002781552950541918,,,,,0.004304992737060539,0.0020842696171482914
0.0035170713771297524,0.0021757567469693644,0.0026949947296110543,0.005446480811146772,0.0037821767381085968,0.00336874341201373,0.0031171865311525387,0.0029723587551750037,0.0028460826843751557,0.003985950958852976,0.008039780827053993,0.003795185122989749,0.0029056126818790373,0.0036023284237810915,0.002701123685876204,0.0028697943045753525,,,,,0.004329102116645387,0.0022448501883146825
0.003803122260558407,0.002112853278652722,0.0022570939998723533,0.004865406564437295,0.003829883902668826,0.0032622439292182906,0.002941656277448094,0.0049047000199540485,0.0027824853407300556,0.0030705500243132155,0.008115246244180504,0.00395196616907487,0.003459066117396613,0.0028232056741537563,0.002579297420322541,0.002670823885041022,,,,,0.0038606614172989983,0.00229738844878082
0.003714444722787671,0.0019020726005345206,0.0022867788582839536,0.00458905738789982,0.0039630268292968,0.003340811417099619,0.003410735361053903,0.0031041571545542884,0.0033855452290209457,0.003036570971251742,0.007905901184197936,0.004702746498011856,0.004911570461365208,0.0027895845682705056,0.006960185864820831,0.0029150825054153505,,,,,0.0039332153185790185,0.0021922360516309467
0.0036282476933286144,0.0022223495861338296,0.002478783052426819,0.00477472800469298,0.003918265882953,0.0035705047914243444,0.004578871730533199,0.0029438599306730916,0.002978896688336656,0.007368059826207013,0.0062478806613154225,0.004198224373716244,0.00290349167420217,0.0028356965280129432,0.0027278799640478675,0.0024689530743012005,,,,,0.0033408114170996204,0.0020869125588352105
0.0029883512845285455,0.0021261624813438337,0.0023740167774289234,0.004939481824699091,0.004168850354141438,0.0035994469927954757,0.003035716621942661,0.004192118536827636,0.0027964338883679977,0.0031407096725688042,0.006516531648101149,0.004662585673010073,0.0028896110731674684,0.009046852565121952,0.002530564790012143,0.002528129150481746,,,,,0.0030739272715283317,0.002175756746969371
0.0032550798394723715,0.001941218165036027,0.0024524822228249826,0.004393853982301709,0.007348627430461484,0.003522230267144408,0.003190793767459191,0.003087399317547013,0.0030211557190397325,0.003136577429910222,0.006146113860148418,0.004443750720737548,0.010481069767134898,0.002777936982667327,0.008371659017763476,0.002762839069234364,,,,,0.003170814158238456,0.0022689859666524996
0.002878706205194367,0.0020844251770706463,0.0022917361128730112,0.004072538705125444,0.004461882164050639,0.003292418930589239,0.003019438055212983,0.002962196441573882,0.0029368024199372946,0.0035170713771297294,0.00582682719352462,0.004309283691165621,0.0032924189305892117,0.0027136985387948673,0.0026237917598149214,0.0025479308637604108,,,,,0.0028957760022654284,0.0018844326860690932
0.002881070553533156,0.0020805326896831777,0.0020844251770706546,0.0043767002446165725,0.0043110139193969004,0.0033640238652384944,0.0028149244370308576,0.0031728586578759206,0.0029996142270232932,0.002799331087595479,0.00721504536339498,0.005105778090833779,0.0030558367882202965,0.008105651482910849,0.0025718698944549433,0.0024022572472465905,,,,,0.002790862834995376,0.0020082102864058043
0.0028140027952160964,0.0019393799689697059,0.0020530786519469854,0.004367207271916754,0.004388611466881782,0.003227068305215183,0.0029996142270233375,0.0045361853160446166,0.002947822355165343,0.0030142791909533203,0.005381500760129958,0.006063256873467365,0.007881913482178307,0.002801067968750121,0.0036616064798978346,0.002366493008312016,,,,,0.0029561700318737035,0.0021311890572515875
0.002768115135832697,0.003032296817579614,0.002203006600146789,0.003889695332159799,0.004518997851319304,0.0034896762668751046,0.0064956002300387995,0.0027955061504678852,0.0029499114889342077,0.004458683577579116,0.004702194888544501,0.006380774542044961,0.003241604496715218,0.0026297167769794116,0.0023866848284820573,0.0023718305061905753,,,,,0.0026721589632973785,0.0021261624813438337
0.0025813079808307444,0.0019007083740003757,0.002375245670675259,0.004096274841181241,0.004497781612954641,0.0033855452290209006,0.003108019541154808,0.0029978842208368867,0.0027634257963044754,0.0028918543861930763,0.0047920131873409435,0.0060485329963576116,0.0031208250086076027,0.00883994657687505,0.002468427709240557,0.0024703972521289623,,,,,0.0025597383650473506,0.0019743414932557814
0.002296259094676066,0.002071786979850321,0.001860710761089398,0.003816059245900973,0.00603156954258342,0.006720670245017617,0.0029225253286441957,0.0051986037187704845,0.0027250257859563385,0.003049357487091988,0.004627334203367203,0.007216348492774458,0.0031116687375989877,0.0027069992198917193,0.002949911488934253,0.002316503230009618,,,,,0.0036353007288800945,0.0030065242970301743
0.00267312951048756,0.0022426825768255684,0.003359104641437041,0.00402085820675512,0.004967954337183069,0.0032938958153047246,0.003116666401911765,0.002844259294945101,0.00396760590692797,0.0031653898478130353,0.0043607432205900465,0.007174892492409166,0.003259559240768206,0.002747894199015359,0.0023476471511914743,0.003774023728545023,,,,,0.0024119557571253307,0.002001255564730532
0.002532614038077527,0.0020262128516896523,0.0023372657120234483,0.004112784978426126,0.005224485531579461,0.0034440356139769507,0.003136577429910248,0.0028837702922672333,0.0029534266896915624,0.0027798038760115506,0.004237965667939732,0.008928522884797648,0.003297142633062146,0.005774451286520897,0.0022883380097615254,0.002162452898526316,,,,,0.0023968522291546415,0.0018255268194983932
0.002222787243193805,0.0020186777538618774,0.0023957697622464928,0.004049784461022099,0.006452528804062738,0.009400665457340916,0.0029146375565453353,0.01080626517770604,0.003070550024313154,0.0028056943951725558,0.004349352102855308,0.010402164731996703,0.004119638115020376,0.0026223084137471176,0.0023751091583805554,0.002303026912160754,,,,,0.004006721402477345,0.0019822087327638982
0.0021504241421763325,0.0034875385826257507,0.005636985904963973,0.004177862751276864,0.006140043987665471,0.0034933908629205257,0.003380177734200282,0.0028966716261954,0.009562756660918369,0.0030238376154568852,0.003868296579417965,0.012187510558745658,0.0031703028273167293,0.0028213674998405196,0.0022799628107581845,0.00800514377206064,,,,,0.0024950802894549776,0.0017487825339270468
0.0021016207562007364,0.0020579686314611085,0.002288338009761522,0.004291489743321115,0.006734165386822732,0.0036345871202498816,0.0029180841356996434,0.0026654768849131557,0.0029780257932182715,0.00274494271033421,0.004176620818207893,0.012117419355187002,0.0036464327251746072,0.004350321135101802,0.0023555064447586165,0.0022264310396845296,,,,,0.002181115028643258,0.0017035129080400688
0.0023719672071794576,0.001950050640807337,0.002352062619347866,0.004271117254587964,0.00674114332466548,0.00349682335115255,0.0029649316694384106,0.002668273244308917,0.0026799134991269706,0.002934040969002279,0.00413730910283719,0.012003293149152274,0.0036193000898352627,0.002421749315794234,0.002285644261906358,0.002037224525480106,,,,,0.0023261411095439233,0.0017278918904382102
0.0021085519878893373,0.002059228676661958,0.0022860698015374128,0.004342189477452943,0.007039625957826069,0.003613831173163073,0.0031084368090012796,0.0026567040353839074,0.003129125641683529,0.0029919296950994562,0.003622523773072108,0.012101139403856808,0.003929916470964796,0.0024851843052560814,0.002296259094676063,0.0021139272338431977,,,,,0.0021863118790614758,0.001891302678544762
0.0039183486332065995,0.0019056490485699117,0.0022310864154726634,0.004562768999994159,0.007818927377629032,0.0037234249325082433,0.006637413817822264,0.0027955061504678553,0.0027398587124075504,0.003519375387450341,0.0039182658829529805,0.012163009920574714,0.0037491124085918858,0.004185229138670433,0.0021852734976782677,0.002166198186757276,,,,,0.001975162459440878,0.0016618917385664417
0.002093118081181573,0.0018475953016113603,0.002234426475764017,0.004688591030111745,0.01044698489713937,0.004390384285159191,0.0031898790776310796,0.0031866247207778895,0.002658656059185349,0.0028010679687501252,0.009736242945241964,0.011172857912631463,0.004062015743697483,0.0025989587975085277,0.0023757916414147676,0.002141963820490768,,,,,0.0020491266200786023,0.0018938725008432113
0.0020850473007009767,0.002139540441046504,0.0031482370338948816,0.004688660184901641,0.010111843249657236,0.003794587032193562,0.0031784742509548512,0.002727879964047909,0.002705920996619494,0.0028332943158757237,0.0033135247109094697,0.011078901050560756,0.009172602012020675,0.0028140027952160674,0.008620673912563099,0.003487538582625741,,,,,0.0020491266200786075,0.001627390496763286
0.0019183676483439005,0.0020077258550185943,0.0023718305061904937,0.004933373276525973,0.010246139435772576,0.0036210018358482105,0.004002511129461309,0.0029394509721845856,0.0027069992198917115,0.0027970135682913477,0.0033446913457250917,0.009497705916719156,0.0042593342105841136,0.003162110287419125,0.0023615553798712677,0.002089241789693908,,,,,0.001973191566757024,0.0016628669699974418
0.0019518787877165957,0.002190608501272087,0.002337265712023421,0.0048840307075289306,0.010379697692504594,0.00370570525201108,0.0032335926097816752,0.003198811487366605,0.0028669683124525913,0.002588332643781315,0.005995768441673801,0.009564756943300601,0.004145451570533244,0.002726572169965287,0.0020212460472082247,0.0024420153537643746,,,,,0.0018801261932008587,0.0020642611660405315
0.0020250923799871364,0.002221619966104919,0.002422686344003261,0.00505317928415457,0.008712373252634619,0.0038729876593270526,0.0032774156243953537,0.003076984699988946,0.002663408123579672,0.0028823082476828465,0.0034425289542606304,0.007393714830606054,0.007024917645038711,0.002692466986616571,0.0020429461846578974,0.0027289495112224667,,,,,0.0018960968628612533,0.0020805326896831938
0.0025622705037266695,0.002175756746969371,0.0022803894105954832,0.004920738092250406,0.011619855941556827,0.004253468562935131,0.0057968681540858,0.00314153546885533,0.002969302793246841,0.004347338807243892,0.003563232509743629,0.007204656847562181,0.005147268595962155,0.002855749919475306,0.002307527762990692,0.0018720031666491412,,,,,0.0019633074259533105,0.0020805326896831803
0.0020402462895816207,0.002018677753861874,0.0024258962643829225,0.004142634835155871,0.012215386652425612,0.0044908557292931105,0.003404645776798534,0.0030554123369662452,0.0029091814099383947,0.002776886303600318,0.002962743689161568,0.007396170223790641,0.005207079234548669,0.008712670976682886,0.002013370302071179,0.0021721772160336454,,,,,0.0020212460472082247,0.001908369462586687
0.0018926736846534456,0.002465141640916593,0.002244850188314719,0.004999184091317075,0.013043880882721062,0.004082319778128118,0.0033663363067318566,0.003053607760932847,0.004877387391649604,0.0029411051061558795,0.003194754397158519,0.006207687554848338,0.008510290574669468,0.002681848629624905,0.00274021371602128,0.002347785260268932,,,,,0.002059228676661961,0.0020530786519470036
0.0017650231592723348,0.002297388448780822,0.002368547315543651,0.004682501409059582,0.011917627440662144,0.00443557104577631,0.003362577781749357,0.003099662388246416,0.0027278799640479256,0.0030664289752256354,0.003302546902601262,0.006122274926257999,0.006550625294110564,0.0028338664558455154,0.002187497997081225,0.0018185866426985,,,,,0.001557136344264334,0.0019743414932557814
0.0019056490485699117,0.0025924632640672565,0.0020805326896831643,0.004646354365495406,0.010698459913361706,0.004414468001085092,0.003182246437976224,0.0036095219378570087,0.0031188503618187224,0.002679913499126989,0.009732145879641472,0.0055429613955310115,0.006189431687718787,0.008585850073688422,0.002138327721413255,0.002070534577148657,,,,,0.00179543956172811,0.0021395404410464946
0.0018495247223979676,0.0026182248788318985,0.0023278131891484857,0.006250993654480633,0.016548531066306802,0.004831702204254912,0.003663731100634587,0.003129125641683459,0.0032710778555942407,0.003023837615456949,0.0033002880119153344,0.005323162821169443,0.007921143148452268,0.0029548535454883324,0.0025572037190499186,0.002099922975413319,,,,,0.001902072600534552,0.0019731915667570476
0.0020206042799124128,0.0023740167774289516,0.002892190733070629,0.004548177895639982,0.011410361397569431,0.004597880809597644,0.004018276906833795,0.003247101201725813,0.005749240627830556,0.0033470171440097693,0.003215492875918315,0.006791936695275365,0.007774220691497752,0.002662434032617624,0.006055123010656119,0.0027667091685181708,,,,,0.0018312016785553846,0.002186311879061477
0.0016313704256630702,0.0030383856658932505,0.002425896264382882,0.004437909634159438,0.010539653242640593,0.005112061190445816,0.003936758496703379,0.003349438133218993,0.003090758153726198,0.0032149886509734286,0.0030570037252946832,0.004893780009600334,0.00943096893531278,0.006219168013739192,0.0019400486054209059,0.002172027940892397,,,,,0.0018842606153308622,0.002198881667759491
0.0017750980969772217,0.003330410390310767,0.0022264310396845535,0.0042887689225276394,0.010624130783466511,0.007762366811607263,0.003570504791424271,0.006188593451465309,0.0032286755110944947,0.003039985967448555,0.0032495966303859062,0.004657506412656766,0.01141604325459867,0.003197290681831753,0.0021023920215047552,0.0018713102170911742,,,,,0.0017736362082408676,0.0022274502345375037
0.0017896513070937397,0.003488282273556974,0.002139085751754179,0.004258420615132738,0.010464475008238334,0.0052640552282822,0.004297831626701407,0.0032110529790367716,0.010660082714209197,0.003349050892552454,0.0033640238652385486,0.0046609163899422115,0.011074656591583944,0.0031806157709778735,0.0021443844612638254,0.00837247232472649,,,,,0.0017561832548209234,0.002461587759991116
0.0024563132997630346,0.0033221246833323864,0.002239065227819713,0.004429719173383219,0.011268765023650856,0.005634454444918595,0.00460746149949403,0.003670804288551442,0.003246801621401143,0.006175008672974885,0.006224118938274449,0.004720089199146276,0.010964758955592237,0.0056067064420641305,0.0021564469074845686,0.001918367648343891,,,,,0.0017456277265532937,0.003866955225615954
0.0017014179168076415,0.004119638115020334,0.0021823039712382817,0.00477846146996333,0.01447404208592958,0.006110824673932669,0.003974872515732767,0.0034463884511625915,0.003425628022977555,0.0029173062318089815,0.0030752982187989795,0.004485003695917793,0.011908700255332284,0.003207415764753836,0.0021541903437765782,0.0021090132600692394,,,,,0.0019131208788821957,0.0023794736672338437
0.0015372273156430793,0.0042747596108662165,0.0039050862880571006,0.003885024426443463,0.013570882144145847,0.006876387259701486,0.003953196659551795,0.003267011261378634,0.01021269920234321,0.003105827965227311,0.003524530905064557,0.004085495569014971,0.012032215878860195,0.0031618026542284865,0.003705967736003454,0.0050163422197965,,,,,0.0015132050000559282,0.003294683216455071
0.002925740977921114,0.004704125238695834,0.002242682576825594,0.004356279665678544,0.01409766363534381,0.005814739425306576,0.006315139317051601,0.003561138980186615,0.003183061458206785,0.007342845088306743,0.0023254440548672885,0.0034542822453805188,0.012300006685771666,0.004759424240925395,0.0024029320196671438,0.0019225884843559573,,,,,0.0017663086156269395,0.0031058279652273714
0.001557136344264334,0.0053779447749861785,0.0021863118790614615,0.004980469737821154,0.011487196283312155,0.010522411351276517,0.004357098326389838,0.004034382935185904,0.0033002880119153465,0.002963071989200101,0.0034875385826258045,0.0041234142803001535,0.011819057548749507,0.004312217146973528,0.002262116307490013,0.001972534164917467,,,,,0.0035522961725985526,0.0031659019722396838
0.001782571459795092,0.00675114046262688,0.003714357429866798,0.0042290046852085554,0.017113349160209707,0.00761318975559619,0.0047573118636589145,0.0037165391377962727,0.009645772742353204,0.0030957895750647036,0.002584320888749586,0.003145661198479906,0.014307695582820764,0.0038488854388789074,0.006058977254170779,0.005155010888943792,,,,,0.0017156512074227653,0.0032833461720245998
0.0019083694625866815,0.0069877098194844915,0.0023075277629906374,0.004224171666928615,0.018067433117258905,0.0053930565493322796,0.00722689966730167,0.003777115360935087,0.003607095730671488,0.003750928147921484,0.0023344895313168455,0.003526370334710601,0.008052998062220994,0.0038640193908114373,0.0024815284684261887,0.001795439561728118,,,,,0.001435800740004421,0.004479578329988067
0.0011755487221359953,0.006387478638642018,0.0018497000244904692,0.003764733598151253,0.0190207260053462,0.012464896895196047,0.004000161167770781,0.003969975139218194,0.0034046457767985057,0.003585005098987362,0.0030933797068565284,0.004504624869231971,0.008145077410250933,0.004027948251979962,0.0023121600891044297,0.0021455937575455795,,,,,0.0012730106498887806,0.004772010922583305
0.0011669669494539514,0.003928596156305922,0.0027398587124075014,0.0040163398431739316,0.009619551156100444,0.004192427906853984,0.005070346537521929,0.003862928369600464,0.005038270843379435,0.0030477621062845197,0.00441623043972239,0.004311013919396953,0.011293396924484733,0.00292784586766804,0.003126637765606007,0.0027164452583745284,,,,,0.0013628103264319113,0.005235892448092376
0.0020881551386171186,0.005260666397452034,0.002204036627000714,0.0035509267621676535,0.019608021481348055,0.011607934801567315,0.009486501759732752,0.003936840858252279,0.0037151429923159996,0.004607461499493996,0.003183061458206569,0.0016105674014181657,0.007194523742224593,0.005229014079528062,0.0020954404141727938,0.0020198017840390636,,,,,0.0017263900284504943,0.005781185473675731
0.0017465562026183835,0.0053096843535509804,0.0021421151906772236,0.002542835506468705,0.019213653964950055,0.011026330714852206,0.005006961094267888,0.004026418503545743,0.003343236900159599,0.004127893989891712,0.00889534178475039,0.002721811258056661,0.006018438466778194,0.009851190569291046,0.0024072460842169408,0.002383966198110603,,,,,0.0013474973648053914,0.007337323337637643
0.0013044601736193113,0.004578376016865092,0.00258331697654747,0.003955246626325199,0.015947951938640254,0.01036819573846709,0.004714521716883717,0.013486398469907878,0.006067800661683974,0.003520849162802797,0.0028430050363404563,0.005260604762139242,0.007256495386657314,0.004432060849523019,0.0031662092071351486,0.0027360691411437896,,,,,0.0012874469229960854,0.006657071455977243
0.001955861540617099,0.00522746364864819,0.002286778858283928,0.0029328251068823446,0.022876917995515403,0.012256698342321981,0.004687000188324653,0.004460065066779647,0.0038970240156847996,0.004263899251597038,0.0036902735144139025,0.0022883380097616693,0.006660236609122634,0.007847736533314713,0.0025265896420772443,0.002805347677844333,,,,,0.0019433883369435038,0.006242065586976259
0.0013405010909496595,0.003783633844539773,0.002111471676477306,0.0026063091258763144,0.021744136222478325,0.003426006608161054,0.005561182191404894,0.004476392388251751,0.004439735799226111,0.004311013919396946,0.011164700199252945,0.0037643029442191753,0.005016083665446431,0.005262145428378765,0.002866968312452601,0.002008210286405814,,,,,0.001950050640807344,0.0061884362695276115
0.001716595897328326,0.004064489493041334,0.002141963820490768,0.004813145042811399,0.013169872683012007,0.010561196724045142,0.006555771034367998,0.010358966199808507,0.005141911419180071,0.004352333051152747,0.002490397619786123,0.004153265812285516,0.004577809421229318,0.00677109045804192,0.0030957895750647895,0.00254385539440959,,,,,0.0015437521682435465,0.006937181396389247
0.0011285469999362308,0.0034800929324103696,0.0021571985708304328,0.00275025310939828,0.024798292835813265,0.014124501646529408,0.0074559008264950665,0.004911306391338226,0.004064569266340653,0.003359490723231395,0.004306875260802136,0.0080261782541536,0.00643703313343678,0.008069368618328049,0.002409938452896793,0.007574591122469561,,,,,0.001440535276766391,0.005816523532407641
0.0017642881922784392,0.0033990222766249827,0.002211086742173409,0.003049889095242141,0.01980819489361895,0.007958672225187488,0.0066238684105074455,0.004918167603977915,0.004467038689827541,0.0033179252090041727,0.008732929528513551,0.003154410457106709,0.0035527525254443935,0.01060274575839493,0.0026464322884178024,0.002221619966104905,,,,,0.0021200536841148804,0.004998211115118854
0.0015387030879378855,0.0032391029108627648,0.002099922975413334,0.0030322968175795937,0.021853491678431695,0.006863880393636596,0.006927499547875268,0.004803164570470459,0.004824919639216665,0.003731775379699675,0.003482328299046605,0.004434986206000987,0.0049258092202294785,0.010660082714209144,0.0030242664981787446,0.00229625909467601,,,,,0.0013704026432642077,0.004933899040338117
0.0015185524087630144,0.0033529212866471206,0.002505972490924725,0.003634587120249916,0.022186640127298183,0.011201840731526231,0.006112257128523492,0.00495102146027779,0.004531393708155538,0.004231840551762944,0.004258953569629175,0.00453797193330507,0.005686466249028206,0.009401493211451565,0.0031952618151501687,0.003076984699988877,,,,,0.0013290840938111118,0.0041316626096570795
0.001604718474122669,0.0031728586578758993,0.0018892443038969473,0.00293138752874072,0.017264106879116725,0.012036742246321733,0.007609824451947886,0.005211062942676859,0.004442656101981782,0.011384871869974292,0.004221714681601158,0.0038539366927768334,0.0054065670584935,0.010147181769116203,0.002279962810758156,0.0024119557571253467,,,,,0.0017231942255811665,0.00432243105817842
0.001359713838249535,0.0027496635715231507,0.002112853278652722,0.003541783828301183,0.019247779766150303,0.01855867096694576,0.007126465019487281,0.0067901701189734,0.0049809905304127955,0.004432060849523091,0.0033330380102140956,0.0032542828559654685,0.004125929803791993,0.011466855346062736,0.0028810705535331905,0.0026459421629781124,,,,,0.001716595897328326,0.004755607650147869
0.0013561321817388854,0.0025428355064686502,0.004503473049001685,0.003423734469119344,0.01513888380713716,0.01770166710658381,0.007329895552608707,0.005544189674872156,0.008675974263373694,0.004132211912875253,0.003918265882953094,0.010149737750433468,0.004894310026660787,0.010329595986580493,0.00702376365445269,0.003921657211549313,,,,,0.0016503404867591498,0.0037087664093514994
0.0015234554474774327,0.0026557274854389886,0.0022053602403480847,0.003350986648388603,0.015094097284930514,0.015249849457842688,0.007351450737739,0.005794630369774296,0.005017634791700891,0.01430622247734041,0.004749057787144381,0.004205632193686647,0.004336286359645974,0.010096953913558094,0.0028471078277521288,0.002209913284883792,,,,,0.0016652051951552887,0.0031266377656060957
0.0015654433455650713,0.0024661936591618555,0.0017411641495231195,0.00335243773174952,0.015298928017928952,0.014420560394236037,0.008064867012699612,0.006376504628867084,0.004789305911518337,0.004512176393444516,0.0041089990448421355,0.0037643029442190885,0.0044085881170182065,0.010123892683990832,0.002660606650833709,0.0025336380405607045,,,,,0.0015554696203783813,0.003983998177993292
0.001361620202786556,0.0028007206786900647,0.0019743414932557736,0.004418065565685621,0.015760041875067066,0.018236769101922047,0.009261637825163137,0.015183303319924495,0.008358635343877681,0.004596399658499641,0.003963026829296901,0.004635525235048447,0.004706881508480987,0.008525516899329861,0.004899077599860421,0.0026218137785614637,,,,,0.0014084409623274865,0.002954304836351801
0.0020579686314610686,0.002286069801537419,0.0016503404867592242,0.0029588012473762116,0.012673922161125471,0.02094195963936115,0.01372757183109545,0.00677640372727849,0.005166131875065343,0.013984047673304217,0.005525150002796662,0.0038941108503061537,0.004094770618674573,0.00867657219921207,0.0029368024199372626,0.0023990156977022146,,,,,0.001471489333694864,0.0026311959465593554
0.0015065478536033454,0.0024333696119805555,0.0021421151906772093,0.003084877790425834,0.01239140352294496,0.02891651437987682,0.00949907137324626,0.006610148092509197,0.005405547443759128,0.004861873250077821,0.004351513493938861,0.004000242223913414,0.00445599207999128,0.00846720486059808,0.0031074978775546052,0.0024260299188975072,,,,,0.0028725046413713476,0.0027610781399497715
0.001560672222436706,0.0036616064798978185,0.002692466986616519,0.002925740977921117,0.01577213451708361,0.02342481561294895,0.009609940016505008,0.018262353657851473,0.007225867679314105,0.004802827030180221,0.004090650970683184,0.004143573959700628,0.0063589884045715155,0.0064869588398877255,0.0051801090722667165,0.0026310727141893356,,,,,0.0015302509334369037,0.0025933386104419467
0.003851496080565413,0.0021815609580502675,0.0019210700517239057,0.0029100729081313844,0.011407633100982612,0.0239216161609404,0.022802628609701968,0.0070041630173798925,0.00587227981714715,0.011577588158270615,0.004990875264273054,0.0039601622170529985,0.004324905797052784,0.006112257128523565,0.003139986922663323,0.005131369853717753,,,,,0.0016177987207008557,0.0025137237389158814
0.0015540097705772382,0.001956027312668128,0.0020338794577374657,0.0032486984968856975,0.010213334158555357,0.013121207711911805,0.011677974232784914,0.007596006850559623,0.006153969399977845,0.005081525197450171,0.004297152586879667,0.004221023396796043,0.003869637468259162,0.006038876110425978,0.0031234213260968257,0.0027313247832461197,,,,,0.0021036254578217883,0.002497158657403432
0.0014573187782724473,0.003800649017659263,0.0019848242163132725,0.003194449907675307,0.009606194128620143,0.027092441401557858,0.011365032518037404,0.012876357951344912,0.008467204860598076,0.005065228076155146,0.004312217146973508,0.0050502910010286175,0.004679730779895368,0.005912340063747477,0.0032286755110945316,0.002475641706077714,,,,,0.0016057284298360368,0.002367588860655205
0.0016573982829805683,0.0020642611660405367,0.0020338794577374913,0.0030848777904258612,0.010290630896496063,0.03175632980933906,0.014253748982007887,0.008034253775875714,0.0063344662164175475,0.005996579561195804,0.004951283412155418,0.004147875559926381,0.004327229262516446,0.005726240973655994,0.003231185169857486,0.0027798038760115467,,,,,0.0015623333961081664,0.0022924434170202655
0.001555469620378307,0.0020592286766619497,0.0018844326860691686,0.0030554123369662444,0.010306719093264251,0.036181128721917824,0.014424494667251585,0.008097006476795704,0.006759540063338448,0.005977082312620872,0.008180033620772673,0.004358958347104798,0.004172815098826574,0.008656556321336703,0.003281370513760328,0.0028597210470490708,,,,,0.0014796197779182924,0.0024524822228250355
0.0017004647948255086,0.0020238110812951255,0.0015654433455652408,0.002891293721113642,0.008610550336195438,0.03451219905771571,0.013524355566015125,0.009135587783474034,0.006575524814834907,0.00583350091830227,0.004759424240925386,0.00429232076122627,0.00446159147821935,0.005018410175040448,0.003734294238253372,0.002956060347068422,,,,,0.0015099874650522677,0.002257524921185975
0.003649277056905978,0.0019143068902569833,0.0019619857782599993,0.003730819505726196,0.009676112823817404,0.0344236977482313,0.024117285585286648,0.008513909292444801,0.006601902214969131,0.007922289206394408,0.004904898340562532,0.00892797814047365,0.004726130388562796,0.004709360772023218,0.003217508985512525,0.002892190733070662,,,,,0.0014927101518796611,0.0021311890572515875
0.0013170758969508276,0.0020410407471054353,0.0016383120368477508,0.002923412757596115,0.009123938957845456,0.029351801061502786,0.015708007615905097,0.009244853292713223,0.006996427881925289,0.006273154859820586,0.01629817420010239,0.004765211439316364,0.004499223163459016,0.011382735671086953,0.0032781080744693322,0.0029832473503428837,,,,,0.0016057284298360318,0.0018952416479591787
0.0015581771413488866,0.0021421151906772166,0.0022917361128730446,0.0029340409690022996,0.009198405725720192,0.03870559059874888,0.015212723495820804,0.009966146312973153,0.007559551147206925,0.0063536322632349665,0.005513400600870476,0.005199601555334051,0.006841405205423878,0.004702470701366275,0.0035086720029820317,0.00292751361727062,,,,,0.001513205000055928,0.0018255268194983883
0.001993951391741224,0.0017231942255811637,0.0024183998227307506,0.0030752982187988763,0.008752474397502711,0.03858003189947786,0.021171213265897677,0.00977081612768076,0.009898243789038754,0.006914944457698875,0.005132633457828091,0.008303252083102957,0.0044804468300117944,0.004737094631087358,0.0035000672012859943,0.0030357166219428,,,,,0.001433992995201985,0.001995251865638969
0.0014065980554703104,0.0019020726005345614,0.001935363299206083,0.0026708238850410592,0.008059437628291217,0.033899239728736826,0.019466623773728695,0.01014580766309034,0.008006439797450382,0.006625875072403899,0.01090138217223362,0.0049228462083798835,0.004527599739471645,0.004886353734272329,0.00359006637023988,0.0028651582146871604,,,,,0.0017112989169758748,0.0020881551386171134
0.001412119560724222,0.0018650620854007473,0.0019518787877166636,0.0028828706602714114,0.008253431180837432,0.03569479388597993,0.019531674329166214,0.012621418784778436,0.007948113410852074,0.0067519088601325,0.005389989459222174,0.004931072400724672,0.004771195496224297,0.004694465550403753,0.0040247270524948475,0.0030596541998126102,,,,,0.0032550798394724023,0.0019183676483438856
0.0021993239948503783,0.0027900494602942183,0.001815731716852286,0.002956170031873678,0.012733570002286903,0.03429585956341802,0.02857175621916935,0.01163282408349297,0.020456425163418033,0.007830902667509012,0.005616471361825979,0.013371856484672711,0.004464715359077181,0.004639999681297774,0.010764929380297298,0.002999614227023379,,,,,0.001543752168243584,0.0019345254432859553
0.001527918394110017,0.0018732152115586657,0.0018960968628612533,0.0028140027952160787,0.007915205550816174,0.034061682415981204,0.021406555363266525,0.011551793984961376,0.008279319070449789,0.007001060726121739,0.01000818946226598,0.005029704266327148,0.004743661012381133,0.004889007270395768,0.003937170287218853,0.007239675139483358,,,,,0.0015302509334369561,0.0018607107610893094
0.0014626488251226165,0.0018363293715628066,0.0016255963497769272,0.0029455115886720014,0.0072390928893993015,0.03322109067221064,0.024368728374055036,0.011664111185345934,0.008956260911279048,0.007486063853079054,0.005751947055124241,0.005179170085351579,0.00476922430693608,0.005744727082256207,0.003865697283717307,0.003098406871126775,,,,,0.0014901012769141537,0.001665010468475614
0.001471489333694864,0.0022227872431937715,0.0026114047972326817,0.002727879964047931,0.007099798715342454,0.030925525846919894,0.028321210675971598,0.012439248369448095,0.009502995967876113,0.007739568199576061,0.006114802885902474,0.005852091453469759,0.005095352675851133,0.005014726036400014,0.004832977068591876,0.0032502950070855507,,,,,0.0017216882657343485,0.0019358658386958987
0.0015074084922645603,0.001800669095958135,0.0021504241421762705,0.0044699411550893535,0.007106372012717894,0.027182959358875665,0.02743898304158334,0.013258477077177137,0.009404941402732533,0.01010571689067439,0.006022908398025128,0.0056284088603092645,0.005066188181567133,0.004816848731719202,0.003792450223658366,0.0032146860780443796,,,,,0.0014619836319592235,0.0019063295160254802
0.0014448055365835046,0.00178910769811843,0.0020218876108007034,0.0026713094452460147,0.00682527225535124,0.029582357335391676,0.026714745156113485,0.015887800482373614,0.009506816624475079,0.008209313405977222,0.006095949743947067,0.005624086606810963,0.004939481824699126,0.012462399462036186,0.00437966257887202,0.003288378728054059,,,,,0.002963619075113227,0.00203260369819045
0.0015540097705772382,0.0022860698015374045,0.001849524722398051,0.0027581407594505156,0.007435869518002659,0.024333149798077193,0.03378216474117922,0.030672578564114854,0.012912166054902191,0.00829383572494925,0.006398636523792028,0.008688111763569564,0.004738463377578143,0.004751242078075263,0.0044198265697676835,0.0033647948556490724,,,,,0.0012709713844226526,0.0029052778888738356
0.0035332596671379182,0.0017216882657343413,0.0016353406686378045,0.00643723461498154,0.006818998589013553,0.02177699158552136,0.03809843911584922,0.01614074619643368,0.010577731701787592,0.019046602365863776,0.007719642934912243,0.005888766111896623,0.005263624043711207,0.0050219624835390695,0.004336286359646053,0.0032860114264851685,,,,,0.0015372273156430793,0.0017750980969772057
0.001698938687455247,0.0016337537292357349,0.001697602218089267,0.00282412431264683,0.00645956000240476,0.021684048725804313,0.03612530864405675,0.01588714740753908,0.010752120710881706,0.008717024029050967,0.006679293119053757,0.005633303405204708,0.005548574167194289,0.005223492448569776,0.004433011802124748,0.003404741010313387,,,,,0.001461983631959226,0.001845312476149878
0.0015982396448450957,0.0016891773411818632,0.001881505343353815,0.0027278799640479442,0.006495350640210807,0.020259423945525556,0.042211432276063804,0.016593905804128815,0.011464593014164786,0.009209291437624207,0.006980049356411885,0.0057713621580420095,0.005398344685743531,0.004908664909734119,0.005148465320259173,0.0033300209369514196,,,,,0.001745813461269635,0.0015737064979592197
0.003910064939037387,0.00172920494965533,0.0018566985361509526,0.003084877790425834,0.008995383001414616,0.020284375520897728,0.01370166020169635,0.017871112361639817,0.02213871210425064,0.019958757921264586,0.006940218803893656,0.006085302532578191,0.0052249820023032075,0.005149976574513623,0.004998665194246173,0.010146702450939632,,,,,0.001699892665118959,0.0017882013159242704
0.0016057284298360318,0.0017090237567626658,0.0019586777573970906,0.002967118036278781,0.00616928258316181,0.018642900318984808,0.04804970683055669,0.020435809357016114,0.012283546385418296,0.009661357428966582,0.006904620977907634,0.006233748928047479,0.005458077242465772,0.007295488119747519,0.005796029086217139,0.00342212412454304,,,,,0.0018391523238389643,0.001611372483898569
0.0013111542068733593,0.001547109067381712,0.0017663086156269683,0.0027731473318752813,0.006182565284416898,0.01870053591547601,0.05263030183136893,0.0336859999674153,0.012694806521110399,0.010330757333032693,0.007309918159797122,0.006875585615358823,0.007995416885321878,0.005402007287874729,0.0056067064420641235,0.0034896762668751463,,,,,0.0015063326171062437,0.0017307043689265317
0.0015063326171062448,0.001625596349776853,0.0018426749325517985,0.002679913499126879,0.0060059265556476294,0.017738263219085587,0.0509078102165777,0.02162069014818498,0.01564115117115386,0.011950231044660878,0.007957083183947779,0.006393567171754966,0.005754483174681328,0.0053403729065499535,0.01118906856193337,0.0036700975831901305,,,,,0.0017539663173648365,0.0016063340984675467
0.0016696776408218637,0.0016783936090794904,0.0017413503603305373,0.002742697454711733,0.006157919739145775,0.01518575895753229,0.054415469299343905,0.024319621091403915,0.01379796695574047,0.010930046579926713,0.007806642986098563,0.006709709618522811,0.005653986267846501,0.005854584192110657,0.006239987461411124,0.003513474104091177,,,,,0.0012831583644568687,0.0015011576830003819
0.0016503404867591089,0.0017515614686752713,0.0028966716261952536,0.002952658097123984,0.005991873539535926,0.01598694017526002,0.052263495352028726,0.03563304396083259,0.013812340967299707,0.011416270470060517,0.008122235278877689,0.0066277832845386,0.006605044715494808,0.005472316038570288,0.006028934859237354,0.0035560365371073337,,,,,0.00319931826189599,0.0015697869240075715
0.0017604245814013093,0.0017686934130991105,0.0016998926651189592,0.002749309788118719,0.0067795131679630315,0.014959648475497512,0.05253498916989825,0.027663563929523485,0.014034503188123718,0.01136003872415434,0.00848705603996959,0.00672380545984017,0.005968668049645338,0.005737950106873763,0.005834612463617917,0.0041982243737162415,,,,,0.0016383120368477252,0.0037301241708015765
0.0015414400594028121,0.0015654433455650713,0.001312390095739533,0.002926184238430899,0.00566475730306766,0.014148516079358107,0.052393338158013704,0.02757876241749408,0.014792230849603304,0.0114967892159712,0.010480172588761555,0.007094316315032929,0.00638255282945319,0.00596535337550941,0.005615027917316681,0.0035625044650897672,,,,,0.0018228606477535504,0.0014351231025530203
0.0016305752170242117,0.0017561832548209206,0.001462870488960413,0.002672158963297395,0.005677335757831884,0.01445604245251243,0.04915809482706571,0.0384725415240763,0.015992050324791996,0.012194133245022155,0.008870520718495612,0.00763428485496019,0.007082652123949951,0.006067533474216674,0.005494608309894034,0.0038252247263131003,,,,,0.0024851843052560584,0.0016836015314324697
0.0018593161865924144,0.0015471090673817114,0.0018255268194983883,0.00265816818762252,0.005740209987667523,0.013254196697056882,0.047324180625887946,0.031008379282019386,0.01629021453270128,0.01226878194666981,0.009230216437174303,0.009121415454629165,0.006092331779844369,0.005791943887336568,0.006660966815491226,0.004062015743697483,,,,,0.0017376223527138454,0.0016153918777305754
0.0018495247223979958,0.0016845641946316055,0.0017376223527138452,0.0027426974547117237,0.00553927492335537,0.012598997419536042,0.042494905580756734,0.035468510111728496,0.017302827885883016,0.012823267458128233,0.009377458677343492,0.00758588359243623,0.006526823152292366,0.005729354430431205,0.005137432318985027,0.003777115360935047,,,,,0.001881505343353787,0.00170351290804004
0.001698938687455167,0.0017441411367783825,0.0014626488251226156,0.002809967058015474,0.005555873965334698,0.012529215501611589,0.038241828362411065,0.047332435945419214,0.017556292829062663,0.012747516348320916,0.009455107497611593,0.0077240099141416664,0.007393320137784993,0.0073160810874744134,0.005207888671887061,0.003919010572333446,,,,,0.0018382706169357038,0.0017780182685535764
0.0018035478653356208,0.002336155635631164,0.003744266132274025,0.0024975481588472336,0.005537401489658963,0.012740392385475962,0.03860509399922962,0.04342365700311595,0.019223371822442926,0.013987362947752843,0.0097127697117959,0.010215238790387226,0.011689962631928138,0.005992522865693017,0.005899768019875677,0.0038421401034479303,,,,,0.0018815053433537871,0.0017411641495231292
0.001721688265734332,0.001683601531432466,0.0014848697758841332,0.002540922113205807,0.005229758123084363,0.012463205979536578,0.032531308698815264,0.047108587163997476,0.018965687762976472,0.013606768861694972,0.010594883566355675,0.008198523711962481,0.0071211852792000515,0.006293332050209447,0.005206394227739841,0.007881255257325798,,,,,0.0016774274046305565,0.00221767586994876
0.0017825714597950488,0.0014486156252778194,0.0014187627099343273,0.0025864529083833103,0.005214546190753596,0.014615311276761897,0.034157425518996976,0.04722931580194413,0.022529011504825613,0.01570621168014018,0.01065290203465068,0.008120039373323309,0.00696740281294537,0.006110559367713477,0.005284219856277239,0.003974219880884684,,,,,0.0019453894237996465,0.0015637854755256614
0.0018546017556557769,0.0014448055365835046,0.002714654234735235,0.0025178479808012784,0.0051232754074224205,0.011533394498875395,0.02603260636086642,0.025039985577537012,0.02270070327990156,0.015812376533231504,0.010643736596066138,0.012116670101062437,0.013900792220120414,0.006085089398328377,0.006105888091387824,0.004176620818207921,,,,,0.0019056490485699045,0.0014486156252778118
0.0015901039867912117,0.0013232161442086703,0.0013654249470602625,0.002523379316211916,0.007179726306368717,0.01063739838983214,0.02787142612950125,0.05490132882815292,0.022344134156932517,0.015585599797266647,0.010393433320937817,0.008616573227585087,0.007262033946806371,0.0064198840905291535,0.005332170077257273,0.010841732776075844,,,,,0.0019764752960493986,0.0015011576830003862
0.0015884718549915439,0.001435800740004421,0.0017823895554668163,0.002353165191830547,0.004880510876397905,0.009798817018119445,0.028110503573569933,0.06299307749804545,0.02476820177852853,0.01671228528404049,0.023660476733181415,0.009425604059794236,0.007537730744276684,0.008684528298057917,0.0055357617150845265,0.004266863909181491,,,,,0.001984987569608999,0.0012874469229960897
0.001967761433316109,0.0028375254198689547,0.00208426961714828,0.005078461499712943,0.005101902833324228,0.010586311107738009,0.028100535988680262,0.0671670523950572,0.027607716235338333,0.018648951819966893,0.011827833086792212,0.009364310340148212,0.0076541781550334455,0.006758820506589713,0.005654215652444754,0.00443242662466831,,,,,0.0018789186064035264,0.0014708281387240288
0.003233592609781642,0.0015063326171063896,0.0019725341649174297,0.002616366619676018,0.007433907035067292,0.010674186575421293,0.0290630000261868,0.06826590892642338,0.02748530124647051,0.017853050652841398,0.01177984455572019,0.009411007150801176,0.007877428236431849,0.006848747321210495,0.009448143520192116,0.005509223536500929,,,,,0.0018952416479591971,0.0011995754248545131
0.0020004453069683956,0.0017366891004027508,0.0020044933205520064,0.0024440061815798773,0.00481260608697938,0.012309914444924139,0.02538893619071625,0.06816530791712287,0.027566720716795997,0.01793083103663383,0.017958295967575127,0.00907776567463758,0.008204414351406602,0.0073283471497876465,0.005306569076208657,0.004452862079369148,,,,,0.0020568654587034933,0.00319394236069686
0.002014175360403191,0.001884260615330813,0.0021793303985650787,0.0032468016214012045,0.004936527019453514,0.01024563310039331,0.02391487872178257,0.031329686309429755,0.03243400445049411,0.023010536124952925,0.012093849172677341,0.011431738889934047,0.012654258923153175,0.007188031058132016,0.005593737319148107,0.00441806556568563,,,,,0.003571957471051664,0.0017456277265533874
0.001858095075299992,0.001662866969997443,0.003645988097900349,0.0026556053914460116,0.004728256696362161,0.00991264657476696,0.03187820065919131,0.06749105707827693,0.03456229423649875,0.0211065917941287,0.012632306536825977,0.010264098159197103,0.00826815015262212,0.0069960107754658074,0.007392618409627168,0.005057540671397069,,,,,0.0019117645363657993,0.001714138620655375
0.0018141238466642122,0.0014486156252778092,0.0014681803811515902,0.002399015697702216,0.004741199685121312,0.009992626533102782,0.02176746044303622,0.06764994211159417,0.034833933189598085,0.020835912401791383,0.013680606416683736,0.010469803058046913,0.008655619867953409,0.007393670976888654,0.00550804632681715,0.0044455744863876705,,,,,0.00207178697985029,0.001887011864272405
0.001962481500450437,0.0015982396448450957,0.002115153943497525,0.0026428768196531355,0.0046144934340816455,0.009978501662587782,0.020324377906311378,0.054772222030428294,0.03908786860696789,0.022688702136915775,0.013682715622706126,0.01057626024768433,0.008672572719291985,0.007515329282016081,0.0059653533755093914,0.004629926096351947,,,,,0.0030527581795681547,0.0017316408466580447
0.004714521716883683,0.0017156512074227653,0.0016525002337249917,0.003693435251547583,0.004888476678401304,0.0096584036449326,0.016138877871980352,0.061381484306977915,0.03128535986652453,0.023129508674456283,0.013714338429113232,0.010682567108816356,0.008769831586824097,0.007524297870204422,0.007798207031052755,0.004973498894402114,,,,,0.0020372245254801124,0.0015540097705772382
0.002013370302071155,0.001625795797216428,0.0018107247654190728,0.002471053417577032,0.004665852955738601,0.010107385167790372,0.019140206205206903,0.0547924403555024,0.04487431409766103,0.024714142343151706,0.01897592561494838,0.011090572245909045,0.009148533216896527,0.007677863834337157,0.006136874714392399,0.0049428940664494525,,,,,0.0019784429175382094,0.001741164149523117
0.002088155138617124,0.0018440820919264488,0.0018312016785553748,0.002450365961209566,0.004469143165052614,0.009491285639723433,0.01791156242504188,0.05078639627734599,0.051077965063702054,0.028526872475288748,0.015213171078999587,0.011513557615717988,0.00922308265515611,0.015866561790619238,0.006137667186132539,0.0048060664383759956,,,,,0.004138484485895627,0.0015852025500491316
0.002182303971238284,0.0015852025500491277,0.0020090174124729296,0.005683899780836985,0.0047869357891820894,0.008858523340500336,0.01798324899571395,0.048135350744526,0.0511158166247609,0.027001043601297042,0.01499668746544878,0.011100186632063315,0.00944951613849586,0.007976618586770111,0.006503183188866156,0.005061129580024445,,,,,0.0020805326896831833,0.0015903078854888459
0.0021067058891948848,0.001714138620655324,0.0020943569792368976,0.0022980940132607615,0.004510954623392061,0.00882878910174335,0.017936164690554864,0.04270072539470414,0.05128762687023064,0.026910214960042006,0.01598724439654704,0.012140169268759576,0.009718910233801257,0.008117962698159701,0.006289466762476499,0.005453322715339062,,,,,0.002139085751754134,0.0015149182244937596
0.0022883380097615293,0.001795439561728118,0.0011791289420660129,0.0023990156977021825,0.004593930012125074,0.01297481735161529,0.017113671250509235,0.042414713732522605,0.059242938213565514,0.02983547312043598,0.0161184729394719,0.012061418728756842,0.010077313924311049,0.01228420627670708,0.006550872777961283,0.004996913518815931,,,,,0.0024965093532874454,0.0015330029951656186
0.0037677467974110528,0.0016774274046305615,0.0017760111663740208,0.002425896264382957,0.0041970657207727165,0.008559184645258127,0.015716777915423606,0.038389319171685594,0.05806632126963175,0.04148457106625746,0.017101067313118744,0.02035114587156241,0.012930358910810404,0.00844661609190284,0.00695436028999244,0.0053353311788872735,,,,,0.0021922360516309415,0.001555469620378307
0.002455785230682512,0.0015870423627710386,0.0016603301768040948,0.0035170713771297425,0.004253468562935108,0.008219378897849046,0.015537092885100258,0.03515941860910409,0.06736427992897755,0.032963715575070815,0.018395048882674608,0.0125205172092868,0.010633526569793158,0.008706751801653178,0.012230639726746474,0.009846186388293585,,,,,0.002571869894454935,0.0016016847859710408
0.0024023922168928437,0.0016337537292357347,0.0015802859110161033,0.002465141640916598,0.004370176041011102,0.008362707420744638,0.015289875629078136,0.0350004496797921,0.07583711526407912,0.03731233168519365,0.018164655041977826,0.013713865571438288,0.011106231539421092,0.013373529492753503,0.006815764446629741,0.005114914593382775,,,,,0.00246514164091663,0.0020077258550185995
0.0024440061815798617,0.0017954395617281182,0.001773636208241034,0.002375791641414761,0.004106157303894085,0.008325402863519273,0.015411771002821192,0.03911122914937605,0.07543053780798434,0.04325753631793575,0.018263010566510383,0.013738503392625032,0.022377311225207076,0.008927397043223583,0.00683609502705125,0.0055427859048344545,,,,,0.002379473667233825,0.0016446330134459151
0.0024762964818583967,0.0016550490283866084,0.00119876426139534,0.003991153703386187,0.008857242172924756,0.008016153308879984,0.016422635239311145,0.03193207289692034,0.07331896489349252,0.04163374363789461,0.0194872000220771,0.013620868551750294,0.01033963574959682,0.009065649138386783,0.006882043269699844,0.00752373764665276,,,,,0.002720858076007454,0.0016783936090794906
0.0029269597827971125,0.0016337537292357349,0.0012844211916148574,0.002406572521405662,0.004233985350355746,0.008959446183370051,0.014179488819259957,0.029982086730343912,0.0815250820314477,0.0471699627732949,0.018168670870697828,0.014447247437075992,0.011498932424195203,0.00993799698244142,0.007008096783743555,0.0055663106064787575,,,,,0.0026033216657760537,0.0015982396448450604
0.0027722118009953366,0.0022917361128730203,0.0014785236819252997,0.0024022572472466685,0.004112075381388305,0.008091558586280986,0.01417857411385131,0.029202955837429802,0.07197767437545867,0.0567353028826721,0.020690291261118644,0.02525002967112448,0.011396258167976988,0.009366629939833941,0.007031192036179194,0.005718024643334076,,,,,0.0028972312505559372,0.001760424581401271
0.0026483918831242386,0.0017411641495231165,0.001188714400674158,0.0026624340326175436,0.004066483356047183,0.007853064551721453,0.01503572712244364,0.029201989858961986,0.07687507895512492,0.053885906476348354,0.022119297800760218,0.01528111493816225,0.011308976069138034,0.009585920745215868,0.008080611660838087,0.0065453268968866055,,,,,0.002792372759439681,0.0018026487437555938
0.002658168187622572,0.001745070403793423,0.0015884718549917997,0.002598334932596928,0.00422286657146851,0.0077096820198232436,0.01353269615249847,0.026541105058705734,0.07680159147528769,0.05382563483221774,0.022132208378255993,0.01586492686741572,0.012544448847549154,0.010244873550403008,0.0075171842425331955,0.005701670198481396,,,,,0.0026978806787473953,0.001818586642698505
0.002647779665569836,0.004251638654889453,0.0014358007400044313,0.002777936982667239,0.004075324326859947,0.007670892617893187,0.01319594396910243,0.0238392675516696,0.07325575134105762,0.06468546778904519,0.022133014123694724,0.015939959776442317,0.012467601883244583,0.009619685980955306,0.007635304107290147,0.006020323782218578,,,,,0.00275966858750192,0.0018143025692740507
0.0027354765464039535,0.0018952416479591971,0.001406598055470448,0.0027750174474595367,0.005195109781501399,0.007383841180756372,0.01355357300932597,0.02357707853131414,0.04714931597672043,0.04188500306319587,0.02390756977541939,0.016260570363475998,0.012404401506814029,0.010243607508597876,0.007582463407818259,0.006464176339938614,,,,,0.0026428768196531532,0.00180066909595811
0.0023991508497091555,0.001753041765976166,0.0014608743036016282,0.002574264149021411,0.004188326899457652,0.0073507891223883945,0.012651388814208322,0.02360010252417252,0.06246291918327145,0.07109590709856221,0.029175051726847825,0.01680007861639376,0.012991075666961656,0.010781061674449902,0.0076244675841629275,0.005885241157586507,,,,,0.0024787830524268008,0.0017411641495231204
0.002588332643781278,0.0029061705845129346,0.0015982396448450957,0.00271130782514367,0.0038951098953092156,0.007192044589427089,0.012365655001700495,0.02355087944538391,0.05613258325492399,0.07105677995404433,0.029390097125600617,0.01972244838687846,0.014474042085929537,0.010685571568072092,0.008056218488672301,0.005850151922422327,,,,,0.002469478327593845,0.002581433588868612
0.0028877028868834046,0.0019611592961565278,0.0016471939815391144,0.0033601662596289086,0.003845176968712073,0.007142780176796849,0.012255243275984077,0.03360613968916979,0.06099631477657838,0.06171239507147246,0.03030156409876013,0.017946718842185735,0.013471580414952743,0.010846516799508345,0.008379401594232477,0.006027213628045035,,,,,0.002556062308351458,0.0018085746857783493
0.0025933386104419302,0.001918536660074845,0.0015063326171065442,0.0035086720029820447,0.0039133805208584,0.007119545943001117,0.012236603145446827,0.02103847399561992,0.05014047730692287,0.08922305013439923,0.030507394756003437,0.019180955081675683,0.013944458676993735,0.011369168571300542,0.008846216472391472,0.005760959296778035,,,,,0.0024440061815798773,0.0018546017556557702
0.002502735719029463,0.0020262128516896527,0.0015228168159475322,0.0032685988269276042,0.00400218707884909,0.007151127834988655,0.01192537886771027,0.01944649261658353,0.049998819229518404,0.08905556315596407,0.03047766361743997,0.01902556665680739,0.014028032820842674,0.011226099591447014,0.008545839700370315,0.005966222976399735,,,,,0.0027154901927712405,0.0018241053461899796
0.0026142589958338507,0.0018255268194983932,0.002111471676477309,0.003258265824050643,0.004573203229420885,0.0072513103231966036,0.01169187630719465,0.019903707072244675,0.039453469404477304,0.08900516270903125,0.030641642684324434,0.01864888227364017,0.014111916195727778,0.01126637657659516,0.008582186128808232,0.006056836310567957,,,,,0.002501699067553215,0.0017381820635844194
0.0025368353842025785,0.0018312016785553733,0.0014065980554703174,0.003119993730705623,0.0036606322832817752,0.006931570378043738,0.011343100549848845,0.020028750968923714,0.041095640012631635,0.09312401479373592,0.03757495512955157,0.02134647455571511,0.01488087147466268,0.012249844793240143,0.01450530328651636,0.008420356899099316,,,,,0.00246947832759387,0.0019088791085999303
0.002638947984524106,0.002108551987889316,0.001764288192278447,0.004033739928777087,0.003985869612084947,0.006676137000596058,0.011263008869326633,0.01886391464269232,0.04084288265496882,0.0895294557750466,0.04973013829433782,0.02142143949803489,0.01579939121057643,0.01404085511082135,0.008898257358304315,0.00637441946584791,,,,,0.002851545856996543,0.001891302678544786
0.006128838553973942,0.0019600016357214623,0.003948682986511754,0.0025764044907960887,0.0038122337920814173,0.006987152978091747,0.010984494745888071,0.01907662528144077,0.04063002232041143,0.08582941709360496,0.04085475727988287,0.021084043594783112,0.015412275919134286,0.012620005770190183,0.009360015833246017,0.006285547512871151,,,,,0.004145373353727983,0.0020172316518905736
0.0024867494472009975,0.001951878787716598,0.0018396811451439849,0.002589960644250379,0.00380414520106921,0.006849930796420758,0.01587009673611414,0.01808316504429189,0.03614688815721577,0.0847229601413069,0.040531009447247385,0.022831958698870475,0.016087544927562952,0.012574396042020672,0.017646557140390613,0.011578484312783117,,,,,0.002727879964047857,0.002026212851689655
0.002530692916631346,0.002250620279283359,0.0013880344169230078,0.002768115135832588,0.0037335995504530835,0.010286092691744426,0.010619338174082942,0.01818486795985103,0.03397132027426925,0.07739460950375171,0.051073933949532836,0.027211857699964627,0.017383294241367062,0.013777178018968852,0.00926895182362957,0.006516531648101147,,,,,0.002859721047049,0.0018685358490464993
0.0032211348028364957,0.0018141238466642124,0.0017271411226902637,0.00244400618157982,0.0036530956402921044,0.006528809978460432,0.010694094778570275,0.016917782075952327,0.03462040973601849,0.07566185704287487,0.046126492918643805,0.024338905547496407,0.01735262121470647,0.013323588571902363,0.009643890128685662,0.0065373960483458265,,,,,0.0028246983099928518,0.0022016815718315422
0.002740213716021341,0.002139085751754155,0.0014157886011682554,0.0020530786519469837,0.0035923235640310572,0.006418621323139682,0.011329600463217956,0.016650026789348734,0.02479147975682011,0.07580656500146975,0.05130990711803287,0.026219374461060967,0.017604540504927792,0.013597114536214922,0.009661357428966596,0.007160190338257485,,,,,0.0028214824208197464,0.0018539023018290335
0.0028921907330707523,0.002255369491279915,0.0019822087327639303,0.0021334699494786344,0.003690624952299832,0.007459205169069033,0.010319295092345696,0.01630583171030398,0.03193877388860958,0.06047642526198673,0.063388994875635,0.02946308457631863,0.017880127307045458,0.013337112443689118,0.009476208239796377,0.006878980174888581,,,,,0.002958801247376276,0.001770891914150505
0.0034296956236479575,0.0019889040237350032,0.002559104938899977,0.002850636055312009,0.0038387629909879353,0.006290703912951488,0.010035269583401481,0.01610639875320713,0.02920478777779854,0.06470643701441477,0.0653214450047812,0.028098008921068597,0.02389914612166628,0.01334369914655886,0.010055765588908264,0.007108607373686759,,,,,0.0045707210495975065,0.002431370074861263
0.002840723147349019,0.0020238110812951255,0.0018228606477535745,0.0020051402443450853,0.0073089866181516566,0.006175218703711643,0.010637398389832147,0.019827958820933956,0.039210585657938536,0.053895900077016196,0.06672250497668489,0.02782853548785381,0.020123248560134987,0.014160427882092506,0.010192614212042367,0.007020300544543212,,,,,0.003133267711988006,0.00201723165189057
0.0030211557190397203,0.0019743414932557627,0.001988740992133179,0.0019224198288458542,0.003716539137796363,0.006074423151042659,0.009899783268014413,0.015648612188331402,0.027732396984284664,0.05406516682046078,0.066594240387296,0.031033955931474407,0.020198274688452207,0.015935748552672466,0.0102042823025583,0.00697600681607934,,,,,0.0029275136172706505,0.0018475953016113588
0.003126637765606123,0.002133013966155032,0.0014178482640063166,0.0020218876108007186,0.003571957471051622,0.006248088242446184,0.00965974638600794,0.014456468605568075,0.025960328227604836,0.04931500444890749,0.07438964391263439,0.033220426979288155,0.022666397441795345,0.01562854225450991,0.01062242156578421,0.007156793244336379,,,,,0.003174391168466409,0.0021305804069300972
0.0031249780811865168,0.0020642611660405307,0.0019666076592895006,0.001943388336943498,0.006147379860236013,0.006094407051338801,0.009817164681058654,0.014480313160290286,0.021318948739279763,0.06323610948670642,0.08918581153327461,0.03278503694561874,0.02219247044364043,0.015530997991866247,0.010536607175608271,0.007826222469380447,,,,,0.0033591046414370306,0.0023305973226505857
0.003119993730705551,0.0023531651918305076,0.0019611592961565278,0.001900708374000541,0.003715753870511974,0.006009974203749178,0.009463368423267735,0.014610163446384957,0.024942692565466714,0.044430531148837354,0.10683533483642414,0.03726550712233629,0.022332057548136153,0.016000968895653646,0.020087252702874855,0.00726056038773135,,,,,0.003147309976001666,0.0019928127809095302
0.0035023823976664025,0.0022332652822462146,0.0022634059567738876,0.0024703972521289796,0.0035829242913401494,0.006036942879544564,0.009394282404776683,0.014518887711932622,0.024696831460987348,0.04058293503869262,0.10204434503602464,0.06483994640820168,0.02286829901885254,0.027144917901636464,0.011343329226408317,0.0074981815747015,,,,,0.0038907788475994404,0.002205360240348126
0.003294683216455125,0.002133013966155032,0.0018546017556557869,0.0022634059567738837,0.004995615585466168,0.00596584254160709,0.009487971350951323,0.01367131255759543,0.021835086009892094,0.040020858076518666,0.10208328362531888,0.0391758312666682,0.022626193581478948,0.016900888671001358,0.011539212469110872,0.007681748068491697,,,,,0.0037317753796995592,0.002091258357952354
0.003413776079648482,0.0021870532782075633,0.0016589626045019866,0.0019518787877166718,0.0035148581063391628,0.006067533474216708,0.009535694779645191,0.013725091540125621,0.023646988246121527,0.037664651909747,0.11076207032178895,0.04334374718117543,0.0251538842649123,0.01781718167795641,0.011675669496392066,0.008045223477025387,,,,,0.003442528954260674,0.0020146582409855864
0.003358718515262758,0.004720638717653118,0.0017750980969772545,0.0018006690959582055,0.0034747781732667863,0.006476153404085928,0.009189377375223745,0.013460624786389517,0.02244848743937608,0.03774453273364798,0.03802818735281639,0.0680808148734785,0.025163988224724758,0.017828970221993753,0.011622311237629626,0.007864575594810056,,,,,0.0033103919089696224,0.0020806885289920167
0.005608383287615349,0.0021906085012720886,0.002889498861798073,0.0028696813183233683,0.003969566751777444,0.005672479206737913,0.00899682469628506,0.013273362040031777,0.022768091841207202,0.040919911035879684,0.11791801978632169,0.047821072675913345,0.040026885360577184,0.017691040073605196,0.0123136277993367,0.008113008481489598,,,,,0.0060575322002375835,0.0025495846623332756
0.0035522961725985578,0.0022917361128730307,0.0019088791086000125,0.0017896513070937588,0.003432719547196563,0.005636985904964037,0.010040696218909954,0.013391240843087888,0.020615954767218996,0.03291812231336478,0.1182775386184974,0.047755774547797225,0.02913457000492089,0.01996835673074455,0.018886864413745097,0.013107683710457988,,,,,0.003743573294939632,0.0022110867421733693
0.0038006490176591776,0.002780736852670117,0.0021067058891948917,0.0019718765439073883,0.0033840125278030517,0.005693019744632834,0.00890193690610747,0.012919320785295865,0.02302131319808481,0.0304415453073486,0.05192272973092172,0.08107297791181267,0.02905385026832854,0.019585105541367543,0.012613323922011588,0.008241637076772529,,,,,0.0037654225419942555,0.002160802915149821
0.003806530993214065,0.0023165032300096013,0.0018214370937311942,0.004147875559926359,0.003503770781181734,0.005809830305819302,0.008949742051028782,0.01259552265407275,0.02023388074670609,0.03291649703620164,0.10577837148137974,0.06051030009584149,0.030326774614602765,0.01990303915140455,0.013037739584317294,0.008333810948001985,,,,,0.00520458786853697,0.0022157743567996534
0.003872987659327007,0.002120053684114878,0.0016667621896002615,0.002049284847685569,0.0034131111539340924,0.00559170817651268,0.010473147192361134,0.012586020067154115,0.025582635065398807,0.03265699945936059,0.10508092672739787,0.06047806048005715,0.031196185440217714,0.021871362992617358,0.013178043954137183,0.009652493365180299,,,,,0.003816314139813659,0.0023630651942813403
0.0037705856083738165,0.0025682112025071637,0.002259821780405213,0.001759871944570391,0.00342969562364785,0.00609355574340547,0.008467970700711506,0.012407093550531005,0.01883777012419651,0.028576783074764602,0.0827897286448386,0.07315648521884809,0.03263877524532428,0.02194186040772792,0.012935373126821656,0.008848561957407679,,,,,0.0041159372629223385,0.002324328332574382
0.0049033115510974945,0.002538751857531912,0.0016224018561964975,0.0020141753604032138,0.0033563042202404258,0.00564985575254942,0.00826049956042445,0.012134318783989172,0.018651733460395243,0.02595027194086569,0.09391270858893104,0.06841232689428697,0.053939126175419065,0.021795624831094654,0.013259186263845583,0.009057777227103537,,,,,0.0049022534061091095,0.002450365961209624
0.004029960194170021,0.002556062308351492,0.001981717945301417,0.0018363293715629005,0.0032809752393489983,0.005788864093492839,0.00980000817860773,0.014602327274823228,0.018325734151170357,0.02736281258864029,0.08287449573482482,0.07774304105435334,0.03652207953928051,0.02346188223114634,0.014699879924193856,0.008945937188852634,,,,,0.003977808047470141,0.002351097444272205
0.004107420542596152,0.0026330437400031476,0.0020378610587015473,0.002532614038077565,0.0033470171440098547,0.0060696706446300335,0.008168728953329502,0.012037604218581835,0.018339883250726427,0.027428156718819312,0.08216563381511865,0.0868341226924138,0.04010341127553685,0.023372324174029707,0.013920255266417101,0.009049146046601654,,,,,0.0038967744011308386,0.0024787830524268207
0.004201081018035005,0.002608298864977719,0.0029796585127582747,0.0019083694625867803,0.0034145358361992824,0.005556982695097916,0.008277752412144743,0.011749279611869543,0.01725974908702333,0.027831366629857187,0.08255701182956748,0.09068831743062145,0.03976050250446739,0.024431025468202663,0.014636593397431256,0.009352253015544718,,,,,0.0043812170025442744,0.0024076501314547064
0.004172815098826529,0.0025368353842025915,0.002172177216033638,0.0020206042799124145,0.006279354243544867,0.005616875459815831,0.008195082253135137,0.016782699659537603,0.027442338807005327,0.02592758413866924,0.06555845716811376,0.09050822428815823,0.039590575602498825,0.024442927272264582,0.014674624579945006,0.010799331821283122,,,,,0.004042171248978129,0.002945181331172215
0.004379070272336638,0.0027360691411437935,0.0017954395617282637,0.001969079204388516,0.0034490217232989737,0.005591418238880513,0.007959690674513532,0.011483808629139699,0.016882634025561553,0.024542994272407023,0.06465867001153162,0.10266806628124292,0.043198610799113385,0.025916264067257284,0.014580394722582801,0.009490739032625553,,,,,0.004256897520332741,0.0024950802894549958
0.004312217146973537,0.0025368353842026006,0.00306896566032108,0.0019088791085999327,0.003397877374910542,0.008120638315545133,0.008022016189092934,0.011454973118925417,0.01625339026430019,0.023719453355506896,0.06454101946330494,0.11330222907610397,0.04484292262007888,0.025910858709227,0.015607947943822809,0.00976500709058561,,,,,0.004599572969678096,0.0025172040134307967
0.004440831137806287,0.002658656059185383,0.002335461569946842,0.0034207026027118586,0.00332758582076701,0.005637618592365712,0.008143962704205959,0.014124042520682249,0.016228734393443706,0.02761147424385974,0.058797153994583067,0.11578306207596653,0.04763363023605702,0.027975050427481985,0.017241554689969504,0.010111073649297185,,,,,0.00433927628371331,0.002512046331516812
0.004469433359732589,0.0027496635715231516,0.0022776862622016837,0.0017598719445705638,0.0031395738480154024,0.005343832542830527,0.007693515439690291,0.011055433710866987,0.01626991968412473,0.022675207558080283,0.058403108095742715,0.1196720156462622,0.04789018173518445,0.028091949956583158,0.01629896995305001,0.009932253078703475,,,,,0.004780700149622297,0.004829755709896788
0.004696882334940864,0.0027515496481037177,0.0029261842384308576,0.0019822087327639273,0.0033069620086446597,0.008539653016647043,0.007736593158835975,0.010977998853067208,0.016111209388396205,0.02262626523303733,0.05666579476580228,0.045453139759260935,0.05403690051160073,0.029737285520636154,0.016362841672683086,0.010217143067166545,,,,,0.0046031667444449255,0.0026526734497390415
0.004792554458987235,0.002704003093661069,0.0023990156977022298,0.001954534858056019,0.005728279063956941,0.005394499282456439,0.007652314030938038,0.01149822746558108,0.016761724406138406,0.02235882920292405,0.047828232130161186,0.12454448829011945,0.05411971404262741,0.03137279261638449,0.017385998635354397,0.01102668358190072,,,,,0.0052150436076999155,0.0027982884414282333
0.004906022005913724,0.002777936982667347,0.0023299016011740165,0.0018938725008432783,0.003218718045110175,0.005337457789318635,0.00830071345343538,0.010653236834882177,0.01576868042279037,0.021009279186679723,0.042808165009046696,0.11714354074520647,0.05961168822672282,0.032012422605945966,0.020648877945688583,0.011084167772957417,,,,,0.005050804594297786,0.002677008180539533
0.0054745078914933435,0.004096274841181241,0.002504937178965279,0.0017082646966511644,0.0034046457767984714,0.005094589002975585,0.007532050528940656,0.010707548228674693,0.014782517243468477,0.020938537653100154,0.044591896885612395,0.11796275465928008,0.07615045999733713,0.031749539249205296,0.01774423950443625,0.010734767008377985,,,,,0.005157023238648959,0.002819528127140845
0.005085097178548736,0.002798288441428251,0.0024425463998408647,0.002056865458703471,0.0029313875287407826,0.00507929143365183,0.0075533293110148685,0.010570280359016799,0.014714342454620877,0.021047410946023304,0.0443868109793675,0.11775900930865071,0.07585657480341865,0.03688947413590901,0.018885302103378566,0.01146742085929962,,,,,0.006638390755732241,0.002766240353947589
0.005100440906274035,0.0031266377656060623,0.0023205588094175125,0.004701850099765017,0.003124147908340296,0.005099677995357171,0.008999419165038621,0.010602745758394871,0.014661914251049107,0.021143551296586835,0.04375562175330779,0.09780028815480336,0.0758205117141649,0.04050360078456671,0.018768742910808947,0.01891432966845063,,,,,0.005292864576835669,0.002768115135832726
0.005724372086762239,0.003058382258705969,0.0024076501314546487,0.001680710233521009,0.0030765631663612807,0.005040522785941791,0.007508552628067765,0.010398174139542561,0.014385080976697075,0.01966713175313817,0.046191363681465744,0.0945790673715364,0.09142864663740839,0.04034041350792662,0.0190815706990684,0.011638954513271065,,,,,0.005594027136582763,0.003063784361559621
0.006371977432345928,0.0029402230171786687,0.0032436043762916456,0.0017882013159242673,0.0031735739215792277,0.005010650942174519,0.007367311681428197,0.01026362430109626,0.01390272808982342,0.01891707228672061,0.03824787319644121,0.09462633801636823,0.09337130294807731,0.04019112784165416,0.02106090163362953,0.01182344613193776,,,,,0.005668876960654574,0.002874197303992845
0.005771755411670687,0.0030575340040069304,0.002538368678621287,0.001785479408644653,0.0030837214014301003,0.005128335933554826,0.007689131141392761,0.010487378783977897,0.014071143126881897,0.018827302151242575,0.03375646114032345,0.08392978729859747,0.09990343229734652,0.04443516495001827,0.021763766003225795,0.011930027306458082,,,,,0.005503334969931723,0.002691503412465076
0.006292507654725256,0.0038061050685847353,0.0022563756148005557,0.0021023920215047336,0.002958801247376172,0.005179608300428847,0.007356609295356243,0.009805796480783061,0.013695411387663798,0.01834004236600407,0.033699136064807796,0.09696122724218277,0.1137899635805001,0.04502511053370163,0.02171138048180967,0.011908291839880809,,,,,0.005896249642838775,0.002969739551768467
0.006200370740626016,0.003186624720777881,0.004394813202138454,0.002032603698190438,0.0032101440618194357,0.00496743217785883,0.007014524895235929,0.009634202304531304,0.01370106858010656,0.018311149148656513,0.033700906399869085,0.07434310040495483,0.11385486736131595,0.048397074743536675,0.021729696952371466,0.012593978006132225,,,,,0.006212908575094456,0.00279179211591187
0.006154970392357562,0.0032622439292181657,0.0027534344327398595,0.002349993901641918,0.0031225907393713486,0.0048969592514761665,0.007015865269459348,0.009752746981273144,0.013876699574808641,0.01818985974745361,0.0322481284946353,0.06633516358430842,0.11386294640856193,0.054741637694300155,0.026425381878007886,0.015543519155150474,,,,,0.00652249971570251,0.0028868044804257393
0.00632949915148016,0.003192419235607142,0.0025540318742641034,0.0024819204228027267,0.003012665234212792,0.0049025841009513885,0.007151127834988728,0.009711734785164895,0.013537008232500968,0.01772546317427346,0.02948719764476749,0.06666739443116894,0.12292884771697545,0.05886389202598374,0.022989065551203544,0.012659510562068349,,,,,0.006639367549892391,0.0034137760796484804
0.006852770303028626,0.0033202697566119765,0.0025580911308225765,0.0017723560664586358,0.00284425929494519,0.004883698756362049,0.00700231106853213,0.009491798055289592,0.012812263605736783,0.016831469631327416,0.0301685005291542,0.06647845458699506,0.1294982800913474,0.05927513849664685,0.024300081154923485,0.013283520176919422,,,,,0.006783338215191284,0.0029736674917564174
0.0068555613376695915,0.0035705047914243093,0.002589960644250361,0.0020274926325541554,0.0030130957072070272,0.004797423155688858,0.006885057908521381,0.010746842115692037,0.01277015937132059,0.016806697200451415,0.02831314964708744,0.060204551936238956,0.13224877828030804,0.05945177832880937,0.028696406421837163,0.01591243445324359,,,,,0.01256799953555077,0.003066428975225616
0.007101625241585404,0.0033377042268282553,0.002532614038077516,0.0029429786673900826,0.002918639654396427,0.0048087642782350054,0.006995269191461859,0.009449104373940963,0.012885017339672105,0.016557913614137044,0.028683432227969385,0.050232013251070524,0.13099848738211523,0.08846656298199562,0.025381591830282286,0.013670956799722793,,,,,0.007264489214369565,0.003324563799594218
0.007332770290392486,0.0032781080744693552,0.003087084239290263,0.0016937779234861758,0.002923412757596224,0.006608185721615116,0.006993646702305156,0.009467170823355124,0.012975417098186223,0.01692598300236493,0.028548005699894956,0.05436126656168925,0.13115037354614723,0.06651175389922566,0.025842907770578936,0.013973377819391975,,,,,0.00744545643283604,0.0031441146843017996
0.007060597803622066,0.003418806320841744,0.002526589642077274,0.0019545348580560186,0.0037353360277110645,0.004723865847906951,0.006998976325728423,0.009265872948997654,0.012976691467615103,0.016723146511490865,0.027302264767903327,0.049895393692133944,0.13106722901579665,0.0744514766522622,0.0272678502645887,0.015870811802739405,,,,,0.01267167062957642,0.003394726904222858
0.008283704137415778,0.0036282476933285957,0.0028369540178172815,0.001987436257866312,0.0029499114889342277,0.0048276069432426376,0.007079675825161898,0.00929741795377875,0.012471528273500293,0.01581721509440291,0.02705398502832828,0.04671725530127865,0.11077583978710262,0.08436592652450645,0.024424614402276786,0.014747380957703594,,,,,0.007748277236800676,0.003451559047362689
0.00806325868734129,0.0037029042650257565,0.0029319405268268383,0.001809829209320313,0.002814002795216025,0.00474065254996451,0.006736476125195982,0.009202070962896363,0.012483300034430623,0.015378093606927774,0.026104845842459527,0.045890178207987374,0.1139021773105918,0.08673516314218495,0.029143972559095004,0.014679042984133982,,,,,0.008154108865863112,0.00342941199411115
0.007793340780694869,0.0037078046036582274,0.0027750174474595983,0.002027492632554249,0.0029230800033115973,0.004657854483894053,0.006508167159178848,0.014063006606275939,0.012089424647521291,0.01438904748444909,0.02495989788380017,0.04325517514145981,0.09706118886115027,0.09878761467815907,0.02907214690437927,0.015608799658284647,,,,,0.009594170422823676,0.00330225235231428
0.008555888257315038,0.003825818027516222,0.0028213674998405565,0.0021852734976782616,0.0028521143356723283,0.004414468001085105,0.006460915139073575,0.008718623322641754,0.012261908708553005,0.01518712540127145,0.025949634703230615,0.040049050506361754,0.09765968641831362,0.12287384872353212,0.0441201704195117,0.01538650406158085,,,,,0.009028519652496536,0.003489676266875092
0.009779307703085919,0.003856880202480129,0.002866968312452689,0.0019156614327157063,0.0028597210470491007,0.004831702204254843,0.006501188530907667,0.008894065920779671,0.011818316814631845,0.015028824834704307,0.024280859339987228,0.04905474085964312,0.09994568033851904,0.11185358716120866,0.03375977480600982,0.01596678783292329,,,,,0.009502484156150506,0.003571957471051641
0.009285448364866337,0.0037945870321935498,0.002947822355165355,0.0016851415285817103,0.003744699090512764,0.00447921640527735,0.006418621323139685,0.00929410430501931,0.01162836355913045,0.018669109323056966,0.023302230503109724,0.03794651972327524,0.08613684270995951,0.1277435091131065,0.03347985749772785,0.01665119518221889,,,,,0.010036400374431823,0.0032766240736956977
0.01009390274164787,0.003940051615767361,0.0031308866911304227,0.00193335183498774,0.0028882642490098264,0.004352705526146942,0.008055091485870542,0.008772604071719802,0.011786091087985813,0.014561702699954914,0.02326258194237013,0.03745027239507892,0.07667283687558663,0.1261219279747545,0.03307879610359007,0.017072850106346633,,,,,0.010197925325407102,0.0036601893809216574
0.011224250941573586,0.00753579478824069,0.003206606934640144,0.003920251406943171,0.002812735044624553,0.004584533222888237,0.006541114830885054,0.00872535201896774,0.011803904411919395,0.014349965747876458,0.022306445724313888,0.037044967108354886,0.06968906256081002,0.13922421322931064,0.039296887483470246,0.017361643924154683,,,,,0.010244018989347192,0.003613831173163083
0.010601981209717124,0.004326030210361465,0.003074454631286453,0.0018740804779965748,0.0028011837225352565,0.0048458410888669555,0.006465329909301608,0.008690313368616526,0.011525295045991837,0.013934410057124699,0.02241634146569682,0.035618117745036426,0.06870826167312717,0.1386695633222667,0.03941930752829796,0.01820260042264982,,,,,0.010966621782028943,0.003817673286592202
0.010635965675837217,0.004251638654889423,0.0032595592407682404,0.002097451022849131,0.002796433888367961,0.004469143165052605,0.006322579731436599,0.008582828376518085,0.011392388103515833,0.014162557206060382,0.021528593678564082,0.033717017947209355,0.06854465873805742,0.1388670099512397,0.07468642309609506,0.01826705802289134,,,,,0.01383017025181907,0.0037474688387394515
0.010969932692409687,0.004282110749273038,0.0031678472900008264,0.0023621045149513483,0.002520422204948648,0.004337407822701388,0.006295444070879953,0.008663295797525762,0.011428533396716458,0.014190460685194764,0.02340293539698865,0.03351639713646116,0.06045355974554977,0.033065462591083665,0.04282598357548908,0.01822511979857791,,,,,0.011796210597090646,0.0038346219749650703
0.014747996562351122,0.0042247856899956145,0.003274941393225994,0.0020172316518905766,0.003374129096366883,0.0043422641490290384,0.006329499151480163,0.008531295777326624,0.011015003564476144,0.013628483932280257,0.021050599594106007,0.03361778312719648,0.05176837531206826,0.13336464778172138,0.04810492797829693,0.01919244657399171,,,,,0.012841788251267987,0.004351513493938853
0.012468616102470643,0.004618988254028733,0.0032655222177158153,0.0017411641495232374,0.002706999219891678,0.004524734260408927,0.006713332950390137,0.0103094871293027,0.010804014575749294,0.019923962121650842,0.020885029284757748,0.03196287568217959,0.05147819753552527,0.1236396913307683,0.0857936117943823,0.03482398131133045,,,,,0.024021816609322462,0.004145451570533279
0.013232161442088997,0.005014208747692785,0.00339749565526943,0.0019699023636588486,0.002967118036278814,0.0044618094943683125,0.006003496656873773,0.008177654989460851,0.010969932692409683,0.013387487315870644,0.020044221461879955,0.0318904038148472,0.051711404293987226,0.120196419649353,0.0526674256005004,0.019987329631434667,,,,,0.013547231954605828,0.004103866692645222
0.014248197446465502,0.004835659894893377,0.003626817560165733,0.002234426475764002,0.0027189507094386714,0.005466150447506618,0.006168441608825284,0.008206745717886293,0.010896175886214905,0.013488057270637562,0.0202621285168973,0.02988324159003481,0.05453320337038617,0.12044852848804838,0.05971915188278268,0.02056062922833143,,,,,0.013621892116116663,0.00437381003697238
0.014542986652590562,0.004967758533868181,0.003290842856333876,0.002026212851689674,0.002638947984524163,0.004329401698121617,0.0060765045387647845,0.009807648015987372,0.015239470113806901,0.01337488714257103,0.019669637531860244,0.02878065244945448,0.04759679706871327,0.1084385923605532,0.0693598055273901,0.029739117254631544,,,,,0.022994184782787048,0.004241254262797358
0.016448301525553346,0.0054542739523286265,0.0033601662596290096,0.002126162481343866,0.002798288441428162,0.004388537583911949,0.006069082997789681,0.008193776494082304,0.010944276564575126,0.013202994036330492,0.020209556727516943,0.028182294973582562,0.04486992075742565,0.12286528812096995,0.06672207247590638,0.021910524985407506,,,,,0.016617434532798594,0.004337781579289645
0.02106784381303977,0.005141911419180078,0.003526370334710563,0.0062569558956252335,0.002913636173147929,0.004864540139968727,0.00609568379031712,0.008084984188833234,0.010494549134917198,0.013072684017271421,0.01924779661177001,0.03855824161497784,0.04446012078824438,0.09369978843759473,0.06638586126062207,0.022126464760955422,,,,,0.01897346493288167,0.00439038428515922
0.017741553166521755,0.005303329692101665,0.0035793026141877522,0.0023082302281544316,0.002864252736837384,0.004182129083329574,0.00591074944961072,0.010053959747090151,0.011923067565947514,0.0154857542252408,0.01921211822880363,0.02632703843370012,0.04408708733374126,0.07103173311349717,0.09009752141789354,0.030274212058013627,,,,,0.016637948591881228,0.004791539524493028
0.019990687370278717,0.005450468008288709,0.0037746250776058343,0.0019848242163132716,0.0028011837225353025,0.0042314574376156565,0.005834834747270923,0.007955616094940355,0.010654606362640881,0.012707774839933598,0.018296410747865432,0.02648170276713794,0.041386717327656315,0.07337128454384143,0.08891459308602304,0.023109411438783877,,,,,0.016496015975148503,0.004454609327652745
0.02021366355892501,0.0056139306512738045,0.004000161167770736,0.00483834123358668,0.0029145263087138654,0.004225322886982971,0.005927402258579774,0.008024602580548192,0.010435929949290913,0.012432599773497425,0.018342428929534874,0.025523034648985896,0.0380991199584867,0.07318617463629555,0.08912613920080106,0.024158511021274174,,,,,0.021119614810955673,0.004764394849225647
0.02573496969988562,0.00549814781444387,0.003753952428470637,0.0022286144579200446,0.0052943346128524645,0.00419984595082683,0.005658285681626,0.00851360461762638,0.010346407082242829,0.012893997823019894,0.018253918271184753,0.024476531516906885,0.03836751353476074,0.07367413345561377,0.12541041443900428,0.0349672228007341,,,,,0.027847171460321434,0.006477354898211169
0.022529687925734385,0.005907512050566997,0.004000161167770858,0.00230752776299067,0.0028894988617980863,0.004148266393305422,0.005998742010396518,0.007816480340163204,0.01017908540558097,0.012511113151139829,0.017853777104200264,0.024274662401671424,0.03675810050848078,0.06376510222289743,0.10420705890631517,0.026035159548517203,,,,,0.023289272419470188,0.004987300813306577
0.024729041775334616,0.005865373817672994,0.004213026988411274,0.002259821780405214,0.0028442592949451725,0.00415412448149121,0.005968831018915972,0.007809010063843165,0.010090689985029919,0.012204738008288678,0.017209800093709534,0.028382235169973534,0.037068066851578194,0.05994050669036442,0.12692747475917734,0.026906346956163892,,,,,0.026190965671922983,0.004942106835154226
0.02744734805947644,0.006262808916737329,0.00456248474188716,0.00232055880941748,0.003726210494169673,0.004185848874229088,0.005811169567870421,0.007732233286323504,0.010113157848121576,0.012034371504261673,0.017429342092776565,0.023769855152071112,0.03432000661846359,0.059784904081528145,0.12432028871448199,0.029158954740557987,,,,,0.026667465523370414,0.006294568440991076
0.029310235990875223,0.006974472825763261,0.004229004685208614,0.0023389298387647426,0.0028894988617981852,0.003951227690853105,0.005834334597142374,0.007799994719115028,0.009817726140317923,0.016760950623213138,0.016581395642694792,0.02333828313796071,0.03278764777673113,0.05472926883647336,0.125536213078733,0.029447178073535064,,,,,0.026504723650426904,0.005577483507892663
0.035439400275024846,0.006768983142990224,0.004299038543778356,0.002614258995833896,0.002892751224293804,0.004139502881252941,0.00578342846022876,0.007786056524472494,0.010005338070790614,0.011777504693297578,0.0163545764444875,0.021969107563678727,0.030476546539671537,0.05429391480306169,0.1538534057324489,0.02932837267998588,,,,,0.030451012808343482,0.005453322715339058
0.034255702850601664,0.006724914493438889,0.004260856434359605,0.002478783052426832,0.003159751000872241,0.005918643462892101,0.005685724943877863,0.007728877864673479,0.0099559578904342,0.011754797648858914,0.01643449682188293,0.02203705599444713,0.03138725842001416,0.050233046019029205,0.13446025259584934,0.03151061846939742,,,,,0.03901899941546643,0.006156287239624536
0.03423426667691401,0.007339797595574769,0.004106473150000764,0.002296259094676059,0.003206101312199732,0.004040566639630319,0.006000093145382159,0.0075475319563697045,0.009908458832779972,0.017340284455786347,0.016581728065881256,0.021322902725147,0.031055606959262155,0.04276015503940624,0.15075197154633113,0.03163172417313083,,,,,0.0409443723984382,0.010305460649282703
0.040795897998353585,0.007366651490584412,0.004530463406143861,0.002455785230682531,0.0032978309410317346,0.004020858206755108,0.005536874472220762,0.007546457883434753,0.009899291970948165,0.011730056608482637,0.017422048126046835,0.02106859792536589,0.029750573935591933,0.04763322181581981,0.15102721498740548,0.033689541925073986,,,,,0.040868730943301436,0.006161130813894229
0.04053272937279403,0.007428889445575404,0.004740310558422592,0.0026581681876225714,0.003298617402842583,0.004198610520310038,0.005722105950972694,0.007440882400643313,0.009700243027104807,0.011584307627294689,0.015652755661177294,0.020775695217986525,0.027431513808652393,0.04327402348225218,0.1417815881811826,0.038265942655721946,,,,,0.04392064108503164,0.0064673857617659845
0.044944325494156855,0.007563281792132172,0.004773030009630489,0.0025048077348818628,0.0034320582915846583,0.004124750843170941,0.005687093431759518,0.007466981987615863,0.01314157864702726,0.011602207185726323,0.015555446613267819,0.020531670903534284,0.02842561352425778,0.042622290138603365,0.10620218711107732,0.03953176154515736,,,,,0.018168938561053158,0.012089210083929675
0.047117967542477907,0.008104011241788256,0.00491651914822388,0.00247668926423579,0.0031699959891736042,0.0039758512671365575,0.0068669502239101406,0.007335201880847415,0.009606194128620203,0.011401634238067917,0.015451608557345656,0.021091300996727243,0.027004225655374435,0.04036121754197608,0.1129420395240169,0.03960067240141513,,,,,0.047760180771991505,0.006855986988836712
0.0419278288083313,0.008040748678524457,0.00694652302192497,0.007410535474738514,0.0035449865374594324,0.003977808047470139,0.005476166007847495,0.007339797595574774,0.00956899344833333,0.01140717832144367,0.015620345152228345,0.02021045516819673,0.031199843775693015,0.04040418983559814,0.10054256120877675,0.042322044780798304,,,,,0.045607077273145745,0.007221379060476864
0.04832090738018755,0.008356773162152118,0.0051550108889438125,0.0025419427688457394,0.0028985739081938294,0.003836650786169097,0.005656738269113224,0.00739809888959239,0.01038194658434375,0.011955791935195869,0.015110585921763973,0.01978272467797414,0.026147352193977062,0.033949093293586634,0.09674638297029209,0.03371147836736602,,,,,0.047298226934936884,0.008848561957407741
0.04582687637249131,0.00972614706302913,0.005101394384476931,0.0027107098172787477,0.002554031874264154,0.003952540445635258,0.007106372012717931,0.007342271019716453,0.009392901714973508,0.011080305754642784,0.014890978188774264,0.019201854334403332,0.025073837085956972,0.035932224350582624,0.09670693168059678,0.04707049588709111,,,,,0.04402994217684128,0.007773219654427963
0.04115479543483403,0.009132747976511205,0.005898448874426258,0.005254190741895873,0.0031704051000985565,0.0038269196285746314,0.005516692955806171,0.007052740669421198,0.009287368725194672,0.010858467636709522,0.014702350143825501,0.019179873174960973,0.026199580649077816,0.03573431336973097,0.08342795104821554,0.04789982197009919,,,,,0.044029242581735586,0.0077633274824800485
0.04036998914588036,0.009724813490145963,0.0054557599280958755,0.00279550615046789,0.0027487200479227444,0.003959097690316912,0.005288635947184856,0.007657566308957484,0.009342679245232757,0.011014297070684747,0.014553060659822998,0.018973550378579288,0.024270240773971205,0.033969945831458286,0.08539763505324888,0.05214391360046184,,,,,0.03710580919762332,0.008995274864984627
0.035544487314394746,0.009332261833431084,0.005171652052523056,0.0029091814099384255,0.0026438581161947828,0.0037883441726791005,0.005791943887336542,0.007001801696725183,0.009088332094936986,0.010879856657868458,0.014372362747618979,0.018022889695292157,0.023301785232063745,0.0408991850673861,0.0636840172642728,0.05214444214418942,,,,,0.03905381865133935,0.008865840746478367
0.03534058877868097,0.010269056561841482,0.005874212042072062,0.004625722294665209,0.0025641679667773912,0.003893444677886601,0.005433785659608157,0.006883880472359186,0.009112559899288972,0.01090709135279007,0.014118991150983203,0.01817978562561198,0.023068967669831793,0.03233483310739458,0.06612340843295048,0.05510082152306018,,,,,0.034614049909269196,0.00887899688049398
0.03584968016902048,0.01013071220144919,0.005767259486537669,0.0027017238155655986,0.002553016051662799,0.004603166744444873,0.005486517881795787,0.007220660622524401,0.009116295218518594,0.010845320991490815,0.01395201363215864,0.018001288141750147,0.023394995300322022,0.030280765951653507,0.06547531451909538,0.03606398118782855,,,,,0.033365927041749,0.00990633156730508
0.031178771286578217,0.011090601481595458,0.005745235033151932,0.003083721401430135,0.0026708238850410094,0.0037546433505633533,0.005434263008842344,0.006940919555325317,0.008796558810831958,0.010728694136501212,0.014391368285854881,0.017643543518452726,0.02268271347893152,0.030873478569622116,0.06849614118492595,0.06551003445662928,,,,,0.030268985060558758,0.010721438440495105
0.030643134668846394,0.011801706690925645,0.006204134751405095,0.003716451894069693,0.0020663021138074785,0.003802013764421705,0.005199913339991863,0.007004163017379924,0.008836534766016204,0.01040655884770961,0.01384008370682922,0.027037344786812866,0.02313416234688804,0.030641822572834525,0.05375375167526094,0.08848106102438537,,,,,0.02682762493200062,0.010013533632838493
0.018811175595725753,0.011885616418765656,0.006219532953203769,0.0032383019952515442,0.008685722950831672,0.005121692967597124,0.005383729586384185,0.007160914843055561,0.008710623918342878,0.010427568858171936,0.013469462219210526,0.017045480248621746,0.02175482524728686,0.029091267967949617,0.04750389641525009,0.035576190771302044,,,,,0.0242796841801215,0.010128663627099025
0.024217640433271174,0.012199450068141581,0.006267570171662879,0.0032828523689247976,0.006672639249828082,0.003815634384874028,0.0056413557512799304,0.007015634188725298,0.008938286330105245,0.012181336783496897,0.01323666941068691,0.01664961783247351,0.020994597060084705,0.02723091571036361,0.05042266385093506,0.07392925423892008,,,,,0.023944688018901997,0.01646743146154941
0.024166817436789955,0.010619857223465534,0.006808862983299096,0.002999614227023378,0.002425896264383064,0.003853600148507472,0.005545125324136203,0.0070686755582719755,0.008673769018727892,0.010386099506778424,0.013476778211192858,0.022989672021074922,0.02151085964466893,0.028049997617206213,0.05034105958470283,0.08442459667949918,,,,,0.023751146190230103,0.011018682487269215
0.033523255370452414,0.014063006606275887,0.014510555353462571,0.003045101280834266,0.008688111763569619,0.005913820595777019,0.0053228582558140294,0.007116630635127292,0.008948256535469264,0.01034480869507572,0.013077965975145047,0.016527180150596007,0.033882219599598994,0.02653069451052392,0.04653410444717829,0.06112322907264175,,,,,0.020743270318194146,0.011796897748852378
0.021793303985651345,0.015131514305366498,0.006941293260496078,0.0031939423606969393,0.002303730749747041,0.0037078046036582188,0.0051232121192139254,0.0068360950270512115,0.009845922939892912,0.014108239494035512,0.013397365308998549,0.016078997030187493,0.020623376891087692,0.026833038951184912,0.07044874772180255,0.0963749153796579,,,,,0.025495541403868654,0.011003959416316371
0.020503146109129504,0.01588480019822202,0.007070922836391647,0.0034448828204873536,0.002513078714723422,0.0036792741650161953,0.00588876611189662,0.0067133812482706775,0.008779993084671596,0.010095669321990009,0.01304251363738946,0.016167942994364817,0.019693360670093606,0.022689345216211576,0.044292792392429496,0.1193956316865051,,,,,0.019614486045061386,0.012825492376688218
0.020028750968923672,0.01575681148758222,0.009105725638581053,0.0037585274207683566,0.0033548548092614144,0.0035405935127481246,0.005078461499712931,0.006690109716607971,0.008588870707778999,0.010223583240145821,0.01299688975305722,0.01632514845604478,0.02648855849752253,0.024772534525770454,0.04152493639021693,0.11913053366042158,,,,,0.0194104444646535,0.012962316320336495
0.019966667934711965,0.019331153505308965,0.007357446668475232,0.003356787218159174,0.0025883326437812736,0.003654959079898577,0.0050067668164192,0.0100676566974409,0.009339208065753724,0.012025746684269716,0.013024701493125786,0.01603827165340037,0.020110112379459495,0.024476001630670638,0.04196060523367744,0.11924583830451724,,,,,0.018101427043541746,0.015415641605256237
0.01650254038088619,0.01963603022837052,0.007684280206895955,0.003582924291340187,0.002679913499127007,0.003663023030646595,0.008596983402929758,0.006897103287205549,0.008603505738263474,0.009737308565903113,0.017006001706888114,0.016603301768042412,0.01891172381268723,0.03424336732789264,0.04177064075446596,0.12171463950835418,,,,,0.01647861148959971,0.015612102209017494
0.013256642797787632,0.019721577037236017,0.010905694069232492,0.00557515766658391,0.003015139614631979,0.004114046182067678,0.004997692117026459,0.006776403727278491,0.00856069979996774,0.009828288800937954,0.012508521259395998,0.01546614382849216,0.01865277646861037,0.023124181032483513,0.0378148741691787,0.09695061940966695,,,,,0.01649277246399102,0.015687042238584192
0.015595811156311335,0.019504147448530112,0.008146152160905322,0.003677599383622578,0.0025774110954411866,0.0035782153962369227,0.005055424585745586,0.00692408194720374,0.008608441328672252,0.009852507036588938,0.012412763227042153,0.015228168159476798,0.018487795030634392,0.02313556387201391,0.037541934019907124,0.1194007234872009,,,,,0.013215758097039445,0.017164523379713706
0.014579860997355048,0.027330752237532712,0.008440471924591221,0.0038536001485073735,0.002789119598758515,0.0036549590798985866,0.0073719313618864,0.006476153404085931,0.008288712801851983,0.009572076444615432,0.012440499472491975,0.015086211585821274,0.017874305296876666,0.0219371459503212,0.037475891032875325,0.11916919769881838,,,,,0.015308864637199254,0.020146437562521904
0.014473974881135618,0.025025232404696292,0.008548571042975914,0.0047283252710163355,0.0026799134991268973,0.00347151069263203,0.005223554521789186,0.006477605181436567,0.00832505234237884,0.009712402492388502,0.012237557022761896,0.015079654938074269,0.01766013043518694,0.022136529760577662,0.035584601986436905,0.10899966011174343,,,,,0.014132006238466017,0.01951214205202446
0.01249023316037493,0.03251083992213844,0.008393358864076418,0.004047221610178984,0.002728949511222529,0.0035318828757257173,0.005156331582020377,0.006666805587214257,0.011473526626170476,0.009609940016505027,0.012183253117511571,0.015183367385081128,0.017931554336918336,0.02115117152559632,0.03976718891894976,0.09937251767859188,,,,,0.011846815329158461,0.022205980953170806
0.013468330773645391,0.027827545102693783,0.009572076444615416,0.004027706751380135,0.002574264149021519,0.00344252895426074,0.006135976456024912,0.006602295109333023,0.008201686997362274,0.009861881779358534,0.014088990110087109,0.014663484296566753,0.017297673841961216,0.021346489745146174,0.03386498985214551,0.08453629954006465,,,,,0.012776784577068235,0.029509829702106246
0.012999883117696108,0.02839210385921156,0.00953759874986965,0.00869091031792262,0.002801183722535263,0.003401692215423745,0.0049039066573165774,0.006449261713386198,0.008251545257014927,0.00957292324776118,0.011985776161477989,0.016826595141178253,0.017143637024303042,0.02076475200963857,0.03235581407678242,0.08489973954803176,,,,,0.0134558063033115,0.025262354224374076
0.01229222772029676,0.0322347330312732,0.009553936868008673,0.004221023396796021,0.002634151793902066,0.003620733192282966,0.004957566104853674,0.006574341261782993,0.008502323974128192,0.009547927963304842,0.0118003878618622,0.014438155123264724,0.018509547024616484,0.020181299638198223,0.030549145927607702,0.09050336994225248,,,,,0.013413812466000267,0.028877433086022076
0.0122439937509024,0.0354024183527817,0.01011379905365909,0.00447052142201222,0.002673129510487638,0.0035720482439127697,0.00491816760397786,0.006578679915315957,0.008016679121392511,0.012571198195621502,0.011758769032104568,0.013846641900722996,0.016744557374755314,0.02036899816944162,0.03249153582219782,0.07481204334153417,,,,,0.012802643305357266,0.028936522665371757
0.012110781491443099,0.03672937713339064,0.011113936215969147,0.006329345468772576,0.0028269931339232036,0.003517163566521091,0.005024544403189162,0.0064669345330648186,0.00818585834639533,0.009303553805446955,0.011707700658651874,0.015257863092190418,0.016710364439865833,0.019744137519782205,0.029618067396653874,0.06268755265253292,,,,,0.011979498420488791,0.030205117095708424
0.010907329170462334,0.036766567633607784,0.010526262436178387,0.00458686655271776,0.004769292292542854,0.005248324930637837,0.005006443003251291,0.0062879715475641805,0.008133724159016595,0.009262372985531548,0.011857402578757777,0.013752302983310313,0.01922561500468658,0.019795750522428678,0.02910629955840086,0.03542054798088055,,,,,0.010188509720187039,0.03277276127462941
0.011484825030312555,0.036639293357098805,0.011225088648769558,0.004949121894519421,0.0029779169134203794,0.0035719574710516,0.0050111685981438885,0.006094407051338844,0.007975805566965257,0.013306713137328854,0.011906875891188405,0.01375152491340843,0.015939959776442317,0.02005946989296362,0.0351710733127984,0.059007769670531264,,,,,0.010877472240767752,0.036626468127890395
0.010872075567060836,0.03666363036096685,0.011277738757920784,0.005284219856277287,0.0028277958823294987,0.003599446992795509,0.005577948559777513,0.006527071538637606,0.007985678150841075,0.009455004619029806,0.011735583684075217,0.013457517062325402,0.016175802470040617,0.019152280833592304,0.027656999465835004,0.05908798443160118,,,,,0.010840297157346817,0.03397926041082578
0.010090689985029915,0.03489638171793417,0.01171470531502047,0.005068235798568008,0.0027681151358327064,0.003521585819189703,0.004997692117026509,0.006358376502489651,0.008144281207215697,0.008925617197553588,0.011242175786795119,0.013429177164755545,0.020309695566084127,0.01853935531855593,0.02622288630131142,0.07582025085164035,,,,,0.01048552358484361,0.03812090050245461
0.009807648015987342,0.03305207464974964,0.012113859985360716,0.00513515973324702,0.002889611073167371,0.0033524377317495527,0.005063627495926744,0.0069648428163681525,0.010781753378304516,0.01181754859687617,0.011496789215971227,0.013458023019797153,0.015259201830235434,0.018673051392143206,0.04319903112288781,0.053283566328028324,,,,,0.013275487100883178,0.038229727345566886
0.0104642271259437,0.031766538445322366,0.012746371694249695,0.005330953769826319,0.0028140027952161554,0.0034523104889537994,0.00537191230558894,0.00636245473811032,0.007910657205794149,0.008956405720949672,0.010938231083078702,0.013263953948121358,0.015404805677281816,0.017293624497650154,0.025518727678903605,0.049960854762768125,,,,,0.009839631014785648,0.036369691344025366
0.009710632967871238,0.031912601583223905,0.018419639085571492,0.006039949860209629,0.0062386882814099735,0.0037227282164179957,0.0046042936251483296,0.006349956869462858,0.00781598254387083,0.008999166957846444,0.011379174448438941,0.012722870848629927,0.021144425385812633,0.018201478175983894,0.025828136187394275,0.052191454886371016,,,,,0.009253967672400545,0.03768128871039951
0.011099222646922733,0.030224165067525417,0.013607531380615271,0.005612717633972022,0.003119993730705589,0.0033187069089110916,0.00490701326165818,0.006153758643992291,0.011212689974487199,0.008902628928313937,0.011026801201740792,0.012997263961338284,0.01517133975215104,0.017341780287925348,0.02605562581976197,0.044464087920764714,,,,,0.009433031536529135,0.03517362687360434
0.009072084712528157,0.02951476270263501,0.015543832055002016,0.005698484716947794,0.003199318261895936,0.0036665620131933283,0.0050012591412276295,0.00791409943720877,0.00765044945262634,0.008902337557099424,0.010953042506360615,0.012921604443748205,0.014784162207962285,0.01734026575706808,0.023426351999078814,0.04051580693160955,,,,,0.009461449515351083,0.034218957731860296
0.008905578524957323,0.025479194106441963,0.01504178558207903,0.009293825206978489,0.003209436948245659,0.003698698807377107,0.005016794657845228,0.006286321242518569,0.007784057365797621,0.009070619233321498,0.010671634671991885,0.018842193160155108,0.01825723961487379,0.017081489103422873,0.0235255746266366,0.03765797963323942,,,,,0.008971453164517414,0.023924638580371027
0.009742634920892274,0.02367603925089876,0.014944707374975302,0.006446848029812356,0.003103321411884589,0.0035009008483626153,0.0048300913683359484,0.006722599781023067,0.007786348025560667,0.008772604071719805,0.010804734819380405,0.012725622918721499,0.014576547015951308,0.016639176292771108,0.02302067939226765,0.037677459368411326,,,,,0.011527770482576572,0.028321496891914603
0.008509033186245876,0.018138664551693155,0.017534837623575227,0.006827124735302088,0.0033245637995942706,0.003301761376776362,0.005232733239352163,0.0065073201535313895,0.007761865544820942,0.010324572444019157,0.01383333489229974,0.012705223067643746,0.014434224573620024,0.018050142698494868,0.021964782766186578,0.037510137253666635,,,,,0.008667336967835036,0.028207594899654093
0.008461228928737841,0.020469101493163416,0.017465023644908064,0.00954086181484797,0.004062973502757494,0.003402359372750794,0.004782056415117924,0.006431137005681306,0.007657227561028309,0.008667598830522219,0.01071360282244589,0.014229137400929622,0.014376152332875288,0.016536280697405318,0.02191383957840383,0.03021906889954873,,,,,0.008450645773965959,0.015411118794766376
0.008898293796928372,0.020549397927818097,0.017661690970688523,0.007309918159797085,0.0035890727552535017,0.003394726904222988,0.0049674321778588075,0.006325655963668135,0.008119999442271023,0.008852115648387664,0.01082712844897414,0.012661149651938873,0.01431721045675081,0.016116360609872003,0.021230736267639445,0.03493419635615884,,,,,0.00891689445468509,0.022462305879748786
0.008245255728865235,0.027057664160778358,0.019921618539672305,0.007241958899291284,0.003641716914008661,0.0034452592898421438,0.004896959251476154,0.006389914748051114,0.007801532634441197,0.010905902186640214,0.011672419878237016,0.012330968295809245,0.01415584760571462,0.025232456781641835,0.026275692680339382,0.03272563380611565,,,,,0.008234828131002387,0.022554787492667455
0.007932596276950433,0.018708440641710986,0.031806198486878705,0.009812044011827427,0.0034688944921368917,0.0035923235640309965,0.004817185289508548,0.006129208871750721,0.0075735636993735,0.008601998123388951,0.010453159394505841,0.013286546580606077,0.01481833606919484,0.01563202731413589,0.020643177117597958,0.03302192457208329,,,,,0.007860327961166909,0.021553625474020583
0.008063459745554575,0.015953135550920098,0.02089612674013554,0.00849854771469872,0.003647499609497894,0.0038734062294694363,0.0047515832828295265,0.006241026610689892,0.007751289623714605,0.008615067899488163,0.010667015390116788,0.012009261464004427,0.013743812567219512,0.015648446426597257,0.019816786770535433,0.028835409127689095,,,,,0.007832848475134406,0.02011809181867427
0.007987992175360564,0.015711000385969467,0.023268031180664762,0.008402586517293503,0.0037698976080746444,0.003270681337275878,0.004941581944617475,0.006186759413713176,0.0076776949100148375,0.00879036415420515,0.010524290856757464,0.012075067309312544,0.013457059274887884,0.01629483161336726,0.019872257892625343,0.029127179359333538,,,,,0.007818927377629006,0.018011930144461036
0.007597201956327635,0.015621756605445186,0.02332926477869262,0.008471148197305666,0.00415295352491991,0.003409974757741736,0.007281964599366955,0.006336922705476959,0.007592719339747369,0.00847114819730565,0.010586311107738026,0.012225336468078992,0.01365878430302899,0.015217006966215857,0.01982272526208975,0.0269129981328798,,,,,0.007452420988339259,0.015186783801862912
0.00741609015694003,0.014050389149145656,0.023405082778760102,0.008285269670311582,0.003961799391961595,0.005788808082074582,0.004597880809597636,0.0060409697457263,0.0075831475681487764,0.008829376688786169,0.010182907124920036,0.011763317927088169,0.020330822018338614,0.014750788446609412,0.01963036560685596,0.03973314988523871,,,,,0.007510150224628828,0.016801912012972813
0.007276307527374618,0.014227314315338739,0.02614704217899057,0.008890857225339702,0.003916279352317156,0.0033478889018071427,0.0048153002629095125,0.006033665713206772,0.010292017171032139,0.008973440721610281,0.01057236603761155,0.011720101304011899,0.01329715795342817,0.014897073750685675,0.02085325640913652,0.026050697458059557,,,,,0.0073662993646076876,0.01660869081499626
0.00712227796037346,0.013367806453552235,0.03960957149986342,0.009366941484088669,0.004172271141252055,0.003078986196607525,0.004696882334940904,0.00609142695305829,0.0074642458190728265,0.008547053738175589,0.010481069767134926,0.011831122235428454,0.013229098087159176,0.014861335610167047,0.018694032813615254,0.02578732925106284,,,,,0.007287706263538428,0.015792001429930744
0.007074177829878641,0.012543208112780523,0.028847359597642144,0.009690210020082426,0.005359766503251208,0.004121605299479066,0.004673074567754243,0.006050033793253437,0.007302995298924005,0.008644562056930007,0.010262581736258167,0.011610029564791631,0.013233411087216934,0.014696703317443558,0.018165601072672986,0.026636564597748595,,,,,0.006946196277191096,0.012926647138769485
0.00707894300584232,0.012530483498090461,0.03282295269866138,0.01052339736322389,0.00410765735660321,0.003198811487366443,0.004461228094294857,0.0059712750242399545,0.007338958208701772,0.008530345572968593,0.009962892358533532,0.011484825030312583,0.013039629522659371,0.014545907049692232,0.018100083559883528,0.024686523164858393,,,,,0.009928204242028199,0.013947434655510321
0.006828311958115233,0.01258148513996686,0.04072598416996664,0.009597785872737415,0.004569869706148083,0.0031058279652272248,0.005450468008288627,0.006466934533064823,0.007558521679740745,0.0083727821351699,0.01017019435709732,0.01125370646305718,0.013017206150000274,0.014224966748575091,0.018163369789267376,0.02375518671730273,,,,,0.0066336512636288565,0.012703998034883852
0.006435421053989141,0.011846596371467746,0.03722622826756706,0.011276128613533375,0.009207706940403796,0.00557794855977744,0.0047007466057257825,0.006037802169689033,0.007243794340979601,0.008563123489874454,0.010062212378338924,0.01552665496495998,0.012933242322550725,0.014008788953114417,0.01769213971785843,0.02402147916274006,,,,,0.006728385068978027,0.011844269696025629
0.006623868410507529,0.011743758982121811,0.04242321360783969,0.01256077375844298,0.00465924650881495,0.0032302819173192186,0.004763033554632576,0.0060842367866668036,0.007471149460416981,0.008425707642909253,0.01016075305461661,0.011263152809037249,0.012315181282022473,0.014148722330458057,0.017901567152940816,0.02266446619581437,,,,,0.007315061680957446,0.01228523563633987
0.006211655930454869,0.011135766300967418,0.04829943010182471,0.013482166401789262,0.0046542332706390015,0.00304254469916415,0.004330300318195159,0.006009812350166599,0.007404407374324408,0.00832462390760822,0.010162252766159476,0.011190256611848881,0.012595831560930122,0.013884057867520646,0.016677948420727975,0.022586033003571104,,,,,0.006682350703612648,0.0113256217348355
0.006432195683003936,0.01042085026352326,0.04464883115001708,0.013582918575069401,0.005022543531182381,0.003055412336966246,0.0044618821640507,0.006112946709164818,0.007129330826228296,0.008252331110985426,0.009768061415057833,0.01111163121001493,0.012171750587777804,0.013395307994461139,0.0167021935343556,0.021381321059730653,,,,,0.0064091679324261895,0.011432079243501208
0.007592719339747324,0.010396427773677299,0.055539921195664456,0.013462912961711983,0.005247583519629932,0.0030795126900360374,0.004605209012681635,0.005923079221972705,0.007748277236800719,0.008237977475948718,0.009990582098868758,0.011115132296469227,0.01643560162487044,0.0130954828359614,0.01663366067170975,0.02145073843692544,,,,,0.007274836859494074,0.01439688713540441
0.006374419465847881,0.009234465971541383,0.055434474757524096,0.015432795186939643,0.005112124616703032,0.0031473099760015505,0.004542256947573729,0.0057971478163876666,0.007354625662927087,0.008000281806956932,0.012150847814436023,0.010840297157346888,0.012166421659770906,0.013277269935492591,0.016920062639015528,0.02062255933040907,,,,,0.006004630732002326,0.010850252850134174
0.006267311500757379,0.009428733941485723,0.03957386477950283,0.026087264606641285,0.006211603731446209,0.003961799391961576,0.004312217146973511,0.005713032418950299,0.007338737301462595,0.008068926607562612,0.009610783483503827,0.012160477151548386,0.012055045895999372,0.013303008880688885,0.015859203308919174,0.020585593736817634,,,,,0.006194458723201431,0.010320708933287882
0.005976214291876322,0.009479937084411296,0.05986140724364697,0.016694368232374152,0.005695126657134879,0.0027259775106989064,0.004539400720826136,0.0058634386802193465,0.007354317049795615,0.008117962698159746,0.00963908107192989,0.010708274960679798,0.012654592018635101,0.012911287130453655,0.015431450497097038,0.022417730013612587,,,,,0.006064593635159359,0.010287826270125406
0.005937895759276453,0.011295349080882314,0.06111512294037557,0.016749494456410358,0.006371214104921175,0.0030907581537263744,0.004432060849523132,0.005811671711572403,0.007096509783407405,0.009419272330371528,0.010839339972560452,0.010563990159560747,0.011813157822756245,0.013209991250844464,0.01546436173811657,0.018984535490517637,,,,,0.006000093145382185,0.010318195304342609
0.006037533654656364,0.008410647590101234,0.023917929105406622,0.02136422362799898,0.006422307907916195,0.0029340409690023403,0.0072103701350645305,0.005849043330207847,0.00739125862173434,0.008039740497380885,0.009339346937703632,0.012260322029480679,0.01193342414241045,0.012671875330793673,0.015524963361373479,0.018324407112959434,,,,,0.006056836310567943,0.009598056132031513
0.005758707558609697,0.0085942674462614,0.05862365232924678,0.021174582337194253,0.006911567561753171,0.0028378682058754884,0.004385950895878215,0.005883036988614356,0.007121003149370161,0.00802460258054823,0.009342818065586856,0.01046184095853888,0.0129930722129839,0.012627171974460862,0.014739529744711979,0.01845999376658515,,,,,0.00589476469768162,0.010167005708529525
0.005777594883977842,0.009660014911826111,0.05348808063097335,0.023827839865494298,0.006959813174083279,0.002940223017178654,0.004454900469075209,0.005663154404673917,0.007245584567718013,0.009645134039617614,0.013347416403004218,0.010572826058382953,0.011409452037863374,0.012576123572260772,0.016613063249142006,0.018399895540508124,,,,,0.005713770181226999,0.009104016271781321
0.005802291196949884,0.008196506480314713,0.05689131298123879,0.0275907636073709,0.009157035309636491,0.0030211557190397975,0.004998989511227332,0.007992212528758178,0.007269843283477873,0.00801020518096694,0.00927087560103634,0.010309015357524614,0.011439564460026039,0.012661559391252354,0.014770294908001235,0.016930330946963616,,,,,0.005833445335476708,0.008945538490592497
0.005619934116031028,0.008266581377616735,0.04790716593122694,0.02733862852833418,0.008117004053503072,0.008369373589535874,0.0040943746787963425,0.005837001569270548,0.006867658451411152,0.007876810800860574,0.009272274461179208,0.01020123144790847,0.011359096791277563,0.012357891122551933,0.014300782004138458,0.017154981186938967,,,,,0.005529197753767706,0.008231047326473166
0.008648124590382795,0.008020560977380492,0.04784784056418568,0.03181329290636879,0.00823817427003284,0.0030365709712517007,0.004373142794715511,0.005788808082074604,0.011315425230455492,0.007851371542483653,0.012268993369858852,0.010206347467621092,0.011369368204764856,0.012959089097281539,0.01397244962094811,0.016959894174622476,,,,,0.0053790901793644205,0.008389610854075627
0.005434263008842348,0.007496451670867142,0.041418520687079054,0.031822505135965205,0.009155335522725303,0.0029548535454883527,0.0045034730490017705,0.005589562281900949,0.00713442275140294,0.008061650041116909,0.009061177300467408,0.01023692654668639,0.010914223628796465,0.012129053608145366,0.01398995897771312,0.016556190287968574,,,,,0.005488881283176932,0.007970722314332898
0.005314628393714187,0.007592762043815914,0.0422872559450524,0.03176914112258931,0.014974358139128454,0.007308631713912741,0.004032453608361985,0.00577445128652099,0.00694582283581678,0.00801554655927394,0.009137007355973024,0.010138262741836336,0.012011718143468854,0.011934076224274408,0.01412521326210011,0.016410310647155976,,,,,0.005281580707554738,0.0075824634078182195
0.007216168764781874,0.007419980330128994,0.03709119591730959,0.03710157089017517,0.010268551356490395,0.0029100729081314226,0.004313420038910026,0.005740209987667531,0.008383115490909917,0.008040748678524449,0.00982746400190186,0.009872495726204179,0.01090747780387428,0.012179127302084024,0.013574131121377491,0.015918485145730653,,,,,0.00628822936860368,0.007855376365042445
0.00522746364864816,0.007165260333442347,0.037575705860406323,0.040538528583819664,0.01143400772234818,0.003063784361559716,0.004401521887825291,0.006414983164239924,0.006920334693098474,0.007784890410969196,0.009035842927507937,0.010012076414672782,0.010984819439693459,0.014198478495367671,0.013442305361901472,0.015572008939116859,,,,,0.00527297897900289,0.007313643139870605
0.0051437397889098945,0.006976703972906164,0.037006365399947394,0.04601638676176531,0.011373474172840995,0.007523048083472628,0.0041883268994576854,0.005714905014140773,0.0069495096900289745,0.007894902178086199,0.009135055386913716,0.009975479267648012,0.011179791639171238,0.011579744412727848,0.013308004510692325,0.01546262138108276,,,,,0.005261898952094517,0.007341961887268089
0.005131812150548193,0.0067957547498212496,0.03014382454762378,0.04622111683796933,0.011299941059721,0.0030744546312864774,0.004256897520332753,0.005636065505593872,0.007891122865118507,0.007900649837763838,0.008944668541793203,0.00992820424202817,0.010705700896122538,0.01157380674256801,0.012971218289852924,0.015679247958430943,,,,,0.005116625871337845,0.007597031238442773
0.004800125853379797,0.006747873797063083,0.027171601439663334,0.04627981612089705,0.014490632123813027,0.0030242664981788166,0.0038696374682592577,0.006010891291729286,0.00696931056225961,0.008638858947606604,0.009027621783700883,0.010035398823110974,0.01090185805147497,0.011709029927404361,0.014763202634775752,0.014502508858952457,,,,,0.005114090440508334,0.006895927907715958
0.005106794064993856,0.0066168648026686564,0.02715208384249281,0.0430467262615055,0.014495106612764447,0.00374426613227407,0.004132839598583213,0.005602367445070559,0.0068782731131390076,0.007798207031052835,0.009036560576201981,0.009886837635331198,0.010676586023263991,0.011316342145979106,0.01295828842140983,0.014620080277206036,,,,,0.005088666652301691,0.0066140710876126385
0.005049841564069112,0.0064924047556208135,0.02704519862610179,0.04769836142512439,0.014983471311179731,0.003235597441402006,0.0041951339214047955,0.005845882689025439,0.007004533348392453,0.007933740680446388,0.008963607048735816,0.009881851506065468,0.010602378781910097,0.011427398493371868,0.012829157593976745,0.014592398379265162,,,,,0.004993797912037621,0.006830400969067579
0.004761671870864545,0.008870228292583606,0.023957684088568146,0.04652285006888033,0.0165978132958539,0.0032141817265331704,0.00416449256119655,0.005956704817460673,0.006833580736438806,0.011138095423224461,0.008982397334800626,0.010057474390547513,0.01064730017899168,0.014493227495660302,0.01632514845604474,0.014055626653401073,,,,,0.0051019028333242475,0.0066977145108550115
