0,1,2,3,4,5,6,7,8,9,10,11,12,13,14,15,16,17,18,19
0.11493592047322335,0.1898179612281241,0.079374943813428,0.15656461227137153,0.13595505695525614,0.10933650730573452,0.10222518427886372,0.30937025709700056,0.2468422465876813,0.2017012754325021,0.19012630991816365,0.18255722793114418,0.1762066347102076,0.17470156396899383,0.06127081734677322,,,,,
0.0455042618116344,0.19037342861526801,0.06088087168795376,0.06053354884719111,0.14197242280633446,0.11907311931197898,0.05572229790303715,0.06384339406651791,0.0685074418855726,0.0466070666251216,0.06614693566597526,0.06378544001613781,0.052291662001598634,0.06466466369735906,0.05844095128030603,,,,,
0.042252470822682284,0.05687169055594462,0.06340763673666888,0.049301221239116566,0.04528498243691267,0.05226586548240161,0.06073956031376477,0.04679275494535552,0.07893524765953192,0.04183657308365,0.0658770514715143,0.06793578329502868,0.059998638299375406,0.04409219889436249,0.05355493128006714,,,,,
0.08548556109251665,0.04631411752987304,0.0505198480759472,0.05092587471256178,0.06347418979981882,0.056778180226431434,0.06551149965561252,0.0436786999565066,0.0536647711421802,0.06654647763376356,0.04865235171955755,0.04344770899765016,0.05589707190772297,0.06313402747219056,0.07891875232239524,,,,,
0.0645368730457532,0.06015814510560018,0.05301919021731345,0.052791732566730476,0.08053704113435424,0.057452344834486586,0.03809931381721727,0.06599522323383224,0.05168309360774102,0.06304237023306747,0.05947446897504537,0.055328578830310664,0.0604783838729141,0.0670258226104731,0.05542086155706285,,,,,
0.06038280840933766,0.046826358046063894,0.04874320757908055,0.07202191721291898,0.056415938939858565,0.04964079284181149,0.0490362952353891,0.07054696679602694,0.06708250917983116,0.0528775852703114,0.053259343090455595,0.05314948879416949,0.05496150831807359,0.05538139838177355,0.059303694626936014,,,,,
0.11289185372208446,0.049316546581599174,0.0498184734176089,0.049608076718631454,0.05106735594934335,0.052095593009567454,0.05648049086315744,0.0537594516894317,0.053261850840656356,0.05257917577591107,0.0540627219354415,0.05370122181671242,0.07053087678353001,0.05641662849636232,0.05875916135950077,,,,,
0.06323069444883729,0.06795524999993419,0.04748561122652482,0.050753961945231,0.06023808993482997,0.05455720754469902,0.05194810086807443,0.05073399743848281,0.05148323990121377,0.053581559267523074,0.053766928730082555,0.05387988040517929,0.05399996250175708,0.05695021484305382,0.05843937584706397,,,,,
0.07738046021337704,0.05108443606438083,0.05015478224113625,0.053356468659248105,0.05043637756024556,0.050632116829642,0.05144695693674605,0.05159397783736674,0.05194947377265672,0.05501211690959652,0.053473579459813354,0.05371413304322546,0.05506896066039118,0.056838579333183266,0.05320923637828811,,,,,
0.08562055067156421,0.048748261984319904,0.04986809310916126,0.05184592357671288,0.05014164629622386,0.049444433653564976,0.05274784422408534,0.05186662890346937,0.05247089400327579,0.053246193729448006,0.06322854106315204,0.06154798487271591,0.05377975787385558,0.05728578544181221,0.058750311129229175,,,,,
0.07255897416937535,0.04832265404321232,0.06229552141923284,0.051308493849984343,0.060531561938135185,0.05089057034992154,0.05038050357643888,0.05029038818694594,0.05035934816480578,0.051805639529627995,0.05341024915474935,0.054144811160220865,0.05481798974220987,0.06076322661935256,0.057841365715285115,,,,,
0.09801047579922335,0.04958496383477993,0.04970370814367295,0.06515112697149637,0.05207463009946687,0.04987233148501167,0.050511652920884366,0.06071231263362377,0.05114971439862354,0.05050980449542597,0.05078279918647678,0.05201834701682804,0.05276072454340386,0.056709479785101255,0.07984565185415947,,,,,
0.14627323047612698,0.04794576876664765,0.048137405513018684,0.05033832554523745,0.05209727938537547,0.05146084953113259,0.05030348529032445,0.04972144577873537,0.05009476325605482,0.053624160726507414,0.07078167239064331,0.05593835618294559,0.05200510205325201,0.05351469791031145,0.05488347603617539,,,,,
0.12943424386046035,0.0479820980444875,0.06981624120921733,0.0489246848000621,0.053526473115735385,0.051547931451781256,0.05008585776651865,0.049313949958241246,0.049266463514602336,0.049450157194444525,0.05065268470952969,0.05085245567363698,0.05108849738424147,0.06187117930354201,0.053747534513896626,,,,,
0.1580619696105637,0.04728655509326389,0.04734180763693556,0.07491151239355043,0.04985040765377626,0.05140752690122494,0.05016641553984688,0.05305547339473324,0.04928214173060751,0.04958837000144094,0.05049871894151433,0.050830017048082696,0.050411155758278106,0.05124692247570349,0.07804268390279422,,,,,
0.1881686616222315,0.04742030001918343,0.04696875117310846,0.0480220858880218,0.048955784960894186,0.04974512087730303,0.05037252387460985,0.049319491447192776,0.049462611637899424,0.05297230806428709,0.05070483194538643,0.053350295253215226,0.050320064477527876,0.05092543546884873,0.05240997069861984,,,,,
0.18360727875591137,0.04997897190284194,0.05978832805391578,0.04752551885896371,0.05002659204858293,0.04871750846254798,0.04907631588335193,0.049533031676186584,0.04878562837251182,0.049168109202745974,0.04965646385495075,0.04986913323474688,0.05006679884089144,0.05483364736924676,0.05181600753230544,,,,,
0.22032947013209686,0.04797594259050677,0.04700824934494945,0.04676902709721006,0.0485637825014068,0.06329351539810733,0.04850035768180768,0.04947867979149564,0.04894683782351489,0.048621050802315956,0.049135309272356265,0.048566452608218576,0.04989455755918058,0.049918741535513934,0.052734419781100134,,,,,
0.18393846211168335,0.04798769875387891,0.04623991722331917,0.04663980955079037,0.04750679756446723,0.0485210408091746,0.0481048328064559,0.04913193767896077,0.04835672253865466,0.06735571182998257,0.04831873596805371,0.048845822377160904,0.04926714127460633,0.04965270979192205,0.051369114218676404,,,,,
0.16164160669561126,0.05021684700452011,0.05312279679395257,0.04696030218778458,0.04694970429326576,0.0478479721701557,0.048527113758890274,0.048245522240713025,0.04754025055220747,0.04853702660060851,0.04835725885842702,0.048880322104424764,0.04937334227696258,0.05172200017695529,0.050762105208652986,,,,,
0.13795610545809436,0.04907060819657082,0.04641189817526,0.04959678961676377,0.04598948848585028,0.05572109359077436,0.047121729663122926,0.04818773364590691,0.0473793184768993,0.04803973585747503,0.048000039626553755,0.048755556695239496,0.048771399149324636,0.04893209896480921,0.050770279092614994,,,,,
0.14099828887265356,0.048918190685414295,0.046881710398684426,0.04597750343107991,0.04641066880648947,0.04724258239001235,0.047380529554562456,0.04793597035759174,0.06540669023425455,0.06729817634925023,0.04953475948040616,0.04886277672937974,0.04858567304549358,0.048952394380318585,0.05058502185952331,,,,,
0.09216993308880297,0.049993998703326395,0.04956718389993913,0.04590323218261033,0.046401342704429326,0.0469268019095295,0.04937882457857675,0.04760701110093584,0.04737981112239563,0.04766893146404601,0.04769025388951822,0.048083229016639646,0.057401221989975736,0.04788064513883362,0.049702508016239176,,,,,
0.08758045550622907,0.050622691094347125,0.04672550399827654,0.046301607368680324,0.04597492976189878,0.04757941056473219,0.046824890318760005,0.04702156430236308,0.04703314545585205,0.046618583853892906,0.04710401100793068,0.04695995011374045,0.04794227970771472,0.04799094132662857,0.049454031517931554,,,,,
0.07934038783236062,0.05022614235877585,0.04653693510610026,0.045772909084997426,0.045781548879606,0.04617765324047409,0.04650080835493417,0.05740470651776232,0.05944018428381552,0.04731608732789887,0.047776730889799,0.0472877137019918,0.047095586288333983,0.048078785723725544,0.0492702996448661,,,,,
0.09469574871934688,0.050491059693956286,0.047077134742418765,0.045681822917375325,0.045808781889399325,0.04639709468984293,0.07308073430470247,0.046475166704714785,0.046714262961950304,0.046713895153954764,0.047313531657612144,0.047420252164213285,0.060834676547386286,0.04720847897830777,0.04866770153719349,,,,,
0.07231704145527063,0.07457422794016874,0.04648292275616597,0.0459894814367361,0.05295379825851598,0.04679792995376307,0.04659961646681606,0.04622527606975315,0.04654111463236547,0.046371367725633696,0.04665295865707054,0.046887850480624924,0.0469075859512542,0.047349586048279456,0.048987222736985504,,,,,
0.06718951497618465,0.05260235969808721,0.046886052792135126,0.05320396597706891,0.04524315585827856,0.04622129943856778,0.04603224263387046,0.06479948192990345,0.047263932539662365,0.0466396149273,0.04591198867320021,0.04672694015807096,0.046873404796629284,0.0468516898627478,0.047973557224238,,,,,
0.055632473211745775,0.054161255973889606,0.04656161673800247,0.045770437237196,0.045592517304883354,0.046164137011913034,0.05590978336085993,0.045953947220015244,0.04599983542063983,0.04659399501746456,0.04597244762117214,0.046663679524479515,0.04772319787113772,0.04632764598245552,0.047698226951921295,,,,,
0.06237410930692648,0.07748771657767654,0.04634737518347317,0.04521933897853681,0.061701048798707296,0.04585739577167465,0.04634759201809263,0.045655842013016264,0.04570154717694029,0.04589227009174126,0.04594728017204101,0.04587333454074675,0.0461385682300921,0.061270499884742965,0.04866349814061679,,,,,
0.057930888016251056,0.05259288640798757,0.04704337999444222,0.07358149170920228,0.04507948879678912,0.04599106041131516,0.04618772640122937,0.04614627547802408,0.048484099030514205,0.04645217691602336,0.0454222015991717,0.046039228329734914,0.045639926732783186,0.045963568640055796,0.054526775435236194,,,,,
0.06356350054750803,0.054197235160278044,0.048294146818558904,0.04532448166415779,0.044885370192688116,0.04596054276539061,0.045675435540605894,0.04562288320491917,0.04589961611211541,0.059850542704485615,0.04646913952646263,0.04540503350566026,0.04590852158513028,0.04600002570350221,0.04735194123065577,,,,,
0.05514675399768301,0.057012882483170026,0.04750079891303149,0.04552748104229254,0.04630571712287479,0.04601609119543431,0.046200639296289495,0.045925155573557835,0.04545336598530383,0.04634074375099028,0.04519182250123994,0.04582214116815011,0.05738312954181337,0.05254047203744738,0.048291246836066865,,,,,
0.05426793320217859,0.057150095314221126,0.047141738571239857,0.05651134518846364,0.04511594888859409,0.05733431417669101,0.04595422234724393,0.04578080535485229,0.045663048581181406,0.045407775125284794,0.04539684335905425,0.0457757065740613,0.04481464218734494,0.04523843361587341,0.04720301245388431,,,,,
0.051956387667923896,0.05885195333904159,0.04769748611823357,0.044877908717544,0.04470391336232352,0.04631551744957721,0.0461611593990677,0.04570239129877734,0.04507060652924124,0.046831889303045486,0.06492695043964979,0.046749413431243864,0.04467228419937799,0.04536874856935869,0.04809291653377325,,,,,
0.0612772720513402,0.06280148002463144,0.0484164855949282,0.04599190626825504,0.058503551474312424,0.04643232468043662,0.04539109437885843,0.04558534936773049,0.04578792145365574,0.04558904725382142,0.045648563289605364,0.04547472208063152,0.06362928429588567,0.04530648945714898,0.049454923028262654,,,,,
0.05100368202601507,0.07621857000187891,0.04825488157736719,0.05514927585490846,0.04494576032582547,0.06247207670905034,0.04577965109726317,0.04559393938065986,0.04599194151195661,0.04575417212425924,0.04528263429690818,0.04503701789149354,0.045221977156135316,0.04475004744785783,0.05999071126944348,,,,,
0.05018123116378854,0.06841794644584738,0.04832367376409716,0.04574958057567801,0.04534639889736767,0.04713995056480825,0.04588492289529423,0.04648124889774644,0.05676762205008943,0.04864838689557159,0.047517278031727346,0.050273212406128816,0.04514675022386366,0.044849387659808754,0.051482767631089235,,,,,
0.056444875829833166,0.07941800028793408,0.0744130484774076,0.04576384262904254,0.04806542640184097,0.04786998011027076,0.04628250307475911,0.045836437225434935,0.04556730364678812,0.045380358619293376,0.045421516427473274,0.045318022461085065,0.055212842649972636,0.04647695936038436,0.05163911682157741,,,,,
0.0484901899780143,0.0805628833898738,0.04871207152543695,0.04947592786802327,0.04509731996931412,0.05478798650652012,0.04619204981587757,0.04543272767778073,0.045143626512660406,0.0453478787332129,0.04503355542776491,0.045800288796942874,0.045412836691181624,0.04483171819765727,0.05106950793941242,,,,,
0.048031097294651715,0.08019262927844557,0.049541670094699265,0.045703696464877555,0.0455341454802428,0.04821707698892339,0.04610072291043382,0.05453195365891132,0.06545544355299035,0.04919771126173271,0.04848312948968525,0.0470649307177036,0.045379387061317375,0.04444736897866912,0.045631324063562045,,,,,
0.05101234467136141,0.09120134461464291,0.06496827495587455,0.04596204514764144,0.04473644773129655,0.049227328447354966,0.04628196372622242,0.046296005753397734,0.046042748944057015,0.04508297649616751,0.04506611798096156,0.04498590331261474,0.04562355824685326,0.04516123136698414,0.04199188162161747,,,,,
0.04721371828134971,0.07961113845123192,0.04966508080448414,0.04809075942676053,0.04508556512949741,0.05593881401764168,0.046641665383992746,0.046394215879921694,0.04537492191344093,0.04544152489484728,0.045426255320257264,0.04585439117032529,0.04457336386435726,0.04440781960802035,0.043819676790350745,,,,,
0.047109454612718094,0.10369902205819934,0.05078994210993434,0.04587673362370516,0.045319338696747466,0.05361424518169095,0.046833273745745224,0.06797304665805896,0.05183167135747158,0.046875265213410074,0.04821799136951456,0.0481080674841544,0.04541135183328818,0.04444809104766261,0.04175131089594324,,,,,
0.05079125057953347,0.11306447692816186,0.052973538149525094,0.04631488049135822,0.04556189636356277,0.047906366861657175,0.04859528041335114,0.04636457890704252,0.04590865575430453,0.045486240937720517,0.04615852573707419,0.04585393869565435,0.0449542994790225,0.04457822928163077,0.04207055382016107,,,,,
0.046890007615837656,0.11262616678512884,0.05222519150368395,0.047683727629045075,0.04587379389099954,0.047476052439079985,0.04794219180178798,0.04653467103930346,0.04631896807095657,0.04570806566276197,0.046140198311475145,0.04602893955169356,0.04578222158207344,0.053436154496700465,0.04322568435486714,,,,,
0.04659871902843821,0.11310203464908411,0.05358698007248078,0.0471851250774537,0.046373437033949916,0.04808822470237711,0.05106204858917163,0.05052756711968971,0.04802413807237331,0.046914164899931964,0.047443811478315945,0.045963364100027514,0.04558636631630839,0.04481429495827721,0.04222496337031139,,,,,
0.047332219808225946,0.11046385260528097,0.05691661959533107,0.047887828304826234,0.04668227365862365,0.042324531551193305,0.05071575099519988,0.04819684860678898,0.047556865969915596,0.04625394397996404,0.04647841017504864,0.04781818538506988,0.046367620364740854,0.04509645733296553,0.04261417290082459,,,,,
0.04736234644842458,0.10495640503591666,0.05542790977373762,0.04792510118009698,0.06224195455904467,0.04233727505560471,0.05015920967560348,0.048636410498629525,0.04782574397075635,0.04645058569942002,0.0478008469671441,0.046488397247126605,0.04648515447363396,0.05810419081134382,0.042825561687762255,,,,,
0.047479282158951794,0.09780919328037652,0.05850798433814249,0.04780679440718482,0.047662511110958664,0.042480498163866,0.052435591220093725,0.05095324040078624,0.049868743190194534,0.048345840666544966,0.04736758242032656,0.04709238532579213,0.046155547762231124,0.045702788527188315,0.04198017618848029,,,,,
0.04779947020223513,0.07776835282828794,0.06391619385769869,0.04920957081558028,0.048670239386928014,0.04341293194569814,0.05628134277295522,0.050229866472863774,0.049339837767490465,0.06365065892511086,0.047535101798811645,0.06391805526718457,0.04737371427380163,0.04719459853794678,0.04348157847269296,,,,,
0.06939985586329782,0.0776709508618079,0.062016624272813826,0.05045296448208332,0.04854918109601934,0.04379066638688327,0.05823462969473212,0.05063365346794512,0.05010235367715234,0.049334423416427374,0.048990471943825165,0.048530286890146004,0.0605621670273906,0.051003040054637884,0.04462968728658183,,,,,
0.0490295315869973,0.07773625215447551,0.06490097626146558,0.07457389320910186,0.04840625339367564,0.043813254713940174,0.06676863477999626,0.055427038300070286,0.0529523779268148,0.05028260049683656,0.05006892261291682,0.04898374829572186,0.04875672029020729,0.04746890257358231,0.054336278090486904,,,,,
0.05203810535026142,0.06816806573162637,0.07719650702517035,0.05180859308873947,0.050605013108655054,0.04489645537988052,0.06657899222194649,0.053730794139507355,0.051413580477787386,0.06556784898929957,0.05958684066214671,0.06723351846051474,0.05021352220660835,0.047989826716958145,0.04483602775923321,,,,,
0.06694328152917695,0.060911365132554816,0.0763295020081537,0.053223978543322406,0.057528521280917407,0.04633399242562543,0.0667165505412975,0.05901796528301036,0.05430092835026376,0.054738823064280455,0.05144438592292617,0.051283397536311275,0.050386937899336216,0.05483577570443459,0.046101151866848294,,,,,
0.05257118447802359,0.06215305546989592,0.08569849405166985,0.07132861818866851,0.053472542757299325,0.06077680323525004,0.09581150211097599,0.06051160889834875,0.057372620537468756,0.057101427049673276,0.05570440507767444,0.05450655722474406,0.05011736288936567,0.05180078957048202,0.06961610216584702,,,,,
0.05637151373812426,0.06187532375093915,0.0950066856045231,0.05617017861633809,0.05581015412336408,0.047662130215380856,0.0637350277866429,0.067044006210646,0.06404262621006783,0.06093520411927961,0.05926564087051976,0.06304743523177851,0.05560908348299143,0.054497278123727885,0.048094123123312085,,,,,
0.06796667454949269,0.06148160878277203,0.09074389933487252,0.06285149081609179,0.057745018662153175,0.05132282818848486,0.07632485969933346,0.06831451160238834,0.06278667348562104,0.061673721288157166,0.06225143845379274,0.05875949238963188,0.062242418110826654,0.060595426363666695,0.05144698844347144,,,,,
0.06296704655949541,0.07850741866566967,0.12180421809504365,0.06332800733873464,0.05796313477122298,0.08627632554767811,0.0485673070113951,0.09171012560836507,0.07900667261159448,0.06016843160134007,0.06287590898720587,0.061917014757829264,0.05793862685994081,0.05759242847860932,0.06741575169734777,,,,,
0.08088407868545276,0.0650611255150029,0.07729595382989461,0.0634924663868842,0.06295200602767087,0.05465394851606586,0.04851973793216182,0.09334572582055924,0.07717592263305019,0.08259950158348958,0.06604169641814235,0.07698545084695625,0.06774763737444923,0.060500893141793625,0.054273906661416106,,,,,
0.07330368844806147,0.07997228082789669,0.08385014018897752,0.07919241413896469,0.07090590315429363,0.05913298628271903,0.04808617525306506,0.09462327759346854,0.07899794038613235,0.0810582241197597,0.11853264650690722,0.07519899113829402,0.07260951961484907,0.06791961405574823,0.060733133867117796,,,,,
0.07218007779955202,0.07969929149776703,0.07453086558386046,0.08189740785428776,0.07156091871937108,0.07979379911344851,0.045841211016333754,0.10676111996828425,0.09816774122211093,0.08995196890089978,0.07849754062322208,0.07508008513555404,0.07498660144807946,0.07342059231041902,0.09060809523615186,,,,,
0.10186609698065492,0.08094469333067754,0.07777595598237294,0.08574181950703376,0.08881290525611779,0.0766055790911017,0.057473015890926696,0.16835224596740325,0.17509272964188294,0.12057976592814193,0.09877504558037008,0.10517676983714695,0.09242240756220992,0.08675074963946708,0.07453159197623666,,,,,
0.15581548312359864,0.10365820132596798,0.1203123212343553,0.11347781379538327,0.10365482050482834,0.08718200055736772,0.056944749847762405,0.21178405865569921,0.13475193125797588,0.12198926387099293,0.1492615844268303,0.11198079568979546,0.13008163505254372,0.10074830418767168,0.10268651656459814,,,,,
0.14987217580392356,0.14390250840534727,0.11042790178893122,0.1388347137742679,0.10600162600036683,0.13330342291078284,0.06755327136591366,0.28252207337682667,0.21837428475594292,0.14954481504469602,0.1427867882136509,0.13685524276299502,0.13189098502464364,0.10552911399783686,0.12770879349954614,,,,,
0.19473930283991167,0.1576095915122505,0.1610525837607159,0.13749019297129997,0.1562227946250852,0.1267697519208732,0.08214006033378139,0.31164945677068334,0.2238491370183635,0.2515134359324262,0.18258524790503566,0.17303909611738175,0.16242645012176993,0.19448906382007378,0.1280556133880996,,,,,
0.24304226248221505,0.24879666128315578,0.11368100283496511,0.22525970651598598,0.20219417240946777,0.2076333456631313,0.08763075279374265,0.2651545568540946,0.28779773000185077,0.21630352278832876,0.22689475069600015,0.1764560180307568,0.2574136807313011,0.1945997365264416,0.16572631962986953,,,,,
0.24974378509743564,0.23063562421399658,0.13262837194621227,0.2325401462924351,0.22097263185028929,0.19136477702751042,0.14048265566026588,0.2661772524150516,0.285697400667925,0.2995231504747856,0.26579845648444717,0.25548383632025035,0.2422151350261224,0.13423258812925765,0.18310747736325633,,,,,
0.20414490424478351,0.1877660848810239,0.177498737996391,0.20359738476357736,0.19509263401717158,0.18101649183589213,0.12124774190418434,0.1736764881756439,0.16303727898453862,0.16529120983704876,0.20435608356105342,0.15030168614235906,0.19935720096028073,0.19376626406461556,0.1768301091408685,,,,,
0.13294041483270472,0.14638285184470454,0.1414396746293164,0.1570867356799213,0.15175439907045923,0.14023213277114666,0.1161773756835183,0.15054609454535064,0.1756358447689262,0.16524399860229125,0.16911820639445424,0.17122993896564434,0.12684542467766483,0.1467219344393305,0.10979498211541196,,,,,
0.18088789966360141,0.10855543476980659,0.1376625519364651,0.1187506568773658,0.10362998794955951,0.0898635161697931,0.09920246835766951,0.1080721911577617,0.1439630061871001,0.1654616900235467,0.1293332653034103,0.1247830365424722,0.12380660921127737,0.15882045551838572,0.10912901685669887,,,,,
0.10939785122325174,0.09603772796837451,0.10680449430023889,0.12578926265217713,0.10221457578223055,0.09309622551398508,0.09771355404244048,0.059708394559486816,0.1294329890338273,0.11249860079557854,0.10891108855005843,0.10392838242938798,0.12330653006006158,0.0976742545129637,0.10857091194743894,,,,,
0.09544295840706107,0.08249685967859778,0.10638166680001661,0.09224125300665234,0.08921837866075269,0.08193419319661978,0.07929648792014544,0.05185883411821922,0.12196917159943092,0.09137959757456089,0.08360766992806251,0.12308707576839167,0.08895369514687826,0.08482199136829276,0.07908532173263796,,,,,
0.11347541404535454,0.07022930393235684,0.10954290335650933,0.07070523552429753,0.07624595672938933,0.07368972862546724,0.06614030920257757,0.04605139443056885,0.0994744923633328,0.09112512683021155,0.0821884488505334,0.07968470780443573,0.0764854689952481,0.06993009754508919,0.06376415632461917,,,,,
0.07763035395647823,0.06729829196065028,0.08650002888848775,0.07215727616623259,0.07165684479039448,0.09477291924996607,0.060966079834563015,0.047617381005936335,0.08632488535936877,0.08080410316567456,0.07510427419598949,0.06786582411308381,0.07065922360271346,0.06799986878420156,0.06394132591871723,,,,,
0.0721345572088417,0.06119663466494432,0.06097416184896204,0.07093521306239586,0.06622983288957751,0.058588985652486325,0.05477390203581781,0.044990803378312766,0.08638390019403142,0.07355227106611945,0.06133752724980852,0.06781069593563309,0.06520556042039392,0.06336243957248767,0.0554453129828612,,,,,
0.07119478014414764,0.052300092719206416,0.08892607704635404,0.0680740287432212,0.0638353960023708,0.05602910228382883,0.05251914350323208,0.04523323786312659,0.08623429119014026,0.08378259289112813,0.06218071974858448,0.06801355472017016,0.05784412878024496,0.05518801214075664,0.05245750374501508,,,,,
0.06419159528111759,0.050838632764111796,0.05738893691850101,0.06901383265542206,0.07513289555210896,0.056210950876056445,0.05157192470573899,0.044613958193527925,0.0848093780064325,0.06271418050136579,0.0615853495340296,0.05611772599086572,0.058822420447042195,0.05620647527706912,0.054378741369669414,,,,,
0.058431603457938346,0.0513258284797852,0.053083182502751604,0.06204489278667524,0.05722845852234195,0.05134386442981719,0.0525356528916113,0.045048986895316806,0.08838356729435007,0.05818684069887191,0.05595313829422905,0.054189548284143546,0.054077872875195124,0.052042048641621964,0.047891267177248106,,,,,
0.05735552516813005,0.04814354705667487,0.042670370105656226,0.05939131296166987,0.05262318630862449,0.05149309361629538,0.04960711607515599,0.0451076487579719,0.08802452484454212,0.07139966585011859,0.05396318495737133,0.0518489561234988,0.04895475854038741,0.04848575054852651,0.04644948996155902,,,,,
0.05713307521617035,0.047369361834554875,0.04251815000483681,0.05938244776038861,0.053743197598472306,0.05122887770838507,0.04822874748653725,0.043762170122861196,0.07610440935232046,0.0565717483878356,0.053192753213366174,0.049367005684982264,0.05046776664466308,0.047899795598364665,0.049754145997113086,,,,,
0.05531228765898446,0.04476980568021124,0.04284757686202352,0.056878148617822984,0.05303841679155562,0.04864120940905472,0.046621038547449915,0.043405008228085955,0.05323028231368868,0.05600447738612073,0.05041487906623996,0.04923607976000917,0.04781560231193755,0.04735133875329139,0.04440909712134748,,,,,
0.056863253500940715,0.04113990885344763,0.039455473525979834,0.056305593252134974,0.05103354065753004,0.04686829345740564,0.04586842273895356,0.04364975182360618,0.04750044402027141,0.05442818241465887,0.06781211101912886,0.049416055298092225,0.04681012048273181,0.04576069728251645,0.04359270517159264,,,,,
0.05609446924702567,0.04128395640678988,0.039036509216057044,0.05739160314363524,0.05021489088794094,0.04791936461541879,0.04529847472315192,0.04280760969728825,0.047210731331862404,0.05448161308194645,0.04936927119210276,0.04779000132597819,0.050158356536148266,0.04694406951997456,0.05922361062833922,,,,,
0.05939502459874136,0.040412547587224,0.038040019863958045,0.056754194512387876,0.05048284060045533,0.04538223738196476,0.044152447717416145,0.04293636277497394,0.04077734120542227,0.05333474312416017,0.04964197486986167,0.04627381669743319,0.04520003545271492,0.044391573733298606,0.040925770280491096,,,,,
0.06285875279645393,0.03982434535790419,0.0343428904348676,0.05540948893420219,0.048150603477283165,0.04537532200861168,0.06029564694682195,0.04224050758919123,0.03947009615157993,0.05802259093275397,0.05027401845798424,0.046506350448254186,0.043624463113154835,0.041864173115035874,0.03987188933273226,,,,,
0.06178346253163969,0.05791888320878007,0.03485505257468684,0.05634121577485889,0.04821584658179218,0.0461236489045413,0.04352702696794551,0.04296112082783486,0.040169426767562307,0.05352414735454682,0.04726828782837718,0.04556041636366799,0.05719527610410074,0.04160835152015212,0.04232705145462152,,,,,
0.05199263312294515,0.03877820167915542,0.033260121993171944,0.055896329543757985,0.05044846001099448,0.04564197948356097,0.04360423794133374,0.04770918179145029,0.03991668042075502,0.05707372050804264,0.04625817710779657,0.04409241211452876,0.04390197805123694,0.043835594746754594,0.04015206348886572,,,,,
0.03694763002870213,0.03726369288085481,0.03358464289903136,0.05733259524523283,0.04850559111250707,0.04496763145033295,0.04404751019109771,0.04232496048152073,0.03966963004364531,0.0634611698202995,0.046748921077145573,0.04944878701416011,0.0426216351544905,0.041647072083609266,0.04017588260436027,,,,,
0.03614846882170618,0.04078968588737826,0.047210422326301786,0.057952904356112715,0.04922838211138696,0.04606034797920494,0.04388733255272709,0.04271744819790663,0.04016180754538933,0.06004448321463142,0.046189916233250396,0.04422035678879852,0.045953580381148044,0.04142165713904086,0.042486030559300544,,,,,
0.03587123131592425,0.03712207881530269,0.030976756618133452,0.0577525634921643,0.04759516090653751,0.044749141894605396,0.04277654883164137,0.04223785971914543,0.04071464599092323,0.0603610123882105,0.04588645601321423,0.04396301849928947,0.042919393755957776,0.04331702573016383,0.03867942807809509,,,,,
0.03478357588760706,0.03526077048173923,0.029921869547957447,0.06014064486123532,0.04755928586849672,0.04540846050432681,0.04218382994588441,0.042678878378424975,0.048743746297223264,0.04699594465419598,0.04588887922416991,0.0513692151929102,0.04099807536592766,0.04038879580442957,0.03806871185465179,,,,,
0.05223166547003325,0.03706904941937648,0.03469436167277936,0.061122913549619885,0.048548513345606024,0.04450378629855383,0.04261771021758926,0.040922799686794846,0.040332128314482386,0.04420036027953332,0.0450981250816857,0.04211245223123052,0.043224424365670804,0.03948954077956791,0.03874830321193534,,,,,
0.03462923807693634,0.03563107000765703,0.030272592573983275,0.06301025844332798,0.05121884657433165,0.04442766436652415,0.043483815121879016,0.04507672721040793,0.04051008039508012,0.0410254571976602,0.046134296019417244,0.04294787553517126,0.04075610087863743,0.04162647803754532,0.03886222045399366,,,,,
0.035133157630208876,0.03463545362253998,0.02956717293949372,0.06212413170052947,0.04879891675245275,0.04417399975676599,0.04285570954927945,0.04167265835699773,0.04640642164560858,0.039579839366022655,0.04780356646997147,0.04665648854712897,0.04052640236855576,0.03952607209628656,0.037776452188640015,,,,,
0.044505301436127756,0.03505519248425999,0.03126865411658735,0.06325970160979968,0.04867660008233272,0.045521328387417806,0.05375747974816747,0.04229165182703899,0.040338783136676715,0.05334310014633704,0.053530294654906135,0.0418788913709799,0.04187947194308371,0.039236165970384033,0.038614804311252936,,,,,
0.035586323357188074,0.03524870597894382,0.029017496620651197,0.08209742452033751,0.05126614973653653,0.045184074419059396,0.04273190290495507,0.04179287001691259,0.0403438217463138,0.03890339932845397,0.04787674506107795,0.04185888380882657,0.04097757445245816,0.03882017951575396,0.04573447764908803,,,,,
0.0355501845567268,0.03387504606550817,0.02838509305721376,0.06611528733678745,0.0497398614423171,0.04363545257608335,0.043211619892299984,0.04227647148417925,0.0411957878405852,0.03867045062970383,0.05209098786766338,0.04308329060951877,0.039844333104399485,0.03976288694215261,0.036629548072253264,,,,,
0.04234190741025734,0.035248632402236295,0.030147070741052596,0.07389171081666945,0.049175625107007924,0.0435822330641394,0.044164377512936316,0.0409807783962241,0.039767321903714736,0.039161112854238164,0.06240726530169313,0.043109430712824595,0.04199456816033498,0.038468051629112196,0.03668293885736173,,,,,
0.035080550162742696,0.049444853271277685,0.0276635394183227,0.09375426494398323,0.05200874241700774,0.046037679174141165,0.04231197575366087,0.041508783628011206,0.03945993482265656,0.038672722431240036,0.05170687367146895,0.041203215861485426,0.04044051826995486,0.03810660528900718,0.03768331204108301,,,,,
0.034902594514499716,0.03313576194673376,0.027929904071187343,0.07717037764274995,0.049942323106351535,0.04399344801201208,0.04247577407254356,0.0490320110385691,0.05361588379148332,0.038761151924540146,0.047456608023324444,0.04402909924157678,0.03997154436274889,0.03747467373766486,0.036675541131777144,,,,,
0.040169426767562244,0.032653405427018764,0.02756755952085872,0.0804865521688982,0.05140134647311579,0.04397588431931271,0.04446662013917612,0.04128697168328083,0.04040575247267175,0.04074006190954531,0.05803161359563542,0.04176021602211048,0.03972875216330207,0.038053993725628225,0.03686703904084391,,,,,
0.03524532129142571,0.054864594689793204,0.044637204779343374,0.08199517021762721,0.05320225983938484,0.06060227396824502,0.042681916636238215,0.041158194419023485,0.04054911417608409,0.039360936474853093,0.04045524161468833,0.04176870013422886,0.039562799118713694,0.03885060678056985,0.04042837168381534,,,,,
0.03404120488828008,0.032654904530405815,0.027821981695237093,0.08780117956390254,0.059351545681107704,0.0455667344892972,0.043775057945223496,0.06086617316357701,0.044918689718936144,0.039074219094542166,0.0388800597040742,0.04586143930085959,0.040107567603183014,0.044232033735138544,0.03601770077445083,,,,,
0.03670374524712439,0.03370203752719149,0.027434199919626524,0.09695890014599438,0.052782250271487446,0.045649699557018586,0.043079076619640895,0.042204175070023164,0.03997170657037703,0.04001223784579274,0.04084734560347221,0.04341517213139451,0.039948528537694004,0.03664229039165187,0.03586761614629755,,,,,
0.034615558075020696,0.04938245503732493,0.02772243430701928,0.09749780079645827,0.05404021252269572,0.04764172064377964,0.043855617125459885,0.04111247708395977,0.04000594198040318,0.039439818024702276,0.039506218742640195,0.04141823683285405,0.03913593891047148,0.038023952100192965,0.03716931147324337,,,,,
0.03463811173825474,0.032464463833606225,0.02782375276142705,0.09689869789069937,0.06454728541204766,0.044853955716988796,0.04268699763914119,0.04374904138113921,0.04083555819404634,0.03937654924168425,0.03835677559851405,0.043437201933642706,0.04032568945226876,0.03879157534670181,0.035895398403630055,,,,,
0.035905737849241275,0.03264212519690548,0.027099969383627447,0.11529951796902362,0.05560190080980077,0.04537438606616801,0.043227484275724905,0.041865233993503045,0.04051721806694284,0.03935364674970879,0.03910407562863321,0.04600216809326146,0.040028957188973334,0.03744363053492787,0.035715766275923794,,,,,
0.034440922956326996,0.03267102298957973,0.04641321831341895,0.12970664900208628,0.05599113317171251,0.04600910198659153,0.04347092298745385,0.04130227238790817,0.040453318346476516,0.03978485309529641,0.038268987351494296,0.048560264411543645,0.05571420465705974,0.03768283027655032,0.0408501629652854,,,,,
0.03406253043476494,0.03367167541609067,0.027768762161320945,0.1285538748334112,0.06347755545657158,0.04551200524575939,0.04253712347351398,0.04336959894484907,0.04193560235419326,0.04017008046824505,0.03889673229339914,0.04522051470713047,0.03844522349378149,0.03710548250707916,0.03522004542646999,,,,,
0.03409666159754935,0.0322610640549189,0.02783614706961788,0.12839533084629687,0.0574502062194187,0.047348771292219934,0.04377508756803005,0.0425439515460229,0.041963956144270564,0.040250702694303565,0.038822158638927275,0.047062726493269744,0.04081008259288531,0.03811569002504863,0.03483391440482337,,,,,
0.03565835471048176,0.035555482349928356,0.02604123675307514,0.1278965303209045,0.060308845037144135,0.04730437670294217,0.057522361669868606,0.04236330154749874,0.04102122148132399,0.055213265400165135,0.03937984228365043,0.041805217254525684,0.040072464408401766,0.0370056344676254,0.03798960313423773,,,,,
0.03436007575162615,0.032868720303373886,0.026392602229673538,0.11589722728904955,0.071831133183729,0.04764393210297757,0.04387302206832572,0.04210774074123432,0.041336441028102695,0.04061611184988194,0.03905954786266334,0.03827446784038236,0.04108901155379064,0.03887022786221556,0.03600718640242358,,,,,
0.034416441004526746,0.034689474401289756,0.027057313195722948,0.098406752404912,0.06210379770213232,0.04774021137928723,0.04536564014414796,0.04326196828607794,0.05535985849466117,0.04107067150647296,0.03977200905524973,0.03862071419143586,0.041395978375979935,0.03704647931444652,0.035194189522757595,,,,,
0.05887777145562515,0.035909710294168035,0.026840817384616415,0.09817175680857823,0.0644840721127624,0.04789597153384065,0.05948063354255036,0.0431488553541865,0.04175232805525031,0.04061398068330378,0.03940275423213289,0.03854058517842489,0.0419631836048299,0.03816644134425068,0.03433156097695133,,,,,
0.03478168386330585,0.05950210915423115,0.02817035471203145,0.09039593960555888,0.07227156676091429,0.04925582211811826,0.04665561999659185,0.04269258680324324,0.04040928254492342,0.04047494183519349,0.039449088804057196,0.03867775177537257,0.043298221811347196,0.03961074705123006,0.03427659781403735,,,,,
0.035897430407522544,0.036701351566753394,0.025565513331175717,0.07378950377834763,0.07077800823851685,0.04796301424168298,0.04736780142876193,0.05648993199866966,0.04502195675426791,0.04105913770464019,0.04038725466583186,0.05146837705739115,0.0464247557007249,0.03868794257425202,0.03582140930198414,,,,,
0.05153932737674545,0.03586974010260323,0.02671933910775924,0.061936556916629325,0.07168341914675,0.04880642972982498,0.04555159228954961,0.04549467864517188,0.04414674964389237,0.04319045831656241,0.04188124457343831,0.03932826632477468,0.039956034272857266,0.037832363315416624,0.0349505355640767,,,,,
0.03370651013755744,0.04575558917583223,0.028673446801575377,0.03564707956538803,0.07242105352601023,0.06042467078433716,0.046369976483334546,0.04552755936934378,0.043451827551045465,0.042149656026062673,0.039482907033478634,0.038816145800449085,0.04392292229835745,0.03778385744589251,0.04443011606411279,,,,,
0.03527996218904449,0.03272580004904404,0.027641487454505204,0.034978675502979464,0.07661900141828429,0.05191241133915974,0.04762081898543727,0.046124176047259526,0.05662994046842604,0.04163881233051366,0.041243417245383586,0.0448827122295483,0.04200363781892963,0.04243786310290319,0.03508624225816154,,,,,
0.045061341214215594,0.03140208211973092,0.02622453680300708,0.031954941967778865,0.08753297741357803,0.053951865595002146,0.04837307761663565,0.04521360327878135,0.043221371739561976,0.045935234702579375,0.04162155575910702,0.04070254138720446,0.038969141777186696,0.039063274280078344,0.03492896327363023,,,,,
0.03344174805888472,0.04770537642516086,0.03479475816608171,0.029216348212970502,0.08326767400863691,0.05776172374656292,0.051214542394039254,0.04493330208024386,0.04301943456129358,0.04248004790963779,0.03979467077351921,0.040009312862955705,0.0483569906992843,0.03559579631288759,0.042031390386645794,,,,,
0.039355599045771544,0.032586212647076514,0.026394567465573802,0.055816746622444846,0.08737782298415947,0.05128815104193015,0.051129904420121594,0.04907140097054579,0.06241118715406065,0.04127127255893986,0.040372739392068945,0.04277618505866909,0.04086025625538833,0.04809207392536195,0.039458792844469,,,,,
0.04012052238648263,0.028805345769250968,0.02624647000525331,0.017758145500842103,0.09413304021221884,0.05870959613873209,0.04967135326455229,0.04114810330423766,0.04589860610403061,0.043635162828613745,0.044474340137914105,0.042006354475887624,0.039432953942836586,0.03338107628617137,0.03041860920241594,,,,,
0.04027685407249042,0.0304750413972823,0.03200526247533152,0.018938807396865966,0.10265964034883657,0.06361244340780026,0.05687696307977345,0.0469293164688066,0.04828451310322152,0.040209758742306714,0.03866786849395131,0.03728254918636414,0.039712167657947085,0.04344382884382283,0.039024872646129964,,,,,
0.03002544039337935,0.02747369876329601,0.024186689597620492,0.022882983870403377,0.09933244618171325,0.04983630681072465,0.048974905558220594,0.05152267491483458,0.05057551683807899,0.04522738923985443,0.04694431812717511,0.04730210824793254,0.04221677060791118,0.03621714450596637,0.029784488330948537,,,,,
0.044964394358292435,0.03615162547499035,0.02015886092315942,0.015249387779329446,0.12221697089517489,0.05043375502909929,0.05623890953567419,0.047108387963483364,0.0455261423409471,0.04848367109764195,0.038279956013432745,0.041670137779663184,0.04136873991704979,0.033579468611016496,0.04032457199196587,,,,,
0.03664292739130668,0.029229116939555263,0.03184305902415598,0.016839880910665562,0.1303661387181469,0.0677617282853955,0.07353992889762083,0.052545475829945676,0.044884503482871776,0.042413357581424546,0.040625688746276194,0.04259664934383718,0.04232224129605397,0.04097877694960726,0.04418730303814525,,,,,
0.031064625342847218,0.03477150431096429,0.030902824305438205,0.021891927518904074,0.0828730299474521,0.05811436670211579,0.053988867018655774,0.05283706314451734,0.05109387813580734,0.03998095131734805,0.03904198991015017,0.040501532738681054,0.042884142910109994,0.04177549083945186,0.03987861282897587,,,,,
0.03449499463234279,0.02883156769849376,0.03200234515595914,0.014000083156425383,0.1499989996164565,0.059996174385893525,0.05015070348483926,0.04729982597646506,0.048426608524559656,0.046076807549940056,0.04305163798065988,0.03859405380487772,0.038224911609808426,0.03527681024501227,0.03346332968779433,,,,,
0.03226453070623992,0.03262460133455855,0.028879753391966207,0.008710135017555852,0.16583900823028283,0.06415391422972838,0.07766736128746246,0.05002611898765134,0.04786563893257487,0.04345249155662518,0.044390938380559346,0.04082761862714203,0.04063162528843476,0.03447292098625075,0.03979111061745969,,,,,
0.03600253137206504,0.033486572270216036,0.0276155794285098,0.011144120975384857,0.1649181561846612,0.06426383415139945,0.05164228078543335,0.04950471720631207,0.05029786529755178,0.04680602038644518,0.04473789701881643,0.0431717794907484,0.04728398411452109,0.04150355838450227,0.035395919709708984,,,,,
0.03819212700162832,0.03299438165353575,0.02893394340662441,0.00942407073910892,0.16166242327268232,0.06566520354782997,0.056767759107683176,0.05184620495449854,0.04798332093308201,0.04587587857664884,0.044533205709240804,0.05071636464250656,0.04117973905763047,0.03986131806186112,0.03691726766734464,,,,,
0.05372536370869655,0.03540397856062847,0.03150950213241309,0.009473374127183628,0.15007666559058877,0.07247009819106723,0.05672114615546206,0.052628477911888155,0.05054312353728777,0.0582524131573146,0.05826643572156771,0.043005536332213955,0.04227426298019748,0.04090789593408595,0.03865045134075171,,,,,
0.03808705895936534,0.0341870562777033,0.029075834320919838,0.010836971571354803,0.09569821743180885,0.06954410410092138,0.05765174961822858,0.054266164932122676,0.052829251995479005,0.04725037713593313,0.04350825420104969,0.04232242513381715,0.04469671896920603,0.03982108907454983,0.04303772002075299,,,,,
0.03729851913942328,0.033118450338259366,0.029477051089669644,0.010170562534636067,0.11877570166454335,0.07571627296790033,0.059012334699062856,0.052439455165083214,0.04901236373055071,0.04829951669672605,0.04651655453782668,0.04744972168370875,0.04228039742863931,0.03868445655043025,0.03851195011829803,,,,,
0.05255810967376663,0.0348703027977104,0.028259286445044197,0.011368390013429078,0.10462575756047264,0.0773428251977192,0.06413925310512048,0.052318468213878457,0.05061859240111143,0.0528138349328921,0.04635739048527443,0.043572413177595005,0.04235619943298434,0.0414854953754192,0.03832227659821782,,,,,
0.0381774904176162,0.03489409470181672,0.035042085831978945,0.01140096605864132,0.09223584046368861,0.06712905544753806,0.061991444047082005,0.055860063497942564,0.05243974572223624,0.04913732156129571,0.04549479265752896,0.04514439489385113,0.04491753495935754,0.041275262697217874,0.05285958199747189,,,,,
0.03926457835933219,0.034452677523428975,0.03045844202461315,0.035670716900655194,0.09144418146399803,0.07863856073284586,0.06368988480169333,0.057595490548158275,0.05575668836039775,0.04925582869977892,0.04660776914629553,0.054749227729735006,0.043389589800686496,0.05095331674958349,0.0389469070084707,,,,,
0.04031621015508535,0.03575239056902156,0.031241188290859003,0.012150442745820292,0.06063216433117804,0.08650866339725186,0.06697833338138562,0.05661325072950019,0.05270765904776271,0.050271542225551843,0.047315511800252695,0.04551033129389277,0.04375550251833308,0.042672839198802714,0.038933961393343916,,,,,
0.040070239604252794,0.04349156049453424,0.03993412168963486,0.012475991228548405,0.04647070220329351,0.11183468492698571,0.06195867771151145,0.05858644032085833,0.05271848918848119,0.050620033385779716,0.04717817162497809,0.04571555474476589,0.044448156689716654,0.04150637025647922,0.05161169395790641,,,,,
0.03902075208654604,0.035644460311630155,0.03187148107855788,0.03237666939566061,0.04662931957703974,0.09403432750066071,0.0703817972458739,0.060710368954155575,0.08084407274506863,0.05038915111648167,0.047918546016594406,0.05485425918648021,0.043898669762722976,0.04485311008326669,0.03888690466689967,,,,,
0.04209739208914192,0.03501133023886851,0.0314666420079557,0.014075461232314488,0.04184137709184895,0.0979122718510991,0.0740983270302843,0.06442520493384395,0.054379552143284646,0.05125974988341164,0.04912272564925443,0.0475044022893817,0.04533775483324793,0.042408098549612715,0.0407910846626569,,,,,
0.04101098599568559,0.05346460616394839,0.0355053359681207,0.014526277850272913,0.04014140448061071,0.13028334417214907,0.10754921639285617,0.06290770285669603,0.056508476796686816,0.052539953738239026,0.04910421718156304,0.04816939759828108,0.04571788064932201,0.04213637107871657,0.04967160780135806,,,,,
0.04073508822849891,0.036790774492271604,0.03195777231700509,0.015579931416980341,0.05993346182203247,0.10908542263617872,0.07630962261743068,0.06756644321399101,0.058877303437819474,0.05289180695545348,0.050092951220790556,0.04852353288159334,0.04628779115931496,0.057105968753834745,0.041385349911136564,,,,,
0.0416452272101699,0.03622749055871772,0.03206787010215522,0.015054796583351803,0.02944147346695414,0.1162866645872183,0.08109072481418524,0.06764546836565068,0.05852919648365692,0.055033627962181,0.05179162660189948,0.048057500768766616,0.04647277406431873,0.0427572342713315,0.04088500283055753,,,,,
0.059289261244588484,0.05825397138669735,0.033241178252181175,0.016565043503128235,0.023925845837015555,0.14013335051321563,0.12551146272900768,0.06721201471172324,0.06008399150178042,0.054515121146916035,0.0518883755989823,0.04927764865200893,0.048050046108272675,0.04358705292610239,0.04659432898389888,,,,,
0.041699037476270136,0.03752001963934873,0.03200229450570474,0.01820730283587209,0.016862255000240033,0.13218258932614518,0.08442424520156645,0.0690671744311195,0.06448354926442341,0.056317890144621616,0.05373636881087759,0.05412681611693709,0.046566768700931606,0.04427492536634343,0.042075053736918396,,,,,
0.04366349696950822,0.03757945255827145,0.03350708980724987,0.016828788661634186,0.01791850860892076,0.15509233176556586,0.09152754358056836,0.07456243754557644,0.06291943593023747,0.0575888258353987,0.05761349942767028,0.051081421594785445,0.04832812808198631,0.044789439388969,0.04279375630623181,,,,,
0.0559434501072744,0.04727271129352989,0.034445214920513785,0.018150379574544052,0.016007370963672305,0.1561788264669649,0.1142450971697554,0.07537883918626999,0.06687265247224027,0.07947909265465374,0.052692501724481075,0.052714824040713947,0.051597465001439434,0.044789352533108326,0.04634522077149684,,,,,
0.0444709942406888,0.039142399558583986,0.034446805446857444,0.01896850010886446,0.015381155109026158,0.14552850010768026,0.10042639879794059,0.07772474121615103,0.06637438161263193,0.06061364035360528,0.05631535729646964,0.053028880792973764,0.07821315844759556,0.046828490322633885,0.043829848084527875,,,,,
0.04593519941536963,0.03929521426492522,0.03445056030351018,0.018343767032333216,0.013766199617279826,0.20417032201522214,0.10660777354529045,0.09199249265397881,0.06674156071150392,0.062162234804537884,0.05956350701930133,0.05301885391948406,0.051184764015446096,0.04690894742706064,0.04461195987483014,,,,,
0.04722986513629643,0.04546249435877495,0.03546597951764909,0.019797208031031945,0.012234066510141112,0.2472196098869897,0.11605965186973842,0.08659712870445145,0.06988353815667543,0.06731515464653678,0.07719719573669213,0.05564768611895742,0.053063715556061354,0.04789465165308711,0.04828345898426275,,,,,
0.046766226638848545,0.040580729579417545,0.03672593456427103,0.021210316769284036,0.013272000199556431,0.19246382461282055,0.11808116217010732,0.08684920035876838,0.07816213890592229,0.06475538139558806,0.060141938555276594,0.06118864561312522,0.06631944592403613,0.05182416532276953,0.04645326561176793,,,,,
0.04790219817300654,0.04157711207189031,0.03738147546298757,0.03737683546935164,0.009968899186339407,0.2605792340927726,0.13430631537651516,0.09387977922851681,0.07453176596138363,0.07065481897714054,0.06455088138180319,0.057318802347042515,0.05456481292007731,0.049946009966408904,0.04688103964281602,,,,,
0.051268603223301436,0.042078898318781005,0.038173779440675105,0.02193856882091665,0.00958901852245422,0.2608585726310819,0.18437380983596646,0.09479400522073528,0.07604023058099117,0.07175469832098384,0.09833503158590258,0.05856350521552356,0.05625407370053533,0.05180987583209461,0.04769694917653397,,,,,
0.04858166941481123,0.04256844281299664,0.0381292960660852,0.021783632146074178,0.015974853341361398,0.1768930741025072,0.15696712569013366,0.10387913864986928,0.0800328488249188,0.06787696759840749,0.06275332533537198,0.059201053794695625,0.06241434523484833,0.057389699516727295,0.047709861289205686,,,,,
0.05043144091777507,0.043429439401836814,0.038254202211157474,0.02857523201345533,0.010108568263832957,0.21189852664855635,0.17166183878987198,0.11705021732185888,0.08113627503587696,0.07361264731669448,0.06739252626925521,0.05665992955871798,0.05691066718324529,0.05304926496153514,0.05132249340826267,,,,,
0.05806869513785323,0.046426487458082324,0.03912135711799389,0.023438172041498184,0.011338236745945317,0.16660843821427035,0.2415174178963819,0.11523541356998007,0.09128725459947172,0.08569314114216996,0.09913911595678704,0.06325431535177538,0.06004983886577964,0.05415637752758725,0.05139693142659489,,,,,
0.05248271191356944,0.04529274904484425,0.047614664486189194,0.02397066651001236,0.013749705186788556,0.16665759136239797,0.23033647254304535,0.12134882869255952,0.09520884675842582,0.0817802138614713,0.07087758281100379,0.06649470204355619,0.06558192875764378,0.05650230352371698,0.05312472516834764,,,,,
0.05439252287751745,0.046387416427881634,0.04068256888576866,0.02615242959633219,0.01179277679676399,0.16753275739613316,0.23132406683961232,0.1294088018144013,0.12831875309933582,0.08441042023904773,0.07853202577466378,0.09682308774491692,0.06414632886799605,0.05666523894943396,0.0531383926515085,,,,,
0.06891308458097169,0.049991891202624116,0.04146855024990552,0.02567742796311151,0.013473910537004287,0.13168059127873086,0.28139116006254683,0.1139236865819042,0.09929480277764209,0.08927925725690095,0.07883806196811058,0.0692003489815543,0.06639149849345584,0.05643499632856348,0.05546532927445724,,,,,
0.06258302878432563,0.047110204693523124,0.04421511472104994,0.026376936523739406,0.016356975102565934,0.1303319840083529,0.24850040269735213,0.14821782787109597,0.11102518753679178,0.08751940275103429,0.07787692741741482,0.07213166290382327,0.06787916455491343,0.059391864263608284,0.08046418661973474,,,,,
0.06464508368965798,0.049986138894676964,0.042431331209047386,0.029924036346993366,0.016508486244110644,0.10680517420830839,0.33104175009199427,0.18964818241764103,0.19759324382928473,0.09103403565826769,0.08406740840329074,0.07791088836142356,0.06771405617819552,0.06254820895676755,0.06215443767231583,,,,,
0.06808086698199807,0.05532693821015426,0.045318651969867126,0.029687623269839328,0.017528465518383534,0.08915631311764943,0.3303886102696081,0.16162962892975374,0.1225955145339805,0.10925271629783569,0.1013861168183501,0.07562047628272114,0.07236384500423484,0.06286489491043946,0.06940934722504377,,,,,
0.06587421687817697,0.0735760283178833,0.049558805044840046,0.030587243691793404,0.021629249319827782,0.08330156597944342,0.27915860130564973,0.21144442865303384,0.12871591334665544,0.09957289088720786,0.09103651774040558,0.0812126143166244,0.07859857497283979,0.06918321947924214,0.09316403521497724,,,,,
0.07063511868174022,0.05533471900543258,0.04884589538307151,0.0354176835520713,0.04553873027501729,0.08641676883669558,0.29754835345631403,0.2344624479066537,0.2374056952299259,0.11102613066829117,0.0962204307842997,0.10039319243574286,0.10908618639804728,0.06880450467266058,0.0920388573226614,,,,,
0.09239103335495213,0.05807472423429499,0.0517172050584631,0.034061769038011114,0.02304482300708453,0.0714515894801309,0.24149624108498458,0.31281567056482007,0.16180084148861382,0.1130559579810294,0.1116879824646381,0.0846024766388591,0.08144718544532703,0.06926924115901177,0.09086902303441773,,,,,
0.084330686667135,0.06927839477763655,0.055028119906920255,0.03617659098985031,0.02677396659255402,0.0675698161376767,0.2078627273395717,0.3462160416007916,0.16192159183008026,0.09905726671420072,0.1003333189741823,0.09332507684323191,0.08747043498573984,0.0763047411802868,0.10618600061965812,,,,,
0.09156035023930593,0.06676794046125668,0.08887502458660806,0.04061936824799919,0.05131420532235987,0.06448943609078225,0.19642447901286697,0.4146665052613642,0.20070553478390699,0.13096453184435636,0.11768615699967985,0.12191030026089966,0.15890422693700232,0.09572980138004514,0.10134535930649095,,,,,
0.09150380950090374,0.06822957640718495,0.06363963629976864,0.044667443542576395,0.03937328885883688,0.06974463567779232,0.1734767587599233,0.4122026817518655,0.18865635235014125,0.15669289646997833,0.12475580403374792,0.10882875732062149,0.10094247054710731,0.09020751733800254,0.11928087449791051,,,,,
0.09079668594657551,0.0680283482597379,0.06576209355552527,0.042583123198949614,0.03659658330383381,0.06434300572975045,0.1602745081986817,0.4113247728156639,0.2420935279497353,0.20376741919498859,0.13424231821463867,0.11118779000054721,0.10858369097518368,0.09272525265176441,0.11003145542524606,,,,,
0.09087184496917641,0.06904156049642847,0.07143632040723916,0.04580736648334371,0.036877932403895496,0.05554678722918453,0.14336283812512826,0.4072545673924991,0.36207022830811764,0.17793391973444045,0.14033717053863587,0.12364019246464836,0.10773899779916778,0.09291182095566715,0.09877999151336259,,,,,
0.10312835620926893,0.07401062066087627,0.06311859529679063,0.07953392642394586,0.03576751197646908,0.056409732552010684,0.13333836279158143,0.37821369761024015,0.35504559858381113,0.1853759218111249,0.14071805819668812,0.11832508720318355,0.11336280584825549,0.12537366619161103,0.09624341940591628,,,,,
0.10209182406461116,0.0768238528605902,0.06644799926476287,0.04684892202487385,0.03516008188054098,0.05057548478845787,0.15937932376262035,0.32858224266465513,0.35495796036804034,0.3416846515770214,0.15574469643227926,0.13808065817749213,0.12227568397788548,0.1018212143586133,0.09909732960227882,,,,,
0.10600285848945208,0.09819291517967592,0.07629497311993778,0.046972781852801494,0.03770174351199457,0.04971221908560803,0.11337939097240744,0.2570545900041968,0.40882124114543805,0.24186622044129136,0.19780971981855291,0.15645039686676862,0.13522082231126398,0.12113339890497277,0.1064004217570372,,,,,
0.12010127570686302,0.08510175132441117,0.07288725105622855,0.08245464819311969,0.03504164176638258,0.04970214275431175,0.10707381200028428,0.2562926728996328,0.2115282470357225,0.2677598604672092,0.19884102951002286,0.20643891628794767,0.13783644288480018,0.11988400431429097,0.1005471954010561,,,,,
0.11171013288334704,0.09298207674258745,0.07633709134136696,0.05256487567426092,0.036395860847626096,0.045913464401105324,0.0897564495077409,0.2602456717644577,0.4888369719179695,0.4264010329211816,0.13591699497274531,0.17284748487011056,0.16169330227420742,0.1197870346014244,0.10950812743187543,,,,,
0.1312123488389108,0.15465898784174587,0.11752400252307815,0.05505143847651826,0.03886956064120198,0.06627130376340049,0.0905086220092886,0.18374880062943957,0.4022378276924461,0.36484336369959436,0.2832643559462564,0.21219317931285236,0.2587865983538939,0.12972076468536659,0.17141496140488754,,,,,
0.15048733847827253,0.11562574813726977,0.08781828046505136,0.09051373311479081,0.040503637806495595,0.045759840067259104,0.08549864724693505,0.14582308803683486,0.39765633660201594,0.47896490744654935,0.33904305368581256,0.3333294165439957,0.19832291472900923,0.18604700992874795,0.11832653653980754,,,,,
0.14848083093744852,0.11540437961741677,0.09499010410817967,0.0630538880163355,0.04450074858371036,0.04498444039542952,0.0824219104745212,0.1713567016184499,0.39739350867250267,0.4875026205396317,0.33034099295911024,0.27713475283531375,0.22094766069159114,0.16620429964264846,0.14428467240325676,,,,,
0.1739324628616114,0.1672449745711445,0.1489580162054872,0.07129251759127328,0.04703733602774479,0.05871431712403632,0.07940385486106627,0.14674100799040188,0.26514166393862326,0.45193728828003377,0.43580007714675567,0.38459026862425055,0.31656418750493215,0.17609513877639468,0.22293438461399842,,,,,
0.21856020052905914,0.15470152711372698,0.11151483028190487,0.09239911385449226,0.05543247162706422,0.04793292020249194,0.07555614388906892,0.13682109673299167,0.218738828191599,0.4505200203577734,0.4780867756375017,0.3239545780185233,0.25461748065368045,0.27048072862049677,0.192081336145087,,,,,
0.24925510253857386,0.15464771235497246,0.12337260791475779,0.07869163611630164,0.055803369134978326,0.04978972876618767,0.08318914827336439,0.16637585702928984,0.2344775531334013,0.4054585365473277,0.4567200188549878,0.42114262473383923,0.34038193863742683,0.21038269456012268,0.25914787890982116,,,,,
0.25038402970121526,0.22563547050464733,0.20414041805369815,0.08723820596192637,0.06574635618000843,0.05147833437764387,0.0746121384669765,0.11506392576134049,0.18813305569559477,0.24320112702200408,0.3918578450566424,0.43712792342827594,0.35418999666192874,0.32796759679456744,0.25032949918297415,,,,,
0.3239636273277982,0.1874894884496652,0.17097536190077792,0.09333368084951559,0.06523077221431645,0.05501430316054264,0.07361692781460574,0.10560639250850552,0.17629673432280696,0.250742786591124,0.3894516222378728,0.4371615956281957,0.4353164434917748,0.3010899657026983,0.24893031445348365,,,,,
0.28862768831972185,0.25872356296806404,0.17082510258268316,0.09518259407457831,0.08204694747137868,0.05885822716954962,0.07536744995441788,0.11909972131296677,0.1994840915046099,0.25306073395427403,0.36604083338183857,0.41458317606635964,0.4364448103476483,0.3987160467700026,0.2954861004276453,,,,,
0.3338983348647995,0.30494999213707247,0.22071298611788598,0.13254771200864943,0.10267126062873944,0.06296764378135297,0.07426563757174418,0.11018646572336242,0.150162700514436,0.2785605493997929,0.2829390276365558,0.3084531449281568,0.37884363282380973,0.3928803314738951,0.25519272540896665,,,,,
0.31164154264884913,0.16379657324191343,0.15682525147607748,0.1739279448151024,0.10797519703601416,0.06479115157108764,0.07695971317172867,0.10155753855800033,0.1284646357441556,0.17944596653237008,0.21549326716522943,0.2567757580490185,0.37154760580684465,0.3706874953704397,0.3519116909169888,,,,,
0.22686469837807732,0.30177907811032956,0.27046306738509196,0.19957560526799972,0.11777270683341463,0.07386854223864621,0.08519130088749022,0.10226373982580787,0.11725674602832223,0.171559012607749,0.12728724712530637,0.2217913362029164,0.2530801732418219,0.35811016178231153,0.2864308863775811,,,,,
0.09777511132980712,0.24110612455249372,0.22699492824969156,0.19956407188988423,0.1567794362015061,0.08057979851455704,0.08591738188658679,0.0975289681648268,0.11806919143081761,0.11370159030907008,0.15438633463413914,0.1720448696720102,0.19002525223951025,0.2601504039760068,0.2967911590525058,,,,,
0.1735532392848884,0.1061365306077551,0.21826316546699562,0.2110370301514431,0.14843280701113673,0.0707121127242736,0.08539621001042147,0.09668107258160648,0.11124055082045967,0.12753614196591626,0.15425750247785303,0.17186994732828334,0.1877961587504049,0.14837607849659407,0.22726936756970745,,,,,
0.15188785806181493,0.17744532396108945,0.19193443735077656,0.1873934875904649,0.1937713718895283,0.11238446577547509,0.09203246419197189,0.09808086394603045,0.10667855470207913,0.11990110147766614,0.1450162415143819,0.18500353813200052,0.18809194499740026,0.19022693216936554,0.1722763177728258,,,,,
0.17418845222040658,0.17793143458937524,0.16529742114744572,0.19623138926079425,0.1788350927328109,0.13510024395620132,0.10444748719302449,0.11412115895197507,0.1053463316218945,0.08984707877005435,0.2076853191100129,0.1280515146679569,0.13482485514146106,0.14223805546244728,0.11348179898242178,,,,,
0.11939658977031474,0.15997114170740678,0.11194003526543168,0.1561006203516368,0.17547217333573192,0.1492047560224237,0.11130293370239884,0.10016544987178028,0.10034218467004519,0.10610495546620335,0.10263351201934309,0.1117147992353148,0.1586352101799879,0.10458491107769233,0.14205882005334775,,,,,
0.10625395071703199,0.13360391689156298,0.12517946030940424,0.1451238994391009,0.17462972251513692,0.17716015699197282,0.13459650684707805,0.1030082953619966,0.1012250123800259,0.10080029962822158,0.10080305579916034,0.14959726691001873,0.10926138342512931,0.17787265552651932,0.10648616186867721,,,,,
0.061027625039474655,0.10389255718644884,0.10375725641518685,0.12985993986299316,0.1363464223543592,0.17706439081200626,0.13324034550624242,0.11886826013212773,0.11499978306320784,0.1116254894978351,0.09617217184950322,0.09124939027401704,0.09524025941492104,0.09375778839369807,0.10642308783708541,,,,,
0.08114811302652684,0.07619020330898417,0.09862704530537818,0.11457728358749057,0.11802745732390713,0.12738425640938994,0.13402739171346775,0.11120691504616562,0.09509987921549483,0.09602895100261126,0.09577926816421814,0.08268731117905162,0.09156156822222095,0.09524940856860775,0.14134506203130454,,,,,
0.07538170772826987,0.09298054265518021,0.09865023222387853,0.12266843452572772,0.10467211046522004,0.16831035432337685,0.1804796103653416,0.11645541652257851,0.09491997526893094,0.085015066578693,0.08143435589252501,0.15639042422626687,0.0919411577513266,0.12423496634745937,0.08059668997763818,,,,,
0.06214813144996636,0.07874682060941088,0.08034091550722462,0.09042985944804705,0.0938791611046841,0.15160169154460634,0.18673215539852622,0.14679811881416652,0.0945490262736997,0.08142029400515728,0.08004256979661936,0.0750175710724981,0.07405346464003398,0.08021416525348957,0.07301483907366717,,,,,
0.07550292105747541,0.06941274735776604,0.055273990371223394,0.06975321102967437,0.09363693001730328,0.14986329827102957,0.1952788149287421,0.1415811761670627,0.09552643502704426,0.12455882338653061,0.07347165250852938,0.06479579468997364,0.07499054413995519,0.06595259568593648,0.05684163068299083,,,,,
0.0597921397490725,0.1006186217171614,0.06159575031489142,0.08282435249784166,0.09792563072570164,0.1331806144717006,0.17607189504914111,0.1530951778746338,0.09882141341577565,0.07909607725485876,0.07092689031651765,0.07036927216358901,0.06498334769220082,0.06762544748723638,0.05909239780587375,,,,,
0.0485341878871933,0.056442854119145826,0.05708339291927314,0.07450594647310471,0.06994387392092678,0.10551805422887062,0.1755999960629924,0.18176840388438018,0.0989604389828484,0.07799589228477811,0.0666614640132407,0.05990208091951612,0.05455399870895926,0.06037808365270886,0.05916438059794566,,,,,
0.04944679395687809,0.052098057215599375,0.05742719555332686,0.05829491562225877,0.06484543225467733,0.07072501713114668,0.1754383977551254,0.17854169248372714,0.0988075555488057,0.08524452911198904,0.06732779046306875,0.0600616552410643,0.05470977783812937,0.054174087481913664,0.06518569529095278,,,,,
0.04968304103273501,0.046782465577884375,0.05831518238837437,0.048171066635530994,0.05839462468113031,0.07762728035233289,0.12382317784394763,0.18916243182953615,0.10839693470373067,0.07447634855269243,0.06091391975594981,0.06653240220968601,0.054489990542588275,0.048574515439843334,0.048833343399975034,,,,,
0.04728885857148906,0.04714105088448411,0.04389766541152036,0.047170303093501245,0.05185918418983579,0.07189867691621035,0.09884883799621524,0.182604186474637,0.12168806427422649,0.07354539056266074,0.05846065170434205,0.05498981336417171,0.049181894074734805,0.05128865670809018,0.04605871507180866,,,,,
0.0885621802791875,0.04094643172548024,0.03915756132782731,0.04745589074290544,0.04648326449485057,0.06811628054551168,0.09967150776547772,0.17942059300108595,0.11978965431543186,0.07292574071937544,0.056000905732359,0.04841857462672526,0.04881785308483622,0.04496572094535056,0.043374644235542124,,,,,
0.03995473608438409,0.03862427311478002,0.07371868809644178,0.05031410484680976,0.043620710160790915,0.05792365744651034,0.0904231195199119,0.16398667728198615,0.12080518667788742,0.07309725648557602,0.05604877127647081,0.04802656142715477,0.0633223197154085,0.042717751759088166,0.040401636339899585,,,,,
0.037249422544501816,0.03755093925927253,0.036850890896274205,0.04217728176927935,0.0431946614402529,0.05728471586476592,0.0829327225202997,0.1516415118852143,0.1371434896352772,0.07430115752430237,0.05520762846476302,0.04832233202162015,0.043166365024672075,0.07660450841959804,0.03921229688192479,,,,,
0.03705822973172777,0.033994928214113894,0.034592371188768595,0.036003584884237286,0.03971575937843235,0.050053380735010006,0.07274456507670767,0.13303595555839318,0.13846480539268252,0.08124090332163512,0.053514837241159345,0.04447598019167733,0.0396094375460644,0.038230398417140425,0.03818112461749579,,,,,
0.0347338830942494,0.033765387458338667,0.07470211133776244,0.03371354968971153,0.06079488823112,0.045648655612388386,0.0697123931457145,0.11871727836514091,0.15778557308075658,0.07584803520464097,0.05266419925506436,0.040764849639257354,0.08200144846881775,0.034756770377049405,0.03551149859034283,,,,,
0.033777751421630337,0.033796145000313166,0.0309654414199498,0.03442397576723036,0.037134084675289045,0.04769547425493652,0.05510959467128527,0.1133079003544125,0.16919294954004724,0.08214585788427374,0.05221302348930503,0.04031283276776125,0.03688546531759729,0.05508850168107327,0.03366353891765172,,,,,
0.03686203527972178,0.03084587151928558,0.029667086802223054,0.033140995728516684,0.03416599822874413,0.0429508041908866,0.0569554971733857,0.10747588372324109,0.1683678871811916,0.07907390468664056,0.05083383722375987,0.03920707151464417,0.03374395098088476,0.03138207877544863,0.031068382014253954,,,,,
0.029514497088806428,0.027734932336507537,0.02950403853579126,0.03256854920741945,0.03785257216443245,0.042775184667043976,0.056521670193568095,0.08698945663949241,0.18111141230108904,0.07958000109885743,0.05368341625421047,0.03920158909119244,0.052814178674415714,0.03148455296065064,0.038959490517119555,,,,,
0.029864489786710243,0.02717505009475543,0.030021650401943628,0.03775158289832346,0.03142032908909329,0.0390296572661625,0.05332844562271561,0.06911203226317389,0.17040284518497723,0.09425798821181712,0.05142273515827041,0.03916038436225885,0.03511292550426357,0.03216224349158467,0.029751948084310385,,,,,
0.03776683090892898,0.025462402621495357,0.02673748388047017,0.027943086623287216,0.030564766181314786,0.03789009995587029,0.04211210581609703,0.0915869014262646,0.15603239599992683,0.10151858707072606,0.05037837363453526,0.03608556524983171,0.031505304149747566,0.02742135202286294,0.02732716703421438,,,,,
0.027078140875004948,0.026950708144652138,0.036907246735028654,0.026126434692367573,0.03523766775600841,0.03355658986044011,0.04315284466848558,0.05806637265221964,0.12928468854416675,0.1003269083037403,0.08214789028468797,0.035790272687839526,0.045734555621627634,0.0242257960620316,0.02886950283494785,,,,,
0.025799502152597274,0.027193129223400416,0.025241076737500725,0.045819990360933684,0.028517086613329093,0.03513255784884532,0.041401452106339644,0.058296211349245654,0.1154085342359457,0.11452901798047632,0.05190292454792188,0.03441644100452676,0.029577795496148633,0.03998458375567815,0.024879574917282286,,,,,
0.0235461548007316,0.023028724060507468,0.02275946773185348,0.02562333471867255,0.0262694832437533,0.03297448891644945,0.0446808756177975,0.09734484819290323,0.12363316529317378,0.11517099763879102,0.05319168665894401,0.034234124378993175,0.027409195941118215,0.025930142199766158,0.023267924183892372,,,,,
0.023103045551803078,0.02196584489094181,0.031078554052323827,0.024148526669619887,0.025740728922970933,0.03147450183501191,0.039560955382802535,0.05135058208569617,0.10359054829157457,0.11370930822538051,0.06321449098484687,0.034318801419896384,0.02806468548203405,0.023900236977968708,0.023452331222908424,,,,,
0.023677945687649846,0.04679449386744498,0.023347108336895465,0.030325704791498855,0.025182545015607846,0.038628780054158915,0.03797505922813912,0.04372985981621838,0.08459115272486968,0.1419624209985845,0.05401280831931444,0.03979828763108346,0.027711030347271497,0.02409024713205228,0.02329144463509584,,,,,
0.0227190930028535,0.019879176819677918,0.021330979461104786,0.022671312012453235,0.024220375820483624,0.029152765418674086,0.03371028013519924,0.04428482372982175,0.06368884133151186,0.15043642097705107,0.0566479415505327,0.03227538042487452,0.02574837249674743,0.021336875413925992,0.021897850090713114,,,,,
0.023633776986597604,0.019118442446883148,0.02016710905560356,0.02250305632253087,0.02373107731292098,0.028120446231922638,0.03251048593337491,0.04139619765234198,0.0661614850898067,0.15352995210557804,0.06371933415160898,0.03205978160692778,0.02488875949289433,0.020174823552722432,0.019302250915969946,,,,,
0.02095532422794346,0.034003662323891674,0.01985618587083947,0.0251991719672266,0.02254788720041007,0.05425259632118061,0.03241741638129586,0.03885357727455211,0.06579173881191665,0.15246368717435987,0.06120159286223096,0.03404344279381896,0.024840571101103652,0.020150255473127997,0.04129061484859254,,,,,
0.019817094027253044,0.01705707575589102,0.01950288492651875,0.02109445088922823,0.022563883825647925,0.025888501275433965,0.03114440916121374,0.0355171672583962,0.06340376629385336,0.13623478604089617,0.06820284461819708,0.03218975932779084,0.023663921501838173,0.020003445034914205,0.01856475927010405,,,,,
0.019781350394150403,0.017263842150403597,0.019228597811920108,0.020430179698605982,0.021439444348016694,0.023950100837890377,0.03407231286899165,0.03515769375186668,0.0632417832239568,0.11479849051887185,0.08809479590505793,0.03182456547434699,0.02378548050055911,0.019353492231510127,0.017397178764925483,,,,,
0.019662010460724563,0.020024049046845085,0.018784307955963146,0.02099396435021781,0.021313464341471303,0.028634980227204575,0.029505543829025226,0.0324422377185043,0.05339349410617233,0.1137075662516271,0.07528733261277168,0.052740007567424446,0.023277507911361288,0.020346224405665213,0.03584674949653477,,,,,
0.01882375351863107,0.015465232410536059,0.017468810812555673,0.019741978999121907,0.021169192667772247,0.023996956746265452,0.027933803783798273,0.03267126113378225,0.047543284986742075,0.10223199597072101,0.08081418466372278,0.03309182427853904,0.02249815765719405,0.01740714528766079,0.016490567133926163,,,,,
0.019276436229496825,0.014961741914071375,0.017398501753511725,0.01893373993747181,0.020473928407217692,0.02349466098124474,0.04608643849197581,0.03249567457053354,0.04300641075666584,0.11842757647651701,0.10104783256179398,0.03280459738464634,0.022957438268253957,0.017036993700529322,0.01582405108891771,,,,,
0.01769001278760149,0.015132376334559943,0.02240145000582702,0.019448887046476192,0.03554749432508316,0.025981101307383892,0.02628622430725297,0.03005407122347199,0.04222162349510945,0.09226360274271414,0.09361198190066762,0.03528246148966989,0.03752765690851767,0.017469460328350762,0.024232472667824984,,,,,
0.017163178807428653,0.01829767155732258,0.016062846981499387,0.017887562326948648,0.019795897964060026,0.02244909777089768,0.025339011496587405,0.029525127617217234,0.04070700139681686,0.07574853634737126,0.10098011291667601,0.0340032714346246,0.021657408945221,0.039476034019516784,0.015207663263717235,,,,,
0.02079479286172454,0.012992079085516564,0.015326257528253168,0.0183352114177234,0.018720135549568376,0.02139839699177143,0.032478910138179704,0.028589296314184314,0.042698721890933725,0.06929477093447987,0.11158011343363308,0.03504985606918823,0.02140634924974009,0.015030810492823742,0.015295767932788057,,,,,
0.016709625177124814,0.01284499984016886,0.029348657138460785,0.018184373072440342,0.024958153064897667,0.022053821830058495,0.023629990784204226,0.02764993047517271,0.0366318933457629,0.059607625374982105,0.11290533528208672,0.03825637162091644,0.025968021355433794,0.0153324961779828,0.01746426352561542,,,,,
0.01628785762508694,0.03691125192129104,0.0148451492593088,0.027347374298679342,0.018797643884070805,0.020878807665774216,0.023242943366291256,0.025924102909579104,0.034163303379706196,0.0552786528952326,0.11725259054134243,0.037120157517354715,0.02063040419776911,0.039059323768324196,0.013745625655797318,,,,,
0.01658528653582699,0.01227446311475406,0.014892135321464883,0.01706391650924144,0.017799774181812365,0.020604680138854924,0.022604521439129208,0.030390033786148414,0.03232796995964604,0.05544966293168873,0.1075219395874218,0.038543756193214124,0.02099759286557335,0.013474199256440717,0.012531863190941824,,,,,
0.01596021504627788,0.0118887393076622,0.024854022659579957,0.01677468621525128,0.018421644660208306,0.020873092949780743,0.02255641152231933,0.025210593420647274,0.03160911215148115,0.05677310409575603,0.11143451588911876,0.040612280458984816,0.023552638669384576,0.013923901234097813,0.012819736761647832,,,,,
0.01567459015208722,0.037333573415584756,0.013697617906378249,0.02070354867811379,0.017527725711538322,0.019404564822398634,0.021230971104484988,0.02379529174493963,0.03026552389735609,0.04565797215157827,0.10324299292604099,0.058174270147706854,0.020657853919776044,0.04634969735955799,0.012282067227840131,,,,,
0.01526978267985878,0.011308490430253188,0.01299594615078083,0.016170080858974287,0.01756347815964336,0.019065804305121843,0.021219729817579292,0.022864403281247767,0.02821009840830734,0.041297209416495,0.08648900964374955,0.04695058811791242,0.021131317878984753,0.01244047152383644,0.012309619096734782,,,,,
0.01495740776512037,0.010662297703386428,0.024843181090194223,0.016047097069295416,0.018240177213783685,0.018437054112065508,0.021224984638371962,0.023396377472677712,0.028159995585427144,0.0570165215179214,0.07221125442641711,0.05040520689768654,0.024418795960201033,0.012636377375064728,0.0150232166243142,,,,,
0.014986920154287937,0.01074347358174725,0.013189402305035316,0.03402558306665787,0.016483803111856897,0.01815252277593239,0.019775121812997187,0.02238965253426084,0.02737789405362483,0.037145397191621216,0.07926531694258425,0.0511750093026145,0.021961239724866344,0.018396479850535746,0.011354265639869342,,,,,
0.015275237944002899,0.011019705695492658,0.01295597252020874,0.015194696865254384,0.01664382288548715,0.02050791173507798,0.01970619782592454,0.055395966281741815,0.02484970486360312,0.0375531406631836,0.06123080416919521,0.053535460263917,0.021951568685070574,0.01115981864782088,0.012271293343602316,,,,,
0.01534264177939158,0.01057918144794618,0.013638820566475944,0.014962695258359878,0.01691111309153311,0.01881867230451332,0.03173667609415585,0.021073308928976277,0.031754414317383,0.04685818671977696,0.06115005779338833,0.06224364728760178,0.02347167565699975,0.012407724491787871,0.014039300706979348,,,,,
0.015417511729200029,0.015105852492464133,0.02990454034432984,0.02331086695228435,0.016200145639469164,0.022703319971744917,0.018673962220228026,0.019998695976983817,0.02413822777933369,0.03407394934442557,0.061646008288533574,0.06467877467425585,0.022854064747674905,0.014591298411410502,0.011116013449838045,,,,,
0.01612512989041011,0.010633069024034662,0.011346268309406339,0.014698438739194,0.015458355283403538,0.016494124996945442,0.018375056490529066,0.020000641119987776,0.02367290670224281,0.030682536577284047,0.05233574087103687,0.07307150687088675,0.02385740387061017,0.010520181044880398,0.010333633808157704,,,,,
0.03499688253967429,0.010307499387732883,0.011658965328848324,0.014105623783016353,0.014916496543073853,0.015809621760322332,0.0344512848778605,0.01989155056933265,0.042599997866601576,0.030185242841748294,0.0568853696068286,0.07968636767316445,0.02432648570117224,0.011145139087197296,0.010645013762801582,,,,,
0.017259766784302265,0.010130192607614415,0.01980277484876792,0.01534063432835854,0.04359668361543527,0.02601348578524921,0.017663603801514362,0.018835460926248947,0.021937844738432084,0.02747308516499412,0.04588984705984022,0.08530742277809066,0.04524309853507426,0.011240862465533099,0.02849698072251716,,,,,
0.019003247876374654,0.010697509140570625,0.011107757029865781,0.013791421421203173,0.01458972086925092,0.015855549018834136,0.016683199382660243,0.017993326460351997,0.020403106901422195,0.026795619445856567,0.040909678965516304,0.09166614103974018,0.027409704523391278,0.010733088336245034,0.009472279002721575,,,,,
0.0315419661646308,0.009415294731470234,0.01060620530843202,0.014016282943991267,0.014311335665689373,0.015262137785970801,0.033986334940415544,0.017902779589089188,0.02406892162930987,0.027634449633455217,0.035680894311849905,0.09429861524070021,0.029655512391957465,0.00891845396657959,0.009503270033393034,,,,,
0.02059956609473422,0.00988100129685853,0.025277513288002904,0.015262477640345726,0.020435637545361637,0.025620500525317363,0.016178418866263127,0.017594552251922125,0.020972643805322835,0.025268136444305384,0.038556437644419,0.09516774647337234,0.05644317575978086,0.011419405385852177,0.040811734859613175,,,,,
0.022209603215376357,0.025581245070836745,0.010805005403756526,0.01350695281183683,0.013756305332293212,0.015051264646006255,0.015437852516714333,0.017491714852209732,0.019514301187152444,0.02455705957763522,0.03484694120178918,0.09466024442358724,0.032762184749201166,0.010097626359064641,0.008466476363967097,,,,,
0.03432503540081548,0.009171353317820057,0.011420540888095904,0.013381006554595681,0.013774674776376852,0.014801474964676204,0.030289968076507825,0.03919007598714696,0.020422291803323694,0.023444270940461334,0.03466722534366532,0.08101966062741447,0.03516459029907114,0.009126848779220622,0.009279585231504088,,,,,
0.02567616540247366,0.010420482570052254,0.03894921262474218,0.013806175478313474,0.013896517208499362,0.0178422869109251,0.015266725181690146,0.016873113906086055,0.018846335407872783,0.029520471741224314,0.03155860169549925,0.06313568601394931,0.060192543280965995,0.01011818478885264,0.016871038761739215,,,,,
0.02824964848220284,0.020361323693914624,0.01121172526334521,0.03020937638798248,0.013821664360956646,0.015119409695020297,0.014593186793931982,0.016483488438627545,0.01927601578266259,0.02269505081204297,0.029588742932029496,0.050335884678540055,0.04535365463520031,0.020024826141635883,0.008812555866072085,,,,,
0.04899704249179662,0.009133950004787611,0.011082131812969373,0.01261912549874271,0.01378801258811798,0.014726753109521169,0.016661110198026675,0.029093278277090226,0.01992159700361965,0.022699107218432945,0.029619153136081065,0.05751296600647915,0.05061921363064315,0.00858295870406713,0.008805195445953722,,,,,
0.04521029775132002,0.00947132066494596,0.011306770254841503,0.012741331883938545,0.015460850692261148,0.015562505487663109,0.014941013323685637,0.016560111018831446,0.024647769796510694,0.047662000982261074,0.029334338035468907,0.05790905924251437,0.056121330645536344,0.007918169217348699,0.01981639058365527,,,,,
0.04570753372106353,0.03505630220857924,0.011256050821400024,0.035427567628488615,0.01360702773505368,0.014842419285586706,0.014629462948828312,0.015807735136347232,0.017643495510429926,0.021092929376042534,0.027648722812193632,0.04920989361902904,0.06117155677186129,0.0360720241381611,0.007413397087640079,,,,,
0.05738355325162195,0.00928632529734748,0.01113748642628337,0.012192419384310165,0.01378613149181527,0.014786508182971874,0.01601174485007533,0.022157827040742775,0.01768268091447414,0.020155853454552883,0.025389880213247253,0.04535205346874254,0.07127876537123717,0.00733916609817882,0.007949183403272782,,,,,
0.052919705902324324,0.008817888328832514,0.010996145570629626,0.012487081774142655,0.013744800169895249,0.014979477171882201,0.013789070592016778,0.01568899902811956,0.03094868607748566,0.036525292779884186,0.05891013825044103,0.04030394567072329,0.09349205505042398,0.0068120854069593124,0.009110103525656983,,,,,
0.07501426508585864,0.013442499408420327,0.010251837402450623,0.013181829733585006,0.03797317255055339,0.042625673811078166,0.013700481345927601,0.01569178831392061,0.016903750229352126,0.02021089788576208,0.02499138316032559,0.03985233027686066,0.09621542066501369,0.01681096027391513,0.007175495132650944,,,,,
0.09095762421578633,0.008185668924125212,0.011093593045554578,0.012037214917003889,0.013070567207354661,0.014331255854296485,0.013654950378831365,0.017724431965701212,0.017428679567079,0.01989806855337258,0.023970125534172496,0.040258498354919035,0.09605598486321489,0.006803180311724668,0.007290459526348126,,,,,
0.03447374853285924,0.00944691883716404,0.018862583815531554,0.012167293409844517,0.012733060034550683,0.014262890942564511,0.02076978749630509,0.015198110147907489,0.017812737031286965,0.02838195211831436,0.029114531274891695,0.03565523621658858,0.09455100121401257,0.008927210000089243,0.016744123524857057,,,,,
0.09064048001997274,0.007987913698993836,0.009750046080070946,0.013210695294950135,0.03512817452033148,0.028946657515131063,0.014219708142710506,0.01522549532353154,0.017071210291384246,0.019207765006539108,0.023688567861015745,0.033054066494996,0.0537716556128457,0.013129563656582934,0.008129834901504335,,,,,
0.08144496042108679,0.007843466285366738,0.009441975968996232,0.011601348681086532,0.013040596007199645,0.014522349500624034,0.013561015667307667,0.015747161478382014,0.01671210833356377,0.018587446518812188,0.022319099876776567,0.03084406377409177,0.06992097360593527,0.006581316477832372,0.006785765042380958,,,,,
0.08552421843216401,0.00824859541338393,0.014578851188878885,0.011850611690886888,0.012978173089141913,0.013933606710886448,0.042254933646543466,0.014852201187832129,0.019365431819291956,0.018515222219073764,0.03440611570080967,0.02861096900962448,0.07051017175004261,0.008186738161948289,0.012979297107056571,,,,,
0.056673202102870364,0.010462707132521334,0.009772662825854492,0.011903999734077136,0.01975609610277099,0.030742154218958425,0.013837042190976796,0.015027014038262019,0.01625534268347863,0.018957199783743904,0.021187683910104563,0.028598819814028446,0.055505451174383456,0.009191585164538933,0.007279913210653706,,,,,
0.04620423180788655,0.007387112712381874,0.010119434265874402,0.030965703150239325,0.012702905015414004,0.01407801754512343,0.013931163522720594,0.01562564166749637,0.01659857286785704,0.018922967080476402,0.020762340909193315,0.028669975615863107,0.047913979196281264,0.007143481828052053,0.007473153308360127,,,,,
0.04517894417064287,0.007849250614263996,0.01049871151708104,0.011343953744541783,0.012281988042593756,0.013837018762168914,0.022091010180617345,0.02079892372888239,0.017175131008170294,0.022606543515056622,0.02710379713389739,0.026660976412640713,0.043629694412993844,0.006905106824336868,0.010934888853575936,,,,,
0.05052487874203647,0.010669349287329077,0.01690587888619627,0.011248127767479446,0.01585293169403956,0.025924903227646394,0.013514631062041775,0.014843052684221671,0.015903565686057632,0.01747081495501882,0.019856316483662626,0.024507253367211258,0.035588464101342004,0.007400748433438893,0.007161023105449369,,,,,
0.03445537796624586,0.007729051811588184,0.009399442779372302,0.01729384254101405,0.012770685409262187,0.013572079478012497,0.014175867831366063,0.015621387954292631,0.016194121133700248,0.01714906336201899,0.020125528537633986,0.0244342311267134,0.033583368708062424,0.005850091930248578,0.0075305415522532405,,,,,
0.030561371913520624,0.007835485173891783,0.010116614714361004,0.01111079190432243,0.01263350369835608,0.013700481345927574,0.019486771145548355,0.03764182330535735,0.015777354092560564,0.01725676128963787,0.02149207631416386,0.02385690109268029,0.03351611547897442,0.006617667305842923,0.008962003895973623,,,,,
0.030360096754707168,0.009226787528331094,0.0328927871451524,0.011500311226161302,0.014052687255093458,0.013789070592016759,0.013740082156201013,0.014720764261381317,0.026261300051865465,0.017005091419133492,0.02199887931569111,0.024006141398738183,0.02959479022867091,0.010140939536028215,0.007110139044355367,,,,,
0.030153704892002548,0.007119252157443602,0.009484147509619935,0.017572335723720578,0.01196051085035147,0.013618934940387788,0.013253447712679419,0.014039393071711261,0.01539781781163848,0.016759508553928062,0.01855621819503454,0.03414787981921945,0.02873047463766108,0.015962835089245803,0.007378638002099519,,,,,
0.027921452825370036,0.006994296546827519,0.009165978911244401,0.011442519002608878,0.01189634471705384,0.01285246818668356,0.014775980729623868,0.027897210956565277,0.015485992006829449,0.017594902329381688,0.01851592257036962,0.02261870083968639,0.027737398541223476,0.008461228947176791,0.006756655836636638,,,,,
0.06132594085311587,0.006712803646133752,0.024147090191075842,0.010925427411703329,0.012277843301990204,0.014888303505361786,0.01466074122760713,0.014312241730290635,0.042224410581625724,0.023624653403425688,0.020701043177242716,0.02136491966500734,0.028581323612636798,0.009574233046155761,0.01819633151158401,,,,,
0.02439482092235692,0.012821481512898891,0.009716739592451425,0.014307099052504008,0.011570317567217093,0.013092003948724135,0.013093093434504818,0.013964006025081044,0.014745672435292545,0.016174410745404627,0.017967724155977378,0.02660498374549051,0.025730034184558156,0.016830233378867573,0.007099187866835801,,,,,
0.021846032504333455,0.006294026872435853,0.008864675686476555,0.010674361587807858,0.012186062938936454,0.012630603701226968,0.013484853489217914,0.014360181345964227,0.014786398560630418,0.01584245807079243,0.017402693658584847,0.020866879526843206,0.02511024717256891,0.0076955500656020245,0.007455259339874407,,,,,
0.026200283900375404,0.008030212461702765,0.014992975668048048,0.011087308377389832,0.011937829880986099,0.012583494568221831,0.01312682264349788,0.013860240673183182,0.031093414891227467,0.029474587461161352,0.030336393018240138,0.020832874872132527,0.02516419372537748,0.008208607097666748,0.03756591489166374,,,,,
0.02337079878227773,0.019833053850953897,0.009159645796948442,0.01242044215713683,0.03528363756988221,0.03396648866971155,0.013599568518610895,0.013576282794732275,0.013986089973691922,0.015126440922101938,0.016997769265253173,0.02946137493954081,0.0451064125905456,0.011096193564153436,0.006668176946195688,,,,,
0.02085892364473108,0.006466829324450951,0.009271651526057197,0.010611583492093195,0.011173028269843756,0.012476822711852902,0.012824793358535744,0.013805517989949369,0.01399616925496266,0.014775190868242624,0.016341369805328253,0.01968587045289895,0.023847618180042364,0.008627300383493465,0.007184750956099774,,,,,
0.02120354473737747,0.006856106416127939,0.011306770254841513,0.010570444389220885,0.01193074002862145,0.012355752186976151,0.012429130728817173,0.04534936566938317,0.01616825634669583,0.014834313765192633,0.016530936260383072,0.01906274343202265,0.022753598460283336,0.009975920958121769,0.0228885508567875,,,,,
0.019563412963505143,0.021382953596886366,0.008849156233103096,0.01150741272411325,0.02344093817870922,0.02884056157840239,0.012149829068903386,0.013290941449561692,0.014157950235182935,0.015613188507393355,0.016007755751618714,0.028777545390878304,0.03067196897103905,0.01022371837146168,0.006747437365815699,,,,,
0.019349220323823,0.006396261654528205,0.008720847588266774,0.010727045780756304,0.011352209721560239,0.011675997752064326,0.012273221718580134,0.013121264779214306,0.014265595469518584,0.015061944067453252,0.015794748233791615,0.018393395719561098,0.022156876023050526,0.009105120230526804,0.008068232377772974,,,,,
0.018716619775810118,0.007085703856576994,0.009090403593714822,0.010339247842900573,0.011235294989880103,0.011754034525562417,0.0211785780724813,0.026472567433531012,0.014094794780961603,0.01737316114266647,0.015278102769338355,0.01806516084294564,0.02169451471745015,0.012192126900999975,0.018335635757146748,,,,,
0.035198500159006565,0.010963933849726949,0.029827733156816322,0.01114214266362649,0.016530328313948052,0.029465688087478157,0.012336636436225382,0.013499390268843578,0.01349506691293046,0.014545012175944184,0.024211982090175103,0.0237287138795499,0.030693396283883845,0.014829942374567235,0.006666231992327933,,,,,
0.017305554635532006,0.007288680627869517,0.009824803826605551,0.027622070449622317,0.011678551860986973,0.0124398460942747,0.012525264892256933,0.01350503256718425,0.013682462473739793,0.01441983677878668,0.015596319396560625,0.019066348408895595,0.020760342209048356,0.013822977770410938,0.008395069889895758,,,,,
0.017781843678078398,0.008085250935517416,0.011755551369127357,0.011135827171389402,0.01189168391411406,0.012441122979529776,0.013668049247411074,0.015464645458099818,0.017715650447666216,0.015038745437216009,0.017116726013670064,0.01773710261272049,0.020422053690710543,0.013294843506286024,0.026491566528994627,,,,,
0.051215789377605764,0.010797411916771605,0.032936872217047705,0.011649173627737583,0.019097319723617504,0.030414473826617095,0.01409461077700887,0.029300777877937247,0.01495036209323652,0.015322343858724032,0.023089570769568964,0.020470998899089314,0.02310272281037022,0.015664493983240716,0.00841050215852965,,,,,
0.01813281364649137,0.008600504187822886,0.012385548396701355,0.02336691447431682,0.01347138397798518,0.013705946251143854,0.014340956913718419,0.0146922618305747,0.014058222787781802,0.015142656017146604,0.01591524167857444,0.017836907933159143,0.019911374906165135,0.03584406343456726,0.009665625616397288,,,,,
0.016841786655243596,0.00831424339389938,0.011320381153802411,0.011406651617433098,0.014007583672774097,0.013735362521897877,0.01621764602875543,0.0144445681271092,0.01603268649849012,0.01465089787620342,0.0152312005789264,0.016650541372033055,0.019558905134772032,0.019236553864281684,0.022206683699581464,,,,,
0.025336132702458564,0.009976083440607998,0.022171926576061197,0.011315941502044248,0.012746292416879024,0.017998136347054196,0.014082254014464684,0.014230578775157975,0.013452889575318507,0.014449056108614767,0.01884303243156175,0.017978185839894092,0.019060702576883252,0.021582209928242575,0.007980320797104734,,,,,
0.01654081715798432,0.043951727391616194,0.011669887833646593,0.01388839651208995,0.012213035075752214,0.012630732033763071,0.01378951728040125,0.013967418326094886,0.01330615299984996,0.014420398814986015,0.01542518470111332,0.01559912525445236,0.018132366681765072,0.03631833018551232,0.007592108782006431,,,,,
0.01586454277945912,0.010499051175782769,0.011386853622635165,0.011402558300865033,0.012699331635751225,0.012855822483752614,0.013936747323468978,0.013494850708776481,0.014448517624440027,0.014988153082204416,0.01502494284054185,0.015614081314262708,0.018293277142058605,0.023713516707837317,0.017200254484419576,,,,,
0.02102672178899248,0.010581265013502707,0.015565671502779979,0.014638169136942844,0.013609100337450337,0.0187044913497548,0.01477903007601649,0.018468659464665124,0.030258614277033812,0.02682718986822075,0.017422130900719535,0.01580765310411016,0.019767562925936573,0.028559707878628604,0.00860924469301163,,,,,
0.01862248749964696,0.03042406533289678,0.014646848016624404,0.014635843563145418,0.012580531505823988,0.015664659546668423,0.016162540882222447,0.016266028778240106,0.015567191794319967,0.014983804937135914,0.015890616300766686,0.015822494010908104,0.019569377610767248,0.03824498084681967,0.012224523306959618,,,,,
0.020689404281560762,0.014918952207124407,0.014165252732428734,0.014969193714804534,0.01770408147242062,0.018846146190487387,0.018424090627560563,0.01834890908694598,0.01851019642138389,0.01906129784887074,0.01898182618136798,0.020163749112630445,0.021448031337563626,0.03497837892319394,0.011083769857515179,,,,,
0.02500706124089157,0.01774139724216594,0.020958402591303934,0.020063965660413418,0.020948206681729982,0.020921494317779683,0.026894872682747133,0.018954189786844627,0.03477813254473879,0.028465713361978194,0.02073446665561647,0.02310349457586188,0.021082767771891518,0.03819708383028749,0.02215582254041587,,,,,
0.023215101069517578,0.024963867635514697,0.0204578346909878,0.018472889315249496,0.020946395963518997,0.021684814422298387,0.020154100231057417,0.019462283962382417,0.020797302656191834,0.021884892383133896,0.021959542064296518,0.02678897658023964,0.05297925981238837,0.03354576796520064,0.018751229195555007,,,,,
0.02142383382701428,0.015394785742047473,0.017531110072547283,0.032491364542650863,0.018127359923891462,0.015016417718964578,0.015316016408271332,0.01846558738916705,0.015787521827023844,0.019008706119377446,0.019383352498776277,0.01916090566300448,0.02015898957491001,0.03959349903490666,0.013576282794732292,,,,,
0.017670356519071076,0.012357641148876173,0.013855866132461368,0.014410301306298433,0.014710454213223888,0.015347543082530302,0.01492225476385432,0.013094950303604537,0.035020245939336704,0.03218540833406515,0.018788449490202773,0.016908333220856053,0.016106623275754694,0.037492429580916524,0.0322434235799537,,,,,
0.016848503166752946,0.016431820225553086,0.0161448201239119,0.012066696182415005,0.015809519232196118,0.023943128857007872,0.015023907134605892,0.014858311606488797,0.013635753982875472,0.012898117450381183,0.021790595832956963,0.023776824168292996,0.019935586913727474,0.036665507184111386,0.010305832329537782,,,,,
0.015457684180359537,0.01174354916244809,0.011677857864923785,0.019294994026235836,0.012743036489935203,0.012923101878749576,0.012166574001103736,0.011968504042982678,0.011927261472684423,0.013025049436105619,0.013745625655797277,0.014953831146560546,0.01518445241370569,0.029201475763367072,0.008897528210508905,,,,,
0.015824133036147724,0.011946408132499852,0.011882820623909236,0.014006542174578553,0.01591915213749098,0.017717992611372843,0.02038123189992733,0.012109819822373361,0.013972059574283586,0.021680523385427024,0.015484819653494467,0.013151668394604311,0.014357472056676984,0.03258756561996161,0.02917645298132997,,,,,
0.03308515216736013,0.015676244641379802,0.03353919582519839,0.01294558420034291,0.030912044052566312,0.03765046051668564,0.017571099623529422,0.039472625808955386,0.014334173646371458,0.015552836823382514,0.03980167610029683,0.017645975853183105,0.0173373715043132,0.031022561343324387,0.007392684035446469,,,,,
0.013247551435681694,0.0117868374300743,0.01015643216132204,0.011890375290162724,0.013630046875196863,0.016626381111485164,0.014258980971845603,0.01791879808168122,0.016722580090733793,0.017192317774256678,0.016049925114692245,0.014670025523167133,0.015609928290585169,0.060953529320213834,0.008986135162707624,,,,,
0.012314753530079965,0.013838354140908773,0.00827496411507179,0.011668971069954908,0.01159665318172194,0.013056496512726013,0.014256980107053766,0.011520927277175158,0.016416029353047066,0.017402675030129502,0.015267234807239871,0.0156039459946349,0.015394217162513879,0.028029512669978822,0.010939631322901955,,,,,
0.056469239789831246,0.0180571195489982,0.04114810330423765,0.009165165404153346,0.014173695128583842,0.009141045713765927,0.014242852377384116,0.01159338197840428,0.020531925543476437,0.016029552051420155,0.014250156865667553,0.013045343343196663,0.020507279413015972,0.024732996730550856,0.008656111151298216,,,,,
0.01172440302716651,0.01731686567707923,0.008946617040683554,0.034409366244611654,0.009308884631564785,0.010542959888309156,0.010707202262706559,0.012123117426948183,0.010544435735438106,0.01218710040951925,0.012619510842614317,0.023402404147979745,0.014404023342000175,0.0252406657404318,0.009216100234651574,,,,,
0.012205812920568758,0.02290910722694036,0.00795700973155229,0.0084973587183581,0.008739859737366858,0.009644942844758739,0.009943534108051315,0.009931398533074306,0.009883461660659143,0.01968652915824826,0.011079352433500217,0.011918805438808387,0.013296794105238888,0.022817622773719876,0.017708475644265535,,,,,
0.013417008286315202,0.02523109532262702,0.01624800189263645,0.00810331399340651,0.008574531681009483,0.009527425457020676,0.009632195500073784,0.011116013449838025,0.009876636744584309,0.010775291346039342,0.010267004813925127,0.0100044772371158,0.013584303696861233,0.02161029583637616,0.008133701951789784,,,,,
0.011718567327938016,0.03565578174540688,0.007746648140565781,0.012741204665391262,0.009143208809098366,0.015527156515912225,0.008765379360599629,0.009655054734475452,0.009379659290507833,0.011030996681785985,0.010776765457899407,0.02264658924791219,0.012943154884854619,0.021744308036809393,0.005154567365003237,,,,,
0.011947167933674785,0.026987287010501976,0.007808960938975291,0.008486937027489441,0.008500410272977198,0.010446830857721641,0.009074698594663411,0.00980432459033094,0.009932932609495654,0.010587880678458299,0.010453500589509867,0.010599019956319171,0.0119012760930628,0.01782016093109781,0.005938968085959445,,,,,
0.022941744320916002,0.02768733019160595,0.008719360518268394,0.009220988396084666,0.03659785888315472,0.010487094750341305,0.023958018005354166,0.009374404307853329,0.026154611198719157,0.04931759833949742,0.01302567165521206,0.010661233481951273,0.011537320537507952,0.017790884076925112,0.0060845125726693575,,,,,
0.011860975076915314,0.03597507515845186,0.008151220175727478,0.0082539387354471,0.009131145680566903,0.010422442339437019,0.009727310094710761,0.00970338498695765,0.009847479320486376,0.01064647546291834,0.019464532540417422,0.01495836138563802,0.011628701306294757,0.01674727909146435,0.006278400917700205,,,,,
0.012311383476841629,0.0260049477806437,0.007608104534232991,0.03729302562131608,0.008692437871647656,0.010797081644019628,0.009564916967841541,0.009613599209990649,0.010047417602942895,0.010313159083141907,0.010636757479178489,0.01042757332321998,0.011504454299366047,0.015878758871506957,0.00572914442472988,,,,,
0.01664226458817988,0.0236675379072844,0.014885167649405368,0.007682057818727329,0.020653255338706284,0.010353786252173864,0.018479697165072383,0.011119279315029831,0.020489107630625884,0.009925357843694693,0.010832184156364486,0.01077456925848485,0.01257916568558749,0.016734595138506406,0.013044746914208132,,,,,
0.010743986545787067,0.02540172641456883,0.007995580481800926,0.00960101284578078,0.00901279197318378,0.021105513139992045,0.009908097134678653,0.00933646028732442,0.008797534076557848,0.009751941123084067,0.04337781312547225,0.01562165773635587,0.011910207306645595,0.015121639462455684,0.005539266557463609,,,,,
0.010636483175305514,0.019902499563229436,0.007579458962356416,0.01918254987623468,0.008049889245512122,0.010163451958063051,0.009652200290812315,0.009373020928007089,0.009510396979679075,0.010053868635461947,0.010024159511081814,0.010012510205310835,0.011552960980536185,0.014334874732702278,0.0062609757472066345,,,,,
0.01004225379319641,0.016727852271007076,0.009672599421541316,0.00874757161971783,0.034391941625219205,0.010037248819138134,0.03302827192652697,0.00919553453071893,0.01645183308129312,0.014957472786632443,0.009893460836623253,0.010349433138588864,0.01091105645318072,0.014313895150341175,0.030517477651798082,,,,,
0.012558737998012217,0.024355626468835684,0.007406221955696938,0.008968801895435866,0.008031827126521448,0.009640370538721393,0.0098971301292076,0.0199644304401395,0.009153131212784625,0.009509544755385969,0.05023918522957331,0.011440705635085693,0.012647250379176815,0.013462717890164632,0.006663118885263391,,,,,
0.011264256105793137,0.017611550604415823,0.007768337117851642,0.012151296505626411,0.00822407390678214,0.009649143421084689,0.009671258695710791,0.009248545704686887,0.009166580152692191,0.009079270123570153,0.010004736465795383,0.010063923989130483,0.010978589941707537,0.020005389716162805,0.007461822547705047,,,,,
0.011119279315029814,0.015922471200423366,0.008065660419665617,0.008567118125627791,0.009437545784581816,0.008803428029418765,0.01040974395719914,0.009133382109923116,0.014325486377293755,0.009841123589712722,0.009662707195402517,0.009459264707582833,0.009888610040238765,0.013229528280805085,0.02571502382195365,,,,,
0.029292224122526665,0.020699555392610508,0.007954279543796966,0.008690162574246742,0.008835517659007766,0.029333464962887242,0.009859553785611059,0.02831849924511855,0.012192126900999948,0.021567484381259158,0.02830338408667538,0.010944282873318356,0.019626166084124104,0.014064194105856421,0.008378680651969797,,,,,
0.012139765682131567,0.014869761873678989,0.008246708708412761,0.009953440365813292,0.008977906033373501,0.010030625501672882,0.009833642939414175,0.010446210201059724,0.010870573553237457,0.01056028806571468,0.009756594052431261,0.03603263886676671,0.00920522444734742,0.04980795646608398,0.011161183882289588,,,,,
0.01068271019581015,0.016618092294410785,0.009074305621432957,0.009230159892306423,0.014651451048798564,0.01140008454321083,0.013971711534149629,0.010162654498085396,0.011191727281069765,0.01325021854155377,0.012455472411869296,0.011924352838640408,0.011083214119536727,0.013149301807208568,0.023017459365668486,,,,,
0.022048926278091605,0.015262987407719305,0.01566583913544445,0.010797081644019648,0.012785907397441051,0.013952393312278103,0.010953846411370535,0.01592908689980404,0.020085524447073833,0.02551108112622477,0.014018595671165512,0.015444088069350487,0.019215375393988068,0.01295679822189314,0.010046288246360831,,,,,
0.010419486990469868,0.01567949106911892,0.01178683743007434,0.01581265629179191,0.012261356087663627,0.011494530977647289,0.010083393777090718,0.011684518525587667,0.010413729430286343,0.010113025057328497,0.01286822326118521,0.04128068960871699,0.01319805135215732,0.0211625759834353,0.01123393876196561,,,,,
0.013623385561173342,0.01670706403549746,0.014731045086778853,0.0109283942623789,0.012199224287979833,0.013411498161528574,0.01878154642577398,0.015124404774916547,0.015473028379962478,0.016480361046884405,0.01598051421511297,0.01562968680815177,0.01295096714122947,0.012766623147151443,0.022614615675537655,,,,,
0.02249318586215921,0.015557859444231381,0.017469163409840924,0.013939189532935478,0.011461230905285733,0.018436051834019168,0.017538080167517674,0.013240820111331231,0.026069007922072736,0.022269034117315036,0.016835317797259733,0.013779851474209417,0.015648426004948004,0.015290680422802266,0.013811246479347141,,,,,
0.0144776342855554,0.01711793810958063,0.014008763943789762,0.020355145170424156,0.015776943137278426,0.01726382337212122,0.019358985691380882,0.014263890995473516,0.01630228126523093,0.016238681491844303,0.014634957533065332,0.02138198327635238,0.016204627538988846,0.012681833083960509,0.015534086661101901,,,,,
0.015061836449776319,0.01576105150518309,0.011806321658946082,0.03588688079791727,0.01161238121451692,0.011159237646323802,0.011320610249867843,0.01841080106647429,0.014020353088673516,0.011913473150932694,0.0139163789106299,0.014583297845092349,0.011853784560125964,0.01401313702249447,0.019995842758302844,,,,,
0.01397131707818334,0.011980632658652816,0.016346665775406447,0.009597399233514057,0.009618015713954079,0.010132144533758974,0.01619734382249676,0.011550379100022629,0.010109722729817404,0.04406425077505854,0.01127101737320361,0.011520477047495177,0.013149918147025012,0.013481896160562354,0.03312604546465522,,,,,
0.012709615147908956,0.028813571516617648,0.010989775677200357,0.0074280757121238696,0.011799729753391013,0.008703172225469357,0.012325305309779185,0.01436255155485465,0.010427169155518683,0.01061845504380296,0.01287384000470703,0.009807233924766729,0.010238927437082454,0.01443493670020333,0.017617532035591636,,,,,
0.011954546346267496,0.011599867568062177,0.012590088098738749,0.010034535403085998,0.010042802574048663,0.01032886418742109,0.014663991399700503,0.010677853617965898,0.007557185033392312,0.008540246979271835,0.008471376122825678,0.012523608302914118,0.0070011992796310644,0.021843079235754518,0.018024288999822263,,,,,
0.0071338089239327915,0.015123697417532288,0.024730584852492563,0.009146753760344371,0.04345696773398003,0.006996567324589049,0.038255769961006984,0.004492706805405051,0.011806101988059066,0.01862777885933609,0.011084384061811354,0.013657229345402425,0.007310353615250461,0.009260280864392867,0.03872875429039874,,,,,
0.016056225823869688,0.024232218482054476,0.013876720525723571,0.009216487162035247,0.006798413441990615,0.00840186358025944,0.015024079757220093,0.014990056350731985,0.006584025132505767,0.006189999083052439,0.009956566610050763,0.0074014492701865164,0.004925385416213822,0.008508034371118496,0.02560798330569225,,,,,
0.008941143806247304,0.011437985044757945,0.016314268041045018,0.012800528802109919,0.012227042375681792,0.004085144063434724,0.021488817936744488,0.014536294797102589,0.01649066542774446,0.00373978539384756,0.004209585189369335,0.03477067452746102,0.013945885969303799,0.018138086998465495,0.02020776982125402,,,,,
0.014987785377474598,0.01350676079965656,0.023138827858428423,0.010682710195810194,0.03030195275493936,0.012372663857111863,0.04228015206779061,0.014295923781342692,0.01566757731492413,0.016849484438496657,0.005901513083180008,0.0044817253553091786,0.006384847675989555,0.004786185277912416,0.04900339384561728,,,,,
0.017821907281623948,0.016489780762286847,0.017048406861213502,0.004906591074798606,0.0053906684653548375,0.01789127725745016,0.009292606963292557,0.020464235676594562,0.013012524066230591,0.004496169059501698,0.005609923694282041,0.008153407307210063,0.02112479675509104,0.013648324972205316,0.013077138266448539,,,,,
0.014374802684380218,0.013507720833263369,0.0189302467096335,0.014638501331611275,0.011805223263634623,0.008381040511374985,0.00936876575517673,0.010385049831931397,0.008339938104204038,0.013761653841140897,0.015014064364872333,0.04789483440797634,0.009348674613382162,0.023714500992247558,0.019385443001742702,,,,,
0.011207358273566484,0.013078228990619375,0.017265494559281575,0.015052879964090517,0.013413915161588148,0.008695234552423225,0.015608931400481028,0.017801176518231158,0.010972771216412519,0.019038579290262536,0.010427448965595814,0.010157070525139452,0.013698564564193346,0.013893880836080001,0.023851424203446745,,,,,
0.02882087257248434,0.013258901268197653,0.017390599595137862,0.012636351720128421,0.008152015564160028,0.04577273910546864,0.009816320037340535,0.013661406463390811,0.02413581019317388,0.010537269793885801,0.011820372104361536,0.012977173880375047,0.040762463799854716,0.011600985406715196,0.012722668068413366,,,,,
0.01162131128372281,0.013350518154826399,0.013258901268197624,0.013329910615801781,0.009972963314351439,0.009502724209588058,0.010032467545893299,0.017559287713804276,0.014242419907062622,0.014249588114739697,0.024465218005198873,0.03860215043259346,0.010971589372442412,0.015257718990226286,0.014317971260658417,,,,,
0.014029668347621132,0.01335063956721284,0.010465650276749797,0.02866309984454822,0.015083882018638476,0.010760117331284553,0.008247023189215545,0.019888160373425015,0.01755387742155994,0.014653044069195093,0.013581081582259876,0.012522339828573436,0.012470273280024669,0.012685104720190679,0.01839445319414873,,,,,
0.03481168316228406,0.01389126730066485,0.009090153953857526,0.01502832996349701,0.012566918217043716,0.03190738707392135,0.008965439699522057,0.03587118612855257,0.03179526542026372,0.0223973975874853,0.014223925202321156,0.01498399965718238,0.03127969380581288,0.014323223202911734,0.014347172091444562,,,,,
0.016563477794233103,0.02868051224948348,0.008309368022358867,0.015743105338077636,0.014247403900190242,0.011593409941317741,0.009569660831896863,0.026324711748482332,0.020459593577151013,0.01630760980889919,0.044841544261232234,0.0369927368727252,0.015129012505796853,0.01679969455382008,0.01500110351270643,,,,,
0.01769999757669534,0.015222940038512999,0.01019704792201788,0.04412118737783078,0.01630154547124983,0.012842374795469676,0.011391180259403758,0.03941410651062809,0.02330814101332259,0.019858553094937295,0.020609887291765026,0.017813465001397688,0.016314287912297026,0.01788553238044095,0.016246405629635047,,,,,
0.04064828925114243,0.023229898625247356,0.036202954151702854,0.021842708193881337,0.015905359414778303,0.032134007993015745,0.01039503431902064,0.03963169324936638,0.03940581473352757,0.037207319302942445,0.02360356650421263,0.021118288968459648,0.03631708049428065,0.019613724081847955,0.018034214547088555,,,,,
0.028190509560669035,0.022811470025470366,0.010414227507180074,0.02999355067044723,0.02275074875340616,0.01759121695418718,0.013196159857491516,0.03827593312407613,0.030651616071874492,0.0229718937613517,0.031141088482733472,0.024183204449061073,0.024307274734746566,0.0266521227996762,0.01852642466277612,,,,,
0.026880126856064123,0.021996521359191865,0.011536196529834408,0.037071804130454876,0.0325746404442592,0.021334672220174405,0.01896692769840283,0.0562127963801157,0.04677288091920254,0.03272519577121571,0.0300896463746303,0.02556236835786217,0.027081684416638278,0.029945089465116523,0.027673744662442414,,,,,
0.038901241000935366,0.03329855155499373,0.03381244809707484,0.03473321108314855,0.026778966821274494,0.028173714854743962,0.022283048738327146,0.0476201109861911,0.04577938908381887,0.033040725299355464,0.037917605850173626,0.035357110799131064,0.03447870399292467,0.02998162653073247,0.02597986598289532,,,,,
0.04576653442061181,0.035103386887785144,0.02052489809375285,0.04361807175346994,0.040471906110724216,0.031138079788025637,0.024890061995116352,0.04445701747727389,0.04515666567738881,0.0458525246835289,0.04293419576608715,0.040633412464585246,0.03895556276827099,0.03827860098213338,0.03014853317527812,,,,,
0.04675269334804625,0.040677875080497194,0.024968022865365605,0.027680772492754926,0.0368060594214503,0.03459728154748126,0.025315049960546544,0.044563333174274286,0.05169298448300527,0.043663675160164866,0.04549750749237905,0.043267790371990564,0.04009091338840445,0.0355798639060192,0.029702961731476817,,,,,
0.04204465453152079,0.027694506749641516,0.02376693709955755,0.041166070228892716,0.039170275794992354,0.03309225532315636,0.022874326144975927,0.0356792679383641,0.03957610424742974,0.03885027300300759,0.042276525161659334,0.03513267780593717,0.03848133089776764,0.038621520014121044,0.03477691140391687,,,,,
0.04238506731600895,0.03288291999731855,0.025132636858508334,0.028617143628587513,0.03398099285392869,0.03111505208495478,0.022270606289586922,0.06398898681906899,0.032401441905253035,0.030818775764695435,0.0246911356115219,0.031221258381644353,0.03480859126230563,0.023746372462305553,0.02663752250908163,,,,,
0.030170987688267932,0.03320667544889272,0.024819354765243065,0.029892613233440394,0.022934677834194367,0.021634659410346258,0.016272723945933255,0.03441475487552173,0.02872478710619569,0.03046644490253544,0.024689651920341768,0.0309289974330197,0.02398148346410254,0.026743109169600706,0.020314316594053645,,,,,
0.01926928738565754,0.019577741622875584,0.018987290582428692,0.018291380838492584,0.02596612371605269,0.015412990245730519,0.01640852336509362,0.017965107783093657,0.023277396495343713,0.024073231334404973,0.02150335613910835,0.021215084939100362,0.016390396075082456,0.019470394278161853,0.01887466218208726,,,,,
0.023132228000592815,0.025870876315617252,0.015468732700019291,0.017992533696440285,0.017273378878612633,0.016120062800066455,0.01643763928155183,0.017317988887089755,0.02973956735059691,0.019342768793305848,0.020118939223637475,0.018268325912518174,0.01810961055672817,0.017437605603258518,0.016725293920491956,,,,,
0.016540660364441902,0.012926237211599556,0.014157034295772444,0.016698271675842594,0.015156436972405011,0.012376645878427328,0.012557834492608807,0.017063783520736855,0.017764041072395778,0.017048425876770204,0.022105210996684516,0.013933211176154212,0.013811692450534171,0.013239326517425971,0.018131526358251045,,,,,
0.014351690530133578,0.011836925796852372,0.011325191197960915,0.01374970518678858,0.01445300437953828,0.01255205051799958,0.010408280158240062,0.013332658506996758,0.016020711631114227,0.013022983455481646,0.013845263253355833,0.013773144925118323,0.01377596913320554,0.012608202528283829,0.07304362673131469,,,,,
0.024996052599527863,0.012395569163821278,0.021334748196160148,0.012665590205627221,0.011585549707524078,0.014161247126534457,0.01117279614763816,0.023007992759868708,0.03452310209832385,0.012968602504652616,0.011930332437812066,0.013252175708894549,0.013455781001355223,0.011770984467560416,0.017032121757618503,,,,,
0.013159553945462987,0.011891547605838344,0.01002519434982704,0.012340419923019893,0.011067993616115861,0.010217628406328564,0.009134695313218437,0.008983068166873215,0.016262540620079518,0.013361004114696583,0.012041953999380519,0.012234066510141132,0.012991280580301703,0.010587758203710851,0.022497696551419814,,,,,
0.011047706117979186,0.011607382960660991,0.008952412843117102,0.011830460554846295,0.014783416521190194,0.009795856158959898,0.010286468407432648,0.007811658915562103,0.014318582577125132,0.012526196627485123,0.011792996715862493,0.011249856909707806,0.010067305743637418,0.01057559552879253,0.010765177712700193,,,,,
0.01163001149926575,0.013438061252214832,0.009759251873192806,0.010360578463640626,0.010323589937574153,0.01787764602710447,0.00907944865220529,0.010217374579008306,0.01565300374557257,0.011841717658979551,0.010614302104351917,0.010447451477511811,0.010008656480816561,0.009777670613008632,0.009979332534772699,,,,,
0.012973176275705534,0.009383425854340884,0.009080591152354886,0.010666918233236357,0.009555422174348158,0.008551968479599489,0.008161077513213131,0.007695423685634197,0.01437552434045641,0.011124176315065182,0.025469022356428436,0.009692688054569668,0.009261716086554184,0.008889362931023763,0.009033630161809891,,,,,
0.010859682971105003,0.008845455366571697,0.00928824514600226,0.009168525075485661,0.01052042756636386,0.008251935395133565,0.0076928535093165416,0.007760028086009035,0.013935816845380086,0.009781151337821767,0.01047509372957164,0.009331424168350014,0.00985113283159978,0.008932111081387872,0.01656324292513336,,,,,
0.012524229549595643,0.009318387100977743,0.008716088071205521,0.009060397699968156,0.02365467249662026,0.02719432135549902,0.023849249407304318,0.0070150305815191395,0.014404113367990079,0.012104464551525954,0.008684527716472785,0.00956193390581502,0.015978566613900413,0.009350338967074035,0.008972126699012064,,,,,
0.009265880472378153,0.023740637936058646,0.007441157158792053,0.01028265430208247,0.008327801394250794,0.007143300297949534,0.006156126203471942,0.021063153250335424,0.013676774856809619,0.010370555250945681,0.009399442779372248,0.008885277477422336,0.008190894982184784,0.008529041519505178,0.00720435197380955,,,,,
0.008038282542389554,0.007365621573923954,0.007563188313454013,0.023016515697278087,0.007884319773663046,0.008144058184167613,0.007439588599689259,0.006079822091512477,0.014229735857580268,0.008433636053475605,0.00907469859466347,0.027692540112870315,0.007746145943026123,0.02277911592644787,0.03375948226060784,,,,,
0.013588813373762325,0.00669883227044566,0.007852223752794828,0.007735927522165465,0.0132810104254717,0.007238470056378526,0.04489587771786095,0.0061057875290062595,0.018322052021052512,0.009949661510127255,0.007425936886514715,0.0077233453601013875,0.0393565875131757,0.0065744166848130696,0.006725155431443994,,,,,
0.009099279185208316,0.024613483122567666,0.007483340656445616,0.006112420766878491,0.006346959301518366,0.006592734522243269,0.006111147743691315,0.023445377146683745,0.014913192711174328,0.007973005291521137,0.00816707353250404,0.006574170129702243,0.006741717507070562,0.006341236070866529,0.006803942700959007,,,,,
0.008109072881199306,0.006542534366010839,0.006521739706027164,0.0517762512038276,0.0068749940575732905,0.005426631428148326,0.0048965379296378765,0.004402321583199109,0.01514145708045598,0.007719104750911439,0.007021728259251189,0.016393896578708437,0.006303908419393197,0.007351920702825815,0.007633670488544089,,,,,
0.01165042586649501,0.00710580622137611,0.005572816782546436,0.006958236045601858,0.021335052097397823,0.004851375092956936,0.025499806975970547,0.00465048795922732,0.012706553930048776,0.007692853509316565,0.005926892280062948,0.006931582030831052,0.024448887497931778,0.006000657508711275,0.004896537929637909,,,,,
0.008030979467969646,0.024424742905926625,0.018229243458871155,0.006261234635308709,0.004960800483438925,0.005347193648920524,0.00507246737188565,0.017611550604415844,0.009942490769912181,0.03139174641252176,0.007808338196607625,0.005689795712678064,0.006633080521255656,0.0050549896299556234,0.005009184455272884,,,,,
0.008861017887399222,0.0050887385130426056,0.006185545826879841,0.021577643078633767,0.004999078229735259,0.0047544485069202416,0.0055261414257411065,0.005122075169159462,0.008308743768278356,0.006698299912272381,0.007187412618340452,0.022647161839265687,0.00593214089886994,0.014853947278226136,0.005330008549393692,,,,,
0.007918005447936066,0.005541139038395143,0.0059190653952176375,0.006085844436343343,0.011852225583968985,0.007743257675100068,0.006662340381206654,0.006466829324450985,0.006225510454755141,0.008025487702322823,0.006292223876499102,0.005709362015152962,0.008144058184167623,0.0049634137694461655,0.005111621361787306,,,,,
0.008977292155752317,0.004917744457427241,0.030372704855305657,0.004883278575422871,0.00526809647192835,0.00599352197485436,0.004956550955033998,0.0074154520955274136,0.006080088693080332,0.04601105371726987,0.005993305613936125,0.006838683713629775,0.005852972821197026,0.005000828845693862,0.004866786806682335,,,,,
0.008108313262185779,0.004837924955092632,0.004641277128671238,0.02770644404767691,0.004747625046205369,0.004797618585065716,0.004357393094100272,0.004292555684563512,0.006753440403794506,0.007095899217872048,0.016258553237251398,0.01434861814663385,0.005256206329486846,0.005732029546545343,0.009901813053228027,,,,,
0.010958580676568247,0.004533578841819435,0.004470499387176212,0.005313133969297155,0.005933725506077058,0.0054775298808950115,0.0046034045495579445,0.00384282200349003,0.0054728523044089705,0.007813941091226686,0.006009511066537443,0.005349133365999366,0.007671585006162846,0.004954457540604903,0.007238828338836052,,,,,
0.03814286325675805,0.021170923079643692,0.012476822711852867,0.005570023798830962,0.004986091565125269,0.013613982808027563,0.004062224930415565,0.00856995570278287,0.030925632659002587,0.035629614236609375,0.0063039084193931404,0.004726546893929083,0.004493067581353844,0.0054967312040244114,0.005001347429040706,,,,,
0.010006032508454865,0.006041737915714025,0.005276397485226392,0.01799900090947937,0.006219414852083294,0.00406262393491813,0.005154378683176895,0.004896537929637867,0.0036979422749899905,0.007415801827389282,0.034582098413210534,0.010061346651344257,0.004787065732558189,0.007257836666523518,0.0077357598946175285,,,,,
0.010057124834413728,0.0054333181505999435,0.00483792495509266,0.004704202930073568,0.004536366779150088,0.006387690394808219,0.004348977895734252,0.004281666613389598,0.00443204527002803,0.007608104534232991,0.008454789713146943,0.004687634408299632,0.0059939005876686,0.03666882266877571,0.004791939167629843,,,,,
0.024998555578628325,0.015326067156646344,0.025889002164980895,0.004886265067175888,0.004174320379393995,0.03040168044438968,0.024670802593962867,0.006631125273377106,0.02393818632060175,0.014563900479454227,0.005433795458764159,0.00490288968272364,0.006124448357156558,0.005617777337211013,0.00414071286730811,,,,,
0.007257836666523518,0.007146521771803498,0.004237907041337679,0.005969240805025124,0.004889647552713755,0.003944400165147962,0.003969306894237516,0.003933124195566191,0.00443555487485675,0.00876682164613892,0.052580587692253676,0.005431229434177741,0.005351132962812235,0.00498160331099838,0.006178466411001365,,,,,
0.006432196701376538,0.004234769522715895,0.005724615814090391,0.004928543727161118,0.00881696916878816,0.009667235402566884,0.003977465807048579,0.005428124714242232,0.004191757857680136,0.008915145509788575,0.004861988396043966,0.027651712561083692,0.005664670541114711,0.04390061932005272,0.025699071224264347,,,,,
0.01464073791280486,0.009989722534759953,0.004291120514529332,0.005452377885616191,0.004283559062813947,0.018514521841285617,0.005946550713785943,0.004085540829595962,0.011575247806043095,0.011596205892146137,0.00514329723470588,0.004861454946949316,0.018740645499757094,0.005788814067731511,0.004956093096185374,,,,,
0.00421520325669416,0.0057472231835323006,0.007435011745501598,0.005312950918739191,0.005111113967055809,0.004420913140592951,0.004786185277912369,0.046909362081892454,0.003500599639815499,0.00967544784706943,0.015865360141248893,0.005789710030291899,0.00487636946288531,0.004714116091503902,0.006186855940849944,,,,,
0.004122823623577024,0.004498836061815563,0.004987846739097467,0.004722704395383584,0.007070268620557522,0.005754607790707115,0.0040366066074577905,0.0042974618522702715,0.004353820483692992,0.008854832772421327,0.006275043746201261,0.02429927124168237,0.004590428446211499,0.012423704345354546,0.025030061308556378,,,,,
0.006370869487376966,0.008175365402771344,0.007954931614097186,0.004235994196716915,0.005834110468497593,0.012085300051968643,0.021342830495736678,0.005129348556879221,0.007849250614263963,0.006961077463433954,0.005827438590660049,0.004987391753304886,0.014074885422126504,0.00405687448390236,0.0049243321957556626,,,,,
0.004473036745847542,0.004152596215429841,0.004244327884662377,0.010133264321626142,0.004444316761728944,0.004569192734279203,0.003969225220415858,0.03929851412240396,0.0043119213189561426,0.017815521356248563,0.01883382576987294,0.005009184455272867,0.004785711119855961,0.0051595963350669575,0.005565365711169772,,,,,
0.004279849074683757,0.004378175218991516,0.004295575527833035,0.005698506462326502,0.00497672018290667,0.005970489787635944,0.0053457383992215855,0.004794306409192475,0.003785021687709524,0.00517246075319229,0.006683958716133292,0.009371118447270808,0.005364444560438147,0.005609461372860957,0.02210978617553352,,,,,
0.0067251554314439995,0.007023205507099971,0.005304890441012006,0.004402321583199142,0.02520045842558146,0.008813181218322532,0.014951858221189353,0.004137266580512703,0.014285602132758741,0.005459805023034742,0.0057107813717976845,0.00484970422151322,0.01640061861395558,0.027817052410919127,0.0046857667834584935,,,,,
0.05764612618196407,0.03505138216337625,0.041207306995984065,0.007709691512518639,0.0050775776566512896,0.00587635528741718,0.004116134492380579,0.01174067785199016,0.004143139211688034,0.020853327847721658,0.008230969348686341,0.005062231325995052,0.004646512795024488,0.004975156569677624,0.006058723497018703,,,,,
0.0049319629483453205,0.005209619040355106,0.005974018109355268,0.02601242647712053,0.004948237499083657,0.006046028999488536,0.005131370622567705,0.004535795034272232,0.005300916762645943,0.005652295495113312,0.026592271620168407,0.0055480967820767035,0.004237907041337672,0.005911831381143375,0.011287342775536731,,,,,
0.004317030766426862,0.004677110653701006,0.005271479944154579,0.004307031622153393,0.005902337013826359,0.008308743768278379,0.011265493577198723,0.00553996881197959,0.0081677086143804,0.005500209793671439,0.0060704836602732525,0.011136758713344115,0.010266531171497114,0.01230466694789301,0.004985571394912119,,,,,
0.029588304674101975,0.035728979663140994,0.01636856533437544,0.0044748482640310895,0.0040946558402062665,0.0043118461348490645,0.005224594508411664,0.005967882918755853,0.007978695708852566,0.044565391868397385,0.007256362508825315,0.005517687354356848,0.021664592771234257,0.005096695589901633,0.0071330817911396125,,,,,
0.005204638404841502,0.006750127386941728,0.006514577766540858,0.0066025618158391045,0.005113206645802665,0.005633279134690967,0.00466545151769444,0.004490469347562323,0.005107624263799461,0.004809429163899514,0.04197534944947874,0.007630612194918368,0.006089891513223096,0.0054491067381247866,0.01800485362541555,,,,,
0.004926701625161717,0.0062134176201890075,0.006048173399704739,0.005221553182222843,0.02899348911082671,0.005771258824610109,0.005479955910095701,0.006051174283329766,0.007581811032076981,0.005382001596665319,0.007883661862946553,0.03076947548668585,0.006672842522520045,0.022597708149731843,0.005859615625311133,,,,,
0.007288680627869544,0.009098388452575889,0.008227384440131578,0.005799500584503906,0.006864470607744,0.005210614596161038,0.004949220130604135,0.004459681334198632,0.004951839528035665,0.0352229539482921,0.00730445321266131,0.006607224659892866,0.013372645537656906,0.005217391764821721,0.005611772599086544,,,,,
0.007716458438261455,0.005715264221949384,0.006846643056131366,0.013073667175049791,0.004922422659294076,0.005830775483867779,0.005070869351742858,0.005522855269057542,0.005856516587704197,0.0059225696153989565,0.030931670123467616,0.006953388983775394,0.006367001011915726,0.005953089099143988,0.014871069914275767,,,,,
0.005406041924449516,0.006467631362073328,0.0061939257678300915,0.005337788168275045,0.010906152934571308,0.0054623576238253795,0.006892183865445374,0.0051565795415709935,0.00656390523095984,0.008540550651392994,0.00844097481345484,0.005902776396479278,0.004681613838582048,0.009245741075284506,0.0060103741300298365,,,,,
0.006251441208234028,0.007609127117479425,0.012672217767746175,0.005395477376826901,0.003887109523241111,0.025895512847431707,0.007471548077258255,0.005844104003584462,0.017267879006962424,0.010347052244512255,0.008634361905500217,0.005467399956315881,0.026554635898107797,0.006775820702848744,0.006561929371060153,,,,,
0.005563501384099115,0.006599369550596249,0.006088773510933922,0.006825065030576265,0.004945616193872853,0.005547161794935695,0.004698203592336311,0.019485174008317216,0.005601885431717054,0.00503783736345353,0.01433498780793155,0.006167910891899842,0.00612936914480483,0.0061291046868205525,0.008514890222792846,,,,,
0.006243969239445617,0.006554019974780623,0.007823436084341944,0.004946927020102204,0.008984547672041564,0.005077066859642042,0.0063371448844080904,0.005361543030670028,0.007521366445379818,0.006147694738039215,0.006392154970153068,0.017495587953953305,0.0059203249631039215,0.007573126128895379,0.02744270671443234,,,,,
0.008432675010107043,0.009292432529911299,0.017560524645445833,0.0061121555755795165,0.005027208391181834,0.02532652155852322,0.005483681619379537,0.0051309283637913945,0.05563640647614121,0.013595372401201043,0.006554415671276227,0.006700429091186003,0.02116992772726324,0.006420745623141355,0.008384443728467358,,,,,
0.01920904767774502,0.03634765880349585,0.007557828470054659,0.007908951918362491,0.004983164901374822,0.0056293069077534485,0.005466629077319526,0.0300040979066282,0.006323676455089527,0.006536188838892709,0.01210438420442689,0.00627860745423721,0.006485051139718191,0.005902337013826412,0.0075731261288954025,,,,,
0.007685475282700781,0.007229013946111383,0.007278176276696447,0.006412004858295253,0.0070790667079771935,0.005762545533959923,0.007056545589755553,0.005655506440489108,0.007004671235847284,0.0065848128955622535,0.007123258233687228,0.010574859805334248,0.006181351596208675,0.01178727748579358,0.049718055249522844,,,,,
0.008447309447014327,0.007718096738795156,0.009133382109923158,0.006832992792645505,0.006504368345491386,0.01256988448846307,0.018449270491245652,0.006554267287889851,0.04335413053651754,0.0068351274432789525,0.006100528886418354,0.007130536242440084,0.008401863580259407,0.008257708410514963,0.007608786271667299,,,,,
0.04183551922743129,0.03633203826070189,0.009062723130948464,0.0058097768594640485,0.005251269880482046,0.007595353309575201,0.005811841090070825,0.04578958525752666,0.006033146592054347,0.006365727973243578,0.007642159326974807,0.007613897356717667,0.006512985154912999,0.0066311252733771905,0.007988116618693855,,,,,
0.007413703188745985,0.008416359001227464,0.00794722561694202,0.0065453085996589,0.008712516727125127,0.006633862459047264,0.00654055205010963,0.006132330295052713,0.006051227857012735,0.0062280094889581895,0.015310490977810728,0.021537280586504507,0.007353684303182925,0.008727387686062371,0.043487624616143,,,,,
0.007092243374963777,0.008362453128743489,0.008812555866072087,0.0054218501488410625,0.023188833122575376,0.012757275035334832,0.01685604402285525,0.006336735620485604,0.018860521301576793,0.00693508884004662,0.008300936631230577,0.007496498645249909,0.007925698952248397,0.007488537361269676,0.008503460732514498,,,,,
0.012815411789098683,0.03288528601687222,0.008131110832715881,0.007233452238621357,0.005839664543810038,0.0062214994906818035,0.007345524102031136,0.03583675488007305,0.0070699017959793544,0.007383205893963068,0.008991905493465178,0.008052587017360537,0.008037475898947712,0.007467251302550256,0.008575590237167538,,,,,
0.008116465455477506,0.008900114748978156,0.00895530933771069,0.01624177557975872,0.007731568024765336,0.007617643306243729,0.007785678108108836,0.0068765028277359055,0.00800773490556189,0.007202551808372755,0.017604572768598482,0.011712230506218455,0.0075482141096702956,0.009046360889398532,0.03123048792591903,,,,,
0.00947457177462663,0.010139660737082879,0.009564239080898318,0.008232268984761175,0.016632911738481287,0.00926535565289098,0.034244208069672225,0.008238567343805622,0.00816806582623623,0.008104314093872383,0.007648223069803523,0.00835636453251295,0.009554065005000965,0.05352864736878226,0.009538681585723465,,,,,
0.009083732286827495,0.022715953544062053,0.012256093481511257,0.008365553893850122,0.006737099628220374,0.008592622585756722,0.00842917588692921,0.007863569144119816,0.008852782313668994,0.01741369958957145,0.008499456779849899,0.009335488007041646,0.01483385482970655,0.00921103350435126,0.008877685218430664,,,,,
0.009969419487186552,0.009557152285753302,0.010486229157112125,0.028921380637873723,0.007742252807604004,0.010164345038959613,0.008180122486830501,0.00862760099153142,0.008017606916045228,0.008852782313669016,0.06302899873818059,0.009732907473189589,0.009480899683569627,0.009363920116037532,0.029150752589597134,,,,,
0.00977262965314773,0.010497970405404343,0.011890893304364339,0.014263231877569924,0.04622499554261367,0.023982686548671067,0.02927344800480749,0.008378061562413898,0.011649090140367567,0.008340870965798454,0.008447117558216954,0.013535532187776419,0.010541729857867563,0.03104281724049369,0.009510533328479159,,,,,
0.011933592774492942,0.01007953499091859,0.03774333816560528,0.01962971713414796,0.008226241668483476,0.012002719583524581,0.009102093327393963,0.010745163253112458,0.008564695983050267,0.01138392082223651,0.009006315145818903,0.010337397743717712,0.025333227987536063,0.00951281688036012,0.010259423911103597,,,,,
0.009840892993839959,0.010378710943548374,0.011141648030801105,0.023592590020687622,0.008072249421774827,0.010915809276707603,0.00912191017129516,0.00908016273164494,0.00934364507779359,0.009497810383800452,0.03177138757397507,0.009863498632943366,0.009995399997813506,0.010693629431573932,0.013083458245245858,,,,,
0.00930749151348225,0.010765177712700176,0.011720641961454855,0.021679506569307377,0.02009185042384971,0.01034501551879103,0.00925737473348642,0.009651696477828015,0.00992356125397087,0.00961073245380257,0.0096010128457808,0.021911599087313664,0.010925902161949531,0.020864222723936204,0.010742025080468488,,,,,
0.012437265864887548,0.012643763830393827,0.011612297462625439,0.02332247643863875,0.00903434786276696,0.008760347994252883,0.010094575915458657,0.010951981732899668,0.008961967722614862,0.010477569291767547,0.01007914903104824,0.010806205466557061,0.010677853617965903,0.011465868767182887,0.010856100119388572,,,,,
0.009813677672259987,0.011089618041463859,0.01195205121648604,0.024538570796628204,0.010002143876666435,0.011590725194001877,0.00977597952807992,0.010052320765218262,0.011198300745289564,0.017862407353305167,0.028632353565730618,0.01227301040459835,0.010845015649468439,0.01141801424170974,0.01896403890902933,,,,,
0.010470883930619033,0.011781032657580804,0.012378819730945302,0.0229394267531754,0.010835924505061519,0.01114979212873187,0.012220465188904746,0.011030526454774429,0.010979771032148202,0.010470109886342914,0.01069863035682899,0.039712428884935876,0.011604338276590378,0.015306785070249873,0.011866440233971015,,,,,
0.011333232006462468,0.01228523421917157,0.035220735761931604,0.022196769078616792,0.009155220633253773,0.039780982390367335,0.010336394161584,0.013075130104479948,0.01755062675137549,0.011855507400529448,0.011348982321043522,0.011309293089238434,0.028952122305337467,0.011382439898090296,0.012098035097391152,,,,,
0.04125775977672553,0.04951446052031517,0.012248235034547297,0.022212405589526026,0.010180502629576349,0.010314636381192725,0.010910907894085485,0.011501213246730275,0.011200848010953463,0.02320672091257872,0.015001643771778247,0.012512601950274886,0.012534760169430972,0.011704699343475863,0.014154812896567916,,,,,
0.011139087227404513,0.012144037634082805,0.013275639211170564,0.03285432699322765,0.013717885756140453,0.010770958094578576,0.01172620016928205,0.010846540062170543,0.012481706557643999,0.011292080765948294,0.011063394079403996,0.029963011935013436,0.012709411089657527,0.013030946879013251,0.0126088453178958,,,,,
0.0120109006152033,0.01296760255843165,0.014744529165613737,0.02118212904954498,0.01095976392332856,0.040011103528801245,0.011353123508994253,0.012400798722109573,0.043449626561114243,0.012456123083015738,0.01147242644280851,0.012412295994654347,0.013411014709244228,0.01261840615869741,0.013340218364547346,,,,,
0.0215249944235285,0.04539107295272564,0.013560728796266481,0.02075867127297416,0.010443323663035546,0.011609477463031736,0.011875179253734401,0.02164215037674588,0.012733467389818301,0.020861285863906676,0.014849581667276823,0.012490404422071083,0.013175138648818646,0.012648250020993922,0.013930418846846995,,,,,
0.01179027492830425,0.012885317741659635,0.013515230741630116,0.06047744580490121,0.012228102880944242,0.012404588773248147,0.01319498060673764,0.012509725755091827,0.013003253009881827,0.012812046912188665,0.03843139188563145,0.04721399293388448,0.013172357897379975,0.014960528478932361,0.01389315749602144,,,,,
0.013183772463731676,0.013087050597526196,0.02382230626565539,0.020552756877381922,0.012101250251458685,0.016746601565942845,0.015287287808872767,0.012934260200431206,0.022189465347354404,0.013813030277702806,0.013470541686337491,0.013317452889130004,0.01888894694102617,0.013454455841554969,0.014214349533260708,,,,,
0.047097396628892785,0.01644331827169141,0.014543407322217636,0.020555453937447968,0.011381072720150386,0.012797869304566565,0.013514079333318151,0.023573674860148632,0.013758826694622944,0.017770901565143465,0.014180097928777472,0.013953787348095251,0.01459236482216366,0.014188143063834289,0.0151516236222686,,,,,
0.013837955883542028,0.013892597464949157,0.015016309775013063,0.04133581361542716,0.013260392657286926,0.013573918589235734,0.013533232727687618,0.013994872099423681,0.015438293497119435,0.015119259602708112,0.038331682344960795,0.039328966978350276,0.014935891796546209,0.01753584338323374,0.030534681954176395,,,,,
0.014816185944498834,0.015946986401410873,0.016148514388654264,0.02082621360133348,0.03380844977103553,0.014874557460181294,0.05698380735166013,0.014559447899018986,0.022110196722213468,0.014831778515555293,0.015557859444231286,0.015468900358677509,0.01645624643325666,0.04977123385132734,0.015800350529299893,,,,,
0.039251208927772924,0.015164990267088313,0.05080832142344149,0.02091227257345723,0.01310556653844825,0.014965273317083397,0.014612279056421908,0.018846473019323424,0.015017712985864146,0.017999289087726137,0.015142399110132949,0.01584812532401627,0.015776018448753107,0.01626620814900751,0.0166450888946291,,,,,
0.01484427572234213,0.014961806916748034,0.01639419319720333,0.023650505837392574,0.013588312372460557,0.014636308707465882,0.01586650437701591,0.015635762923692637,0.015369663974804522,0.016076302936677136,0.016955452559796323,0.017133555106416964,0.01649528457650743,0.016962544528238633,0.054001019095534,,,,,
0.015100636594259155,0.016295180461391327,0.01725106819938926,0.02125026291703357,0.06293843505588112,0.01570219726974275,0.04104382534708763,0.016306019381161874,0.02365116377975574,0.016526640933921935,0.01617851905656199,0.01618893546211908,0.018253537718007962,0.03412912487732832,0.017151331686643477,,,,,
0.03228597547218365,0.01931606841838538,0.028095452976197272,0.021470344457535203,0.013853877248226608,0.03182803892620929,0.01599268134907415,0.025049947421567475,0.016478315136234087,0.01740967792409,0.017177226034672425,0.017260518076197585,0.01721381947486122,0.016915713252951,0.018395228636877328,,,,,
0.01614482012391188,0.04159101215893841,0.017307352911059466,0.02137045735204695,0.01345154003047155,0.015667577314924176,0.01631506287224486,0.016861485963072173,0.01685850561269303,0.01689145246810445,0.019690266893738942,0.01687916495323143,0.017494828226479422,0.018032201109730053,0.01784008826802138,,,,,
0.016264055569235845,0.01690833322085603,0.017320066633583663,0.02121056131688809,0.06996880078058712,0.016387330048192674,0.018746387723306994,0.01686917475709103,0.02280123545202365,0.017392929614081953,0.017071514131346457,0.05312762370070835,0.017628495786585676,0.06326330927497482,0.018082953839885885,,,,,
0.024966049217417373,0.017019783419317012,0.022360312851938055,0.021461101754768883,0.014223173061689815,0.03966607501049643,0.01679917352445476,0.020680988242789425,0.017101207389754423,0.01806760124190015,0.017116366156173034,0.017589539852878158,0.03132339967285957,0.01811748540578956,0.01982036552983286,,,,,
0.01677855094074994,0.04228149386753376,0.017917983927622595,0.02336058721893145,0.014952812195631016,0.016636906827971042,0.017354920637932907,0.01799611887320379,0.017571837604252807,0.05460626734533203,0.018353572797376275,0.018540155917264396,0.01798071016199324,0.019026434595033552,0.028060815511487442,,,,,
0.01704119843727106,0.017876104609189463,0.018810660146194258,0.02704680344619188,0.017965558909050744,0.01659492018696354,0.02052072786261149,0.01791351446749942,0.02143049086605714,0.01813680008450965,0.025591381275324038,0.026299577436119735,0.019459285454156098,0.05426148112758847,0.019828868910487678,,,,,
0.01868185947567803,0.018009390422142245,0.01914135413655167,0.022385308341145,0.015557005087932651,0.040313476101447414,0.018130936320595925,0.01868185947567798,0.0180949434726031,0.0190118438995264,0.0187940563630925,0.019069731705777526,0.050667761235386584,0.019631566729003905,0.020344041408742176,,,,,
0.04171815812421642,0.038166789595990666,0.018909668104177338,0.023392497412041007,0.017905821489630522,0.01872839415450034,0.01858486505982266,0.018850600895714855,0.019010292127336268,0.06359030652771544,0.019892723964071633,0.02088819938504202,0.019285700550431426,0.020429148255634428,0.02009980348139141,,,,,
0.018367786270660585,0.019082664308087267,0.020286865460523704,0.053871642759395884,0.021941154634724562,0.019185676121825573,0.01898947590257174,0.01897294317301749,0.02215560305856197,0.019789018689565167,0.023929585228484207,0.027472742959988524,0.02084220951798372,0.024804512136951767,0.020489107630625888,,,,,
0.01890280930728931,0.01995078574352739,0.029541724672740858,0.023736759518904978,0.021937844738432088,0.031314083633970625,0.0230125715897066,0.019947291850752457,0.020140085045265817,0.021297639708872326,0.020644667533185706,0.020942015544786505,0.04298405458262455,0.021393321148940287,0.021399987679770537,,,,,
0.05201318032403833,0.029160593001797096,0.02145879045704527,0.024510956963700224,0.023906868901180794,0.019196740628795925,0.02008683176373858,0.019696933779153238,0.02023603315647854,0.04148261956879926,0.021736971588372317,0.02266662133892122,0.021385621751346142,0.02188493682266687,0.02561867837830293,,,,,
0.019999474056887474,0.021005820324253487,0.021586895953485324,0.03150642572438203,0.02753478939039025,0.019731269533277963,0.021129538195450614,0.02086576091421924,0.02126522337677597,0.021403244433948986,0.039962289327328496,0.022613468830141783,0.021811815401533742,0.043849902659493414,0.02335182891299459,,,,,
0.021431413610533766,0.02236193659559073,0.02733485324712277,0.024691660790574693,0.05487245876836584,0.031665500983304264,0.040019593921237266,0.022973657724986406,0.06943664166960387,0.02210859847971094,0.021799327056025164,0.02250540442219871,0.03628988906291333,0.0227675568681113,0.022994814733952953,,,,,
0.027557291425366993,0.025072623693623564,0.022038102221114905,0.025448075186959455,0.0345945828106361,0.0216586812546909,0.021472684706735936,0.04895424863316698,0.022594322256709615,0.03132616289819186,0.022926350718714614,0.02322553013924856,0.022752116657251617,0.023817420324056555,0.026374416855636813,,,,,
0.0225490373812918,0.023267770923630558,0.02395558223251518,0.04071388955862456,0.04176571963614216,0.02150527070901079,0.021739298047398898,0.022752116657251575,0.023208215595597003,0.022966699865862836,0.03719075231632814,0.04538492323458589,0.02357476124295275,0.04030909318742427,0.06262164473102477,,,,,
0.023314802312040927,0.023936087126557766,0.02580471633206046,0.026278564466162224,0.04171771518399025,0.02268567831195,0.043074463333092915,0.023485483354689314,0.03487494163381139,0.025425644516326288,0.024371593813221175,0.02460474917460447,0.03396946634949561,0.02462461013480691,0.02526293984108652,,,,,
0.030062645450110326,0.025014825317979772,0.025127334822587947,0.027742821082821573,0.04157274540964507,0.02250356053636748,0.02340385863019728,0.04793511146436816,0.02413409087345428,0.04426373579403484,0.025341250332589906,0.026211232022490327,0.024556940765641418,0.025743751365084812,0.02675808800519178,,,,,
0.024689651920341747,0.07058197436647967,0.025015408498574646,0.03648517951456371,0.041719121697237016,0.02385146497898055,0.025466934779636654,0.024989826486702282,0.02533388061769328,0.025674852273548925,0.02551463901176141,0.02965790633735973,0.025882802974594336,0.039074550959141224,0.026652220108108637,,,,,
0.02520159045461193,0.02628369594308871,0.02651808371423433,0.028331008951069516,0.040015276036462474,0.02613954699483399,0.028377108680373755,0.026258028530266157,0.028935153447759585,0.026473057272122662,0.02550965783306687,0.027457351127371726,0.028558164082408827,0.02754064027560683,0.026372843477375167,,,,,
0.029083470822495305,0.028430740210037764,0.05893603538991259,0.02911720350957638,0.04069062439277777,0.03314804779820578,0.02487427107214341,0.026016576225991874,0.026698656510004762,0.032094386058007525,0.027414435069175073,0.02745915751768338,0.027647960667631116,0.027863897759855587,0.028046624903816323,,,,,
0.025873883554646395,0.03211406685658728,0.027752646738982204,0.03959081333318612,0.03907886494246779,0.026457868058777,0.026324527024940893,0.02567894295393609,0.027875122881679266,0.027759362635261183,0.028988826130474463,0.03163683239796804,0.027435298862302247,0.0322142529078967,0.059090033261687165,,,,,
0.027534318440137755,0.028135198776801297,0.028973076037977732,0.03098068090641443,0.038680567922451024,0.026744018318614365,0.02857233889984371,0.02776618198718425,0.03959882895823825,0.02938205227439538,0.0289408332424134,0.0292049725798391,0.02960995780955429,0.029750466155283803,0.029984307983540473,,,,,
0.03059021118483546,0.029313830543862548,0.057136751986636966,0.03211635829476105,0.038498176166871484,0.041702419204510656,0.028683846536304878,0.03060131553317787,0.029082356129745378,0.029501752980258835,0.029607855619656634,0.029884196335277398,0.03032667757593024,0.029994328871957056,0.03158641758728983,,,,,
0.0297371254707537,0.05474791911274628,0.03080943340678721,0.03661623469326819,0.038637238587800604,0.029389896003683257,0.029641472767405596,0.08201248563931537,0.0308596153261688,0.032667936880617914,0.030593104213412502,0.03066097479686751,0.030946758631489213,0.03265331607431253,0.03157155263632081,,,,,
0.030818744207443075,0.03135373005969585,0.03182074525816455,0.03272480942380587,0.041104843383369234,0.02992599716488182,0.03252838022763622,0.03013542250041948,0.03573189212204295,0.030253728383946025,0.03888719644730777,0.0882134755604564,0.034103649133721,0.07580646207306588,0.03155473900635078,,,,,
0.031550639518506944,0.034170286775534284,0.04517730093294023,0.03343244050003177,0.04043346327137063,0.03709138728681146,0.03248215393253888,0.03234448187130839,0.03176992841397555,0.035244953371022965,0.03309554675147375,0.033035034032962526,0.048577965762657556,0.03280807577257243,0.033605631134710774,,,,,
0.03965011838568237,0.034107451272974744,0.03360841892987863,0.035892192119100906,0.03918735436418402,0.0326043636711051,0.033323854793918466,0.05034827455577614,0.0327892960036117,0.059024380747328554,0.036823389344262235,0.03517173435942451,0.03441093958595977,0.03430715217520457,0.04147155992216223,,,,,
0.03447464188474089,0.03416140547112554,0.03433851015438118,0.0360587206850882,0.0403809691009554,0.033865551267421495,0.03519016394337927,0.03409038585479547,0.040520482412585435,0.03481846203004397,0.035161335813662764,0.03982042964475016,0.03658519856083191,0.06679737712418254,0.035406908597099475,,,,,
0.036090461083080894,0.036224591098023944,0.041094218508647834,0.036027600202615064,0.04021027472936364,0.03736905459846902,0.035202469530189504,0.035459653564708676,0.03572774565256429,0.035836981033435834,0.03479342579984763,0.03404115727167018,0.08504138929737091,0.03616711777687477,0.03636400367361359,,,,,
0.036519967011248246,0.05233756816805525,0.03719097023621282,0.037766564808381704,0.04024383997492173,0.036481554094439164,0.03490955074424939,0.04239540692066428,0.03565930929694818,0.07866421068209187,0.036827834986303556,0.03730008360097874,0.03700305005166447,0.03858698886552961,0.04098118974863641,,,,,
0.036169053848029015,0.03727281781026496,0.03700830630114786,0.06200294791060892,0.041705256535024195,0.03788784967886826,0.037276566299721606,0.03761518444618096,0.037996386678872535,0.03768832718820081,0.05167655091711829,0.04567742282020433,0.03837321089591893,0.04792195562530281,0.03712186049099832,,,,,
0.03921302440948331,0.04011160884546875,0.041047016221713986,0.03946138894848497,0.06169802760188738,0.041010037404367296,0.04049311137308599,0.03911054982916747,0.06132395847198603,0.04057490543773569,0.03904763588129686,0.03929198013572278,0.058322631226072064,0.040098796706586316,0.039566855035299504,,,,,
0.04481158213856627,0.04039496779623375,0.05651716757605183,0.041621680380933106,0.04353322318323382,0.04327059997874445,0.03973858370163125,0.042190039014797516,0.03986645767597926,0.056196692314740476,0.04028534478686703,0.040444301807589435,0.039953721845289766,0.041013199290106626,0.045377893964763896,,,,,
0.04346614991481653,0.04084020212510099,0.04174525401443893,0.061283212953070904,0.043662606005316865,0.042233561373756424,0.04265663934138617,0.04147109089669736,0.04237058610035992,0.039839312695958994,0.04474363573637006,0.04125656541103582,0.04265565894624151,0.041550905214909443,0.04149084790853626,,,,,
0.042469362510481924,0.04423540503560692,0.045481565317790316,0.04427223075406385,0.05966124811843392,0.04482055190288156,0.04276180596978906,0.04401761150295723,0.07068863579260593,0.04363099470979347,0.041598743679333694,0.04100655904846158,0.1012238113908501,0.04128437259086418,0.04352017435664462,,,,,
0.045974880402451686,0.047232425333643795,0.0793691317484988,0.04500722911721696,0.045984130847452113,0.1018374221317289,0.05494314942157045,0.045916542800424114,0.0439786855461013,0.04696122032924707,0.04474120846460466,0.04523353170782363,0.04337207307924986,0.04484690105338093,0.04528326429764148,,,,,
0.045954426927961506,0.04695118883297988,0.046956525883395786,0.06711112675919233,0.04734043806600665,0.050846494685964964,0.04724540264462055,0.07515405246411877,0.046306088173017436,0.04630980551128668,0.0572607158689232,0.04727575604297713,0.046463167384399456,0.04945649624258497,0.08007684300403839,,,,,
0.048997042491796594,0.04876576213908342,0.04770553272296812,0.04780979836303684,0.05385970225510049,0.057025419116866,0.050368308279914106,0.04836288985695481,0.059550361495713335,0.048215470057488614,0.0479685090467278,0.047844618271225436,0.07555444906247787,0.05110883085778922,0.04769287094100399,,,,,
0.05272572034346286,0.05023675890535863,0.05200874241700775,0.050061411307725866,0.049379244753825845,0.0872627287170476,0.09019227846329533,0.051787864558665964,0.05000429499867709,0.05106481661138651,0.05093928573673685,0.05067159364367263,0.04920177018635116,0.05057425406764183,0.052047474072330444,,,,,
0.06992367660428861,0.10406559152561871,0.0509555053664611,0.055644563471527,0.05165715007487336,0.06411622620184894,0.052432852283443084,0.08915690580703259,0.05085205404615518,0.06791433960769197,0.05098371992712019,0.05069533659795273,0.05110321696305967,0.05041446752240091,0.055207276137190085,,,,,
0.05641838108121009,0.05521857298826626,0.05369090388362129,0.09611595606007597,0.05144640241522121,0.06901150270892262,0.056250990478553406,0.05330565655552399,0.05571466433371879,0.0528067447649739,0.0511689275017263,0.11606752860402768,0.05588834850836209,0.11208879393759288,0.05333960555089383,,,,,
0.060119790985789755,0.05882151108358548,0.05393539300227169,0.054495701709190894,0.05144925687699332,0.08617176928414552,0.09017853251490453,0.055143961596981574,0.05195072183624743,0.058020802993993405,0.056212525325503034,0.05564479651096799,0.055456678259205965,0.05340559347845554,0.05826242961902006,,,,,
0.093778200358446,0.07313730228734325,0.05393722019966659,0.055241136285602684,0.055644009998943034,0.07425135322982371,0.061414817846159535,0.087117353004473,0.060692333553713375,0.06660763145095325,0.059282699454578404,0.05896085449216563,0.05705203540070278,0.05962652169533114,0.07063467808122968,,,,,
0.0635705639007363,0.05997663240043472,0.05922698793881966,0.0673969757440128,0.05969064297278521,0.10188024841253869,0.06417462916951623,0.06370814021898,0.06204246833509482,0.06261998292850696,0.09060108231484776,0.07255164646851403,0.05926905407405422,0.1272370535387185,0.057969907442456434,,,,,
0.06705526209574526,0.05984506087658695,0.07433141398861429,0.05986297246010226,0.05812287313810606,0.09095822298826653,0.10717535156682047,0.06393359363905046,0.09824644121760584,0.062090626111124904,0.06198751655761217,0.06144018690480618,0.13037720916118284,0.06057997896389117,0.05870780703458513,,,,,
0.06698576259841328,0.07005134033326253,0.06532168140221134,0.06350508687626873,0.06000979488681745,0.09547372698293122,0.07467794395090217,0.07914720746514768,0.06758397770089544,0.09253004716472107,0.06743588290502532,0.06558667900868796,0.06320630050220043,0.06503509027487893,0.07965283812918009,,,,,
0.0733916212270409,0.06702778145339656,0.06562917375367618,0.10837124434570328,0.06290222461188669,0.10392378134123835,0.07397367716025473,0.0729435868740178,0.06789673764780653,0.06962650923526038,0.1423385884406753,0.11557982769221214,0.06881309353768983,0.09404013639070748,0.06600182988128177,,,,,
0.07690702328002172,0.07057105588959195,0.06736279623902555,0.0650212710173528,0.08531097968960098,0.09572160240966057,0.08835099003294576,0.07594285756881458,0.07689589411872381,0.06986779648033085,0.07077692727740542,0.07045718625428819,0.06740975011701918,0.06957098687553849,0.06586449172116379,,,,,
0.0835837193243926,0.08130064185151938,0.10038264223367387,0.06957564649424645,0.06531115423799398,0.12033798389322901,0.08904163904249639,0.08296779849843293,0.07605845842524643,0.08227467580425843,0.07457125008504879,0.07214408422496164,0.06771834569637082,0.06873501935459699,0.07506589963273003,,,,,
0.08044674749116684,0.07721642678460078,0.07524999488502908,0.08235286499805626,0.07034208612433174,0.09011523961038002,0.0944242230640157,0.08242760560880483,0.07897334709050263,0.07745290458247973,0.11372451158685974,0.10372569459502935,0.0759845779309186,0.10074926951481296,0.07341320930285464,,,,,
0.09088554669613479,0.08029467991876299,0.08142823696081701,0.07666772856739718,0.11666571586208907,0.0849319577527979,0.1065138013191086,0.08629560699226056,0.08621149146044019,0.08412854633182328,0.07956103168626111,0.08163226659307271,0.08008419460716512,0.07371938731114884,0.07842945073169666,,,,,
0.11855172423392768,0.08938232203078024,0.1506704232716025,0.07713044194487471,0.07392409954395496,0.1234176251919676,0.10918808431386241,0.0972313495247802,0.08622580967302296,0.08403992811498429,0.08267203112984285,0.08467144122954239,0.08058533016466828,0.08263936775920898,0.08958992325665768,,,,,
0.12044672744373378,0.08677007884255812,0.08687168344966954,0.08228476229868555,0.07795956070702029,0.0765078239170572,0.13022759413789536,0.09568200988859447,0.09426277564943335,0.08409808314939385,0.11327194780186826,0.09336783548089209,0.08385245990348034,0.08610104700919519,0.08140564030424542,,,,,
0.12028260498503456,0.09428390006580106,0.09089133568817645,0.11908468151345905,0.08173973828961527,0.07618116101419271,0.12967268559215636,0.10699021542742498,0.09413135957219727,0.09563196396995534,0.09375482856652416,0.09287189278354957,0.0914805051472936,0.08585828426626928,0.08783003355762484,,,,,
0.13922530052132617,0.10838125022134791,0.11406012417774772,0.08845930336631055,0.08181030378999633,0.1000144246582445,0.14250807261406265,0.12317806581230654,0.1805444771874835,0.10351065300932126,0.09741064218589555,0.09610828250993808,0.09093685363755737,0.09354221307402052,0.09362097506929597,,,,,
0.16155940515961645,0.14207089614113147,0.09404395592820677,0.09695266760313373,0.09228747513587551,0.07574829240098044,0.17565241909120743,0.11345858008637481,0.10843184576453349,0.20943115224365846,0.1139176052995097,0.11218762081257136,0.09996720275640966,0.09686973397288308,0.09060881080984765,,,,,
0.17548488368667647,0.10714076332719867,0.10212212901684425,0.17120854363695046,0.09082748657454842,0.07664873204753075,0.20942072975990902,0.12833833629587368,0.12635856826213,0.11673630815885433,0.11390062038236279,0.11087594626434714,0.1099785508186133,0.09817923606095356,0.10414203849066568,,,,,
0.23554889159389952,0.11118483640378514,0.13038781123797719,0.10065475228250506,0.0916256841857115,0.0817304095720357,0.21309395338098944,0.1500934769418438,0.13397234792841006,0.1089555112510142,0.11224950046422781,0.10972429676583581,0.10876743818097684,0.10615335605241698,0.10916045675641595,,,,,
0.2304716035934985,0.1174427129696567,0.11279940639015203,0.103935260286409,0.10240028899522018,0.0835496740791503,0.22625349622474386,0.1514609472608531,0.13566201249417764,0.18572668049660437,0.13988425074163896,0.13678153373096405,0.11859631355713482,0.10987298679315599,0.1291540429521327,,,,,
0.22040879186841375,0.12579674664235882,0.12252754654261798,0.22402293829721912,0.12046388737151602,0.08319723408100164,0.22591027123494314,0.1573915031575233,0.13738925995746928,0.12847595078109542,0.13199023032842572,0.1272478178891343,0.13060220393439997,0.23257237992318966,0.11953542661566163,,,,,
0.23432193857106867,0.12923978845258585,0.14180633803484216,0.12023540824376125,0.1079861162260553,0.08990597035059444,0.11104334506039434,0.17705275147229296,0.2165369262515032,0.1541984114252425,0.13932117580514347,0.13572824467507608,0.12217107337403289,0.12734291226018465,0.12660546585070767,,,,,
0.22216712966556634,0.1576985884570241,0.13741656973369046,0.12649059672954333,0.11791478915662354,0.08518365934513995,0.1618668027799798,0.19340697814775376,0.1655150520986582,0.15376062960617823,0.15072447942068484,0.18235519880153137,0.13955413547214662,0.1311763138084802,0.21879996964212803,,,,,
0.19914749917878277,0.15602527978937003,0.143785449800231,0.12564093417932573,0.11680349119090488,0.09557065448411695,0.12295246833039845,0.22364154554876123,0.19412784587311235,0.15451433133643347,0.19245803694414773,0.15114673778766782,0.1552348061388845,0.16829689216602164,0.1377711371399264,,,,,
0.14748398336113963,0.1660811214502808,0.17308233061358055,0.12477550214291902,0.17006798705612242,0.09558510373386121,0.12271033386044565,0.2899041364079548,0.19141744346625877,0.17839356841209006,0.16657978009181773,0.16107413057220837,0.25146889274886236,0.1492510024278584,0.16126357012760906,,,,,
0.137477047171912,0.36837282966391494,0.16141848036565812,0.1520314248810205,0.14205560461051422,0.19478082468921465,0.12301929503645999,0.30309972993153744,0.19193056096260877,0.26032224544873667,0.18302662722655352,0.22501670972867316,0.17622807812491287,0.1674480424829961,0.1632404892464808,,,,,
