0,1,2,3,4,5,6,7,8,9,10,11,12,13,14,15,16,17,18,19
0.12746225171107758,0.03325198651861533,0.004868071518662603,0.0037491124085920046,0.009111314452579103,0.04380935026632767,0.12062245336874262,0.1540296681102024,0.07487982788618439,0.04650895778478727,0.03613924483056824,0.028686766749128505,0.023569087044760777,0.016764200271491597,0.0038870269304686514,,,,,
0.0058746536042504575,0.0336597412917979,0.0033614204670424598,0.007098382834236329,0.007539580193371178,0.04118850978166363,0.004169705814017527,0.01701941906379521,0.006091693092535002,0.003559590797402013,0.005600978256113771,0.005094589002975653,0.005618260717981,0.0028475633285672724,0.0030578521270943375,,,,,
0.005151046778014617,0.0031130230639129,0.003583648187557711,0.006211186123584154,0.0035777622912476427,0.003913629076260274,0.004256897520332851,0.00440152188782548,0.010952420829548747,0.004282035028721984,0.004641327202145709,0.0048943100266609085,0.003915037258801948,0.004110182523695756,0.003268598826927853,,,,,
0.009888936306047922,0.003967687628144136,0.004686931009041774,0.004736820834327869,0.003435835180910173,0.0034730047795068168,0.005412740617041078,0.0039937525340073944,0.004737094631087482,0.004265419846221771,0.0035719574710516874,0.004330300318195214,0.005762141107066403,0.005135917373559035,0.003356304220240289,,,,,
0.005767709236756629,0.005283299372730592,0.003903009975801342,0.004119638115020347,0.009868718075438048,0.007115491518571691,0.0026591438412387793,0.006619216490269034,0.0034763641271691355,0.003268598826927766,0.0033971138927361743,0.004094770618674622,0.004382622910805603,0.0035171635665210703,0.004314397141661075,,,,,
0.00550898811468868,0.005374567426299252,0.003995619399439523,0.008989794249989875,0.003629677263003135,0.003312839663632551,0.003583648187557667,0.010657649127584032,0.007221154556294992,0.004957827710938416,0.004449584139573715,0.0036460770276928694,0.004180035246261485,0.0049181016763562456,0.006119944204957123,,,,,
0.010091589659982426,0.004700746605725836,0.005383428447570906,0.0037856899811889665,0.003288477328636755,0.003808830163179016,0.004586866552717739,0.0053779447749861325,0.005579808379717054,0.004726953588915469,0.003896774401130876,0.0037512739033859067,0.012256618979521357,0.003406169193520864,0.006554979644944821,,,,,
0.005964048736435154,0.007832558704634436,0.006304450838204454,0.003827936209713276,0.006435169130095426,0.005360068971437406,0.003932225954881274,0.004737573737341427,0.005654158307167642,0.004686169969526608,0.00449835828859179,0.003914043300187677,0.0039552466263252746,0.0040305233580101825,0.0047007466057258215,,,,,
0.006711642305609131,0.004638531979390874,0.00412278515960676,0.006102063478215378,0.0036428741874622622,0.00378089058962453,0.00438683793216923,0.0046591769174464896,0.005097897425885345,0.0041359765982369534,0.004420706808745361,0.003842730792990057,0.003387938686533904,0.004037355507723972,0.007507904856941368,,,,,
0.006815764446629722,0.004546466606746528,0.004207867407831926,0.0036225237730720915,0.0039202514069431585,0.003845176968712114,0.005405547443759148,0.004296322503572381,0.005505396684674527,0.005167386978671032,0.006843063791106499,0.007138284734585679,0.004335015017459075,0.004068954389275853,0.004385359438671643,,,,,
0.006466182415255991,0.004561845096384208,0.008944668541793181,0.003932225954881263,0.006308820914213701,0.004507503132117312,0.004559356733033021,0.004037596431203245,0.0039634358906031,0.003918265882953,0.003978134083948601,0.0036989617885575554,0.0036034983469794076,0.008803633081032006,0.004084860608360218,,,,,
0.009034802235648275,0.004266939898957354,0.003939804727317739,0.008779402192487958,0.004920540410057439,0.003985950958853068,0.004617232985770834,0.008335989437373409,0.004182749278206887,0.003959507157547124,0.0035962927841866753,0.003429411994111308,0.0032286755110946573,0.004631256504731269,0.009845692416759649,,,,,
0.014405600357538755,0.004346965872395981,0.003989122188914214,0.004346369110081046,0.005139388462565314,0.005600978256113792,0.005743823947527466,0.004450167060892893,0.00398562556181929,0.0045218669655104115,0.0112143092273635,0.006010028153974778,0.0033664326239894087,0.007121003149370226,0.003833015071187747,,,,,
0.01309808235200924,0.004618988254028703,0.00776236681160723,0.0037024664193957392,0.006493353576214798,0.0057874636454119215,0.005818752897021576,0.004931335412293861,0.0039953759447219645,0.00333741277942543,0.003337704226828287,0.0036523855084605802,0.0027544940573444375,0.010458617218855696,0.003737765740572573,,,,,
0.01565865821558564,0.004587714742058829,0.003880765674489002,0.008609533557778413,0.005923079221972659,0.005930956824537446,0.006159235955841212,0.006472948329438589,0.003982370129142013,0.003865697283717384,0.003489676266875115,0.0039940772689376226,0.0028770161953395115,0.008634353831990422,0.009634370579017077,,,,,
0.01795916259704994,0.004637483336493225,0.0038427307929900264,0.0033974956552695,0.006273981798244927,0.004744754525768725,0.0055965768828565125,0.005855636363150097,0.004247136779439977,0.0043080043801846145,0.003661695030374491,0.0054304430400843205,0.002949911488934356,0.0069545934066785175,0.0039856255618193216,,,,,
0.017653905280263674,0.004955930753958167,0.00558497774731447,0.003092121638734189,0.008864670367423645,0.005016794657845196,0.005686181143099882,0.005832389161146624,0.0043992376603235635,0.0035560365371074317,0.0031415354688554193,0.0036877245881253413,0.002963619075113286,0.0056422178210414385,0.004000161167770845,,,,,
0.02108090614778303,0.004555372524403428,0.003945068329835053,0.0030848777904258482,0.008698368727635054,0.007851041156649958,0.004507862785760128,0.006040969745726287,0.00434099455755088,0.0033064717324403628,0.003305687139267342,0.003258763352771933,0.0027964338883679826,0.0037360303926260276,0.005968831018915994,,,,,
0.01865859885961121,0.005383970485307583,0.003961472011108136,0.002906170584512962,0.013680796021537578,0.00418584887422909,0.004419239646377612,0.006304862268602439,0.004269067063515974,0.009653870514992136,0.0033990222766249923,0.003206101312199868,0.0025723741332392344,0.0031473099760017486,0.004216104324922139,,,,,
0.015910641213570668,0.0059618737035456075,0.005006443003251277,0.0030583822587059357,0.009941878764187922,0.0043019789856064096,0.004504624869232029,0.006169755580851884,0.00421094851493578,0.0034889328730836043,0.003240804199333272,0.003242304594882417,0.002957047363850999,0.003432719547196697,0.00480856199274937,,,,,
0.013753057433298355,0.0058940495906575725,0.004080413117169514,0.004050424920356485,0.008134999699680828,0.006789023985851849,0.0039016805560922086,0.004978386022650018,0.004113336802601933,0.003397495655269623,0.0031292292602620297,0.003098406871126889,0.002530564790012288,0.0025419427688458435,0.004700746605725876,,,,,
0.015173968272714581,0.006357356534805896,0.004259943165367475,0.0031662092071350536,0.007953129576331474,0.004344055881784819,0.0040375964312032294,0.004771195496224372,0.009660014911826146,0.008871690325755015,0.004080413117169542,0.003052014601873722,0.002680034485718735,0.002411955757125349,0.0048538637886932365,,,,,
0.011397993578842722,0.007005273951685205,0.00476214850447288,0.0031898790776310796,0.004633006460019239,0.004547964019742483,0.007324806714221891,0.0044074847654796976,0.005063115203389778,0.0034165293933026714,0.003305000467450404,0.0030092192333891453,0.008528254750717746,0.002278255612607361,0.00539984605262607,,,,,
0.00879475248670086,0.0073479214341412545,0.0044056452321956955,0.0031947543971583493,0.0050736707684052185,0.005803576329858198,0.0040585020267516385,0.0039256238247127205,0.004998989511227459,0.0033080403605224087,0.003663023030646724,0.0028442592949451872,0.002684869478799095,0.0019097282163813474,0.0058169694736831075,,,,,
0.007709345561853933,0.009780136563341089,0.004626773603164863,0.003178168201726629,0.004313420038909962,0.004998665194246203,0.004312893814969342,0.008482508525594765,0.009894312117909388,0.0032547809935270285,0.003608084382390978,0.0029736674917563736,0.0029011455984749393,0.002071786979850402,0.005834334597142372,,,,,
0.011443418569865606,0.00942735829730573,0.004599220487669637,0.002906170584512904,0.0032350963499739264,0.005330649649604786,0.013154969212217002,0.003909650293606426,0.004302355819989008,0.0034169089865924373,0.0033315784772318044,0.003211052979037003,0.00904111631607918,0.0018883859856010246,0.00636632664212561,,,,,
0.007022655645087769,0.01790694573726415,0.004416230439722457,0.003985950958852939,0.005490771271838406,0.005829497600261284,0.0042892981061835546,0.003865697283717397,0.004182749278206922,0.0037388065627232195,0.0030612433830080653,0.0032978309410318807,0.0027620174419467035,0.0017736362082410226,0.007275059707070984,,,,,
0.006712173696997688,0.017302827885882992,0.0044781304556395585,0.006731902020281147,0.0027212155584023508,0.005411841993239089,0.004420926841105125,0.011307743144114838,0.0048168487317192315,0.0037377657405726454,0.003327683259628077,0.003585457288681292,0.002739266937478519,0.0018157317168525158,0.0073189612512987315,,,,,
0.006427959927536039,0.023278285109896317,0.004819540535964981,0.002817802624769712,0.0026410359059052336,0.005930956824537432,0.01119231366829809,0.004112075381388486,0.004145451570533395,0.003808830163179215,0.00315307390779269,0.003572048243912866,0.003722118482859569,0.0021757567469694447,0.007658921150848695,,,,,
0.00614321162591551,0.019342639579573436,0.00498261765641586,0.004363121916100646,0.009318353834892898,0.006189431687718845,0.004698055753132028,0.004088430979296488,0.0037249050215114464,0.003940051615767513,0.003139160719012143,0.0031638529771559868,0.0028732946746846022,0.009528619559417693,0.009496067109715909,,,,,
0.005705365402124659,0.022591272268500065,0.004715621987435613,0.00944361246427715,0.002502347025052697,0.006018600088385256,0.00515356402723795,0.004585098987641994,0.00541226136958087,0.0037608559374578414,0.0029261842384310263,0.0030975695769970566,0.0026310727141894232,0.0020579686314612794,0.011054729800915472,,,,,
0.006362199924971619,0.013205277745445967,0.005171652052523012,0.003170302827316796,0.002246005392399035,0.006816477992300834,0.005620626410872095,0.004370176041011157,0.0038269196285748114,0.009031966639222297,0.0046267736031648235,0.0035574951247557577,0.002478913855469273,0.0022517725231984186,0.011361380130103158,,,,,
0.00542978621230843,0.011015003564476142,0.005892564091080196,0.0032235497486734874,0.0033440126831843974,0.007820129878074749,0.005523330482273098,0.004361858395627054,0.0038006490176593828,0.0037986009781639835,0.0033343024220120992,0.0027750174474596664,0.007909181505149066,0.005577948559777513,0.016719888884077497,,,,,
0.005332899728558653,0.010485121581765733,0.005395460890215179,0.0073334335313850795,0.0021360520163575137,0.010079212090118674,0.005721199245327764,0.00451964356081062,0.003890362146604785,0.003663731100634646,0.003159751000872436,0.0032396033825690816,0.002596961902248339,0.0024714470332247323,0.016841387653551275,,,,,
0.0052358924480923625,0.010066078470160729,0.005579169136541313,0.003698260463853145,0.002295270454001455,0.008442008385648372,0.006484959191610388,0.0044810257365108476,0.0038729876593271866,0.005030542244193194,0.010346407082242841,0.0037470362005364633,0.002646432288417814,0.0024808750735207316,0.016821353006967583,,,,,
0.0073203787618433686,0.010111073649297178,0.006606222767801077,0.0035282088053713765,0.008087991436171301,0.009690210020082447,0.0061211626472490385,0.004850188365214613,0.003983916791351964,0.003667269399880949,0.003459534768392318,0.002772796544785002,0.009646613076261024,0.002325444054867286,0.023916939468022216,,,,,
0.005012139058984981,0.01189739558930117,0.006190269810465123,0.0054676331955189825,0.002296259094676024,0.011728315040208282,0.006596005991157028,0.00528520152869255,0.004358883961515497,0.003912054625336589,0.003429411994111319,0.003108019541154751,0.0023372657120235897,0.002251340500838396,0.020146437562521942,,,,,
0.0049820319522739685,0.01125310139641708,0.006490206954320333,0.003341587763224648,0.0023785196152625865,0.012072247509530908,0.00661563963429313,0.005272917487612359,0.008477155385468576,0.0046076726136778275,0.004679245751125894,0.005745178596381231,0.0026310727141894644,0.0022634059567738876,0.03904421988266949,,,,,
0.007548391104678769,0.01422913740092959,0.011629144274399426,0.0035190068471711803,0.0036616064798978684,0.015943885181142436,0.0064412125841000895,0.005447671324792314,0.0040789030451625005,0.0037951851229898015,0.003498584671563734,0.002935035390643956,0.007030638638670494,0.002905612681878932,0.04756425748837903,,,,,
0.004735383141617041,0.014389588287155985,0.0067133812482707,0.005319506886015133,0.0020397694665417053,0.02730037642312563,0.006961816152212311,0.00545427395232876,0.004363121916100776,0.0038031222605584983,0.003535553128067847,0.003226766864991737,0.002460533772462667,0.0017780182685537787,0.0355334660901819,,,,,
0.00491282460015504,0.01441381342782754,0.006929371490933152,0.00348456223168239,0.002234571582526311,0.01828861159972538,0.007718298751908065,0.00972908027993754,0.009695930106375147,0.004892786072861272,0.0042902807026595,0.004249807958911056,0.0024787830524268905,0.002296259094676122,0.04344641021037754,,,,,
0.005445706837710611,0.017607929095948594,0.011564614151420889,0.003280975239348986,0.0021077829765985935,0.022255570726088265,0.007647185346623789,0.0058627750574817075,0.0046330064600194135,0.003953606737940091,0.00361786641970988,0.0030979882523489064,0.002758140759450714,0.0019849875696091326,0.02778889254985532,,,,,
0.004853396162103063,0.012788655661534053,0.007686136578216211,0.0045034730490016595,0.0022776862622016815,0.03943321428440305,0.008564070057443751,0.006195976504697748,0.004751242078075318,0.0038970240156849497,0.0037335995504530956,0.0032471012017259277,0.002892302840004714,0.0021733710480644377,0.020771621458874696,,,,,
0.004699435870007023,0.021537974602134108,0.008596983402929711,0.0034490217232989876,0.002316643195764833,0.03570903429225661,0.00855554717917641,0.01243111313049511,0.006916819798621714,0.004681462615280241,0.00477357343376453,0.004239495564263406,0.0028056943951726347,0.0022598217804053657,0.01945687742861895,,,,,
0.0052926195311364345,0.02491276290788927,0.010176536795345558,0.0034440356139768887,0.002553016051662795,0.047322981600802685,0.008727544229815315,0.00654507920333397,0.00478388676360708,0.004400343079759641,0.0037116503310265217,0.0035742261009858076,0.002751549648103773,0.002371830506190597,0.019522707852850506,,,,,
0.00485286167653762,0.024854504489210793,0.00932795257169139,0.003959507157546921,0.00232892724194703,0.04721964854476344,0.010246297660447252,0.006550278801010752,0.005252524282912228,0.0045695858897515495,0.0041529535249200155,0.0037539524284707533,0.0028356965280129766,0.0054034476311313395,0.013625128929781688,,,,,
0.004745779465733998,0.024795102298682332,0.009849511818294316,0.0036828855720397913,0.0026341517939020695,0.047422554774898686,0.013383223969918387,0.008017771083350663,0.0056944434195754425,0.004503473049001805,0.0045075031321173895,0.003696857415303137,0.0029548535454882795,0.0021322537772553688,0.01332151986362838,,,,,
0.004982031952274041,0.02551943920490821,0.011424674265370192,0.0037231636792528604,0.0027984043101862838,0.02846081545121553,0.013522509396352023,0.007094544832963984,0.005590548335763389,0.005129284226377935,0.0040804925791634436,0.0041222346002384724,0.003492648259763369,0.002083024719550564,0.011760313096739562,,,,,
0.005184613842222149,0.023243227526173527,0.011558304030330481,0.0038211538935958747,0.010826918817360575,0.01928332490960541,0.01344922628742229,0.007388055551979925,0.005524210970264179,0.0046958467224453735,0.00419953712727037,0.003940051615767492,0.003129125641683599,0.010333864077683321,0.011164700199252841,,,,,
0.0048972903038120245,0.023204414371452788,0.013001653867270287,0.0035509267621677003,0.002758728485758581,0.018718715259726824,0.014923278022904857,0.00861506789948817,0.006345461830492728,0.004836732608745215,0.004081684323436523,0.0037835481479306394,0.003135853727607946,0.0023593575614521516,0.01097658105648981,,,,,
0.005013756076293325,0.01827797103462067,0.017058258313840675,0.003972832675857567,0.0030637843615597335,0.013953012904423195,0.019958303040793872,0.008579200935067154,0.006056461567627151,0.008767575985932561,0.0042057092898121935,0.01218282729155834,0.0034251547326531093,0.0024563132997632016,0.008940136189830439,,,,,
0.00948304903349713,0.018467457178609602,0.01569051430463689,0.004032453608361987,0.0030710779640059074,0.012454591755644635,0.02221898709236765,0.008606972250303041,0.006257214994627654,0.005331683587581847,0.004253468562935109,0.0039162793523173,0.009097175592668452,0.004062574463922724,0.008157607357439227,,,,,
0.005061065514687585,0.018452351618765555,0.017481075130197556,0.010131832340349098,0.003018578856773404,0.012393496674286148,0.03215060255733007,0.010554409588302213,0.006487208752583112,0.00508611728381313,0.004449584139573747,0.003696857415303073,0.003826241757764694,0.002364162635508367,0.012106175674309261,,,,,
0.005317982837918715,0.015905912612623443,0.026563268855213738,0.004265647888663225,0.0037509281479213767,0.010285083929862746,0.03160238389148383,0.010175803951763852,0.006739940747344647,0.00876520882988128,0.0068282644731660095,0.008841853682210203,0.00407890304516238,0.0022281779454376514,0.007796668459741798,,,,,
0.0066231341140082205,0.012418586971979787,0.026608211286174566,0.004412484416171952,0.0037718752706916697,0.00878678548874326,0.031454303006588996,0.011556284063883638,0.007347568410542592,0.005877743610680651,0.004682501409059571,0.004266863909181545,0.004044015762624458,0.003202053458414529,0.006978191008019254,,,,,
0.005502568993422131,0.012803225792217234,0.03177356008229357,0.007831523722467978,0.003613561996508281,0.011763180107630847,0.06634112657771263,0.012811124736733666,0.0072983319836145,0.005868026682735723,0.004609923896733238,0.003996025124341862,0.003991153703386202,0.0026297167769794155,0.009004929929176324,,,,,
0.005557274429323355,0.012256618979521277,0.040573985713699315,0.004248663373349691,0.0032685988269277825,0.008223165067230184,0.033504166844811355,0.014529603286884655,0.010166878141785613,0.006799570660476216,0.005060552962794746,0.005552604842388897,0.004759764859139792,0.0026872837131496834,0.007023025000965928,,,,,
0.0083094586928328,0.011763869188771467,0.03784161692855281,0.005061065514687564,0.0034112106520027955,0.007407690915720395,0.06299490474417328,0.014344248013055658,0.0077449706308722515,0.006246842652193756,0.006242065586976259,0.004280823317748975,0.004781717384808396,0.0031789842675257305,0.006386209463613136,,,,,
0.006028128093309541,0.011668863703828143,0.06736799084021457,0.00508611728381305,0.003558862007754697,0.0134357187340559,0.0394940141591798,0.020934526559110198,0.009544395543000126,0.006273981798244933,0.005236883179660289,0.004379070272336729,0.004686931009041816,0.002504807734881921,0.011003252213405406,,,,,
0.006410179656048026,0.010199355990714228,0.04440813614515799,0.004965342991454857,0.0035958419570944118,0.00673267261346367,0.03941315442330436,0.021319116038153733,0.009794845436960839,0.007199929839801782,0.005396963059333172,0.0048467108560810625,0.004097541126567679,0.0028642527368374685,0.00627170745521577,,,,,
0.006506124193129934,0.009197559694333947,0.030732679445753367,0.005477054077976866,0.003947040371112811,0.006711642305609073,0.03908011184370473,0.021128210515629825,0.009673163545471816,0.007121686112215265,0.0117464092082081,0.004799112520113017,0.004587926764892899,0.0030306924559124573,0.005954472648940119,,,,,
0.006283019332014435,0.009264053133016785,0.03679520029254524,0.0059098716861413275,0.004112784978426184,0.007859832941929405,0.02363030891030497,0.02398462846721161,0.010964758955592183,0.007476398903373362,0.005589562281900897,0.004682501409059596,0.003806105068584855,0.004077312891484181,0.007197047093106754,,,,,
0.007070876980712214,0.009122517351748072,0.03295372038125777,0.00568116093684595,0.0038874439889704624,0.006430985751836718,0.019098029197934945,0.03615682565335987,0.016867550900997026,0.00853824805312544,0.006313085245759568,0.005056258300963547,0.004096274841181372,0.0030562611805268576,0.0060850361135994955,,,,,
0.00863161206969979,0.008423552356388388,0.034758968124293126,0.006296216584358902,0.004182749278206884,0.006345104133847484,0.01902781611786599,0.044747232084272184,0.01319790952320789,0.008440356678736813,0.010424490039800158,0.005207577364723124,0.004438859333755459,0.0029845513122397664,0.006283019332014571,,,,,
0.008149335775123808,0.007988316897089821,0.03240783188864977,0.006657899410568027,0.004742020269490404,0.006884634054700729,0.017851161740954097,0.056905080835118776,0.016733225624513504,0.009231516089197462,0.0068170963381357095,0.005606764272672938,0.01000770348706601,0.004251638654889505,0.008266267586888903,,,,,
0.008990948341303448,0.007793340780694901,0.03635404190503285,0.006532781818026239,0.004066483356047252,0.006589366432910165,0.01669553352212566,0.060488004870718794,0.017309366626487844,0.0110476882346479,0.007505097202659872,0.005703546524130894,0.004576605172596839,0.0033291445003165924,0.006590744076251607,,,,,
0.009897162735176592,0.0073956441367350415,0.02892144767971722,0.007266140473024216,0.004681462615280118,0.00662934858682546,0.017479591218347197,0.04075005270784789,0.018809124327156507,0.011220090365708011,0.00846410249952156,0.009316648677618462,0.004539400720826225,0.0031544104571069567,0.006727854958024986,,,,,
0.00960538401484337,0.008394865324284642,0.03465269663606624,0.006284309347289765,0.004654720905746494,0.005657884541241834,0.015623562249363253,0.040807595601291345,0.012906263556788656,0.010621536327100584,0.006091426953058286,0.004920540410057453,0.011360952039029251,0.00494446815302395,0.005353531856633994,,,,,
0.005918205182834323,0.007005320236791322,0.04029042068384995,0.006240610971742386,0.004786935789182069,0.00512219940153086,0.007935170952721922,0.02950201651514768,0.008758695851999383,0.005932705982379683,0.005042130700563483,0.004056184503671763,0.003719678549144268,0.003306471732440287,0.004599572969678152,,,,,
0.0059057554308282615,0.006898184459455292,0.041076447268675376,0.006435975251844195,0.004757584481169554,0.004852059837795076,0.01687831221501003,0.03140053009564299,0.00895752791652126,0.0060816782344987955,0.005116182261645237,0.011049566424419082,0.003743573294939751,0.003444882820487466,0.004080492579163424,,,,,
0.0102802594190522,0.007473275712161416,0.042323454432338155,0.007134831766221383,0.006311030505922288,0.005179921288500853,0.00763156618322885,0.03430693813077121,0.009876173440652343,0.005866700400154373,0.005389989459222189,0.004190184456661588,0.003869637468259208,0.007099113646843415,0.0040823197781281375,,,,,
0.006309232059635236,0.006373656430888064,0.03865310593996689,0.006540966120177326,0.005096307106021294,0.005001259141227676,0.007728038781622877,0.032094480612351865,0.011323445723844111,0.0066841457759463695,0.005214546190753554,0.004504624869232004,0.003918265882953068,0.0036385993482968195,0.004169161450769231,,,,,
0.007061332526792051,0.006508565711930937,0.0384987853347232,0.007006384709840374,0.005197418539032639,0.00490754184952084,0.014362320026059748,0.02821110059859019,0.01457761468953319,0.00781432299387152,0.006231199731018128,0.008773195421770411,0.004176543185129287,0.0035832862577292388,0.004206865562148603,,,,,
0.011051943050729974,0.006094407051338845,0.038270983969908384,0.00823986650513787,0.006022100824747268,0.004907013261658198,0.0071410095828486585,0.02476265056576787,0.015066683726112178,0.007910001372829573,0.0058887661118966405,0.004645237688250264,0.005215043607699924,0.003811298097140088,0.00482491963921683,,,,,
0.008235143119694853,0.006096587985323564,0.032514111005623125,0.008036876573314021,0.005547639099602454,0.009616685681072757,0.007258997195173811,0.020642046187724205,0.02394822202340773,0.008459849268061422,0.006189431687718818,0.004943418817665699,0.0041376225709669,0.0037956122730010253,0.0042152582813395865,,,,,
0.00889829379692843,0.006090415516983319,0.023927416700895578,0.008087991436171244,0.005753750632742823,0.005167073231351145,0.00878206089422312,0.021500260461680253,0.02401975136196478,0.009025322832557142,0.007057152769114157,0.005062666904895705,0.004183136853311606,0.0038996855767691268,0.004387429190064355,,,,,
0.010483389699970466,0.0060194619970002,0.030611575881880234,0.008551339430231132,0.005799999601622243,0.005226036845990367,0.007099798715342466,0.017159819080483293,0.02375322114133476,0.016057768917335336,0.00706174577498216,0.005134338830079216,0.004432646075267512,0.004146702838769068,0.004325805351081408,,,,,
0.010309487129302712,0.005794630369774233,0.022693731959835938,0.009746627776950638,0.00855649458487994,0.008006763771019252,0.0069390507275818945,0.013491206026773851,0.02887496278150303,0.011173902598557191,0.007004163017379901,0.005367323094355528,0.004417992175282705,0.009641099150073877,0.007068675558271983,,,,,
0.01320810114080796,0.0059326513290033096,0.02119709541279746,0.009785936619422815,0.005870236487812373,0.00558497774731445,0.007760654016418796,0.013422511625434745,0.05198173966398742,0.012692967419640102,0.0074112355064304535,0.0059884092776060684,0.004764394849225652,0.005063627495926698,0.004184376852405951,,,,,
0.016003157239690115,0.005787743762137236,0.01646059767270995,0.009666457293637564,0.00652150541704649,0.005431875843180385,0.006662913641239948,0.012387216159180883,0.04401421701417064,0.0181555313492752,0.007846083699704999,0.005631230940824657,0.004755675830414043,0.005491302713946268,0.004601475905949883,,,,,
0.01579259684587225,0.0057605090195591456,0.01730177845961302,0.011423993106864422,0.006441464271635921,0.005940352492131342,0.006565655353640158,0.012229155046138954,0.07174293686020103,0.013552017930906733,0.008200421829629554,0.006097811094571611,0.004909655631878415,0.005446480811146834,0.007397046952403328,,,,,
0.018446727787718897,0.0054978529427659895,0.017616011199335455,0.010587536169636633,0.006411191220014114,0.0058142933129922995,0.0070892413200324056,0.012113458487044268,0.06176413117700128,0.014762741409265341,0.008871690325755016,0.0059990122617385256,0.004714521716883799,0.0054423715399929745,0.004616109263814236,,,,,
0.026620491684847716,0.005462649566492212,0.01456018848630904,0.011482876849031782,0.006869546701113898,0.006102063478215397,0.006932178457719863,0.011023007329469101,0.05054819094053098,0.02187306779046495,0.017322006184366953,0.006267311500757351,0.005142415861966419,0.005264547967405576,0.0046885910301117635,,,,,
0.025669180599808508,0.0055280247976557464,0.015226123972856448,0.012208775495128096,0.007860657956673397,0.007220660622524493,0.006634482140958824,0.009955957890434165,0.05071052479521307,0.020281577994599828,0.010051540700719052,0.006539131743379969,0.008035867906375707,0.005347168666400825,0.011209682170014853,,,,,
0.04053208940902344,0.005609944038085041,0.014907017224569816,0.012011529185964138,0.007572921489153895,0.006373249441555824,0.006866950223910142,0.010015217265321561,0.03008153405199712,0.022771438235687422,0.009949214128538112,0.006982278721606572,0.0051816736723327515,0.0047375737373414415,0.004640279190932204,,,,,
0.05324622056590884,0.005370403129465435,0.013045695368850023,0.012782949785381909,0.007957898116527879,0.006422307907916216,0.01380950023333474,0.010125429877551715,0.02932925710963772,0.025939636770013003,0.013491590557316661,0.007193667404217375,0.005148465320259273,0.0044925882011878195,0.004845105010041274,,,,,
0.05264944588896881,0.0075420310896387194,0.012701522087214069,0.014175257811954377,0.008062936983771885,0.007335555499585299,0.006723226760991524,0.009282619474462494,0.028958028750136654,0.02650608151480687,0.011921571778965339,0.007089241320032465,0.00974213569881941,0.003958524365038434,0.00607308855294871,,,,,
0.06319363981755509,0.005394559387963164,0.012060424035761625,0.014195372416860533,0.009807152103333619,0.006642687575642196,0.007089195582844102,0.011843174631771945,0.025782601124234854,0.03649316151016462,0.014168851722018877,0.007499565210465776,0.005713316184946305,0.005610406399286552,0.004530821237215403,,,,,
0.030621922616459775,0.0055485741671943,0.01184933305179396,0.01499117313846709,0.008629094891041583,0.0068944701588605235,0.00710733011064997,0.008980953323934381,0.02539318856206376,0.05943331418854357,0.014241550961064105,0.010269309155196785,0.005861668852626902,0.004394444296210595,0.004957566104853714,,,,,
0.0317066690338765,0.006062454674970375,0.012563458103643616,0.016157049700692698,0.009495896384388173,0.007340857736540934,0.006776786504662981,0.008476696387586103,0.01857066975320189,0.05555257649332531,0.0132370613354034,0.008127981748885018,0.010278019824483179,0.004417992175282608,0.005665157956803096,,,,,
0.031812793494698365,0.005342315434327036,0.010612527116833305,0.01584637912839435,0.009503541870002352,0.007174530954907157,0.007205331881232373,0.008739313304043346,0.015887963746887744,0.07491153952317722,0.016619619743477067,0.008750399596360026,0.006339736262362402,0.0077355453369094265,0.00500547143805904,,,,,
0.025958579588020034,0.005813902936636972,0.010217238271688954,0.018731719377450086,0.009247623611990404,0.007306546303363561,0.007658709472602008,0.008857059133857264,0.016712227079884946,0.058511472592341116,0.01813408780082859,0.011001808199642388,0.006388493797123048,0.004555372524403523,0.004809842990477686,,,,,
0.024888491026124962,0.006635850418008409,0.010481410056083862,0.020811622088315558,0.009633158937110886,0.007347568410542592,0.00824997332450354,0.008603204236423974,0.013776589640415138,0.05781726113018743,0.01815908495658306,0.009277588206150702,0.008501713783209663,0.004601475905949905,0.005027640956539542,,,,,
0.017220950046786428,0.005639918675524735,0.009476208239796398,0.021470908288751034,0.013360819084551173,0.007601255379205392,0.007539580193371163,0.009565299320660865,0.013573271173676656,0.04736253340149765,0.02303246532572027,0.010176568656912814,0.006737486824027719,0.005621780046156677,0.004988275917587911,,,,,
0.015504064161804844,0.0059285508898572785,0.009326666357905912,0.022546735661947922,0.010631696873038667,0.007994484103918297,0.008033930910859527,0.00837866635703394,0.01402442660702438,0.039127474617954947,0.03131933528044043,0.01165240227978983,0.006943021385264236,0.005070794157075583,0.005267318766113623,,,,,
0.014806953545666053,0.006636827586050032,0.009730646522193931,0.023722665548292474,0.011216304056764582,0.00908147960163132,0.013461106539833028,0.009085941447350062,0.012484001312049678,0.03286444572826863,0.02970717657841661,0.011208756529335073,0.008454290021741521,0.005214857081905135,0.005489885420668336,,,,,
0.0121779292228864,0.006760307506119383,0.00923695858982269,0.03631477719528127,0.012408138846949359,0.0088414136174907,0.008652060420722876,0.008973440721610234,0.011845583639502345,0.025565683966425046,0.03656919989442594,0.012228094449625438,0.007663999674814249,0.005637906154077249,0.012363557136762545,,,,,
0.01243207816461896,0.006409167932426141,0.008437398163102301,0.028055545576727205,0.011836821261305107,0.008933351498116006,0.008459849268061426,0.00903727816790765,0.01192611295217663,0.02083894670019711,0.05491828790974378,0.01319021762395499,0.007388406641072901,0.005243874892212244,0.005063947652444531,,,,,
0.011441236623004074,0.006206433856450266,0.008546484679427044,0.03815395592211415,0.01208988058250999,0.009132073392583718,0.008690910317922634,0.009064039530893237,0.011322500746750614,0.020269792175450708,0.049064258015936224,0.012756339453335068,0.008760361562776361,0.00540176719332645,0.005271933527819734,,,,,
0.010215968805107086,0.008969573614588397,0.00849244111930307,0.052201387774809815,0.0138455178595314,0.009521436920978234,0.008274422278351871,0.008974885941213885,0.011056166902744406,0.02064261166040598,0.07390414550130837,0.01455760505246533,0.008124989302904366,0.0053777036061358535,0.006042311438079471,,,,,
0.009639047433714552,0.006281780668117912,0.00798405387352033,0.042894674311653155,0.013005668335780382,0.009050615002755885,0.00852304447256075,0.013741736334286983,0.015536320719275958,0.017606382211388827,0.07017621234369432,0.017688748928516036,0.008327544616573302,0.005397864160145795,0.00541783000320699,,,,,
0.009758596542758164,0.006738401135201134,0.007975317715299513,0.050101144647474706,0.014189341029377136,0.009650612062552605,0.009440590552166242,0.009220410459632728,0.010447729753644388,0.015317334272501216,0.06486774398143685,0.017256461231238654,0.00830262726166457,0.005478060383414991,0.005318470580825588,,,,,
0.008828017834398056,0.013073676096988512,0.009098316063023856,0.05754462890159979,0.015711165487723756,0.015961913358376455,0.008824197231093279,0.009246782083779981,0.010034881854286026,0.015334259508904957,0.047157423139526644,0.01928440101240069,0.008333460780521527,0.00552990140801206,0.0075649964137957755,,,,,
0.008652622536053374,0.007569838121684421,0.007154391658606075,0.0709814347675123,0.017024162159909415,0.009663773489824147,0.008638521145433124,0.01627970181270639,0.013677762028474358,0.014843696399226445,0.027913553924132143,0.021474305836456074,0.009092077367737142,0.008500378837867435,0.0056605773670571,,,,,
0.008363482829643953,0.006830400969067481,0.00691869463122563,0.08033164054438954,0.016050397089525312,0.009970277304322787,0.009072906706980693,0.008746841649388097,0.010404408767632,0.013529604983097767,0.03548423027639498,0.02128601091443035,0.011109296539398362,0.0052234924485697835,0.005994416331904699,,,,,
0.007990549001755411,0.01203450621802901,0.007269843283477847,0.07514749405084385,0.016834089327324754,0.012024883862033348,0.008962160010321232,0.009764077323931076,0.010147852776528405,0.013102537465352655,0.032302568233656466,0.028334945780063157,0.010750341359830965,0.00559101230093577,0.006660966815491304,,,,,
0.008092159636512193,0.008168609873622732,0.006913256215913727,0.0803848372338557,0.0240587046833483,0.010589526592953716,0.00965303081287258,0.009635043647571178,0.009548641081906324,0.012782746862896365,0.021864067921826116,0.04248305436314624,0.010566445317058531,0.0058768609174864265,0.006457351022189253,,,,,
0.007588960440691034,0.010089404595933178,0.0064756026447759405,0.072445870184414,0.01845240433407189,0.011355242615875628,0.009696097309583086,0.009480484314306578,0.010147724969013535,0.012583469371710747,0.019222022413804524,0.041495316592110525,0.011985586794987763,0.00587051265495921,0.006333595981405689,,,,,
0.007458161850626367,0.010096729121831738,0.010093356645169575,0.08082245016635102,0.019054363526545326,0.011304158296107088,0.0099550785283922,0.009994962517310994,0.010337126722994671,0.011916321441039171,0.020011437686724774,0.06203873435556119,0.019333786682760392,0.005862553833209037,0.006468939753042356,,,,,
0.007310095582841987,0.009781429445091713,0.006531193372049159,0.0794159337496117,0.022641779617048385,0.011254945307539982,0.010433444079469526,0.009142399721220709,0.010116363469393796,0.011291760298074003,0.017731224337921292,0.06642470848127738,0.01330242390376892,0.005791943887336558,0.006568667110985293,,,,,
0.007333433531385065,0.011633493014637635,0.006641711269757021,0.07908008536666453,0.0208535207352728,0.011837834742895932,0.010829314365406838,0.009763678825403984,0.010092585635131438,0.011688853111504627,0.016083029623317365,0.06746335995357322,0.01615825374045637,0.005646813303728711,0.006133069424665546,,,,,
0.007094316315032946,0.015383153078114482,0.006388899815350756,0.08466285761017556,0.02298805003094331,0.01288343189867585,0.01857569750647382,0.010145807663090327,0.010907834515799868,0.019275470903476494,0.015271775985271916,0.050625714762347604,0.018296268974845604,0.006144267142430953,0.006193045281911305,,,,,
0.007287528295400466,0.015098392934834795,0.0062426888897474594,0.0859093734208378,0.03038325904980543,0.012561677207886767,0.01093701565654199,0.010349195833257888,0.009762748932250626,0.010660782267548182,0.01421730597195853,0.028464882296692202,0.018186205180166524,0.006384432194705314,0.005977082312620856,,,,,
0.006884634054700741,0.02155952170051763,0.0060829043416993295,0.07691063913205923,0.02428352994636424,0.013176444556012057,0.011276847456399827,0.009840652490771571,0.015152927341346904,0.011121635554990471,0.013723390510090744,0.0285015260504255,0.02399421130885047,0.0060632568734673795,0.0057212559186403875,,,,,
0.013028161342284782,0.02636586643541978,0.0059875428989444235,0.07666992311567492,0.02598473443542376,0.01303293890393178,0.021413642894684604,0.010709819102454193,0.010184085199112205,0.011195326139098747,0.013582799218414866,0.028498158476976204,0.02905282353034389,0.006228545377057949,0.006024254112914523,,,,,
0.0063356434029404355,0.022048823605201717,0.00623119973101811,0.07354374805523724,0.033532539319258974,0.014339568170606087,0.011826297837702688,0.011263930051690147,0.011374158356749165,0.011118632280485267,0.012805656755629767,0.022441510011310943,0.028428636124824967,0.006442269605673194,0.006085036113599495,,,,,
0.006060742963303548,0.0465941074032367,0.005526616921713488,0.062159738794899125,0.03055551351244892,0.014074829519087473,0.011586546584331704,0.015443821426295584,0.009884869726864573,0.010004203768739405,0.013135236179965535,0.02926240749319718,0.04287229382783781,0.006502584855723734,0.006438795883184617,,,,,
0.010304359384724614,0.046453430861365407,0.00580162057981545,0.05802051460226238,0.03139296024747703,0.015153975802482775,0.01310102784665438,0.010925625585997922,0.009919415197320638,0.010521178706396286,0.01483987326329469,0.01643852110390592,0.05084122149198529,0.006865769682395023,0.006257214994627706,,,,,
0.006970427051289598,0.03485027454075527,0.006066090458532281,0.040499053554758684,0.031314003165704464,0.01946982151076157,0.013404914156995153,0.011401264536654757,0.011143072289600308,0.010296426802839286,0.012034587045565618,0.015914003372198633,0.05399771594667755,0.006958834765931112,0.010459516246168601,,,,,
0.006754021502515008,0.036536139493738524,0.005569629900864127,0.041342758555862016,0.039721462382570065,0.016253968778638883,0.013414779317848248,0.01266245564977673,0.015813196732547045,0.010982605427892363,0.011774117951443275,0.018199750137088973,0.05013947496614876,0.008121636454426295,0.006052980703804747,,,,,
0.009398043755011317,0.02824113979625804,0.005123212119213961,0.03664262063333995,0.049184207578324826,0.016867397118198596,0.013254098843637615,0.012078611266496134,0.01123580001312176,0.011043696020804104,0.01326681373627458,0.013797026956491704,0.033227404852031885,0.007165848582680498,0.0064048663241130606,,,,,
0.007298331983614391,0.025624868854712133,0.010045700336234396,0.033304834077456325,0.050347326174679644,0.017847873831045292,0.01305642798820266,0.012103148805557675,0.009991068906869627,0.010462832678610463,0.01303094846611443,0.014662710351476866,0.033828922589457126,0.006876387259701502,0.008296337376825759,,,,,
0.004658411343778235,0.014226402684934043,0.005341647770082183,0.049875680108410404,0.049533647821592475,0.017234783278744843,0.01334197379338345,0.010967094830423072,0.015464194001389656,0.012788554245962806,0.009880932734132365,0.01714061064626562,0.027104418669606504,0.010558249001964056,0.006261773382260957,,,,,
0.00745098508163613,0.016524511799148635,0.005651864018973541,0.03523179232248169,0.08269966030175185,0.017596582117995443,0.01460055078734897,0.01433610817475046,0.00886437774851511,0.013616773524877881,0.007169964976010683,0.01217965974389852,0.021791578068550286,0.00728129667015806,0.00646332356938484,,,,,
0.006341781701529813,0.014405892958266199,0.00712387115332481,0.03404878141895584,0.061370564636210774,0.019577687279216653,0.015429937580948655,0.011632796210527272,0.007961279195307982,0.010490840944583777,0.015235746290479375,0.017310321937616974,0.020313335222120085,0.0095192572295581,0.009876436082137922,,,,,
0.007127374924244345,0.014123009432953915,0.004926006690983546,0.030478163629461607,0.06465566114855653,0.020565170483962513,0.018189057588267072,0.010414625478002017,0.014781530176903378,0.006381384296410337,0.0038736573498452083,0.005476580458495522,0.008313203836331957,0.0083462129510072,0.008282921260006446,,,,,
0.005789704199742012,0.009461860742665687,0.0041133368026017424,0.029190606671296172,0.08020827381710363,0.021397768412949048,0.01404381066229604,0.0163199836652448,0.01490701722456971,0.005943626556328158,0.015809013271142418,0.00572261590976585,0.013279394370975556,0.007567053446949999,0.004201698415498683,,,,,
0.0037059677360034298,0.012091167835556959,0.0056034669754108654,0.023648482776546544,0.06873961291686626,0.025025232404696316,0.02673603737248442,0.014266277493977672,0.015412296956954969,0.01193806944849417,0.009111421211824894,0.004695570520538038,0.009455004619029787,0.006732624453973783,0.007489571352307505,,,,,
0.007132286404044534,0.011384871869974333,0.005490357892412388,0.024008733709012856,0.05061049498226631,0.023301451273195304,0.015807454443629434,0.01477040466874624,0.009418170725510653,0.014083281536138905,0.012947900171433796,0.010473766359320534,0.009247939165327006,0.006710676031643088,0.004952265608291395,,,,,
0.007574976370203566,0.010306373036487406,0.0054184882803115855,0.02777731547798473,0.08585298315620261,0.02301560831739345,0.019372036328999413,0.015761769963373754,0.009198405725720222,0.013135236179965475,0.010872821123418204,0.012925643774168976,0.015767940161286114,0.0057775948839778515,0.006386615627063421,,,,,
0.006948623156919039,0.008743319339061098,0.0051670732313512015,0.0212296366378155,0.11526230148382473,0.024668719729198537,0.030066321408631934,0.013644747556112644,0.014047319571999933,0.012072032640639435,0.011831122235428555,0.011176078713929151,0.011286734085084115,0.006972612991107835,0.0072211545562950175,,,,,
0.006957716416713497,0.0076159575612148025,0.004954883846127055,0.020978390030376427,0.11551120322586209,0.024677235447050815,0.019478462766223784,0.016741458854660576,0.014912736611942845,0.011295119432935558,0.011481295473380476,0.011583327947504888,0.014258275068463876,0.009317797083154652,0.007642774470988929,,,,,
0.006756517410030339,0.0077240099141416465,0.0051263123225720655,0.01991854216986564,0.11915950293362686,0.026598753465960308,0.020266928642170983,0.016412701235282247,0.014242734808743522,0.0125843711918051,0.01170238207373104,0.018836685719527044,0.011673308752564556,0.00754237501134668,0.007404057043961848,,,,,
0.011616060372281098,0.006861281772163539,0.005002101884369757,0.018692298271016882,0.11589652420800943,0.03190362879589207,0.020602849453229582,0.016714244705665245,0.014847190976295405,0.016321334614512458,0.016071332315589097,0.011595078641892444,0.010493776703324069,0.009415416149473993,0.007322150264122751,,,,,
0.007433907035067305,0.006955852101781609,0.004967758533868197,0.017392338323919537,0.08047312476460344,0.03148335903958224,0.020405704656058017,0.018102573404086424,0.014760127525805555,0.013238310518000503,0.012704610566029154,0.011307829166501929,0.012691843393106719,0.009200379496408074,0.00980331619834029,,,,,
0.007718760841218555,0.006358988404571564,0.004843699458029555,0.017167677749765374,0.10060987483945683,0.03218334217901029,0.02224348976441639,0.01837212010100558,0.014164754882151792,0.012742835335685772,0.012258946741501174,0.012851682005525515,0.010049572780275583,0.010334617087253938,0.007414559754396194,,,,,
0.010270919291805247,0.007530974248033831,0.004438274927284033,0.017504059677329476,0.08845093351280973,0.03424161556954991,0.023793864555138246,0.018445655550347,0.01643005713242626,0.01569786924007732,0.013432170750492363,0.012185382024066679,0.010942854398814596,0.01404531129017551,0.007203756704272603,,,,,
0.007414690944134289,0.006769126844401888,0.005699395036203894,0.01647735214734144,0.08296646512987045,0.02880255635516447,0.023360112869546302,0.01968914531237209,0.016740974659090982,0.013956382016038486,0.01313565581517466,0.01193611375049223,0.01212490934994061,0.013847601946988518,0.01255238147975266,,,,,
0.007396827779992358,0.00654864508660349,0.0045850989876419085,0.01761426253921643,0.08033832434447329,0.03592381329573746,0.02395845550849286,0.020100032805081373,0.01709782479888638,0.01453254868482981,0.01309530951654411,0.012873864780598727,0.011421949387617791,0.016239280107927766,0.007326355865303186,,,,,
0.008123831928283006,0.006521107655134789,0.00514241586196638,0.01585946909128847,0.06181941689066313,0.04068795013063351,0.026134452464968545,0.021025076868982178,0.017170850423571957,0.015312337754295522,0.013474588643308048,0.012163009920574758,0.0113084313048894,0.018754018340759196,0.007210370135064488,,,,,
0.007463159759885925,0.009325449505913557,0.006190269810465137,0.015209504771775632,0.051105869425078936,0.0559036911890658,0.02466129235946333,0.021288387064690287,0.01680469067482179,0.015017709804272177,0.013529029803889713,0.012513678595147381,0.011132854212909661,0.014776462197223708,0.01052687847902094,,,,,
0.007699581885110075,0.0060914269530581945,0.004933899040338095,0.01617085064353855,0.05244515435864561,0.04530874909438661,0.02796197344441531,0.022276481954388288,0.02749162364929982,0.015081202993918278,0.013763026432487223,0.01448132075823249,0.011772024843448208,0.012854305600940327,0.007628379006781477,,,,,
0.007635304107290126,0.006725155563498723,0.005665157956803085,0.014251474024051991,0.04843425662585875,0.048288157421400996,0.030544135827985663,0.023952161620560897,0.018450155013786027,0.015512761648985345,0.01431730104419991,0.01253565766378629,0.011073719664262733,0.010717960012142395,0.007294643634232114,,,,,
0.007602620256117915,0.011930462155434486,0.008340655712870307,0.01326884210116351,0.04760320695720425,0.06834556201248847,0.04949056379247685,0.022871460632536478,0.01893386215495582,0.015954050131197665,0.014116028370769074,0.01300424720602929,0.012145082565896434,0.011271555699929136,0.009970049656457326,,,,,
0.008164798406019427,0.006069082997789676,0.008125747493446026,0.013568875034277946,0.03825240831417959,0.05563872867676768,0.03194311862881673,0.025631447762022346,0.019405231974437963,0.01609955269478567,0.014599840131834328,0.013229122596813333,0.011955141037794896,0.01841618857425015,0.008056500214739318,,,,,
0.008340616838028076,0.0061644980122950175,0.007685081876793965,0.013417365304086467,0.04054825339835169,0.06048251555480601,0.03533531290602393,0.025727207400754428,0.01946847252950233,0.016785384917773424,0.015149182244939143,0.013256911841313565,0.011861366944047123,0.010294379708691362,0.007855706568551045,,,,,
0.01133523698818677,0.009301079034192946,0.007160054485446271,0.013253805279045424,0.036894466247775426,0.07486122757988732,0.05989567321822662,0.0254257919531766,0.020632415065839023,0.016786176890322548,0.015188320938698513,0.013181561946905054,0.012224912107999959,0.010339165353487723,0.008464140807208125,,,,,
0.008463374620532474,0.00623411301395822,0.006673465272974996,0.012698458391133522,0.031522511342362704,0.07129687379361288,0.037168497088418496,0.026732641460732277,0.021738245323287633,0.01802603775904254,0.015181338523848181,0.015019156302819404,0.012888665629546499,0.010198720164243391,0.008378201963454169,,,,,
0.008814969530959105,0.0061902698104651455,0.0052234924485697835,0.011974111011703831,0.03334282000708546,0.08682824140143187,0.04149144852339288,0.028847101079196597,0.021702821529293682,0.01756366027209044,0.01685524384341568,0.014038291589755164,0.012301509173058018,0.009799180999186186,0.008349320281954101,,,,,
0.012066874639427039,0.006123122241316555,0.005135854241135223,0.012448758808327725,0.031801712692522265,0.08632047429567151,0.05125644355623717,0.02941837039141484,0.022908077986127904,0.027480582087608462,0.01605728429836178,0.014562593340316083,0.013184906859365695,0.010293119756088119,0.008746285589431097,,,,,
0.008908163170638628,0.006286321242518531,0.0052126182517527484,0.01237967533519143,0.02946910369042523,0.08529171354256489,0.04626851390501253,0.030635980947411285,0.023119511326384193,0.01881351962880101,0.01650299227731345,0.01428045259095376,0.01773862879893302,0.010548017706432355,0.008183679512671868,,,,,
0.009335006212797342,0.006272689659049214,0.004923373096370965,0.01208062441536131,0.029255403804697502,0.11989841679447666,0.04952789366586674,0.03816147611052039,0.022990236164731736,0.019565179156211133,0.017023228883992617,0.014353128732880315,0.012784775942814833,0.010154847783042046,0.009004029708047883,,,,,
0.009612402732670118,0.007169964976010625,0.004829755709896822,0.011394437124909269,0.027912984739460252,0.15040332421076985,0.054104662106671836,0.03542607658627178,0.024484478434332862,0.020839833565517208,0.022138360600341783,0.014875401403119631,0.013395719482645625,0.010437793963133424,0.009675844744751473,,,,,
0.009905447799657584,0.006339991978347099,0.006362454738110332,0.010628402625117711,0.026352298522565105,0.11598237826265581,0.05603336779132845,0.03508952922069443,0.027401652015740786,0.02037835601190217,0.017357105134853314,0.015668325313547952,0.016196335370520176,0.01084905745391273,0.00922656238074966,,,,,
0.009541711388214892,0.006190269810465069,0.004604645718812177,0.014228225887333567,0.025050031928722773,0.16405357662913905,0.06494519936184019,0.03874888441214146,0.026422633242481546,0.022155460655519776,0.01923943937374749,0.01592856452556119,0.013368679617891314,0.010608096056263875,0.009206016509441337,,,,,
0.01118747463829623,0.0063621999249716035,0.004595835284901597,0.010988833043263577,0.02443686431269287,0.164367055645325,0.09257777275447077,0.03869435526601208,0.027340241464557366,0.02234884980979006,0.029767396685903974,0.016213442922661133,0.013812434865884474,0.010776218504293309,0.009837785498991492,,,,,
0.01032322195018298,0.006132857950451205,0.004451405515240387,0.010964404095625857,0.022939407670885485,0.09654648349868376,0.07850109393704786,0.04315362001359855,0.028580606524036038,0.02144370852801419,0.018151083895919132,0.015774436826426052,0.015415641605256259,0.011450075187404679,0.009556074718927627,,,,,
0.011397652207418726,0.006144425454269275,0.004562484741887196,0.011247337225775688,0.02316053882780602,0.14043263701279168,0.08625966179248176,0.049731755230133824,0.029352960943439553,0.023337338388569367,0.020014029963599207,0.01628687031238787,0.014278658765347292,0.011078871783998447,0.010986708376958998,,,,,
0.014428090778053387,0.006421045617196438,0.004713214811997777,0.01030461111271413,0.022348777268820775,0.11393003987014057,0.12503703838716224,0.04841229383605821,0.033404532666449036,0.027310624172125576,0.02710201406847377,0.017084089440243755,0.014912562670529551,0.011548341049901455,0.011312330091871272,,,,,
0.013028086678982673,0.006384178258757853,0.004984699602670525,0.010112644854418889,0.02143325767315682,0.11417562955992562,0.1180490863419755,0.05160275924707317,0.03468329881552824,0.0260411741180155,0.020736641656596604,0.018073031449656708,0.016239819193370947,0.01159440749445796,0.011838930301072829,,,,,
0.01406791674128713,0.006566889847465773,0.004285743762440244,0.009995741057399341,0.02110359597806612,0.11458283274171159,0.11815398419124713,0.05470438047956239,0.04745478156358318,0.027387886899383512,0.022727425886009258,0.025512056157526077,0.015909826037811662,0.011551569435201482,0.011859152530952865,,,,,
0.015135392310287335,0.006594432774434938,0.004563621668080294,0.009980840952677735,0.01996406950801547,0.09340811563861356,0.14486912548272146,0.04912560597543177,0.03634550544033362,0.02734043121550433,0.022798760590257813,0.018452351618765576,0.016206341979412862,0.011970427769739618,0.012974817351615344,,,,,
0.013387366216825682,0.007012721919068119,0.004646982378523385,0.009647654988653338,0.019270945408468583,0.09166056958551719,0.1332780749783435,0.06365153092634604,0.04057168413963061,0.02814775842695344,0.022691560127620393,0.01895198877083815,0.016471624861332166,0.012473737949508141,0.016012373367955853,,,,,
0.012133784352571205,0.006818760836675173,0.0044021848286452244,0.009452260777125462,0.018749176755546212,0.07744026105508202,0.17495221614786288,0.08244643816258865,0.0696050030710884,0.029036524785189182,0.024372254106990496,0.02072711706326696,0.0165615359309869,0.012742835335685718,0.01636884472412136,,,,,
0.012030059867199525,0.0070189610173011455,0.004342189477453079,0.009324754090621935,0.018880013324401455,0.06618068187224395,0.17487579669940356,0.06668655410714558,0.04452655276288752,0.033410870406268736,0.02851677754145235,0.01984744168290458,0.01724170513556938,0.012481092051312339,0.018125073945269642,,,,,
0.01188253336651195,0.009092790578127839,0.004475740438972306,0.00942560405979421,0.018069586527291157,0.06273615374604337,0.13869447489348205,0.09245754964948039,0.047222450055891235,0.036756027529637914,0.026163715767888618,0.02104813498097152,0.018494826474234324,0.01345609546095381,0.015936704821901453,,,,,
0.011959045890802926,0.006953987287040007,0.004376700244616658,0.009340041266480949,0.02073725145687836,0.06071379839305091,0.16107726551546264,0.10194298802453387,0.08026549502466454,0.0347063168241138,0.027229201035655903,0.024073471023840817,0.02381597103819951,0.01341543190345407,0.01480169712101424,,,,,
0.013226377233225681,0.00703299027735259,0.004371956334817921,0.0093458368981391,0.017616600182610333,0.053843673427784865,0.1310493542166278,0.13688036013012594,0.05888091576911713,0.035488113546505176,0.03049398955860174,0.02147284118181156,0.019052814950931238,0.013427028131301222,0.014713042290545448,,,,,
0.01262894363434547,0.007596348328536355,0.004343981241008144,0.009060032155112347,0.017604227395668026,0.04712389211638886,0.09930679126322428,0.14736620215371307,0.05891683618293602,0.03090169571675877,0.02821228439196576,0.023228198614900577,0.019471953043705248,0.014298809321406102,0.012810719781133701,,,,,
0.013081808312769205,0.007430285984631874,0.01082691881736057,0.008651423312529723,0.01911389677078674,0.037510759622824096,0.10444527735551948,0.17644793131475467,0.07154029085069633,0.04069786231781931,0.03213923467924004,0.028931995390929537,0.03395189156196414,0.015422475893943197,0.012117071492962296,,,,,
0.012871320745107618,0.007634284854960167,0.00435627966567853,0.012234589160222202,0.016434417904541854,0.043280354382746855,0.09137853316295785,0.17594053102904564,0.06486401000021343,0.04789218576399734,0.03482025677154666,0.026049141594715202,0.02169146413073621,0.015356973421314727,0.01317233444271018,,,,,
0.015120710642256306,0.0074746639582536824,0.004159116858829207,0.008661948321782919,0.016146369954033186,0.04207845061567784,0.09350465268806911,0.17543193488968603,0.08606473083274246,0.0675301327836864,0.03806710719108973,0.02709135229643454,0.0229953128348376,0.015331277792382261,0.013870786754338098,,,,,
0.014244738019142151,0.0075858835924362345,0.006654733145794112,0.008545270560774879,0.015822216118838512,0.037125753329030516,0.07713802438938368,0.17414615373098144,0.12702414505009088,0.05441007648408409,0.03830424846785425,0.029623321684025792,0.022737809529120537,0.0157941366105954,0.01574497479191347,,,,,
0.016613141317864843,0.00822064114806394,0.00412781544039287,0.012478805727774316,0.01598708214591446,0.037956122730009326,0.07211988376723993,0.16451498422481992,0.12481059837844413,0.05669263596999938,0.03836904312141292,0.0280638654595483,0.024356484132093865,0.022535515817829085,0.014210462502983405,,,,,
0.016490747403304716,0.00837723439414597,0.0041108135731023725,0.00836763004670276,0.015224249894001195,0.03396994583145831,0.08967713918370782,0.1414932823296628,0.12462995509518661,0.09760044764634929,0.04603859808731762,0.032815128008928544,0.026120242991566428,0.017569566765909966,0.014367037594272172,,,,,
0.017095093783558283,0.016622331346515216,0.00488582285410849,0.008297001751317978,0.015284785281822175,0.03360594672332892,0.060544032801149214,0.10931169049655327,0.14212195580879144,0.07221854537289199,0.05190511674127524,0.036663851451962576,0.028249405018789323,0.02038960201690407,0.01593768137806349,,,,,
0.018819860842734557,0.009011408866560613,0.004524734260409061,0.010762398993177298,0.015271882141816115,0.033738321461015755,0.056357496589229686,0.10918013428145741,0.08257928548501763,0.07952299476735206,0.052154657531131236,0.04920503508501759,0.02873163769895089,0.020220335380954538,0.014309689699377452,,,,,
0.017813050203935824,0.009606059114401782,0.004723865847907032,0.008135956223944026,0.014946095856822052,0.03130235218307552,0.04150957453931535,0.10840469142530473,0.16706805249930648,0.12079390797541191,0.03876795818427335,0.03989694368022646,0.03298883774266475,0.02015583438745105,0.015339671640459901,,,,,
0.020419476395450425,0.013835983257083016,0.006418621323139692,0.007977756675299645,0.014935787642034983,0.030675654581228447,0.04687373047077198,0.0768592185274053,0.13297820212544456,0.1056873761224829,0.0716990663925601,0.04743808651406197,0.0487503082778575,0.021853847764259113,0.02445755443835749,,,,,
0.023460500200215614,0.01113634862719981,0.005189614556019705,0.010015961858647573,0.014681803811517255,0.029558672919252748,0.04396067250730729,0.05884976149935183,0.13131451698971894,0.13513040578782157,0.083949699939106,0.07006250965371753,0.039628558291570595,0.03255349773391852,0.016223998576713035,,,,,
0.029096617385283782,0.01112994136291996,0.005240163640083795,0.008015506107667247,0.014652711730606316,0.028556182104144134,0.04159016290401478,0.07160769495158441,0.1315356421315438,0.13299084167854205,0.08386054492648473,0.06021637228760197,0.04319152472554781,0.026313672299673616,0.018764941898325775,,,,,
0.026242860221834183,0.015359612393963403,0.00770534900036381,0.007600615508780792,0.013918228650307942,0.028912533490320642,0.040072546577908576,0.05846856570408839,0.08469301183214617,0.12200433160682948,0.10567665318143442,0.08036219340307522,0.05915171394941994,0.027950932080984595,0.029537329729872955,,,,,
0.032403199234515345,0.014506979684680024,0.005906633805999547,0.007908853534279387,0.014316938690964318,0.02680821974956757,0.036682736545940606,0.0549436990131972,0.0682687349248887,0.12181842512030347,0.11376187575216067,0.07021768649945911,0.04912823940166173,0.039811478411488084,0.02409522678430163,,,,,
0.03822965949445115,0.014449648648490803,0.006576313731865858,0.007761656674105363,0.014312408501475471,0.025730597394075894,0.03627350350667085,0.066174189943202,0.07336559241909785,0.10517542795455753,0.10709122752354866,0.08762931318311429,0.06350888170388044,0.03245838782781604,0.031481082921794544,,,,,
0.03647829391420237,0.021139210985064348,0.011155315813786714,0.007472234358333096,0.01412294055775164,0.025841188827659563,0.03553974349776718,0.043480092636398515,0.05809762776516015,0.05423559718392628,0.08930535971457047,0.08854047598099815,0.06570692605014852,0.048729146683042485,0.030817555964213185,,,,,
0.0466470202106484,0.021481295544006032,0.00933934693770364,0.007881049550785321,0.015248680007979047,0.02524611279844654,0.033929298269887824,0.03805420081820662,0.05586647185537709,0.06424251855250418,0.08932588896029117,0.08875116022253833,0.07824964551460536,0.04628734706332351,0.03073294320369253,,,,,
0.04299110948028386,0.02412922120324188,0.009517179246517222,0.007588490447391367,0.014433483264306716,0.025062312520892638,0.033089723614937526,0.04425453410435895,0.07488904187941775,0.0649550838209731,0.08038736626626292,0.08272352610629405,0.07848232315520792,0.058146368225050836,0.03627721291129585,,,,,
0.04741863685603724,0.02919149527491552,0.012956411643450823,0.0071746665336053905,0.014920561876788956,0.02486847235865868,0.030377837344247448,0.04064424875521022,0.04597386440313417,0.07196134733533255,0.060926063948025015,0.059880172567892576,0.06618187239842903,0.05693720806661721,0.03323958090192237,,,,,
0.044889954654868766,0.01764617127850856,0.010950555587352568,0.007567267689079735,0.01814652814529114,0.02467318821925702,0.03009602796042051,0.035052427923206037,0.038975531456694995,0.04428694300727694,0.047282182941213634,0.04603757686910728,0.07027178916867616,0.054678579450192645,0.04292716571367019,,,,,
0.03322616553271422,0.02940822866469417,0.017175400676309918,0.007381030263111053,0.015413958854058761,0.025032422262527856,0.03089472780637976,0.039502132891071774,0.036007079025777274,0.043056185792778964,0.027882766438876008,0.04357020932324835,0.044559076716211204,0.05189833851994204,0.03554186004802855,,,,,
0.022932508915376668,0.02483423647122684,0.016637929103835165,0.007303661243765735,0.016971513997645543,0.025935586510516685,0.029802667441239505,0.03213879077635571,0.03371471951674832,0.02971026523983847,0.033761426714946995,0.033603592450846625,0.03370356172810516,0.03815549406991638,0.03614899606741996,,,,,
0.026119014036453416,0.015251571575276839,0.01622273945612619,0.007511186321788312,0.017995883701855998,0.032704830600886844,0.029922970530766372,0.031713417653057824,0.03191666543586645,0.03149575635778497,0.033662582877330684,0.033505328140246426,0.03333621644482869,0.021827125206812806,0.02791651582028611,,,,,
0.023463747843777957,0.019580552253725757,0.014912671384150592,0.009990030354457433,0.018159102812150118,0.029932851197671476,0.030791588963733622,0.03271498112540267,0.030153589833839,0.02977384433868811,0.03177485605784271,0.04348991269537428,0.03349403283392298,0.03511970459865465,0.02272982253236777,,,,,
0.023904463813804754,0.019672192438052096,0.013529341362329422,0.007916229592276664,0.01591879067525,0.03317818688135545,0.042618083089253626,0.05389192933174895,0.03005031340932463,0.02951044499885217,0.043672362271577954,0.02596376271249217,0.02431503428492277,0.022445251800413693,0.015843841697417368,,,,,
0.020147725057874058,0.018692627846495932,0.011246645326771512,0.008120358814672542,0.015611271444416819,0.039730970981740825,0.035245309050644213,0.03233266707226482,0.029803885930848758,0.027585827413104728,0.02438911735235808,0.025463714937101742,0.02737921949412641,0.018805383202568585,0.020291807073983228,,,,,
0.018590354020202617,0.016044739693015498,0.011861776975180016,0.014287171757444228,0.015453811749937091,0.04218840497964282,0.04197512998709037,0.033805604501797384,0.03060776248781023,0.027341202065184228,0.024236377260830246,0.046655965220526195,0.021656053648413925,0.0362214692936822,0.01587034190544376,,,,,
0.016540515450871596,0.013974189942455603,0.010914490998481258,0.008174760054731573,0.013192184031250522,0.04232870190716537,0.0415776872786436,0.06583287094219056,0.056384645570255736,0.03153854315779038,0.02397164700526635,0.02176352763073458,0.02011628664686117,0.017235705099455517,0.01598188925595236,,,,,
0.016457347181105784,0.012027472143052203,0.010432573885093568,0.008393667903597317,0.011501751826572827,0.03681204506467926,0.04203846251849701,0.03799945128586158,0.032029434128479035,0.02640754746823381,0.023948005394458426,0.021556889655823083,0.019870691469964077,0.017072223371696643,0.025710868678023586,,,,,
0.01593151586358211,0.015487094200082612,0.010665404249044781,0.009995222037411707,0.011831259263444548,0.04189809915586727,0.059152218246513344,0.041208271935753285,0.03234130026558886,0.028027991461864785,0.023857336602471475,0.04528000045753256,0.01962770613909869,0.01832341619509076,0.014123009432953769,,,,,
0.01624157608839668,0.012573364567530828,0.00937261669908024,0.009032684595888194,0.011199495914796827,0.03871634531149288,0.06628585058980836,0.07316052723301254,0.0364642916837157,0.029662644518065797,0.02420489110582483,0.020863205200589898,0.018683900809059212,0.01604296124207828,0.013457517062325362,,,,,
0.022034834152876312,0.012270235407523951,0.008130215390330793,0.011155432077363716,0.011090835364312077,0.03761296468573894,0.06805035130312576,0.05675610158459751,0.037584204468351104,0.038750265066046605,0.02399534639900437,0.020712297541634374,0.01865289814910312,0.015203683759560317,0.013214997508227789,,,,,
0.015391055172215777,0.018742102335082785,0.008299658717465443,0.010889240224870277,0.012432156407345879,0.0351853137319383,0.0657478511914492,0.06372074622808274,0.04377959481594522,0.031466464469334564,0.02458297824399242,0.025239137976434747,0.018170955034975098,0.014718748935951839,0.012562012758274154,,,,,
0.015198671212597544,0.011478499294116904,0.00830871726639929,0.01086013970446199,0.01027041417808262,0.030129708763704327,0.06562209393925242,0.08411561590410511,0.04316527961326785,0.03260156029258377,0.024697461637598866,0.021419638204908404,0.01832120413151616,0.014983016866250065,0.012570553369984534,,,,,
0.015422055409785283,0.011665890132423891,0.008383115490909959,0.008730218724394357,0.010095187558009543,0.024478505242193492,0.0656310860028871,0.08146142210160733,0.04348886145108911,0.03988861267503008,0.024813651358297387,0.021203213121475068,0.018384187732488844,0.01497230095557173,0.013185497049951323,,,,,
0.015260582944808226,0.012484131173952452,0.009905316864411123,0.007404188419790282,0.010573470053839094,0.030642065949726037,0.051758703871835184,0.09033653746875561,0.0569604377469385,0.03498736659755233,0.027146291520169414,0.02272019161697057,0.018524518429058095,0.014971694573852692,0.012187324326802222,,,,,
0.015266361022702108,0.011824899491001259,0.00762476526293252,0.007067207562345678,0.009504531237689047,0.02414877854948401,0.04396332030539537,0.09793142459301458,0.067497816257196,0.040830496346472386,0.029760043350353028,0.022124061376615895,0.01906594832505973,0.016540770285703905,0.012051952378897333,,,,,
0.029769368160388596,0.012000483503312334,0.007648075695508587,0.007065372138516849,0.009435884058304167,0.023314583382354488,0.04401014302310039,0.09705860655644416,0.06946466542862556,0.040854923944571866,0.030392083261404145,0.02356161578680751,0.020206106985944113,0.015054713633955922,0.011786228639539147,,,,,
0.015600467478738484,0.011545055592318313,0.01664151452009555,0.006574735803140066,0.009514623727317937,0.021053679954798916,0.04151925933726273,0.09199561490334822,0.07014940900851005,0.04076309980739606,0.030998715916609892,0.023462324463850905,0.029134848230557262,0.014920040320151842,0.012032889553281084,,,,,
0.016059303447605595,0.01074608781899932,0.0076251054530105744,0.0065311933720492345,0.009411110510346108,0.021314005225449364,0.03961697088351047,0.08776369920606662,0.08772003441020591,0.045991915829465616,0.03178776190647103,0.023369549437852025,0.020014159568629317,0.026096361113434805,0.012065154815665433,,,,,
0.016709277803967724,0.01019792532540708,0.007436349157280545,0.0062739817982449785,0.009014286899551109,0.01997485076944815,0.033842415191476356,0.07942271094073047,0.12191606941772941,0.046910550775249575,0.03595999753005746,0.024844065849480002,0.020389490700722962,0.015197817848464124,0.011879258452682728,,,,,
0.01626790674494319,0.01041088882019262,0.0174099840515395,0.006390269936413661,0.010872552729019115,0.018796277263986416,0.0350536581742347,0.07360046325121539,0.11023507371829855,0.05272607560088316,0.03497843171068531,0.027358451554216946,0.03769436577621642,0.015798755004361717,0.012095243233067961,,,,,
0.01636282185698588,0.010252719520192124,0.007302640103510349,0.00609142695305835,0.008867486330671921,0.019535658108747744,0.030245495274603285,0.06911572722158171,0.12303742795208854,0.0672107742322489,0.03658267449644979,0.02718755128756833,0.021691897614278362,0.023256657409096184,0.012023400741648153,,,,,
0.019693673492706353,0.010223329517015588,0.00752718451499309,0.006105038384411191,0.008608026998619862,0.018581718545020103,0.03049866769564055,0.0626673152178341,0.13529077496762132,0.055228021220987814,0.04264576743470715,0.027973891367421504,0.0223834105650556,0.01565341851505146,0.012066794028163894,,,,,
0.017361363786337732,0.010175262250845238,0.007405808530051702,0.006262808916737376,0.010168632044234951,0.01638215057304613,0.0304752698292259,0.05834347935035535,0.1420071993107035,0.06231208056623854,0.05015245857795031,0.027731192705409975,0.03184939285422116,0.015718840804162672,0.012682924290299335,,,,,
0.017479220220700652,0.010336405265127815,0.0074548135515627965,0.009439354036556774,0.00854887447161996,0.01880326232676917,0.029779071140433,0.049941998046586014,0.14276677347926836,0.08754562040180333,0.04426497345999331,0.028596348754234144,0.021976780876656443,0.01671569957311852,0.011326079789141345,,,,,
0.019647519601445017,0.010168632044234939,0.006912083583182718,0.0058638810536539784,0.00836813377416883,0.017841187151428402,0.02461928891763583,0.047756949128039114,0.13464869404461483,0.0938989248874005,0.04634525585137813,0.03046973679912649,0.02385646677372726,0.016238221851122947,0.013224783680502356,,,,,
0.017603435388563477,0.01002812650125668,0.008203465809366152,0.005290168449853255,0.009163088237943274,0.01592286384197743,0.025576297151269946,0.04335373274540745,0.11750969510031568,0.09990066381051806,0.0721665177361205,0.034015015750102635,0.03376161879213601,0.016919602718269776,0.013452118998541726,,,,,
0.01849987483961885,0.011155170482611568,0.006444835936309777,0.007881748931118593,0.008155898054726217,0.016081819951553628,0.02552386038617291,0.0434846935020155,0.10794758472841083,0.11968172578864689,0.05186654715727078,0.03464034336036877,0.024281620492731568,0.019112132472674927,0.011704598444486285,,,,,
0.02063279222531912,0.010194363686697327,0.007731520381068167,0.0054366491263293975,0.008099248660723719,0.016275399197362036,0.025743901007376772,0.055065597401588104,0.11147598725309911,0.11979363088132085,0.05822665595836804,0.03423946599226498,0.026192141733781822,0.016546258083302134,0.012340982565937422,,,,,
0.020128403980478212,0.010396926765285367,0.008893883639557065,0.0058417213452843985,0.007992374805537697,0.015623333961082227,0.024003614721400814,0.04022695566399738,0.09870640259114727,0.10182026982714579,0.07511719856074543,0.03566280491619551,0.026048145793404105,0.01688171213215034,0.01263784952108067,,,,,
0.019994336446851904,0.017414695247980474,0.0074822513731214344,0.006931991361962381,0.00801550610766725,0.01973855320369098,0.02396039071583259,0.03589979665703214,0.08421136240473943,0.16176599231694438,0.06245747884704452,0.04322359044565892,0.026287005985422968,0.017900570941456747,0.012565806435295823,,,,,
0.020664449046608045,0.010564266393263822,0.00762276633961755,0.0059553438386371884,0.007992212528758197,0.015097727189139248,0.02166132325667525,0.03517347938055215,0.0679866648330006,0.18213397353877464,0.07165339976165679,0.04017182580648025,0.028329097729006093,0.017446690211684088,0.012748406563765548,,,,,
0.02179144415547478,0.010583615472418588,0.007665480277184543,0.005763210155172131,0.007867254960022139,0.014889061925344838,0.021732278228478185,0.03468255091800677,0.06894564216474841,0.18442357414503677,0.08564346814033469,0.04514449442726402,0.029980907927970583,0.01809024622124752,0.01318490685936563,,,,,
0.022063068718447338,0.014441568218269316,0.007687444207016484,0.006251979112512458,0.0078079719601980725,0.02168167107329859,0.02188363457283131,0.032461784057658497,0.06871728871179524,0.18352462357921356,0.08261651918021866,0.04295268821416723,0.03013564852729351,0.01812820426416391,0.019710147284020676,,,,,
0.023268323814641136,0.010854644800366521,0.007493207024749199,0.005740944257386592,0.00777605559143013,0.014220407259651159,0.020930235851150614,0.030723446491346458,0.06618111301177214,0.17546148950895854,0.09740809640772173,0.04359758655748999,0.03168846104737542,0.018060253229431035,0.013271578680456,,,,,
0.023162288725947146,0.010874490984170749,0.007728164649888291,0.00556631060647889,0.007853064551721491,0.013715284095555549,0.02183872384343582,0.03054537781487658,0.06308213911806257,0.13315717004577388,0.13664978682623466,0.04935893804456286,0.0318896412544281,0.018843827871726747,0.013375371984108817,,,,,
0.023022932844791004,0.01145935966100601,0.007628719035710662,0.005816133305743786,0.007931901379986504,0.015221246627518645,0.02036135592597348,0.028954523900044594,0.05824077064698816,0.1522422667953258,0.11516888940021316,0.07032245215777362,0.03179892914290962,0.019525281984973743,0.01853235826580683,,,,,
0.024365175515837445,0.011319063801372138,0.007795212774952366,0.005709228593845988,0.007887300632117773,0.013666686982913404,0.019716709923600407,0.02862853210514798,0.053187869801157424,0.1395962860535225,0.12702457388495897,0.05400217726596008,0.03483329091846642,0.019553707729796647,0.013249694691801922,,,,,
0.027207853821743212,0.01136665859436484,0.007824565091216923,0.005554181266880313,0.008539766922477708,0.01345995030260069,0.022925905088680563,0.02902714327756796,0.04488032534001148,0.15372154193814294,0.1657797012244636,0.05645089861746276,0.03555645351571845,0.020015795759955678,0.01391496680933313,,,,,
0.027114644813999268,0.01166533424060416,0.009422163430345904,0.005474211746437174,0.010041826398857189,0.014126498670327779,0.019141781588682828,0.0273756072653516,0.0486933686098512,0.12835164010987615,0.15449242188447757,0.060359760319096144,0.047117396376936946,0.02047822359181763,0.015641151171153826,,,,,
0.02883293522270524,0.011443276897635097,0.007895846723679477,0.0054184882803116775,0.009059745846157045,0.012952306808171764,0.018452685479829038,0.02590916930357502,0.0467667841872054,0.1085475203733025,0.16912801330603533,0.05985191673629573,0.03860496801529275,0.03311722732832299,0.01406208432397607,,,,,
0.03158596360225399,0.012077617989450496,0.008108171206767302,0.005553305530743386,0.00825563088078563,0.013154599490170643,0.019478729102397355,0.026054331592812566,0.04520002248447338,0.09233965962584784,0.19557203580603358,0.06586343956813452,0.03997342634730027,0.021188298111977515,0.013959541271390465,,,,,
0.029802580404361137,0.011988832663809249,0.013693043667990283,0.005571899857706234,0.008710475022606579,0.012955210362873,0.017566706055967957,0.025780400237576537,0.04304164165772389,0.08784228248320361,0.19820754305514143,0.0806109940821159,0.043224003025115365,0.021580761821424887,0.01477988491947101,,,,,
0.03176723251344336,0.01994235942872527,0.0083188573669108,0.008128819436352344,0.007816272928894195,0.012698586059894375,0.017269083184141536,0.024700612279495025,0.04083752365565866,0.08269845663675164,0.20815388787400238,0.07814795586622253,0.04255205484695123,0.03492810717695027,0.014205989656068525,,,,,
0.03275526470161943,0.012421510872134302,0.008175077357869083,0.005371851946684655,0.007517184242533088,0.012642159050825481,0.016874008512961655,0.02412868368977952,0.03821265050968368,0.08227383015251426,0.19902550251723145,0.08353590974718568,0.04568293592747071,0.02249034980007397,0.014920388026602264,,,,,
0.03341661506725286,0.012704380870310525,0.011189068561933363,0.0053813200040292025,0.007291086832794751,0.012346735123725208,0.016983870439975422,0.023813139067958265,0.03822629223154845,0.0716505714998468,0.18077386721699523,0.09080831202299502,0.05074066334681727,0.02234664445909233,0.014846317409143652,,,,,
0.036070768537753865,0.019267058354389636,0.008724460114573116,0.006610148092509282,0.007333433531385096,0.012246959334384239,0.016610252530748243,0.02265719751353176,0.03696067966438569,0.06957518356971121,0.19306340249015988,0.12700698791511078,0.04788861772200438,0.03924013698003146,0.014839611069316557,,,,,
0.03941169826726321,0.01313701336666196,0.009668067218321036,0.0054199242437512375,0.007354625662926952,0.012004292576096016,0.016465954658109808,0.022508954311192646,0.03516259084144269,0.0635679497275129,0.16555715558430484,0.11146816861719262,0.05185913866464255,0.023349047801838902,0.015157548584427602,,,,,
0.03916862172393891,0.013534397192575242,0.01144690315462197,0.005285201528692516,0.007274168275801323,0.011678113057800933,0.016294692324039746,0.022536594891720507,0.03505620178943686,0.061018806866936566,0.10692084701870008,0.12206867417775645,0.06357939976350296,0.024505975163360536,0.015974279436019638,,,,,
0.041098598622547895,0.013696334687391988,0.010046991316755733,0.009430281301322011,0.007051407304700745,0.012088351791478857,0.01581432443714747,0.021728503194992824,0.034324163300805795,0.05833311378690746,0.15325457333615816,0.12692132328523123,0.05925572740447301,0.025597687655600106,0.01522314237532399,,,,,
0.047783087945199594,0.013533055544976733,0.010836976560623157,0.005459977894054177,0.007018268058062034,0.011688437014192681,0.015625077168895784,0.028404708861421272,0.03179245364340813,0.05832266298978191,0.12122569491168789,0.13208630398881419,0.062497092138780796,0.024951790510951855,0.015700678081172724,,,,,
0.04709550106552341,0.013706179347795158,0.010582543153876894,0.005465497910945754,0.007045933269481811,0.011783037029994189,0.018545737825677564,0.021083982080701946,0.03484445916378771,0.06388113639166748,0.12103416432687154,0.15729947694896204,0.067234601755206,0.025500055735803745,0.016037078823769226,,,,,
0.04715753315081047,0.014599951174038702,0.01503210381655524,0.0063048622686024645,0.006777599834826415,0.012113993815175767,0.015260582944808119,0.02049183583424618,0.03118866995643004,0.053717982266892984,0.12164005820842531,0.17066942693463505,0.06859005516230167,0.026929956014245145,0.015841713216114123,,,,,
0.05346292983852343,0.014365593144647972,0.009838444651515869,0.005495493399753725,0.006875585615358801,0.01167244765658435,0.01533180650781766,0.020325654130326214,0.030227769416991374,0.04958530708900931,0.1053553007250837,0.18991846718388125,0.07577405120058242,0.026768919022087466,0.016470837449835733,,,,,
0.08047557044131767,0.014909366135828626,0.009650343275095351,0.005439034197020913,0.006769893200414639,0.01137347417284099,0.017264858111409633,0.020355224136233502,0.03411149818457204,0.044681062906182546,0.10846425922728113,0.2089643955638555,0.07523132558359276,0.027083164653930472,0.01678671772815279,,,,,
0.058367299272345456,0.01488488013064724,0.010618025171211205,0.005852534684603131,0.010730658376544624,0.012574060822092559,0.014890978188774273,0.019686114966478183,0.028742830390337246,0.04519875993645514,0.09277123724477965,0.22793295183132245,0.08040578909671343,0.028079169912371183,0.02710469380936815,,,,,
0.06519952019143024,0.01491623675171457,0.009272449303858649,0.0056727650013082475,0.006630571222120372,0.01128271150255963,0.014601616705769573,0.018951578161352383,0.02748904060443143,0.0437672691456625,0.08381275770292303,0.2424363201624891,0.09081290727970295,0.028043581420796403,0.0169579822570532,,,,,
0.08692640866081346,0.015379780282257746,0.009269651425244567,0.005665615812093055,0.006790170118973382,0.011184431062394902,0.01754712999062336,0.019170133266843515,0.028413839426818105,0.04153596811258334,0.07326422692736098,0.2549168756662576,0.09861248853702569,0.029702581190986697,0.01751368938126963,,,,,
0.07585620293019343,0.016055264895184794,0.011281878074003153,0.005506868865479894,0.007476745844086912,0.013137013366661995,0.014238818629224452,0.019364955040338548,0.02807542831110675,0.04164040179054423,0.07893860582891148,0.25649312488944603,0.17491885150969694,0.030331510611564107,0.031061943791144516,,,,,
0.08271630201737819,0.01968616437803235,0.009275945465368625,0.005353531856634081,0.006760307506119396,0.011262922504617372,0.014065404257232534,0.0186236720297561,0.025956768372834282,0.040412887926800346,0.0719637308455378,0.25414831545518973,0.11113840232223157,0.030338191065529346,0.01791243131555358,,,,,
0.11918232505305239,0.016331085946184067,0.009310834877448935,0.005316031418789938,0.006516133582577611,0.01112046933112466,0.016018851864699375,0.02010583925697343,0.025521408503803043,0.03844059512592406,0.06859282998977999,0.22341816738085313,0.12032856139918814,0.031735085327365534,0.018779157196230457,,,,,
0.0971020021997895,0.01679405594796442,0.017099550423935957,0.005445706837710749,0.0063858540494026,0.011635471710771486,0.013876045315507336,0.01821081031349945,0.025400235969837863,0.03691414686846728,0.06587926979967482,0.17534423229953852,0.20459137924605286,0.032487983017580734,0.019546410257981175,,,,,
0.10682694284368083,0.018636899046495774,0.009686026533283796,0.007439008413837347,0.006536999253343929,0.011305448972340069,0.013496011871089309,0.017700421508746143,0.02519938451527084,0.037820044195895824,0.06080294035607553,0.09421108969999818,0.15900513562923885,0.03609105105720805,0.018947351788355785,,,,,
0.17577028073951861,0.017359346660602896,0.009898735138128577,0.005390951871418006,0.006604504704628591,0.011944287525763778,0.01375400043758717,0.01960033066960972,0.02487865313414978,0.037147065892424315,0.061166712216232356,0.16062432627322218,0.17751555246182152,0.03446180525080411,0.01929018403643599,,,,,
0.14553968537942177,0.018191856078969993,0.009838016207398654,0.005383428447570952,0.006682205136072733,0.013213991500946366,0.013596566060173357,0.017598332534931514,0.02313184964478193,0.0422372567672195,0.06103652577265793,0.16119690119122784,0.19749052217744345,0.03545636791415731,0.022242090338886456,,,,,
0.16875145834496721,0.028555637083363974,0.009736242945241953,0.011526392180074027,0.006506921524488252,0.013078263486759837,0.013389884851432462,0.01697220176401604,0.02382032725805254,0.03475244705427846,0.056756792839127365,0.1311322949623392,0.11597327821130618,0.05597842052887759,0.020179002011591618,,,,,
0.20740874707974738,0.0181597456008731,0.009902828765794701,0.00523744038380936,0.006278321438024081,0.013501392385840676,0.013593298592202227,0.017764419720961395,0.023291207542844722,0.03246852552006524,0.05128904930288425,0.12706738627003544,0.2501587550101534,0.03730816029373956,0.020218619521657547,,,,,
0.1933528441496253,0.019071525570255696,0.010227420034919108,0.005394499282456554,0.006380520460527925,0.01179447879709326,0.013179987576717303,0.01687370106366957,0.025761263469268787,0.03962604633752842,0.07295821886805157,0.11177201713842042,0.3254740388207084,0.038438747847875564,0.020747334016005987,,,,,
0.26918987484408485,0.020756005786088962,0.009741070606220632,0.005350078492432981,0.010177811180237487,0.01790330586198423,0.01295308282186173,0.01659345638358712,0.022590985216956103,0.03220003180460955,0.050413969119467,0.11183677287084992,0.33304759989828825,0.0403039383729493,0.02070027138472171,,,,,
0.31863766839064966,0.01997434755692224,0.010123668490428402,0.00543289051674929,0.0062009982344195845,0.01087732319734414,0.012724985918401719,0.016484218329941396,0.0226154146025208,0.03226705568701062,0.04920473855265439,0.11186874974418894,0.33197794532845165,0.040362784039623095,0.021413037214452577,,,,,
0.08624558734537967,0.021021622140423826,0.011748976044646135,0.005343832542830567,0.006275997004175094,0.010375229697932505,0.01428898720602,0.016162427050520727,0.022525082105124907,0.033082011028744245,0.048880282832696624,0.09948787521514117,0.32763714793089094,0.041317222518261934,0.0233011173095405,,,,,
0.31379961772223686,0.02092411581067481,0.010343304105045923,0.005513400600870492,0.010051540700719088,0.012805656755629736,0.012509558080536132,0.016142995934572132,0.021830095995244953,0.030644785290484318,0.0465404586584375,0.07866003603951081,0.18244574594574067,0.04441958324219017,0.022215834788133812,,,,,
0.27941851699012954,0.020973644517397076,0.010325828558781378,0.00531554345207091,0.006105516359136352,0.010117260861338243,0.012389964276273273,0.015673063531811866,0.02194979437032524,0.029361608903919666,0.04419638762762985,0.08504641919093643,0.23883647524719642,0.04477593899328301,0.022626666477571,,,,,
0.2814767537307612,0.0223280644442737,0.011754797648858905,0.005212556048299826,0.005979251813177805,0.010127991348352676,0.019054091258633242,0.01576076193488805,0.021975482504345004,0.029324657784164553,0.042496484984737584,0.07783828679302592,0.2398697465746964,0.046340729085547455,0.023503746823919355,,,,,
0.1881303981521576,0.023223619632826344,0.010756221144594671,0.005491243667363149,0.007089424265834958,0.01344941915418659,0.012486208780712438,0.01566998074913479,0.021286604976861752,0.029424101125481533,0.042070690331922754,0.07776964123633001,0.1839922149090238,0.0496980690728868,0.02336294424024986,,,,,
0.14984164637745268,0.023190213211051757,0.010869122661643804,0.010077442624816498,0.005782979932515362,0.009898473088315873,0.012624835057350079,0.015447264200137152,0.021151156195899974,0.02861397475592746,0.04099531569212797,0.0778860637277808,0.16141510339086315,0.04915925568832769,0.024004627800308584,,,,,
0.1460836926758932,0.024378944944778574,0.011035002092237702,0.005550268575679584,0.0059506052058957365,0.009686026533283747,0.014466692512878987,0.01592612162531512,0.019983030253402298,0.029288025382238857,0.043462728744862296,0.07139948832210614,0.14669668861634746,0.050847904693939905,0.024217211993463973,,,,,
0.14471531999068385,0.024656348303583032,0.012958088244711724,0.0053716708659023215,0.0063376901630458485,0.01111673659259497,0.013291304450547633,0.015247127690536228,0.020248666099498443,0.02755525033972961,0.03953688748513625,0.06431185406160193,0.11954868735201922,0.05634417615289632,0.024317701138156487,,,,,
0.10661299299209608,0.024959430222333653,0.011336466923050528,0.006727083812976018,0.005714451108019244,0.009620494890405278,0.01312812502735826,0.015179779319919455,0.02024285256335077,0.026571921757711683,0.03803207516109681,0.06423488682506445,0.11218525127585814,0.05563574485944795,0.024923172775062327,,,,,
0.09119461570405149,0.0264158095004567,0.011923067565947484,0.005495965389396701,0.00599874201039652,0.009611053377309818,0.01252406456386817,0.019771313874521336,0.020182343927459247,0.026137628373561237,0.03673138982486297,0.062248398811883605,0.11176245531953578,0.05808557162641753,0.025865268704518024,,,,,
0.09228665045340438,0.02824995594764451,0.020540560006148418,0.005268980545940183,0.006044403883465454,0.009393730153207408,0.012246112098099836,0.015011490432192489,0.018103952522913577,0.02638058273903807,0.0369033941156676,0.06249268728997229,0.10065034449570619,0.059802148191217604,0.02555174191969062,,,,,
0.0915301338709472,0.0276466807308799,0.011971511193834286,0.00628178066811806,0.005733936624905324,0.009414038559206635,0.01188820774670031,0.01442269627560943,0.019321624107757628,0.026095304987804102,0.035509733307949154,0.060615432486735,0.09701772483099684,0.06327219654128236,0.02665895309559453,,,,,
0.07882084611636216,0.02770807912417344,0.011995078488511175,0.005321883529547621,0.00566424213519446,0.009236432036372035,0.01157736410880383,0.01598870457814844,0.018976882460694622,0.02492036253946691,0.0356428700065013,0.0565230861004744,0.09381757641654184,0.06434008137341064,0.027686902049622285,,,,,
0.12513064750407563,0.02928544577981132,0.01617596282774164,0.005462827631530617,0.005944881136185792,0.009272274461179203,0.011351472823501728,0.014337917427061631,0.022415256602787807,0.02543894906838104,0.03341540217209912,0.05348706221729341,0.09031772422137106,0.06917987410309821,0.03432530630020451,,,,,
0.07023611775173877,0.03101770512945189,0.012466977707325752,0.006095258240372276,0.005888160410552529,0.009217456079074163,0.011307599772015354,0.014531388447816637,0.018687093677216736,0.024398900136283277,0.03352204633375982,0.05889627201833582,0.08646765375799968,0.07246631197884862,0.028043893594051475,,,,,
0.05975540946459073,0.030907581537263893,0.012665348851505344,0.005665673041402749,0.005883036988614404,0.009028483739459069,0.011059421687657455,0.014336402193788003,0.018515834737773924,0.023969049869197526,0.03283539722578719,0.05179197631391327,0.08472210669981871,0.07242351096151727,0.0284603597460504,,,,,
0.059815457460410566,0.03288808604941167,0.013733593529980983,0.0054218382700738955,0.005987055505851937,0.008795674126995473,0.01097244477007212,0.01407160397872137,0.01993884719604734,0.028755687579046542,0.03485213525644793,0.05024737993680362,0.08471714279123656,0.07799994719115014,0.04454500872608653,,,,,
0.06334887981431431,0.03431433760380945,0.012882802701347744,0.005851703598688461,0.009798817018119417,0.013267498038608704,0.011143334168363002,0.014106860483847737,0.017882575249789076,0.023480214079689293,0.031846694922633235,0.05163020413541239,0.11000599797571715,0.08312011815403983,0.03028898843921463,,,,,
0.05506197010987886,0.03387463959039642,0.013370498527120057,0.0057657413205429746,0.005930956824537439,0.00875665955297491,0.011079135180275831,0.013887607141193638,0.017985069950032122,0.022663035537132902,0.03056493510351604,0.04759862952664565,0.08116075258512391,0.08483368918830202,0.03078463826160742,,,,,
0.05239049751792822,0.0349262597922914,0.014116694476316962,0.0057211992453278186,0.0058786261713358575,0.008693484192257971,0.01085025285013422,0.02048859187647543,0.017124050680784448,0.022692360300514705,0.030084551946742977,0.045066398462695265,0.07647989209019401,0.09334811353736677,0.03817162813833039,,,,,
0.05035836970447743,0.043089368096631164,0.01386162040684925,0.005943626556328133,0.007709051149084842,0.011547779499456443,0.010575432464779159,0.01359713838249746,0.01739345685262126,0.022548288738800732,0.030219111818235576,0.043594604166347736,0.07996568111977104,0.09409981762623858,0.032185004479021485,,,,,
0.050274887539142256,0.03702640688159201,0.013814782123079686,0.005913820595777095,0.006118619535959246,0.008845630003962048,0.010659565623538564,0.013315117001118962,0.01731483553797296,0.022230264592938656,0.029442685269932933,0.043784179020582924,0.07290896050298974,0.0939868682968951,0.032828523689248455,,,,,
0.047925808444172664,0.03971262101622978,0.014091866538963506,0.005731165117874259,0.0060560332615859115,0.008633114513044141,0.012206252222355924,0.014556357713404893,0.017231772908529217,0.022087964550664328,0.028916514379876825,0.042152052056730484,0.07151885446780698,0.1096497748447428,0.03514633012422779,,,,,
0.05356193667299627,0.045914526817322054,0.022880546067002565,0.00578460568000931,0.006825272255351204,0.011964114874162364,0.010491551782593712,0.013029082154496932,0.016969354994357127,0.02171357569024928,0.03036228192469523,0.04405079237270287,0.07163464064391394,0.12463236938361752,0.034001009935864926,,,,,
0.043243029911649196,0.04403719521844046,0.014568536970002457,0.0094647045757492,0.0059448811361857284,0.008685834941105027,0.010508844305463647,0.013028161342284704,0.016543514412053716,0.02157384942812254,0.02770367880950351,0.0400847788291099,0.06719488613133982,0.1231606562640998,0.035082431883749175,,,,,
0.04211425114853619,0.043981607147017564,0.015232830433506435,0.005791552004530875,0.006077411587253726,0.008540374394583833,0.010476706902662856,0.013147202865826938,0.016547570965021567,0.021294767848146642,0.026872788868455174,0.03867756740449926,0.06388097396934388,0.12240967850708298,0.03918543916876658,,,,,
0.06116533395695098,0.04843166580273685,0.02629444272515305,0.005975346145037033,0.0066922903181938255,0.01185436689286468,0.010575769717487745,0.0162554847875018,0.01636329742709513,0.02112661443491488,0.027160584972692737,0.03675174888447845,0.0633035151049149,0.13060673880222573,0.03609549784840371,,,,,
0.03968448371901318,0.04959773626977938,0.015441196845370365,0.008836534766016218,0.006207426388562808,0.008766133576292084,0.010480420093915059,0.01275633945333508,0.01669504799461361,0.020648501080025576,0.02662088144599804,0.03738525569299188,0.060414157573253253,0.18692170602322492,0.03785123798334896,,,,,
0.037340606639028245,0.05169827909677415,0.016226396631348037,0.006425084074563385,0.006294619952003372,0.008845520036802635,0.01081793078763808,0.013380219433215938,0.01673138470139888,0.020000303279363762,0.026252940288719075,0.0360452756528745,0.0588131220159871,0.1590199822435523,0.0452993090118704,,,,,
0.03927515643772037,0.057674753710197244,0.02170540600151154,0.006714540293181667,0.008394865324284692,0.012526135547208059,0.010855839581334579,0.013731893553124892,0.016344363020065627,0.020393545398084037,0.026342145696687688,0.03528277729385585,0.05536274196811746,0.18283252189090585,0.0392939169901222,,,,,
0.035555578076568214,0.06979528604177695,0.017338863295725256,0.009971090289986375,0.007956390425626875,0.010070876802016212,0.011259467373032392,0.013575277633573558,0.016315194841335586,0.02065792065903512,0.02578491499675158,0.03466249189882742,0.05600362272094161,0.17550504540634818,0.04033732694371897,,,,,
0.034597775046492245,0.06258678184418433,0.01844257911356985,0.00821720895227097,0.007702613316134756,0.011400837943204088,0.016575860795121515,0.013919323525540499,0.0189441343218962,0.02085561967683207,0.026354746921726954,0.03418726653987289,0.0548823144925433,0.19787165897692222,0.04369267069761734,,,,,
0.03451311035733731,0.06288032909930094,0.023442733852553993,0.014762389989680574,0.009807416593202861,0.01869054621959879,0.015387684108403318,0.020708414858632066,0.021185834213124824,0.021540021900922714,0.02865329091529572,0.03498613401544932,0.05301950214104911,0.23050994500054026,0.04413021541438653,,,,,
0.03560286652250877,0.09854836423573515,0.02453749782293479,0.014564285406951951,0.009491968854331137,0.019149910539513648,0.02047068548244753,0.021622714619862975,0.021410175143609423,0.022856598664254126,0.027534049929020595,0.034161677914726796,0.05408605711317873,0.25013503840131746,0.04700294098285879,,,,,
0.035373675773060366,0.0758373931704982,0.02474560947259674,0.01466465619280271,0.023332822513897403,0.023765776189316593,0.023133643761071073,0.02551877850284756,0.022646318750954453,0.02902342334053994,0.03296615488664316,0.038095715623619734,0.053986900370985406,0.26221818454865464,0.047267642655293346,,,,,
0.03311127404613019,0.07980215611519699,0.02621437793399894,0.016736945608858654,0.018328847890224095,0.018616793750419615,0.02525306001471075,0.025627905483329418,0.02141623198453642,0.02763870452436117,0.02900446995216227,0.03368561494957684,0.05428219058579796,0.27809240050740563,0.05945120567208739,,,,,
0.033535981463678706,0.12016566316366334,0.02456688159904467,0.012146150410973262,0.016546943930031116,0.017449421943799483,0.023074659358187477,0.02546118085462825,0.02197222148105272,0.024141916477622042,0.027581689731747842,0.032463182401968306,0.06615207830887168,0.25644916602231727,0.049549303073520116,,,,,
0.030598661385930363,0.088024083865898,0.023316877959884106,0.013433401789723708,0.01385237777341213,0.013283495767635394,0.014521455705374449,0.01668416847531893,0.01660484446376816,0.021932652232841028,0.02595636863935581,0.031171563660275136,0.0471945373861102,0.288150718270314,0.050242856255836195,,,,,
0.028699072863790864,0.09483799852004847,0.022649797660390193,0.010849057453912752,0.01197995853906646,0.013131705776499551,0.014181661008153797,0.014637568086353261,0.018893730180105785,0.023358002997655183,0.02496530133634681,0.03048587554191682,0.04533021277265259,0.2808920002509753,0.07912680107974657,,,,,
0.02817323898260571,0.10703127424273234,0.023846461462714394,0.010880899676043146,0.012459797436856561,0.013301180742392489,0.014652158510413526,0.014442129505335879,0.016019600771904906,0.02048226072349741,0.026064385050751614,0.03415841272947328,0.04421803927945403,0.2737947955620648,0.051334318952194376,,,,,
0.027425496760832294,0.10823167522137264,0.022080799778408267,0.0111805166759524,0.010257525374046082,0.011730941115573178,0.01287877511053253,0.014412081197059931,0.015315196131615139,0.020293325013472415,0.02391277712003725,0.029179907981824193,0.04452701152448975,0.258039179933833,0.05273308560634477,,,,,
0.02689303966783271,0.13942374881519531,0.022088801267977572,0.009708796327845355,0.00834279355023013,0.011176078713929137,0.013582250164294657,0.014150463886535316,0.014952689384865056,0.020973026130451287,0.0234745930980649,0.029112982723976236,0.04320213088443192,0.2347239336724989,0.07353387164221455,,,,,
0.03697551113970502,0.13689491320633318,0.03059531268592978,0.0070571527691141904,0.009879882604444827,0.016015552207884858,0.012678833205752185,0.015581271989735761,0.015020214101623634,0.020275821869634027,0.030962880787536857,0.02799575474006353,0.04148843977617731,0.22028597673951647,0.0558997934590717,,,,,
0.02564864615682109,0.1272782694859376,0.022248809693347502,0.007134786321288437,0.007013091798122068,0.009803944595904971,0.010477975724331784,0.013337501416870581,0.014801697121014317,0.019963306155906583,0.023108850204487635,0.028264930211186878,0.04139662668243871,0.22052010222937704,0.06116989269605234,,,,,
0.024724229296207927,0.16846367763813727,0.023433216061324258,0.007248045407492796,0.00638382273146161,0.009044271703275635,0.010606047975364455,0.011848238455516993,0.014698997602291562,0.018965944204027804,0.022458841238900167,0.028021975212862524,0.03986198242833723,0.19228656544149042,0.066212985061851,,,,,
0.03864133510616202,0.20670904942969376,0.040660495746863354,0.00690837675547969,0.006935311561340521,0.00848032944065175,0.010607637565044374,0.011768829381951288,0.014511560851563783,0.018886538227749824,0.021611915246183604,0.027566720716796025,0.04150931676785711,0.16660667043061408,0.06505605376941476,,,,,
0.02420799870355661,0.20682143159521174,0.02438427767718031,0.012517201984177693,0.005966657729317855,0.008641560889620774,0.009571534451285385,0.011966960153489616,0.014202497118007633,0.017535891592672163,0.021681970163421212,0.03408809755018897,0.03911640190818052,0.1493124086960417,0.06584862973801905,,,,,
0.02381967387586285,0.24906466861523757,0.02438741559804464,0.006858445789441418,0.005765010209142228,0.008545118783813975,0.009754874500392363,0.011625797982683206,0.014106837499202503,0.017627364064701934,0.02117468952611796,0.02729751396595014,0.038002019565544054,0.15657036995210216,0.07212696889498318,,,,,
0.024861965429464648,0.2554552060241405,0.030419947534676278,0.007079675825161929,0.005724372086762188,0.008616911890165932,0.009425741658849098,0.01078223453742309,0.01411210000566726,0.01756572777084215,0.020772120966565274,0.026636406351197822,0.03684345864660646,0.14598209046622534,0.07026521377144478,,,,,
0.023005350061260664,0.2537165363511312,0.026294935966834,0.007591694370036701,0.005943572003370564,0.009572347429772384,0.009423505425257262,0.011462217085101511,0.014070013976080565,0.017552136892301902,0.020417459662525422,0.027405639411832102,0.03628264672773168,0.12917723490196278,0.0792781210884503,,,,,
0.023081894910151626,0.2720465982975332,0.02745366739220303,0.007282320803229139,0.0059160132955041606,0.008861780332293673,0.009494974414572805,0.011822349138867835,0.014201880698603741,0.017188685802183492,0.020779612141042576,0.026483918831242334,0.035973916638594984,0.12336486612281515,0.07881824625032725,,,,,
0.02722449703325866,0.25953170050153235,0.027166732306366112,0.007225104810845321,0.010822575535015451,0.0099337872871243,0.012425269161322567,0.011122131163103831,0.015214194076820625,0.02579889441806097,0.020541443969427923,0.02626878139545122,0.035970103843370314,0.1166817206873276,0.0787025270621931,,,,,
0.02324467827148156,0.2215886386515962,0.027626043435154846,0.00749580285400224,0.005916287325829858,0.009084513895147583,0.009463368423267678,0.011513557615717903,0.013865175424171487,0.017609972984988974,0.023251707524208954,0.026849793736004404,0.03584816066790838,0.10165179756994497,0.08567959352011643,,,,,
0.02238159977066009,0.23748424453220748,0.02892970907226149,0.01478444731652966,0.006065395550761287,0.009667564145657101,0.009442754064862897,0.011537666917802789,0.013885739215506017,0.017889246459283387,0.020538681457858664,0.02610136780982482,0.03480208461528245,0.10313076919908842,0.09369917940113673,,,,,
0.02314100098589993,0.19889248093037698,0.03129784597370058,0.007616468430728824,0.0071228242381014524,0.010017806916620284,0.011333491967888923,0.011632796210527206,0.014395535776040273,0.01769197477557766,0.01996471914639469,0.02570451192557258,0.033836139117635354,0.10316298365924623,0.1040136798290502,,,,,
0.021686680288754524,0.1534044842058734,0.031223789044023616,0.007690353937424243,0.006202043916326887,0.012452925478059321,0.009792196821288943,0.011509501621951043,0.01359942743093596,0.01756737052045563,0.02532069868319877,0.026089253185001233,0.03399185393728478,0.09467573240286632,0.10305452783524591,,,,,
0.021194173583984385,0.16384841317166782,0.03408475872682452,0.0104889863578059,0.0061663912533815495,0.011132155198422922,0.009965332923973117,0.01157436703025634,0.013679658352994914,0.017325094451535294,0.019712367970540854,0.025562601893867096,0.03300770365751044,0.09437409288071365,0.1026482817376528,,,,,
0.021275513076361573,0.1282989834619829,0.034841304497299996,0.008602450435593966,0.009495384189987043,0.010511960107524025,0.013886322969274813,0.01140026912710529,0.01426184488685256,0.016649617832473606,0.01973157058608164,0.025047753728157613,0.03298923089260201,0.09034434376231258,0.14103527319225684,,,,,
0.0211852220199002,0.15775911772308024,0.03282362442850561,0.008530345572968601,0.006173485736437402,0.010624710634136548,0.009846087595969354,0.012849259749675821,0.01375906797833526,0.01633315065420227,0.02466949520169043,0.025153987387038845,0.03234373639448239,0.08078467054077532,0.12042370888187212,,,,,
0.020481374205906278,0.13819798283114992,0.03598610045234695,0.009616685681072707,0.0067989984104090745,0.010485121581765728,0.010034591047617848,0.011590603591594787,0.013911051590586344,0.015926935967030105,0.019902908822773426,0.024958598802534277,0.03175076472082941,0.08395342699878439,0.13505387711930628,,,,,
0.019825751081773372,0.1101901764965436,0.038385425311411404,0.008670030034918083,0.007138421001701598,0.009225472910852186,0.010556774832268601,0.011399358962309846,0.014168668648318642,0.015899000619445196,0.019581810722724805,0.024324513620301486,0.03099561965591985,0.07660619022080666,0.18970101313610105,,,,,
0.02676252281083164,0.09195316982088252,0.038374611653859046,0.008706416633669894,0.007362028497002272,0.011771776950750244,0.010026865429110967,0.014157313455380228,0.01410536640400509,0.01628776615301435,0.023292766661987405,0.024810724169183,0.03233793148875169,0.07566912472319703,0.14433357237936928,,,,,
0.019766901899646527,0.0919323102615864,0.040359771490182696,0.008639459452191526,0.007486800131139715,0.009393730153207427,0.010795007475746242,0.012512227499517657,0.014198044598763806,0.01607141301583201,0.019845236111169937,0.02966816413487099,0.030204043613092493,0.102274362034873,0.1652529586828855,,,,,
0.01943888801779621,0.08729843973062335,0.03984918545196249,0.008168728953329487,0.00807711996279072,0.008330853515535003,0.01165009248450182,0.01273560691723141,0.01425884357070883,0.016305752170243496,0.02035917417608782,0.024466461716005774,0.030597930213724554,0.07184500455062813,0.23023346329379207,,,,,
0.021752142303898162,0.08133274084586843,0.04078816397759391,0.008686768137235306,0.0077773897922019984,0.01004285959493712,0.010748018712828813,0.01309511143440114,0.01463036714799305,0.018752479543833474,0.020104032984984054,0.025006931050269254,0.03066356014495791,0.06574570098653831,0.19238081653823644,,,,,
0.01938997070815431,0.08226394159673876,0.04461954832549542,0.008814785614100089,0.007945175649372716,0.009222379520875778,0.010092874770797957,0.012155143281163077,0.015110693210710248,0.016382942247090453,0.02056619528143098,0.030641822572834536,0.03013821990960977,0.06795091994004147,0.20739558997731058,,,,,
0.020266928642170962,0.07805985060200835,0.047593452140157935,0.00852578311790947,0.007472234358333104,0.008195675711204668,0.009565604394411419,0.0125343901907333,0.015713229113282438,0.016829832114255122,0.021970686714375076,0.02475846014706819,0.02952442855350206,0.06786688618419204,0.25580731828008424,,,,,
0.021989096844477776,0.06654647392138478,0.04764506458127964,0.008729067306348854,0.007278401601955229,0.008069368618327986,0.010400917836328216,0.011613519997191478,0.01539526796395287,0.01793517040079579,0.022405693072821677,0.02471530996449774,0.030144943198970278,0.06308820914213698,0.22267674838004323,,,,,
0.020756958678580854,0.06868478015540086,0.047757132441424495,0.009018422462873456,0.008050058298914078,0.008323533246863383,0.011539914924004035,0.011273137735241629,0.015352750121565907,0.01818879019401008,0.020999476802442588,0.026007497054407056,0.029568280552612534,0.0583546320848265,0.28346543895562104,,,,,
0.019986875401226296,0.06531387481009485,0.05228718912922253,0.014845290902054685,0.008528254750717782,0.007863957150118608,0.007331885875741087,0.012029197354336229,0.014383367828377253,0.016336664028445497,0.025812765778662743,0.02592306921111055,0.029845284978042067,0.05870457422569166,0.30239646890264793,,,,,
0.02156092031352288,0.0632087895807249,0.05788070921308366,0.00959102691536177,0.00811316834215072,0.0076941897253817925,0.014409201183802699,0.01112935870143766,0.012919998396401651,0.01907179758927656,0.01835727168670461,0.026115177834897398,0.02989192053714995,0.0588640682918324,0.2766199750867461,,,,,
0.02513387056939405,0.07387472268340883,0.05786499379981124,0.009548641081906343,0.008206429639211933,0.007436349157280462,0.009774532099638935,0.01173536265103149,0.013028783519828911,0.01674484783161831,0.019254112680088663,0.02322994341626984,0.0290408459600002,0.05780834928411904,0.3355256416781404,,,,,
0.02514451127613978,0.058663820477173396,0.05959031371033407,0.008593361936619566,0.009375210927001785,0.006992533920728339,0.011171435822031105,0.011354214614811847,0.012673922161125381,0.015053507485548174,0.01938167477467108,0.02259866258999402,0.030648414229296386,0.05614233287114617,0.31671564909119176,,,,,
0.016685878583839103,0.05460645340930409,0.07789585036322888,0.008697474056171243,0.011122801656577993,0.008798291058997734,0.015041764026050966,0.008306531624571126,0.013728516585976378,0.016204801364166882,0.018211451277162116,0.02264452898030791,0.027828302459222517,0.05310118514705336,0.2686985962221284,,,,,
0.017037032340457836,0.0593238024081435,0.06197430609297818,0.009863295440627572,0.006261100193008247,0.008934658042425669,0.005121249796823431,0.013484499012713855,0.012856827783953114,0.014311502291498251,0.01725826493254036,0.021752962127263506,0.02778752735981179,0.052973193676123916,0.3258651703987067,,,,,
0.017150387705164114,0.05161648037445943,0.07588107594972214,0.0095299805866362,0.006596448390757429,0.007901429555079999,0.020824004346152364,0.013294231524152897,0.013935736331636733,0.014564285406951826,0.016781521101202065,0.024752277984584157,0.027445835928656053,0.052055042070070646,0.3011084827873664,,,,,
0.017444366973686534,0.049639316403691305,0.06625544259747514,0.010177811180237443,0.010323064904549713,0.007594085750833238,0.016422161387568284,0.013233999114682002,0.0133898848514325,0.014708523877889927,0.017032388012289432,0.021075922183760303,0.026345690400425035,0.050292761991464374,0.23960065801379007,,,,,
0.01786866284852171,0.04716413335825079,0.08116212686922504,0.009539264412081685,0.006628027887388553,0.008761841928733553,0.00537860793356662,0.01172209304129101,0.01350055182176209,0.014275910823297865,0.016716184500798054,0.02115791551439291,0.027634257963044716,0.05074504041711377,0.2510784944848044,,,,,
0.017019438115017563,0.048502846299892446,0.08438245096134923,0.009947095578911058,0.0068709153576583335,0.007098200119327814,0.006984135982334876,0.009554887083026032,0.013085401736234153,0.015651098403672025,0.017833061643768,0.027647618956834197,0.025788938628374364,0.05271025662033049,0.22843743211047124,,,,,
0.01636488256098021,0.047588355951873454,0.0811707555632422,0.010351075466126233,0.007068675558272003,0.008397336878472165,0.009307177634603507,0.012755958177304157,0.01297669146761515,0.015450937045713403,0.01746576623543166,0.02125514255247479,0.026502717309060286,0.05084535395715663,0.13524771758544496,,,,,
0.01812199676209127,0.04257549471603828,0.10142220049617134,0.010366944757141524,0.006607449682273718,0.013796838948956813,0.011808216250323134,0.009967317476521947,0.013227259733662943,0.01445963071738066,0.017282671520108404,0.021718950773877015,0.03356319677250334,0.04682836544013008,0.193799400409102,,,,,
0.01566435155434625,0.04348681107883641,0.1006294672786755,0.01104442999189588,0.0068978084187632195,0.007591224546001878,0.010962038068948968,0.012000726671740217,0.012568902465607582,0.015103395826206375,0.019176491823059333,0.024372453661527252,0.025210087600764288,0.0465051093134099,0.18400887802330199,,,,,
0.015839748210280887,0.043408264955591684,0.12264354700993443,0.013935736331636715,0.00695025615651859,0.008022016189092897,0.009605890343960309,0.011634356993775808,0.012921604443748213,0.01501414693753714,0.01728109552075681,0.021118770401280754,0.025286113369256402,0.04614686660894637,0.15709387250539925,,,,,
0.018346264458848884,0.041173951657748134,0.12939568281247593,0.011404477694420968,0.006673416686208444,0.010464815836806213,0.009566926268247818,0.012926020045021351,0.01366099181786094,0.01522339796370867,0.017595034235855126,0.021126982771936014,0.02587619758233819,0.044327748145625304,0.1586868673463365,,,,,
0.015626218449614586,0.0441723177895502,0.15192893854892012,0.011441690048807806,0.006540371243533879,0.007880103231534704,0.009980321157820052,0.012038816262654758,0.012653464583156825,0.014802682842815332,0.023086164928853504,0.022886086269240772,0.024712056230617882,0.04265038988160626,0.15030541212055779,,,,,
0.01532535493332463,0.03930493969163439,0.17298540578415494,0.019449410258632407,0.006498943808932961,0.007961482828897904,0.00962453841786448,0.014570962698694392,0.012539071443545663,0.014426135504000653,0.01738450660793847,0.020899229868766262,0.024381618106067263,0.04243943660983026,0.13329033580271168,,,,,
0.016387948699476497,0.0367196652297424,0.16950297806910447,0.012079148138999747,0.006646591365104456,0.009246782083779945,0.00898041175999791,0.014682333830968761,0.01603230661775998,0.016776574117482967,0.01734355642102694,0.02037178369089153,0.025088742610442773,0.042080977986010626,0.12790343098621948,,,,,
0.015357501252122117,0.0362619169954596,0.18692325331117307,0.013061368982499915,0.0069346102432136635,0.007963111710153334,0.009737741440986792,0.013087557316726454,0.012143080103274561,0.014456827461555754,0.017390473949545404,0.02042531903253838,0.024123375101241018,0.04097411350315849,0.12589527330998362,,,,,
0.014758348063015516,0.03657711682459923,0.2090613515891488,0.021864542471981004,0.007114762388263481,0.00799022437073863,0.009656825685598426,0.015927750267110005,0.013076279948135988,0.01410014737560802,0.01702063829903994,0.020422540813013805,0.02361932923953463,0.04710084333129814,0.1093531709402665,,,,,
0.01663605814511763,0.034898388631581755,0.11533309877756501,0.01439634660688077,0.007134104612554092,0.008993652662510645,0.009964031363463185,0.011676863573239318,0.013081213444016193,0.01500111908203072,0.01732472014544095,0.020197632562174814,0.02469084398099822,0.0400557130383957,0.10979939460651053,,,,,
0.014603748309208858,0.033976588456640235,0.2681973530594304,0.017126833874022182,0.007536138994550551,0.008214525318011662,0.009072906706980698,0.011690323203392498,0.012294100395643996,0.014395535776040214,0.017030541349670362,0.02004614634665936,0.023288980048720164,0.03902371079980312,0.10502085084106733,,,,,
0.014430180605617602,0.033700483067336535,0.2802455252381091,0.01915938995638977,0.007972349307810739,0.00828683490744988,0.009199145939356263,0.011733373166265663,0.01243885737394067,0.014138979411647273,0.01686210998177248,0.01997588961972394,0.023177220479297204,0.04465888792177021,0.10140551108439787,,,,,
0.015088940890787344,0.032202679996258546,0.19283129691397657,0.017131925757571585,0.008106251488203054,0.008498356950012049,0.01150679683183753,0.010806265177706005,0.012198147660812574,0.014065773090335017,0.016857398227096844,0.019909831350090557,0.023080771089723028,0.038459358103407795,0.09657234972581219,,,,,
0.014388664403566936,0.03519260222758873,0.2621266306471785,0.015135820758157672,0.00855270433238615,0.00842047241867854,0.008957527916521185,0.015982213861006414,0.012321524829832784,0.01399644694602565,0.016419475969387202,0.019922839189686688,0.023198251352876776,0.0369173088467818,0.08935486873152297,,,,,
0.014107412104098794,0.03260628409347378,0.2627193662254909,0.015084298628989364,0.010652902034650752,0.008924163999149706,0.009095749803633365,0.01080938523701135,0.01221421867609048,0.014132006238466038,0.01662718771684373,0.02255189779131283,0.022621722075317506,0.03695080918173348,0.08358042206438566,,,,,
0.014360265480959707,0.031046574477996122,0.2208630041655183,0.013594061866697656,0.009275665820941538,0.009568451280370717,0.008952205289479136,0.011955656334492918,0.01245136314030635,0.014267027491241717,0.01646034159666564,0.020613925798033565,0.022559142910059574,0.03663037193387763,0.08316064613270245,,,,,
0.01647451827528605,0.03215221612725285,0.2011306900994664,0.013680440510280993,0.010536730266094613,0.009435059321362647,0.009489884896005657,0.012315839478291447,0.013132273667679903,0.013967877343666845,0.01652796487786082,0.020910164724453145,0.022633830360912134,0.03622545254667435,0.08062991674284221,,,,,
0.013950224058787208,0.029602255125881008,0.17994588376824489,0.014192745422994162,0.00948660429674014,0.01015229308824681,0.009467444811209383,0.011865193350246803,0.012527170910487821,0.013956846657263697,0.01767042742265413,0.020673986827841082,0.022527802531763286,0.03468463564217082,0.07567860679666107,,,,,
0.014039007575180952,0.029141246687038148,0.14442949169779043,0.013501200261522154,0.008388103450191633,0.009735976521852586,0.01002864381831485,0.011198250936038589,0.012215811343405507,0.013776966205584176,0.016244769956184676,0.019912160035816646,0.022233108595754062,0.034732017642453046,0.07580323297834837,,,,,
0.01604912434918522,0.029260025097436516,0.1113600476724134,0.013731822716188738,0.008314958791668256,0.00979732786385391,0.01007203578764392,0.012747185681035965,0.015428928887765321,0.013689443949774449,0.016235525979717332,0.02001934308180259,0.022085689106442135,0.03428211981605235,0.07380826429962253,,,,,
0.01422166126482645,0.0288778822095947,0.129071707076526,0.013805766479342143,0.008004819732926627,0.00880005981156351,0.009919676693902143,0.010974217655149771,0.012625733922812056,0.013541486550250727,0.01625125556770653,0.019609873441175797,0.022354420252974273,0.034213423606255546,0.06754698848592537,,,,,
0.013857877298107326,0.02819931742257575,0.11132323839685009,0.013545508589178565,0.008139781196963534,0.008364723334371943,0.009685658299942883,0.010952420829548717,0.012671389160003071,0.013861059004976903,0.01612617556783637,0.01938675980018485,0.021551775050055566,0.03424492016306243,0.06760319017097925,,,,,
0.013841770396319371,0.027103940159020526,0.11144349908756147,0.014304069204128163,0.008132966712094422,0.008251702433796316,0.009438632660976366,0.01076179643236068,0.012942690393692476,0.013477475910829923,0.015792514720870097,0.019030525342923748,0.02150905076548035,0.03321816251540193,0.06776296067243268,,,,,
0.01379599288334335,0.027091771188201805,0.11136691894248188,0.015336289282057363,0.007643453232918835,0.007742290826066928,0.009181646857814469,0.010725701756648458,0.012750364818962464,0.013320351509956174,0.016242075171638146,0.01898713135337182,0.02169106053482339,0.032300811602315384,0.06263960230050579,,,,,
0.01361382053208525,0.02634294575830563,0.09913674918275563,0.015207948455608388,0.008048769297046527,0.007512222276047635,0.009246256089755225,0.011055433710867027,0.012657538250763727,0.013623724818297482,0.01598126031489786,0.01887628624943465,0.021445643872585747,0.03201420518934178,0.06207386690325345,,,,,
0.013547064414810404,0.02658734110327653,0.08886994680964014,0.015062551244383365,0.008492441119303034,0.009312471463662823,0.010021140107196519,0.010477697215664345,0.013666212476475042,0.013672640638531689,0.015906014536948104,0.01891774073965282,0.021522387675608767,0.03223750912500715,0.06117992072637267,,,,,
0.013332638436457274,0.030312102227366498,0.0881203523144848,0.015683404011614457,0.00795822406619376,0.007523091183023177,0.008785014063559197,0.012166848059902853,0.013254172233769783,0.01376246100874454,0.015685864041560582,0.018781660599301,0.021345396078481436,0.031892437220158436,0.05769080196340821,,,,,
0.013285082277814391,0.02583196480865062,0.07975195341158448,0.023652472298845588,0.007642774470988927,0.007558478782220127,0.00883506691527953,0.010314423712351691,0.014147782717762536,0.013539786400829168,0.016045386353574134,0.02155749129437088,0.021203840086882253,0.034398520654074206,0.0615223044717841,,,,,
0.013699293562037668,0.02528200971312462,0.08094223303214762,0.01646603342430354,0.008472717364346414,0.00717900370002313,0.017137678332898167,0.010134392192925704,0.016461385574014407,0.013374959869922081,0.015629040167749506,0.018271317534675684,0.023879601577437057,0.030792431366467466,0.05575171624525172,,,,,
0.013394727048445153,0.02876397403515587,0.07986936738563616,0.01680469067482176,0.007904260513214143,0.007648881159958099,0.008570693103277249,0.01325847707717715,0.01560828032572778,0.01367190546681153,0.015629040167749502,0.018189628016211032,0.020677515319095684,0.030083096928143243,0.0545936916362256,,,,,
0.013455613528097831,0.024547010130244903,0.067569104314251,0.031020673757025292,0.008189541237349201,0.00788602614276715,0.008531865849145177,0.009841739751934303,0.016125210427043395,0.013766606910230692,0.015499546233881025,0.01823349737758805,0.020683018563468807,0.03013220532872103,0.052231044742349846,,,,,
0.014785214889192324,0.02438693695824792,0.0632935110387104,0.01734968735661869,0.010374854673815803,0.007924417159978575,0.011758548434890803,0.009937474946564507,0.015565198644370159,0.013723981169413358,0.015486989518723172,0.01794339423136426,0.022413795571101326,0.030413839414301553,0.051453431755315554,,,,,
0.013336893641289229,0.027935464519225794,0.07232360020428862,0.017823877363298987,0.00802359237061406,0.00788434021139517,0.008426323337802617,0.011352244019238752,0.015280266178302655,0.01509480615137598,0.015284615574383851,0.017910548666168983,0.020586680517853555,0.029412274751023818,0.04910959777879169,,,,,
0.013198204331076508,0.023699692217985614,0.059736480107449905,0.022673148356971925,0.008263325219314176,0.00882511579636205,0.008642423831964771,0.009943183224468775,0.015294964282205753,0.013906575705145252,0.015405984322261765,0.018744333919771487,0.020650463846646268,0.029348144371756243,0.04964601118831569,,,,,
0.013257890135383766,0.023319937045383085,0.05750086523199222,0.018756905405545473,0.009008961815620092,0.010740685507197907,0.008703026987877702,0.009983569431675922,0.01340017242859352,0.013953756502456106,0.01553364914683153,0.01770203344220886,0.020610779714487028,0.02914303800311205,0.04943950727359797,,,,,
0.013620368643522479,0.023128260994681554,0.07742987664538452,0.019722892267178414,0.008318233717658266,0.01065971771163375,0.008555130287429222,0.010243860729476606,0.013418525210750855,0.01785136153916353,0.015070019017495691,0.017615955981143717,0.020590649143907645,0.028416030325962516,0.047936341133322576,,,,,
0.013685653749815539,0.02323234404874674,0.05750368460670193,0.026285760156631595,0.008354173172760975,0.010043666705421206,0.008499882947627158,0.009725747010364121,0.013362153760200161,0.013943714583121257,0.016061322343012118,0.01732859382230544,0.020039287089417816,0.028479686630206405,0.045295866005503754,,,,,
0.015753868583693348,0.02291610189846914,0.048997685128839445,0.02128233954541039,0.008651423312529688,0.00968549091652355,0.008472679095437254,0.009973301275710451,0.012468408064226997,0.014118899291169508,0.015074170961699263,0.017131092987957387,0.020033202387056918,0.028477215980425012,0.045448659687390675,,,,,
0.020452478052517344,0.02407691879137346,0.04723299543100435,0.021174077010673756,0.008570087780247412,0.00938461331040766,0.0084487654948493,0.010637672717307681,0.014653043652696394,0.01672857448079796,0.01520899312375867,0.017370923269156836,0.019909179920717595,0.02809274635221763,0.0454080835108425,,,,,
0.016768164763014466,0.022341812239136248,0.047718369766524014,0.025835378707026374,0.008564221498546102,0.008280689653323901,0.008497135954601515,0.009952309659077806,0.011903253563779418,0.014456827461555796,0.019498826977683632,0.017252176684871792,0.019871735765457896,0.02750690464842603,0.044956184204927994,,,,,
0.016286571687895653,0.02234599151745887,0.046873287759756105,0.022335498304918516,0.009263878131871343,0.008179240820528516,0.008700195062870286,0.009726947118998727,0.011666223654801439,0.014561257359345776,0.01495964847549751,0.017238545502246676,0.019488447881715453,0.032672097492588835,0.044670706272036,,,,,
0.019042260864048612,0.02226308704947832,0.059337612403657286,0.02341560902641595,0.008998842681070013,0.012484209090445736,0.012005237903384864,0.00998032115782004,0.013848327791442518,0.01637829061408496,0.01484387114761904,0.017279594435357284,0.01978934517227221,0.02731394822404675,0.042365416031969756,,,,,
0.01578592279655196,0.021930700726699354,0.04457956306042901,0.024530850230795122,0.009260972629781265,0.008143285843947825,0.008785014063559287,0.009709297264125916,0.011828518401515034,0.01565327351816501,0.02088370961464709,0.01685124211441301,0.01948513671885455,0.026990053624933858,0.04125046400945363,,,,,
0.014551902058249268,0.021957828832099322,0.042577992582535834,0.02484343939161894,0.009757699394564699,0.007935170952721953,0.008837452048921068,0.00972147875758939,0.01188144182886595,0.015950798051965507,0.015011231235769572,0.01950622536329963,0.019418460948230194,0.03033669477169787,0.04731540991218636,,,,,
0.014822996002536955,0.022462580140988477,0.04169304547423085,0.025057344070528682,0.009622921210770378,0.010075511944618512,0.008897382786555304,0.009809928891300203,0.01193546177994644,0.017375831662009508,0.015024530875416367,0.0169343139865821,0.019494586187882842,0.02615717156674378,0.03979112033096895,,,,,
0.013046465827718746,0.022336122520439306,0.08495715945214144,0.026981823226337825,0.009612908692098503,0.008040587378036434,0.008844163662746629,0.017486694304662476,0.011671225346757776,0.017942815975295515,0.015524963361373472,0.016941913631171764,0.019105345192317918,0.026141399263875185,0.0394763507681574,,,,,
0.012946898453910416,0.021999593157713736,0.0468345343428606,0.026670954833448234,0.010340921389785531,0.00794235927495858,0.009231621458369465,0.009966536716114192,0.011456869443198361,0.018103379395380148,0.01502105596988175,0.017664848338447326,0.019078664784233233,0.025871285171778096,0.04390752793741368,,,,,
0.012703181280746057,0.021310840774780532,0.04068297719151857,0.028622947943023728,0.010233758690646848,0.00800157861984511,0.011865302658006487,0.00976258287058128,0.01176882938195131,0.01664291729880719,0.014817635858690961,0.01660781228534941,0.018966628029880278,0.025723539655855953,0.03889231828780916,,,,,
0.012584087769596509,0.02119594814584481,0.03858459520330753,0.03205898029506499,0.01036068758480332,0.007935170952721938,0.010687058311176332,0.015324191245584705,0.011401947052977784,0.01597176232455433,0.015596143796873031,0.0166267196947273,0.018889284881181616,0.025480021264380023,0.037562932763385314,,,,,
0.012680699926798362,0.02072286164346679,0.04491210218543814,0.030521197760032318,0.010860139704461912,0.008128939098943693,0.009889296970224832,0.009838807166580971,0.011362065042272497,0.01574530428119479,0.015203854370370324,0.016362346273054097,0.018776947018229302,0.02545175541984297,0.04206988108387622,,,,,
0.012481533679183374,0.02024571950192607,0.03664820376115374,0.031673805227002805,0.01376773739396082,0.008109650679670361,0.01140220298606623,0.010016997722507413,0.011794478797093225,0.014621499586212805,0.015359274630768787,0.016642917298807066,0.01890224026697893,0.028038343328947633,0.037065801263656335,,,,,
0.02153009972017246,0.02353997291916056,0.053568129116882274,0.034698290759004026,0.010855033118605643,0.008087349983904627,0.009347675479180119,0.010287479577819688,0.011342185797505922,0.014439075840192748,0.015433971694446953,0.016545474223656945,0.018412156290377728,0.024819517764789033,0.03668591846963616,,,,,
0.012092776709173251,0.020130417457945575,0.03716953517533643,0.03282018660738767,0.011510205890063815,0.008039296857623893,0.008990768024301075,0.010004203768739482,0.011412634479831237,0.014187147161831311,0.018014954134769064,0.016462961263498686,0.018385245918771637,0.024539506283745786,0.03525888496917109,,,,,
0.01208277140444672,0.02023072364374821,0.03321246162972411,0.03646584775261449,0.011401947052977758,0.008077400959849781,0.010859423135521724,0.01023489923177459,0.011675336243848339,0.014005339843750398,0.01580491076341244,0.017035110046727177,0.018545388156142706,0.024566881599044695,0.03529953547061896,,,,,
0.017780474460499438,0.02389035305543492,0.032864445728268625,0.039151664548873394,0.011515585076878991,0.008160786502858524,0.009197312920520118,0.010188509720187068,0.01130774314411476,0.015971823227094843,0.016279383139456448,0.016265614481190852,0.019193544665200245,0.024089964661410765,0.034630232857122516,,,,,
0.01205396998009807,0.019532139145318685,0.03292193401228411,0.03924608588299535,0.011836602118740602,0.008335328170428848,0.009153918792524382,0.010001221561254745,0.011317144386122552,0.013618845000504792,0.020500758025367716,0.016323460146538127,0.01832235443790442,0.024067328464482528,0.033095837526496544,,,,,
0.01233895933987935,0.020008083430180745,0.03401105008721231,0.039554720578097134,0.015465032666831219,0.00840814138590477,0.009161991220217183,0.010244398803061593,0.011488663956568156,0.013552807454556871,0.01783537060966037,0.0193146418480025,0.018228606477536574,0.025664481242012566,0.03408285611708779,,,,,
0.012020703690317016,0.019563588146302036,0.03119743264823389,0.044031414972309356,0.012622574769970486,0.008479411763669571,0.00899916695784641,0.010148619587816942,0.011505444198332049,0.017653519578993682,0.01772385337167756,0.016483962620840713,0.018937423803815037,0.023638663765876488,0.03359655759660852,,,,,
0.011787851626652386,0.019380068699945654,0.031573642781227484,0.04966240796424563,0.012830168504140324,0.00854223450917589,0.008854606045299576,0.010227546846532588,0.011258862615991468,0.013382521356443924,0.019304382075404785,0.016385970047354873,0.018106961144841494,0.023679654427704325,0.033703552107728366,,,,,
0.012195170207465758,0.019458477163663366,0.03065594581544729,0.04834570176262034,0.013062585322481248,0.008458776043071378,0.009256349952700558,0.01037210408263423,0.011348616086503064,0.013412724674363698,0.01940590032065745,0.016400606420294218,0.01794845317727885,0.023595485781260715,0.03256517900931838,,,,,
0.012081295390436864,0.019450077086791723,0.031050970961820534,0.0540412625981048,0.013078957654209168,0.010787075006507505,0.008979400753258912,0.010655214985142299,0.012405028831340032,0.013611438619630272,0.01891115802024527,0.016556836556302048,0.019571459067516606,0.023533360443257392,0.03194790933946213,,,,,
0.011931902479474999,0.019195504179581196,0.03159269695307845,0.05386385503583106,0.013184636346517948,0.008646924743048689,0.009090936114728875,0.012014012390305816,0.01160198361168518,0.013297548095338296,0.016194493480970983,0.016344363020065755,0.017893541546511578,0.023420828843811914,0.031788567710542406,,,,,
0.012041913154370506,0.01930792575553254,0.030125317750946422,0.05393018071165625,0.014198044598763724,0.008797295979401673,0.009260797570423723,0.010392965359761494,0.01159340070045679,0.013595612136094217,0.01689290589048289,0.0172948806456973,0.017962899457712084,0.022984029822925845,0.03294502130854942,,,,,
0.012538037062985494,0.019037833215375003,0.029039148831069166,0.05989532675782739,0.014063675223122877,0.01191264754947257,0.00924762361199037,0.01032472946672182,0.019293411017043734,0.01352634531085942,0.016451041366767286,0.016620302562893513,0.018751113539644565,0.02294219203156688,0.031037769195414004,,,,,
0.013086764500813966,0.023081122289484952,0.03345884488382972,0.06921974366382325,0.014363787378350692,0.008833341878986248,0.00948103151261676,0.013620749527645935,0.011576383841401756,0.013459468507772089,0.015505088878927901,0.016736267548337663,0.01807991932521576,0.022866356465422337,0.03038146615189413,,,,,
0.01214508256589638,0.01866389826281383,0.027783232991422657,0.0682853750711473,0.014712777836333787,0.008985176402375596,0.009822447733086036,0.010287353504993567,0.011744200728001303,0.013258477077177117,0.01556086516284576,0.016848932992267893,0.017890696393043845,0.022666855194496266,0.03994564321834831,,,,,
0.012308571040847174,0.01889168787535522,0.029484063621176313,0.07806738928992675,0.014672326483932602,0.009580202665018694,0.01051862050742972,0.01061020486068894,0.016120243059652924,0.013684232154180867,0.01538703087938055,0.016859033066674158,0.01788155984754703,0.022577202450871702,0.029699349804043217,,,,,
0.020070086819809523,0.02187770713264454,0.02717777014227784,0.07801865116814077,0.01564446761807728,0.00925326688500125,0.009552036154398307,0.019251098068641084,0.011794011442415408,0.013671431141495724,0.014937068417746606,0.017388982306124994,0.017714337915503354,0.022855577258218712,0.029505258524582318,,,,,
0.01194873865810328,0.01870774737831568,0.02718731276491644,0.07651081341314124,0.016085106014381154,0.00933906919173883,0.009834060457227381,0.01066175548279486,0.011731079313781746,0.013561704359860581,0.015556447102937023,0.01869965162649395,0.01770780222862933,0.022122654396336764,0.04188629582657051,,,,,
0.012095859785454091,0.018615452625281092,0.02671478156754435,0.09722453951715242,0.016275817557103035,0.009663404408509633,0.011585343198707083,0.01065956562353856,0.013080742487067695,0.01367219005410232,0.015080536489355078,0.017496630074680726,0.017905913608987436,0.02271269808161459,0.028952373750095708,,,,,
0.012793902820089032,0.020832986608488525,0.02658246253089682,0.1127536917815061,0.0166792898161561,0.009295918238032594,0.009870919143406428,0.015690824273172983,0.011975627311484376,0.01365899794908901,0.014890978188774351,0.018380942248021094,0.017977785026102176,0.022321034846479328,0.028911580238247515,,,,,
0.01222151669691533,0.01832943165740958,0.025943386446487637,0.11795984103099047,0.016994710730289374,0.009359461559790679,0.009922846791616388,0.010691911542874967,0.012608695952819127,0.013320083747806032,0.01600670253237708,0.019100066415219896,0.017690215295557244,0.021955333146847104,0.03304074215463401,,,,,
0.012293678409196982,0.018601373689017597,0.025154051838153304,0.1266802025160236,0.01783682492292348,0.009712769711795915,0.0174338992723228,0.011058248902601295,0.0122236389393695,0.013583563082880985,0.014856032950664585,0.01879153284005942,0.017837552035090756,0.02746726969248698,0.027891149486719936,,,,,
0.012181256929703822,0.019409108062152403,0.02682708105272288,0.1396368694151616,0.017723560664587395,0.009676682467173412,0.009814257790236966,0.010909261246864007,0.012154182935903729,0.01451019782623524,0.01500101100939774,0.01994209928455498,0.018287991070132778,0.022016447541061645,0.027922276098775334,,,,,
0.012258814494141233,0.01860667196457815,0.02768368134117567,0.18857622631017026,0.018507006813363588,0.009844111541281121,0.010214730923289886,0.011094927513764263,0.012492932662579547,0.013756074819473241,0.021616490639532717,0.019033268253342173,0.017666298335689803,0.02161719561403426,0.02898444145111132,,,,,
0.012405002693451432,0.018575714961579667,0.026793702019966375,0.1898326458376195,0.02863913108836309,0.011050300005593308,0.014966561001678978,0.011105063697867179,0.012754915964668226,0.013623439218590546,0.014902644654022171,0.018807727957557866,0.017981085245924674,0.025313539469176412,0.027336730834466444,,,,,
0.012742300980348542,0.018468510593821517,0.02832534335355022,0.2196360532914207,0.019666076592895307,0.010137463162771133,0.010469028800625455,0.01157470318985111,0.01298008917441358,0.013689136035196451,0.015075181883776764,0.018389319367459855,0.018874860491616584,0.02156710019455001,0.027109191350369048,,,,,
0.012474647702334156,0.018525358570261663,0.024807443738881794,0.17013091163433083,0.020685777473916644,0.009941780922767112,0.010489079094932765,0.011228554359015784,0.012841687255304522,0.01384057567916349,0.016716882771943782,0.017530251195837666,0.017750980969773157,0.021462646229629512,0.026361832463759532,,,,,
0.0121286526127878,0.01882840431719727,0.023763429445356754,0.22237874620447193,0.021722533424059,0.010161391256795176,0.010588791710990822,0.011444410226372369,0.013052056504916157,0.01401341729560014,0.015422812273015495,0.017966743821836585,0.018286483982028225,0.02204152842661638,0.02671459950989395,,,,,
0.013203804429938093,0.018665635444541598,0.024172934715121983,0.2072561525016483,0.02160196604823768,0.01029264723409835,0.010487842532485416,0.011643410980300176,0.01273102340031149,0.014086711561613879,0.015192760682619273,0.017126833874022147,0.018002711041050605,0.02110298139912709,0.025892795132167284,,,,,
0.012275862641284371,0.018594835907557547,0.0239306145280938,0.1848544319633719,0.021706840026751113,0.01025904254438268,0.010805935118751964,0.011446676547216072,0.013202723894074004,0.014937958383655548,0.01599002268312389,0.016800831298144688,0.01823116769429891,0.02130901491640133,0.026262263375254044,,,,,
0.01245716883974022,0.018739057263777108,0.023471374583762993,0.17314027296700715,0.024068082898316856,0.010772125682622705,0.011631012201781265,0.011918715664364513,0.013329233294525651,0.014080633629730938,0.015429097007875332,0.018265992989743476,0.01879091166316413,0.021017426349452275,0.025626184771292228,,,,,
0.012632306536825908,0.019405081593366194,0.02571530738268107,0.14316988288605176,0.02429133978461391,0.013694819496122832,0.011066250689995661,0.01216002386354868,0.013808936712518559,0.01401459727835213,0.015297741124584674,0.016849086943589577,0.019922578790625877,0.020974139213826584,0.025646421131889256,,,,,
0.014441747832504064,0.024399896803024027,0.023834220999184304,0.1427030519842704,0.024662409894315097,0.010873745542307203,0.011052383110630849,0.011879476808359168,0.013277758341554086,0.01551712946013222,0.015513764891427386,0.01675723596780722,0.019249481099290113,0.02098495778046777,0.025196643691508723,,,,,
0.012445711048099961,0.020098177612756427,0.02647190578662858,0.12901192537026923,0.026647177143804893,0.010862557775651191,0.01142606483790041,0.011820154847302063,0.013504682090605765,0.01408127838323604,0.015384480913587486,0.018320496214762873,0.02036490674160298,0.020825125394603437,0.025347012850936986,,,,,
0.012657948106978591,0.0194246046784627,0.022425365490310826,0.11826078500134475,0.02582532398601672,0.018407806068273178,0.01116461307406942,0.01193407622427442,0.017738263219085587,0.014486245783753274,0.015462181018734193,0.016752997933447984,0.020529065019811856,0.020816170892931946,0.024840502659796437,,,,,
0.013464646898712655,0.021209772402915196,0.022795916039592804,0.09672932592423901,0.027894671707830897,0.011146708943947807,0.011369596353003357,0.013252630955647954,0.013510923123398043,0.014650941352457729,0.01570486975501102,0.016550490283867184,0.020235290867040262,0.02086407549413303,0.024691579363762105,,,,,
0.012912969590617225,0.018920979830870786,0.022232525240220593,0.1239176330849384,0.02979284154814437,0.011447611273853601,0.011818646035526823,0.012100710688309018,0.013525194650738079,0.014347706045962985,0.017451372919223513,0.019431797718868046,0.019947171483914703,0.02094672780992124,0.02490657999066427,,,,,
0.01287285730191992,0.018757043696896635,0.022967052559030622,0.08022182308974639,0.02978656129015149,0.011759651379578311,0.011388317426126036,0.012274674004019225,0.014437077136151907,0.014606878537797286,0.015725605179759586,0.01651383408176274,0.019054788937369692,0.02089390772059849,0.024333642820664848,,,,,
0.02288428691328666,0.018135500280759026,0.02216558562931772,0.08006390795306738,0.030969414578427494,0.011496648201422903,0.011832218415123812,0.01325123631144649,0.01368250234698678,0.014727756085418467,0.01550607170723358,0.01675568795166832,0.018577093863118233,0.02076662572115234,0.024204783940166272,,,,,
0.012977216171594152,0.018285065432693533,0.022187049322289886,0.06444685003972937,0.032556684857346814,0.011923067565947413,0.011898485663388763,0.01240081992169704,0.013882936855737948,0.014725818581993356,0.017012959469938794,0.01844391522914863,0.018487795030634416,0.02051808508876541,0.02720251440072481,,,,,
0.01323889832784922,0.018212145629006884,0.020976040594619588,0.07133655103625394,0.04077035346111874,0.012140730126015655,0.024585563279798505,0.012238086922477834,0.014643658422274398,0.01438508097669703,0.015790523058801787,0.016902596035911707,0.01834060809803374,0.025965261254438307,0.024116210014328256,,,,,
0.02072023285934249,0.01789649495338218,0.025803330546332513,0.06292486528171617,0.037562837811943584,0.012336462694651409,0.012205588116506478,0.013052056504916162,0.013851137153312482,0.014691606076131757,0.01571807756688397,0.016727333957386376,0.018292529314776228,0.020317484911382917,0.023973594672678122,,,,,
0.013285863259387125,0.018053016604717503,0.021626867942476903,0.05373391490371988,0.04012546950345221,0.012272692686083494,0.012367306819874507,0.012633949156063948,0.013792137927664615,0.015023991346522096,0.015750163447447906,0.016798148509081175,0.01813008219607145,0.020532365750004014,0.027670185426224736,,,,,
0.01309560663414084,0.018047897140836055,0.022314584259658352,0.05731544723848374,0.05343453912886407,0.01245500829020954,0.024067072490486965,0.012749856210164213,0.014516989337855979,0.014753953408540566,0.015820884033192324,0.01677410007851554,0.01799653232033645,0.022075879992385698,0.02318601829168715,,,,,
0.0171969837941186,0.017781714450679335,0.021776276894538562,0.05228748058265483,0.04474580458860374,0.01283964191611748,0.012411274207985589,0.015104683856121891,0.01405869441677763,0.014928209280629774,0.015953135550920056,0.01669737839791293,0.017815598362820897,0.02029244622023929,0.02308256917614545,,,,,
0.013375953770756283,0.020789736541029818,0.020162605751946328,0.052183377973890104,0.044933524420106286,0.012775870959845285,0.012607024324206227,0.012689288417058044,0.014222755578990883,0.014758348063015476,0.01606043406029986,0.016835553097539892,0.017652050163616134,0.020184769683201355,0.022961447166050773,,,,,
0.013513514705099613,0.01787430529687668,0.02079957541599365,0.052161775409727135,0.057861810978985656,0.01329754809533833,0.01436107830317176,0.012909956073804775,0.015077074491782253,0.015162360881570285,0.015748928208326043,0.021144548062110666,0.017891276333646764,0.026079209313656128,0.022784206976126615,,,,,
0.017452859230306577,0.017548441900020098,0.02085644364799793,0.04590289449773691,0.05022912138781663,0.01706107124461502,0.0127270242071983,0.014495352669584606,0.014410281256226532,0.015101485046161212,0.01606334098467695,0.016615483208982516,0.01861127187493687,0.02040347997408435,0.02265633885377048,,,,,
0.013658404479559521,0.019782200187686127,0.020980321935004417,0.0434966818017277,0.061757117228003915,0.01353978640082914,0.012800591727544473,0.01349411376709612,0.014445811007708295,0.019311284093733457,0.01629429434797188,0.016939214903496442,0.017840460187415252,0.019828220462615242,0.022527284380588986,,,,,
0.01390144531473044,0.017644719627276834,0.020777193411218312,0.041147168272716465,0.07005540549704185,0.013406921628361051,0.014348158014816268,0.013521190549404474,0.014786969191375333,0.015382815831806718,0.01672944666874377,0.017579898354979175,0.017797953987009767,0.022456646689892334,0.02234972028305661,,,,,
0.014299716335769524,0.01790432003095121,0.021742943257861913,0.041359758142842755,0.06689213525598971,0.02009152977840137,0.01350427392261694,0.013573247285462673,0.014505727992374361,0.015256481731399077,0.016240777523309442,0.016754759073332813,0.02010983828187667,0.01985536338242232,0.02203905693155788,,,,,
0.019726590881255102,0.01913629259478233,0.021544477114018357,0.03950722163964262,0.07862134104479283,0.01448427597450121,0.013387559974771838,0.01352960498309775,0.014833207728265128,0.02055091261847814,0.015871955842331958,0.01710965416134167,0.01778557974751704,0.01967570283246269,0.022092661500592546,,,,,
0.01399755886721554,0.017759582211731344,0.02025386964030653,0.048350423060554766,0.0936953416883004,0.014801872365243229,0.013396203570209824,0.013696334687392018,0.01516182625731504,0.015332969617601246,0.016499396411038703,0.01757290674744962,0.01807850250272567,0.020021804780448453,0.022260509061726583,,,,,
0.014318116305451607,0.017631410320052172,0.02031007871848717,0.03669191918023946,0.09562858380288522,0.016002752013371764,0.014178116739017272,0.013823580787829411,0.014892654717011527,0.015288179034979437,0.016122897875536703,0.017243228323340416,0.018919523165342643,0.019744663021153536,0.02150362321493994,,,,,
0.026705070094098275,0.01822894443646749,0.019847850095218448,0.03541798475846763,0.10508404625359459,0.01464578390680256,0.013819569291524293,0.013700500599345144,0.015040837087620442,0.017363735476995268,0.016409698126387418,0.017260143587630252,0.017725371712134334,0.01992122791587125,0.02156505546646484,,,,,
0.014262640584442777,0.01765528271601507,0.01928103799175118,0.0363697626650819,0.11221289867736951,0.01551944870691582,0.014239524531842587,0.014086803631323216,0.014996103691516065,0.015557843512185886,0.017404768592545108,0.017394873552392772,0.017602845964800422,0.020725693472283604,0.021457388273002545,,,,,
0.014768648398937193,0.017745847457718025,0.01990996163340745,0.033264007358422776,0.10941682158247873,0.01887133858000197,0.021650543141140073,0.01500544134909036,0.023394440917203923,0.015500382986551021,0.016229593486344715,0.017313487199714327,0.018627292988900822,0.019371366814412597,0.020912754129258464,,,,,
0.016669080832668833,0.018074341065568565,0.021304875724756228,0.03243488416961695,0.1327908085497975,0.01623648456305526,0.014474154093226017,0.015848670652352424,0.015454126466095367,0.016087867400801547,0.016377558108930438,0.017397464323265714,0.017573939983325407,0.01927473074649471,0.021099954336673225,,,,,
0.015178604471437157,0.017578275221693473,0.019422050591872266,0.03651297851434391,0.1286868020979354,0.016617180873660407,0.014578504357787783,0.014767155405371764,0.015445920769936849,0.01600639868091585,0.01741164149523239,0.018046190330136977,0.01798326702586842,0.01972244838687847,0.028077691808488604,,,,,
0.01543699658773533,0.018121907301276437,0.01968677377700418,0.030776284811523183,0.12733876578814443,0.016905281429500898,0.025643892460125703,0.014878278344843227,0.017182950303345376,0.016094073751293375,0.016623579705677523,0.01729579926337623,0.01850618335971714,0.019486051920632252,0.020870617074704403,,,,,
0.017652050163616193,0.017925477707444147,0.01931826756709186,0.028896952288347877,0.12713049004962848,0.017150538950486478,0.014920040320151836,0.02174079575659182,0.015712300515321232,0.018105438987898518,0.01658374201681309,0.017488863601727685,0.017702967563740613,0.019193122329862627,0.020600158135267718,,,,,
0.01571859327180866,0.022024236858991332,0.019733558829972818,0.03138924178182337,0.10725978662397881,0.01793965330773038,0.015941749718158146,0.015289790803844294,0.015772052285534164,0.016372746517448016,0.016881231959392878,0.018022008138899905,0.017925550060386715,0.019790639514997575,0.020806947623216585,,,,,
0.015858487718861537,0.017899484102057467,0.019713239727235415,0.028003085052715888,0.08520105535967998,0.019035653071567838,0.019581810722724836,0.015777725256990716,0.016266950013260395,0.016227036052731753,0.016762208002327705,0.01758810395095471,0.01797093017475899,0.019270003164328062,0.02064498333542474,,,,,
0.018269454120468216,0.018229744840522574,0.02298071438552483,0.027718363304632756,0.08796287517247943,0.021210918922134395,0.0156623849985715,0.01575714072935245,0.016344263829322386,0.016937377225837782,0.01707930603329397,0.017773908365313614,0.018058673271017865,0.019441806801071257,0.02027772476950818,,,,,
0.016000320439942407,0.018233657421237726,0.020013381925859004,0.0275568976617938,0.07200785433062286,0.019841036678448956,0.016364823121230325,0.015794136610595276,0.016318791558309,0.01667470140834341,0.017158609734977005,0.0177693106550376,0.01778047446049943,0.01890704265678309,0.022618281853660716,,,,,
0.016263760501179753,0.017735612539829707,0.018998552349593297,0.02572706876698565,0.05490047837416549,0.01973099543685446,0.017321351026605654,0.01653110341441187,0.018723564721749606,0.016746725997710616,0.01712579259617573,0.01752625558731885,0.018022439927010483,0.01948846451930416,0.020221105064920086,,,,,
0.01832573415117041,0.018018841376597317,0.021001869932492038,0.024887031875890284,0.059881596651092724,0.02447643878764363,0.01714335332405745,0.01724005016176344,0.016916248751491007,0.01684402505665083,0.01719834126616745,0.017855956280947233,0.018155531349275153,0.01934912577810245,0.019836329643006835,,,,,
0.01700447633735277,0.019891306154662877,0.01934322627613172,0.024249604765185267,0.05528082864838132,0.02164395264958253,0.01739284167073689,0.034118797494169184,0.01714138620655448,0.017335328589915728,0.017204900871187853,0.017796150325890457,0.018012020151502592,0.019550507128651546,0.01974602597515545,,,,,
0.017527532061271184,0.017911797753717335,0.018832554082093167,0.0243010418465598,0.04823451739319464,0.022543283996979756,0.01894514411754426,0.017320358883390577,0.017750962703679252,0.016898989264673696,0.017325000875769877,0.022984833920782276,0.017993919686669566,0.021393449364938453,0.019822152757759216,,,,,
0.01781050168048424,0.018147242848471187,0.01953192333919496,0.02369472541136162,0.0476718360773875,0.02641409101421073,0.018146224387915744,0.01809612418139401,0.017381354278960228,0.017895770236089015,0.017768580750349414,0.017883898812579666,0.01844918842474129,0.01906288694827975,0.019331153505309003,,,,,
0.01929421767786499,0.01796376586509989,0.01862868547808578,0.022563396895430538,0.04422375114202369,0.024558525658060753,0.01926246355193204,0.024622462730871052,0.017414602153676722,0.020714802112194397,0.017854140318795453,0.018260666892251493,0.018280543072048926,0.01859649236290706,0.019203120736420408,,,,,
0.01864496987507356,0.01809454735511862,0.01881903384904872,0.02246869962614456,0.03648491531935782,0.0256750914733728,0.020392527824329376,0.01884905799604346,0.019557139916738905,0.018022008138899925,0.018064220470242007,0.018452685479829055,0.018289888051543482,0.021119261698289784,0.019082522247504664,,,,,
0.01952881878722744,0.018219265658846052,0.01840977876600045,0.022606825009774668,0.03643311185104428,0.027040978220436104,0.02032003814510329,0.019405432480720766,0.018221490097613754,0.018109736513427982,0.017758943196904766,0.017993631372818966,0.022302142727270075,0.018509809785194068,0.018836341451021258,,,,,
0.01961276677831797,0.019538296915397265,0.018287193215431433,0.021931809558309364,0.03652455640122834,0.027726749282342995,0.020045887549377014,0.021781398328392525,0.01804401615852343,0.023502850113196656,0.018208584570043602,0.018308032399489187,0.018375931788154696,0.018336771385570494,0.018973892157521523,,,,,
0.01959895758364304,0.01827499056616838,0.01865208113628069,0.025210447721722318,0.03285197272588494,0.029414126724732197,0.021472237171421157,0.019911508682629527,0.01874376307455965,0.018462101388601417,0.01941051128236335,0.018609181147545978,0.018442420882946394,0.01841511455870383,0.018731719377450044,,,,,
0.02055747498836353,0.01836927846785913,0.01900215306348702,0.020777739600628564,0.03573558365919808,0.03147218285439275,0.023277519007757173,0.020490870612678656,0.022183541691723856,0.018957616645952188,0.0183504879159507,0.018574039196613816,0.019487383046491055,0.018149083079614978,0.018369984504710314,,,,,
0.023052559316615283,0.018353120458042237,0.019022072648260634,0.020216871440486086,0.027550872691099952,0.03183341573217841,0.02250906955069593,0.0219636755992222,0.019373994526353945,0.02019069629711509,0.018756213933495147,0.018451297281010984,0.01829047306218912,0.01809540745921138,0.018416963235105895,,,,,
0.021947179582217882,0.018742102335082823,0.01929127656426809,0.022308233549923045,0.02753894830850784,0.03368238062597978,0.024041407380634077,0.021385339322688327,0.019915107142688578,0.018731303939432856,0.01912232583233781,0.018220262240993438,0.018839697800601636,0.01865590514338283,0.018268602210668394,,,,,
0.021950798838871136,0.018824959834329823,0.019130039322350283,0.019663042691794058,0.026002060782817738,0.03737921014934448,0.024081550951690813,0.022325915132767167,0.02582813618739423,0.01952607906675053,0.018941720863395677,0.018589673795006683,0.02233774830223499,0.01831270732431833,0.017883445548680554,,,,,
0.023062965282171548,0.019086684714139743,0.02171556164000187,0.019177573920533732,0.023748033423643174,0.053389003639724854,0.030378936705272197,0.02305818474601853,0.02032563817802061,0.01969039684088257,0.019118934302684527,0.019130852871812112,0.01847286407274407,0.018222824630537725,0.017791777055157273,,,,,
0.02325444054867213,0.01904702795003182,0.01982267619093793,0.019401739491021832,0.022766895563848984,0.04365632263038781,0.026516941926668106,0.02679883251625581,0.02063631204806325,0.019759830845374183,0.020176880893267864,0.019008789558607166,0.018527546259194623,0.01854349982671621,0.023583623755202263,,,,,
0.024987409537320687,0.01933687224327645,0.01795755568844605,0.018428438484093753,0.020494414809830275,0.05153221753586612,0.02841520875857922,0.023586359560407548,0.023890353055434917,0.020198274688452218,0.019669555110006256,0.019220672910429365,0.019747421673924875,0.01900701550407626,0.01772463999803063,,,,,
0.026691528833707397,0.019468156088265062,0.01843906255731452,0.017576061616555814,0.02070182202375311,0.04739533461914297,0.05470772921527227,0.02481659126763439,0.021450360543436672,0.02081754157064526,0.020195946883559877,0.019278616253626535,0.01889244303897048,0.018155513490195566,0.01702581907477146,,,,,
0.025490759155134234,0.024516570980868905,0.018137502595432998,0.016709025539099098,0.018759204366846607,0.060928980265932596,0.029685994770165338,0.0444927516030979,0.021834388070494995,0.020960577215060183,0.020162268041810358,0.019387044120786498,0.018845772133479412,0.0181943511853368,0.01831909799880683,,,,,
0.02856770458807027,0.01989321323752526,0.01782433214198745,0.025808105129628778,0.019103715886212187,0.06696612593115256,0.03197220707373831,0.02536164276400392,0.023440963393306508,0.020828690550344305,0.020064722499558044,0.023879017709656166,0.018953631119827244,0.024147019574083196,0.01703619493222895,,,,,
0.0305632059074707,0.019897189813696668,0.01800991386883947,0.016307243481817967,0.018961293534202454,0.07995173155988568,0.07013831497712604,0.02610018765773707,0.022438663522268063,0.021722727467407544,0.020848155813455695,0.019551568525955302,0.01928345942573889,0.018168456715573846,0.0168870891342353,,,,,
0.045619986194842616,0.021371127964235393,0.017991757220173876,0.016319665778576367,0.01660720704900153,0.07460898512022443,0.03595838350249669,0.04522466380410611,0.024315554344260304,0.022628328700558375,0.021062425722680758,0.020020266254266474,0.01922215735893119,0.01800489020044388,0.016704542351155347,,,,,
0.032799828907422245,0.01998783251712462,0.017618514242272627,0.01712244114493586,0.014695578104558703,0.11305913292925672,0.03815864665421916,0.02948112723364995,0.024675487861937902,0.02276733705447789,0.021515562018834138,0.020839195648658652,0.0194679562279914,0.021929813621044136,0.01648571316531109,,,,,
0.0359257989154243,0.02016421381785755,0.018325185653694686,0.015445836801669662,0.014848610413304623,0.09113262611954188,0.08066969816325635,0.029415184943071767,0.03384108341966471,0.022512526461491066,0.0213991018376004,0.020345871590989394,0.024865864575470624,0.01786704780064411,0.01642352367447987,,,,,
0.03692996283261244,0.02072825899415075,0.017794747351960898,0.014603504078764531,0.014231871591437645,0.1037769076984237,0.0458059285662594,0.036619881171782026,0.026077717319674492,0.026718082664400004,0.02212222935344531,0.020400539843658912,0.019506674163820896,0.017907670002288593,0.016812406770355424,,,,,
0.03931153863223774,0.020954017297141903,0.018704506031089252,0.02178503024346594,0.013057793776601267,0.1166413203395317,0.04534005404743043,0.032927891985694444,0.025939374272360535,0.023981383760511128,0.028683070493893747,0.022950500703348562,0.02000404785465318,0.019345774009046607,0.0161580129396813,,,,,
0.0408808518644779,0.021093145700800134,0.018281607257551326,0.014356742719600918,0.012176464743779581,0.10168491424303507,0.05712485278322536,0.033934267218301596,0.028491695261856697,0.024021168707697518,0.022341812239136283,0.021159493910383853,0.019801122210352257,0.01785150684554769,0.016043143138156402,,,,,
0.0485798697329687,0.022117377423145217,0.019433532995783907,0.013588169229938996,0.0124409164788809,0.10072454277457983,0.05756254413826468,0.0362200817656197,0.028084377299079134,0.02546952072804648,0.02264013270313457,0.021030458328536002,0.019724996452675808,0.01766572936361811,0.01621840173698907,,,,,
0.043575448037697494,0.02191015502204854,0.017489660797136635,0.013659377756055992,0.0104210058355212,0.09806719316400052,0.061883084252740216,0.036679757661675874,0.028955509332077863,0.025335919693420916,0.026228956718754047,0.022635133943802104,0.02015115261317115,0.01785644655906495,0.015701400863393365,,,,,
0.051340300102227676,0.022134889199519676,0.017641025646930115,0.012552588126276779,0.02288302586298386,0.08879725744713059,0.07172908783034421,0.038447140017717735,0.03057640048713554,0.026374043173413568,0.02336459571470951,0.021879366977764464,0.020396677298666285,0.01762037288966565,0.015282982043931134,,,,,
0.07294272029632036,0.022764488577266043,0.020338140945162425,0.012354715969797609,0.009598596627791247,0.09587022014276683,0.07554135864172916,0.042519246299346544,0.030691463191210477,0.02634343809183947,0.02378661384329675,0.0219783594760233,0.02033745540588183,0.01772493268729686,0.015029795660452665,,,,,
0.07502666653793813,0.02285046954319533,0.017378387956262974,0.011773567169627228,0.009143818236170347,0.0678026830758314,0.09561583080196694,0.04244371484200498,0.032650644485399546,0.02654373148848067,0.0269014900766575,0.02278249919807615,0.020264944728245967,0.017597540262518706,0.015005441349090277,,,,,
0.0748112632041768,0.023670670242503862,0.017419907734969455,0.022332710897157073,0.008310434153151164,0.06337329981200575,0.09452322179299415,0.04750696099495681,0.03277094079982353,0.028470292464916613,0.024988136192376338,0.02271315490118923,0.02088155138617184,0.017785652669571685,0.014841599258028042,,,,,
0.08948284074098546,0.024852821555047148,0.0180299226112474,0.010672698039240685,0.007884340211395224,0.0657494835248273,0.09228613046713328,0.055535180554020416,0.05487227009093719,0.029769368160388575,0.025517444340770853,0.022840477821843026,0.020658799600605005,0.017695346623278776,0.014691760563972603,,,,,
0.10881960174010648,0.02455103853801559,0.017979660635172236,0.009836697800760876,0.006383822731461619,0.058486796661970736,0.14225461593170974,0.05049411993361145,0.03654245760995038,0.04677373761521297,0.02734090558711008,0.02375642876825622,0.021280389349135346,0.01733991047758933,0.014705525530779383,,,,,
0.12673236253939835,0.024785266584393884,0.01998783251712468,0.01746363120256785,0.006302650514425322,0.0526959588696147,0.1847986452710965,0.05765455073353465,0.0411774164697541,0.03216484959761783,0.027663563929523502,0.023832846954828034,0.021503879546755294,0.01774184557676954,0.01428499291460105,,,,,
0.19707800651222582,0.025018597766615212,0.017984420918154668,0.00930247335249338,0.00644548993559469,0.04469334695655541,0.1804031245591197,0.06811689144939115,0.04161202520834382,0.030461392792296225,0.027234785239147418,0.023698830284877265,0.02163118535288487,0.01747838544720335,0.013756074819473304,,,,,
0.1944827243029853,0.025680584334587638,0.01708072980632889,0.008760176499441967,0.005383729586384212,0.04659458060192603,0.21769367005369983,0.06542537821397058,0.043981902033769844,0.04588655342012095,0.03050802181766464,0.02539880621914194,0.02172289165657944,0.017144696130407727,0.01965411965020606,,,,,
0.17411434975179632,0.02666784243948403,0.017835825095293547,0.026075218038499454,0.008616874261647681,0.04626615922119058,0.21797363964240823,0.07182052153380021,0.04452471766921007,0.03396254770136181,0.029667901839690612,0.024984295061988696,0.022504762073132796,0.021802228962062117,0.013554123225108197,,,,,
0.20192795892662777,0.02714246910488549,0.017477049726673924,0.007478480306226427,0.0052265331693539955,0.048034777866410514,0.06104706435500539,0.08033980955786742,0.07300623598097909,0.03880986242225828,0.030335273224195998,0.02562142690720187,0.022331360621444613,0.016965628634565286,0.013280004778081288,,,,,
0.20797223085329813,0.028334499493857506,0.01769492517745398,0.00680948202062715,0.0054342630088422906,0.04550885407856129,0.17599558828595896,0.08418383194769652,0.052146152101898616,0.038524851356254386,0.03141162855160344,0.028033821363364523,0.022651400928475597,0.017243209519373387,0.0244283709866262,,,,,
0.19511394088860684,0.029913433460021344,0.017309741264586995,0.006894423129572239,0.005344742601229159,0.043965510703059756,0.14584765864112376,0.10651605040965513,0.059919054663833335,0.0384660262421337,0.03276919938146097,0.026986016837966743,0.023161896760253837,0.017191703717210835,0.013686293419676483,,,,,
0.15759510861305706,0.03092754930322412,0.01751515189225742,0.006586807187974729,0.020854749030417553,0.04367575508883849,0.1432418831490083,0.1433354678768458,0.05945358897853278,0.04295700590631475,0.033759918871052896,0.027325721611145472,0.025955569153930363,0.01728597314806328,0.011952862617763328,,,,,
0.15853295861595212,0.051481825405142824,0.017274771315936646,0.004148500875659087,0.007391258621734356,0.07166812754487538,0.14351456956231912,0.14449540714749,0.059594797064266104,0.06002632455821091,0.035774351137703185,0.03174395254172205,0.024114166297338802,0.016625920126466718,0.01162989705734492,,,,,
