0,1,2,3,4,5,6,7,8,9,10,11,12,13,14,15,16,17,18,19
0.029254960476855274,0.002429235421179446,0.002401177216958293,0.007777723306633874,0.0044618094943682796,0.005665673041402652,0.006715119740616948,0.008938141226876565,0.011372362286199549,0.015117450879277633,0.019997174157157138,0.03303331260072428,0.054072980638762445,0.04486304807465851,0.06332828027674366,0.030510328018329903,0.004444334407171045,,,
0.002262116307489927,0.00221942966687766,0.0029225253286441996,0.003638599348296772,0.006308975096886657,0.007933413724863973,0.003785689981188931,0.004090333902824811,0.0037685212306617375,0.015087758968930736,0.02009370831590341,0.004342189477453005,0.003955246626325302,0.0035271058379690514,0.0038774222038290497,0.004467038689827548,0.0028912937211136506,,,
0.0028122739027172487,0.002205213211430963,0.0023030269121607607,0.0030949515728637606,0.004391270425906011,0.0032774156243952726,0.0037401071830950846,0.0037608559374578466,0.003773336355125577,0.004202624341630684,0.003763699945929022,0.004244081944275594,0.0044015955528472145,0.0037004516622250634,0.004776085966099408,0.003691679065222414,0.004154124481491096,,,
0.0026713094452459315,0.0018720031666491325,0.0023615553798712846,0.0040504249203565604,0.00421979416641159,0.0029561700318736428,0.003679274165016113,0.0033990222766249324,0.0036174182812704807,0.003610330311262227,0.004388315927538893,0.004385359438671584,0.0035171635665211197,0.0034565343040216774,0.005040844409897235,0.00345906611739673,0.003565142919590265,,,
0.002469478327593847,0.0024877923281221696,0.002233991098925713,0.0034445063099861617,0.004626002666959702,0.0031882523144333794,0.0034747781732667052,0.0036659429378704993,0.0035552158185818326,0.004510954623392061,0.0041728150988266585,0.004327229262516406,0.004202624341630718,0.005094079824122432,0.004507503132117375,0.0032685988269276042,0.0050711138611378576,,,
0.001975654875402197,0.002143325767315631,0.0023476471511915094,0.0037360303926260107,0.00431942947380325,0.004342861475415849,0.003575677268768117,0.0038871103457489118,0.0038218326668305307,0.004124750843170882,0.003649543599352663,0.0035344524525486435,0.004607109621023476,0.0049131545834708,0.0044911445210190975,0.008998446326917915,0.0032946832164551776,,,
0.002138327721413254,0.0020491266200786053,0.0017271411226901642,0.0038116383764226023,0.004280217333626208,0.003777115360935146,0.0068138612928644576,0.004016339843173914,0.004119087135016358,0.003920251406943174,0.003939804727317806,0.005242638100079105,0.004138876206072404,0.004314397141660998,0.004873064379701128,0.0034747781732668175,0.0037373319791268096,,,
0.002255369491279938,0.002319860077412501,0.0038319998374071788,0.0032932066848608004,0.004370176041011106,0.004169705814017345,0.003511166221378945,0.0037249050215113154,0.0035697782299289747,0.010061986810462805,0.004714521716883744,0.0038573005205035267,0.0036818289415283686,0.008347650235340988,0.004418065565685667,0.004172815098826564,0.00788586167752464,,,
0.0022235164801948652,0.0023254440548671883,0.0019690792043885685,0.003754643350563394,0.008322286602419088,0.0035595907974018863,0.003955820426653286,0.003708766409351581,0.003462158041626094,0.00400186300199704,0.004044015762624417,0.0041454515705332895,0.004140442716179652,0.0035958419570943944,0.003989122188914193,0.004896429521182627,0.004322431058178464,,,
0.0021803716102949513,0.0019743414932557888,0.0028877028868834953,0.004460065066779663,0.004004697785239667,0.003881768154122028,0.0038176732865922223,0.003450901401744457,0.0055072810055834965,0.003926201954309237,0.004606053824321573,0.004021503272849483,0.003716539137796423,0.0035806611723967455,0.004050825156019169,0.0035777622912478097,0.003602328423781067,,,
0.0029996142270233956,0.0022582429406440957,0.005235892448092364,0.003989122188914161,0.003910313705191056,0.0037643029442190746,0.004244311133180762,0.0035344524525484987,0.0037958685399353846,0.004478130455639517,0.007372591079935506,0.0036736297504898013,0.0035285763845571095,0.012678014830423932,0.004218641437631498,0.003590066370239943,0.005101394384476924,,,
0.0017458134612696504,0.0019487200022076314,0.002251772523198329,0.004851191029596908,0.003783548147930557,0.003496359698310954,0.004441780212753896,0.0037574057684478853,0.003427520530730782,0.004635175487031418,0.004221023396795955,0.0040025111294612736,0.004132839598583261,0.0038075530179320846,0.0037491124085919127,0.009275945465368597,0.00416659420893191,,,
0.0019097282163811748,0.0019467223389432145,0.0018823667990755556,0.00455537252440351,0.0038803478982043418,0.0033855452290208815,0.0044349862060010774,0.0035777622912477533,0.0034334751119550547,0.004050424920356425,0.0044027003802693246,0.003986276329324897,0.008627103169729249,0.004050424920356483,0.004159116858829135,0.004176543185129253,0.003833268837619875,,,
0.0021419638204908183,0.002239065227819721,0.0028823082476830287,0.006167600519818716,0.0038602414652231746,0.003533718478404434,0.0036726587431258023,0.003982614378897099,0.003818437594056986,0.0056136996205671955,0.004691356426577295,0.003991722342163111,0.0038494750933711513,0.0038696374682590335,0.0036281583265213237,0.0037017657586676193,0.0038421401034480196,,,
0.0021443844612638024,0.002533638040560762,0.0016989386874554356,0.004509876316122476,0.004596399658499609,0.005750650384318528,0.0036912398880876002,0.003424492016306225,0.00376542254199418,0.004023518437823406,0.004570721049597545,0.004159116858829127,0.00395130975080455,0.003880097210841904,0.0041728150988265735,0.004268079583242756,0.004686931009041719,,,
0.0019874362578663654,0.0018870118642724328,0.001975654875402239,0.0044238595601520415,0.0035537562954254974,0.0032781080744693158,0.004408955839505202,0.0035886210211318052,0.008631950142252645,0.003928596156305926,0.004778461469963257,0.0037057052520110493,0.009644965952920536,0.004044015762624395,0.0039003506832552787,0.003862004957070807,0.0036178664197097582,,,
0.0021751605675508776,0.0019895560165483694,0.002137266027263341,0.0036332487262927616,0.003613831173163085,0.0033663363067318033,0.003489676266875042,0.0034602844779618317,0.003859569446857915,0.003969321699144696,0.008154426972574865,0.004193355879988254,0.004162311953804046,0.004998989511227376,0.012084918012101136,0.0037052677373692706,0.003304215524922344,,,
0.0029805289308044297,0.003239102910862741,0.0024126278170333243,0.004200695098540453,0.003552752525444383,0.004233985350355725,0.0038467787921386523,0.003599446992795539,0.0037074547942698714,0.003870056400745049,0.004098253240157328,0.004169705814017348,0.003827936209713212,0.0037481609559933673,0.0035193753874503105,0.004037355507723886,0.003747728397688369,,,
0.002080532689683182,0.001918367648343956,0.0022223495861338253,0.004371140456829333,0.003465153636425415,0.0034471410198910674,0.003688427916141623,0.006921505927937056,0.00566544412069539,0.003838087211915506,0.00458205718072275,0.0037546433505633715,0.003717934759001306,0.003367203062865197,0.003761286986059956,0.004384989737405698,0.0033932939051422354,,,
0.0020838028677040267,0.0024206779822687698,0.0022628328700557833,0.00951363540919673,0.0038176732865922414,0.0035170713771297676,0.0036559347882528866,0.003845176968712077,0.003648832776226863,0.003912966226769795,0.005942262582141767,0.004020858206755111,0.0037602523864017656,0.0034471410198911004,0.006210403033155537,0.004453080522896427,0.0033591046414370228,,,
0.0026428768196531107,0.003015139614631991,0.002318741668246594,0.003910313705191043,0.003550196193954619,0.004076358501530351,0.003535461418195744,0.0037199400471619433,0.0037684351903820947,0.0036954538340591768,0.004474581183488935,0.0037388065627230157,0.0034165293933026107,0.0034985846715636115,0.003493854909742153,0.004688037755067147,0.0037405406227219995,,,
0.0023948222023407006,0.002052446838221625,0.0020780376713193326,0.0037227282164179944,0.003461315063476402,0.0036281583265213553,0.003922897209012326,0.0036846459495467935,0.004863473559499386,0.003994077268937614,0.00433441660975116,0.0036353007288800923,0.009830927692834134,0.003544986537459368,0.0034882822735569745,0.004654233270638985,0.0037109514043032784,,,
0.002181560958050272,0.0022310864154727102,0.0016836015314324786,0.0049017242479558595,0.003552296172598581,0.003942684130607883,0.003943341984720148,0.003842140103448085,0.0039037575754333467,0.003701765758667602,0.00473757373734142,0.005025060627925573,0.0034763641271690036,0.0035222302671444063,0.0034369674383741334,0.004137622570966875,0.00344102163484993,,,
0.0023615553798712846,0.0020619037159973334,0.0026703382365444294,0.003541783828301257,0.003792877681671136,0.003978704583497415,0.0042363586821732606,0.003920334115286414,0.004053625699172317,0.0038620049570708454,0.004797761076161709,0.0034985846715635364,0.003423639763935084,0.003350986648388638,0.003360166259628907,0.004163480278368065,0.003441021634849935,,,
0.0029084011248555167,0.0018870118642725154,0.002008210286405781,0.003586542311338492,0.009059924790314363,0.008475625295860694,0.004066802283411856,0.005383428447570865,0.00431402135910094,0.003844839657691736,0.005012139058985014,0.003606376541006054,0.006299974797677913,0.0033006809735184705,0.0033870772366694905,0.008128978986082698,0.003591511137689223,,,
0.0023805635441567488,0.0020756958678580257,0.0019764752960494104,0.003446388451162663,0.0034613150634764584,0.004575542337063494,0.004123414280300089,0.003937170287218824,0.0042626063196726,0.0040664036202977686,0.004366390506546279,0.003403121678114653,0.0032710778555942164,0.003345466791477287,0.003726645550096361,0.0033415877632245287,0.003280975239349069,,,
0.002814924437030717,0.002223516480194875,0.001969902363658805,0.0034926482597633923,0.00346515363642551,0.004965342991454936,0.003851496080565536,0.004148500875659008,0.00446471535907725,0.003991153703386287,0.0046480986366173845,0.003276624073695636,0.00341073536105401,0.01028546222716245,0.002977916913420392,0.0030949515728636292,0.006964656598093025,,,
0.0029411051061558643,0.0019056490485699475,0.002102854644905999,0.0031891674708360014,0.0033844915714952143,0.005163620752632878,0.00393609954226991,0.004205632193686577,0.004478637264905115,0.004077949027363074,0.004018276906833741,0.003290842856333935,0.003147309976001649,0.0035012712944614784,0.0033096082451345046,0.0047326434710809615,0.003554577350941223,,,
0.0028543871181953232,0.0020892417896939916,0.002197111468893916,0.003858309096941329,0.0033300209369515146,0.0047132148119976855,0.004669187395342831,0.003907410447937847,0.0056060702659937,0.004198224373716295,0.0036601893809216413,0.003407406468091527,0.0031784742509547697,0.0028521143356722016,0.0031415354688553165,0.0031058279652274264,0.0035326172312542046,,,
0.00263107271418937,0.0021146940107677754,0.0029411051061558635,0.0033291445003164897,0.003390234816032604,0.005762760053825665,0.003918265882953087,0.004463044718047541,0.004271117254587958,0.004660290254639092,0.0036563782059780346,0.003384012527803128,0.0030921216387341686,0.0111727418303878,0.00309913931792621,0.0030873993175470136,0.005868026682735692,,,
0.002504807734881887,0.001915661432715711,0.0020212460472082247,0.003478229029468919,0.003145351956475839,0.0072360913190868585,0.003878759937939631,0.0044621728309455115,0.004430890166146841,0.004048503238397874,0.003663819599761459,0.0037335995504530674,0.0036743357764897097,0.0026556053914459856,0.003108332497290995,0.0026591438412387025,0.0033299235664947012,,,
0.002773731878441065,0.002223516480194875,0.001853727397134922,0.003157184559310389,0.003167847290000779,0.006872991419535189,0.005172404347537878,0.004368172343187098,0.009035663506428405,0.004475740438972312,0.0036634655904267946,0.0042717245296422825,0.0031597510008722763,0.0032946832164550952,0.0029997223192820763,0.0029056126818787767,0.0036492770569059936,,,
0.0031407096725689296,0.00221942966687764,0.0023142626266754625,0.003360938134964376,0.0034123510801793667,0.007009947204070852,0.0040852574703346455,0.003928926276566686,0.0038150394999478515,0.004528172617687281,0.0038088301631790476,0.003621001835848085,0.0031448364855605117,0.004348830226824379,0.0030237303852713284,0.002854387118195298,0.0051136466108666016,,,
0.0030365709712517636,0.00209048298498517,0.001492710151879666,0.0031912002121162997,0.0032215374195249,0.006902695349874435,0.004033739928777028,0.0038150394999478866,0.0037835481479305435,0.004497781612954652,0.0037992837806639663,0.0032110529790369095,0.0032547809935268043,0.0031125022389166543,0.002977916913420364,0.00300652429703018,0.0035079326347296534,,,
0.0028787062051943454,0.002080532689683185,0.0022582429406440914,0.0036013381919164835,0.003300680973518466,0.006958834765931094,0.004689766522855993,0.003726906559275237,0.0039120546253364865,0.004265647888663342,0.003853600148507464,0.003268598826927637,0.003125496827240326,0.002989219171364379,0.0029767189727971047,0.0025059724909247635,0.0035008082307128444,,,
0.003269491493786292,0.002201681571831552,0.0021906085012720886,0.005594490813249443,0.0031703028273167106,0.004517060169024266,0.004515624312740473,0.0037143574298667647,0.00359015668523904,0.005649109643183933,0.010853240764661458,0.003323783477133098,0.0032662171892367353,0.003856880202480135,0.009111599141121474,0.0026330437400031823,0.004618988254028657,,,
0.0029189729148676137,0.002840723147348995,0.0022200139579676326,0.0032069102698389154,0.00328837872805414,0.004486810693394766,0.004560778821191111,0.0037059677360033916,0.003707804603658339,0.004154748856722119,0.0036976466956198987,0.0032741492443619864,0.003279393665268497,0.002894992104035075,0.003163852977155998,0.002657558222221186,0.0037663696340087954,,,
0.0036616064798978645,0.0026438581161947455,0.002138327721413253,0.0033686471608270394,0.003630391836740444,0.006015636335649459,0.00548415346190451,0.004492588201187811,0.0063192454566081335,0.003985950958853038,0.0035520223327482462,0.0031988114873665527,0.006002254328733945,0.0029411051061558734,0.002840723147348971,0.0025792974203225254,0.003556401240101739,,,
0.0030065242970301696,0.001905649048569964,0.0018842606153308134,0.004757311863658972,0.0032388025907182936,0.0037814908466875167,0.00534280095591792,0.003659480625649281,0.0036124850893181617,0.004014401844825677,0.006552604903195764,0.0030739272715283,0.0030322968175796484,0.0028469939411612886,0.0036189417255500034,0.0025285138811229667,0.0039778080474702025,,,
0.0028716014800092187,0.0023165032300096152,0.002288479698131058,0.0032766240736957033,0.003246801621401154,0.0032502950070856106,0.005382464690148679,0.00382827501010419,0.003349341327249677,0.003680067216492572,0.0039107282802821036,0.0033006809735185035,0.0030617729274397933,0.003945068329835076,0.002947382348840706,0.0027398587124075175,0.0038184375940570176,,,
0.0032471012017258227,0.002111471676477309,0.002090017623130661,0.003241604496715274,0.003382574989671108,0.003288378728054089,0.005370403129465392,0.007579041679778069,0.005373783095356075,0.0035469067748362727,0.00401633984317401,0.0034414927430837673,0.012145002473730777,0.0028460826843751037,0.0028277958823294943,0.0025844463503556523,0.0037029042650258202,,,
0.002725977510698878,0.0018141238466642035,0.0026866803579447666,0.003828275010104201,0.008542803851039454,0.005788808082074576,0.008754252407098838,0.0040440157626243966,0.0034107353610539686,0.0036694791043508294,0.004240642624294975,0.0032187180451101055,0.0027392669374783703,0.0029588012473762363,0.0029588012473762697,0.0024280338537519025,0.004141617209924683,,,
0.0025983349325970017,0.0017150841437129506,0.0014813718445806727,0.0033393552816439655,0.0034785086785799205,0.002691503412465034,0.00741316025273133,0.004091205780307669,0.003401692215423716,0.0033056871392672773,0.004015047948212986,0.003162110287419178,0.0030837214014301654,0.0049078721880252574,0.0028832080551652174,0.0023718305061905466,0.004000161167770804,,,
0.002220598095317046,0.0021114716764773435,0.0014123491549964961,0.003198000481081718,0.0033529212866470356,0.002783067925971407,0.00944879553874901,0.004434986206001137,0.003775312216386932,0.003645721295507357,0.004314021359100937,0.0032685988269276754,0.003723163679252814,0.002504807734881922,0.0030285519849511137,0.0024819204228027176,0.004184376852405944,,,
0.002544492616782342,0.0019822087327639494,0.001853727397134852,0.0033493413272495513,0.003959097690316873,0.002594338644648739,0.010192836889129536,0.003989122188914235,0.003255079839472469,0.0033683583907643455,0.004068954389275776,0.003210952000940423,0.002751549648103837,0.00272657216996527,0.005796420666337544,0.002142115190677251,0.004053385728434181,,,
0.002442546399840855,0.002246005392399022,0.0023149630481758775,0.0032627408513263762,0.003656644230803168,0.0027487200479227765,0.012032215878860178,0.0038099366760937737,0.0036912398880875985,0.004831702204254804,0.005488881283176903,0.0033878429806992764,0.002925297650245568,0.005708944624674039,0.0027354765464039574,0.0022575249211859725,0.00411018252369565,,,
0.0021863118790614823,0.0020146582409855864,0.0020491266200785957,0.003154410457106797,0.004005345453991816,0.0026247801914792124,0.012344213784560057,0.004297831626701352,0.0036672693998808137,0.0031964792896904347,0.0038026959541306634,0.0036530956402921837,0.0029478223551653213,0.0025546665582713676,0.002449968958648047,0.002329901601174013,0.004525307501377992,,,
0.003144836485560555,0.001996064231563956,0.0014178482640066297,0.003128296569497919,0.0036637311006344933,0.0033971138927359856,0.01571446715853967,0.004329027218037,0.003550196193954571,0.003186319454410775,0.0036616064798978285,0.006282193583219865,0.002891293721113588,0.0029225253286441536,0.0033591046414369985,0.0021383277214132874,0.004445501550127127,,,
0.0019198882182981654,0.002249034980007358,0.0030023153660011736,0.0065883822255839415,0.003329631438039466,0.0026198343039276987,0.014509661518876175,0.00426845941038301,0.0035012712944615444,0.004262378114503249,0.00747986758635826,0.003599446992795506,0.0029128570813903923,0.0027779369826672843,0.002352751787700291,0.0023968522291546073,0.004715965769339273,,,
0.0021334699494786327,0.0020346764012490193,0.0016127804111954712,0.003500530363060874,0.0036052974875113476,0.002316503230009597,0.013944644694257855,0.00461723298577075,0.003749890690247591,0.0032611504340486664,0.0032355974414020184,0.0036806839161727615,0.002956170031873639,0.003101753787437283,0.0024808750735206583,0.005952784356078881,0.0048634735594993575,,,
0.0019600016357214623,0.0022714139887133234,0.002407650131454717,0.0034425289542606755,0.0028985739081937925,0.002735476546403966,0.009360847181892406,0.004467619333730832,0.0035727743437768055,0.003301761376776389,0.003021155719039772,0.0035611389801867206,0.00280939005087202,0.0029230800033115327,0.002748720047922704,0.0024430773304850877,0.004681739649491412,,,
0.002229341788789514,0.002381244463922453,0.0022165059010623026,0.0033591046414369716,0.00620622488209514,0.0021756077174307263,0.010756462297899503,0.004599220487669634,0.0036080843823909086,0.003293206684860721,0.0060957369819713576,0.003514212306453309,0.003181023516094771,0.0030541386292737443,0.00249130882820794,0.002240946978028164,0.004861873250077858,,,
0.0024524822228250026,0.0026866803579446946,0.0019566902604291336,0.003309608245134428,0.0026536511235765443,0.002572374133239161,0.010851209072296128,0.00433538898033249,0.004107025822240211,0.003366336306731902,0.003375570231313406,0.0037308195057262064,0.0025465306568503133,0.002533766011772812,0.002481920422802756,0.003348566778744759,0.005425963091811685,,,
0.0021720279408923094,0.002444669430576155,0.0022293417887896652,0.0030858236045520687,0.0030664289752255214,0.0024651416409166016,0.006608185721615147,0.010650588581863945,0.0043527055261469135,0.00329635581939321,0.0033100980567734874,0.006290033819982313,0.002814002795216012,0.002925740977921154,0.0025342778320006165,0.0023740167774288752,0.006371621224261192,,,
0.0020592286766619706,0.002829286096530705,0.004090016810386454,0.0031906921482051025,0.00508509717854867,0.0022924434170202737,0.006319245456608092,0.005026157429447009,0.0034696421792867914,0.003498584671563634,0.010072776180868328,0.0035719574710516133,0.0030723446491345606,0.002896671626195285,0.002597461269987183,0.0023254440548671857,0.01268721850928548,,,
0.0018185866426985355,0.003404645776798583,0.0023839661981105826,0.0033284626678269347,0.0030570037252945718,0.002506878038146598,0.0053085239737058814,0.0054065070864790475,0.003677158524897691,0.00345578378087657,0.003251192699554032,0.0036884279161416645,0.0025939636770014028,0.0026281134037983407,0.0027297810915294877,0.004055624903138397,0.006879357244773648,,,
0.0018546017556557936,0.0025085589014500137,0.0032109520009402847,0.0032230467841746703,0.002623173800890718,0.0024076501314546726,0.0053834284475709265,0.005512459566859499,0.011060828865581596,0.0033570769835546957,0.0031964792896904204,0.0034251547326530954,0.0029910625947493523,0.0029146375565452295,0.002614879061542086,0.0020688112854833516,0.006861470796001303,,,
0.002742697454711824,0.0023593575614520006,0.0028534782224175093,0.0034777628976466416,0.0027917921159118504,0.003988878337649734,0.005086627259728358,0.005722389267023879,0.003619300089835195,0.0034527800569010073,0.0031580060475333055,0.0034061691935208128,0.002949911488934213,0.0023914349949054566,0.0028332943158756313,0.0019225884843559367,0.012231938674452256,,,
0.0021906085012720748,0.002246005392399024,0.0017515614686753568,0.0034613150634763994,0.0026731295104875496,0.0025223511489832562,0.004539400720826188,0.005834834747270939,0.004214950587023198,0.004990420476338844,0.0032486984968856593,0.0034313024148457786,0.0028053476778443372,0.004594776897561753,0.002614258995833859,0.0025692210172330978,0.007413685096815138,,,
0.002299786484839021,0.00219593054353642,0.0019291545484705721,0.0032582658240505203,0.003070233216922341,0.0023696422178628245,0.0037956122730009884,0.009509544725089964,0.0037990277441078382,0.0033783546823637454,0.003553756295425561,0.0035170713771296765,0.0028611946335119405,0.0026586560591852926,0.002546530656850177,0.002114694010767776,0.008526125386726223,,,
0.002517204013430807,0.002172177216033618,0.0012475401447274834,0.0032714743258526356,0.002442015353764514,0.002536835384202529,0.0039813929802794655,0.006592465725583801,0.004033739928777089,0.003507470450425474,0.004048503238397874,0.003081617764237768,0.0027445883184005356,0.0033354691459372685,0.008539766922477697,0.002070534577148655,0.01276508025831414,,,
0.001980899695980729,0.0036912398880875803,0.0025027357190293997,0.0033096082451344808,0.0025782915521277835,0.0022668414345265505,0.004044416632537759,0.007988803954935621,0.004246220559651644,0.0035559453555142192,0.003170405100098635,0.003297830941031837,0.0029146375565453054,0.007885656091147922,0.0024721029200314637,0.002715490192771209,0.009819014072603651,,,
0.0018228606477535686,0.0027154901927711676,0.0013616202027865283,0.0032502950070856028,0.0026477796655697615,0.0023310146558659954,0.0034542822453805405,0.007807349031755843,0.004291489743321121,0.003571957471051706,0.0031903872710224907,0.003218718045110145,0.0036250291002906366,0.0027502531093982793,0.0026848694787990146,0.00234433009245081,0.01166366640618182,,,
0.0020705345771486645,0.002141963820490791,0.0018842606153309342,0.002984008064030336,0.0026708238850409994,0.0021360520163575007,0.0037366378560807533,0.007174530954907174,0.004388906986323687,0.0036013381919165117,0.0032986174028426514,0.00345014965325449,0.002916416944718668,0.0021383277214132787,0.004037596431203139,0.0022962590946760506,0.011393099611040652,,,
0.001705225077345307,0.0025813079808307544,0.003500900848362529,0.009222660781020655,0.005978872207408271,0.002001255564730571,0.0033446913457250518,0.009248465063629146,0.004352333051152727,0.00897578908529852,0.003153896466707748,0.0033459513538111473,0.0027750174474596148,0.0029805289308046054,0.0025692210172330587,0.0020688112854833954,0.011424674265370137,,,
0.002210646768685326,0.002388857505152727,0.0025924632640672764,0.003327585820767096,0.002977916913420335,0.002302604506340725,0.00312082500860761,0.009217456079074106,0.004460137764884248,0.003754643350563354,0.0032110529790370106,0.003454657690438493,0.008388103450191621,0.002701723815565593,0.0026818486296248723,0.0018241053461899924,0.013824143711701486,,,
0.0021874979970812176,0.0024457302548528638,0.0019518787877166115,0.0036310169734031887,0.002725025785956236,0.0023410083336552387,0.0030975695769968744,0.009060783673075999,0.004338379522855638,0.0035447121329174338,0.0034402677274880094,0.003247101201725892,0.0030949515728637012,0.0032302819173191917,0.0023165032300095996,0.002227450234537476,0.016460499182395085,,,
0.002349993901641943,0.002413030963133068,0.0021696381418566135,0.0033663363067318887,0.003708766409351557,0.0018143025692740902,0.0029796585127583514,0.010763694384708452,0.004778461469963363,0.0037151429923159797,0.003522966634740847,0.002977916913420368,0.002988351284528576,0.002754376341407739,0.0029239672639187657,0.0022941400572552197,0.017041199737473475,,,
0.002038974513681461,0.002423355428040421,0.0018809882805464469,0.0033167523137071614,0.002601452761039448,0.0023465419859419324,0.00291007290813142,0.012841662006189511,0.004680077198240752,0.0035564012401017213,0.003308040360522205,0.0030789861966075043,0.0033017613767762537,0.0027402137160212575,0.00256922101723309,0.0028149244370307227,0.01668317730946514,,,
0.0016822528774746695,0.00224672709332456,0.002219429666877637,0.003590879123456445,0.0028894988617981883,0.002244850188314671,0.0027189507094385864,0.013777272157205613,0.004656462042834706,0.0037599074565854177,0.003251591594433054,0.005971926590069079,0.003459815928518515,0.0028957760022653494,0.007059725220543537,0.0016989386874551782,0.02519777608676298,,,
0.0027336979914297393,0.002220013957967626,0.0018539023018291265,0.003916941641139822,0.0030211557190396635,0.005187677351479572,0.002599333044583363,0.01617397828929102,0.004754857602696379,0.004241024908696163,0.004687553585833929,0.0028651582146872233,0.0033397436465091896,0.0035618673039451688,0.0025814335888685942,0.002434035759331293,0.026771910664448634,,,
0.0017515614686752377,0.0025027357190294383,0.002526589642077274,0.003437722069503725,0.003055836788220203,0.0020365877933109615,0.002533638040560778,0.021394555730475072,0.005058502235881194,0.00397544348333597,0.003424492016306263,0.0031944499076753063,0.003333038010214231,0.0025393903605619743,0.002548567067137111,0.0020844251770706502,0.030558367882202682,,,
0.0023692316887890417,0.0023261411095439094,0.0017052250773451102,0.003273455956857464,0.003094951572863601,0.002288338009761483,0.0030452077584916357,0.02099453528392486,0.004797423155688843,0.004100151605073547,0.003137404313844727,0.004091839756335898,0.0031704051000985174,0.002526589642077256,0.002479960031441229,0.0020133703020711567,0.03094704318869921,,,
0.0014537545570307456,0.002471053417577083,0.0025358126728592173,0.0034035980322663062,0.003289955982765873,0.002065046384664579,0.002758140759450595,0.02068025928496055,0.004871533779665608,0.0039696484326267245,0.003730384936586819,0.003170814158238437,0.0032908428563339772,0.0029278458676680907,0.0026800344857186957,0.002175160567550855,0.026425038314202443,,,
0.0020642611660405424,0.004258953569629308,0.0034112106520027725,0.0034137760796484804,0.008514709011973836,0.002166198186757299,0.0026993224962612358,0.030001751835023335,0.005476580458495526,0.004222866571468479,0.0035417838283012845,0.003057534004006884,0.002988351284528566,0.002729781091529501,0.0025648001425140677,0.002810313205436013,0.02917149514639044,,,
0.001984824216313268,0.0028103132054359582,0.0028687772681102036,0.003325246431535955,0.003246801621401154,0.0019980125621708276,0.002491959487371253,0.030270731063785323,0.005540152877321437,0.004289298106183576,0.003527105837969083,0.005341647770082116,0.0029429786673900423,0.0029402230171786496,0.0023531651918304673,0.0023510974442721906,0.023773456062504632,,,
0.0018732152115586444,0.00292574097792103,0.0015065478536033454,0.003404645776798521,0.00310582796522736,0.002274694834568137,0.006529207271143455,0.030175732840396298,0.005664242135194363,0.004309283691165581,0.0053612786735385476,0.0029810728130248137,0.0028430050363404094,0.0028669683124526025,0.0024280338537518865,0.0020912583579524124,0.024047812742845415,,,
0.0017381820635844324,0.003840029756207336,0.002958362873976217,0.003538120039353002,0.004489050360082736,0.002145593757545588,0.002413030963133099,0.01998732963143469,0.005889647020835834,0.005950986614781046,0.0036588603521633054,0.003057534004006865,0.0030912826422083775,0.002704003093661122,0.0022402234150058807,0.0024557852306824847,0.0239979406891764,,,
0.0017465562026183835,0.0031907937674591717,0.0017203694694736913,0.003495710481018495,0.003188252314433463,0.0020516567974524194,0.0024333696119805625,0.02009340172120365,0.009210699650767302,0.004403289508212351,0.003616701144269761,0.005498324729859991,0.0031498844631200115,0.002601452761039449,0.0028378682058753887,0.002393738817439174,0.015562511194582929,,,
0.002316643195764853,0.0030891841539872978,0.0015439621882662672,0.0035886210211318785,0.0028168819246552393,0.0022047720658502886,0.008525174606083532,0.020098226011253332,0.006490606609910729,0.004433011802124753,0.005526558252432573,0.0033974956552695053,0.0028873660172203564,0.0027478941990153128,0.002631072714189345,0.001914306890257053,0.0157246979325131,,,
0.0019185366600748374,0.003361420467042263,0.002049126620078607,0.003918265882952988,0.003190793767459188,0.003519375387450366,0.002520936734341486,0.020017010666984095,0.006732624453973767,0.005007997115507374,0.0036570875625092586,0.003174084725542335,0.003005661407065594,0.002684869478799022,0.0024557852306824907,0.0019353632992060998,0.015624496121234394,,,
0.0020372245254801744,0.003305000467450343,0.0024651416409166467,0.0034236397639350424,0.0029583628739762334,0.0025933386104418955,0.002548948712942587,0.012249950668709982,0.010768272194130119,0.004379070272336705,0.0037094657477651904,0.0036030484214745716,0.00683775490078625,0.0031166664019117774,0.0025530160516628025,0.0020892417896939265,0.013143132948115354,,,
0.0017271411226903288,0.0034046457767985838,0.0020600158135267296,0.0034640305919505063,0.0030979882523488123,0.00220168157183152,0.0070440923023797,0.01214393452771298,0.0072240276829185,0.004548534333121132,0.004146702838769005,0.0037317753796996286,0.003085823604552068,0.002535812672859143,0.0022849348530739654,0.0019848242163132703,0.010382727335634457,,,
0.00198482421631336,0.003444788696719997,0.0016353406686378045,0.007189158680863604,0.002934040969002279,0.002465799204917935,0.0024820510605070086,0.010405811044157779,0.007756642089593277,0.009042873428892277,0.003791766190605317,0.0033260264107718043,0.0032005341933752903,0.00759276204381591,0.002461587759991073,0.0022169447117508325,0.01127615736812786,,,
0.0018391523238389645,0.0036634655904268167,0.001984824216313322,0.0036421620626998804,0.0029897614727006448,0.005260604762139176,0.0022448501883147224,0.010347190515180925,0.01087210539029684,0.0045390435661099866,0.003835974634992205,0.0034963596983109417,0.009307177634603465,0.002881070553533101,0.0030511645769018946,0.0019393799689696877,0.009740138554655848,,,
0.0015737064979592249,0.003994970153889636,0.0018467176257737008,0.003912966226769791,0.002940223017178629,0.0024313700748612205,0.003082354200564243,0.010880452680497097,0.008495800289944979,0.00482498684005852,0.004188326899457712,0.003451559047362706,0.0028103132054360215,0.003149781524037235,0.002347785260268951,0.002115153943497489,0.009029920149548464,,,
0.0017487825339270657,0.004190184456661526,0.002329901601174013,0.0037388065627230556,0.002948262295822166,0.0021054742574677355,0.0028039603798062328,0.008808346104734131,0.009582537677969105,0.005635317570416269,0.004025129843405916,0.0033080403605222014,0.0032222418776792173,0.004160987456064199,0.0023586703232091966,0.002187053278207567,0.008880749559134921,,,
0.0031275709510516273,0.0034598159285185674,0.0027160871481286524,0.0037539524284706505,0.003682885572039898,0.002190608501272155,0.002397528522791064,0.007917826832492826,0.010002745191382348,0.005097833822616176,0.003945397071832148,0.003498677348075729,0.007911927727461946,0.002746950067670151,0.002551110294061877,0.003799710469918639,0.008199472825721065,,,
0.002175756746969394,0.004344055881784853,0.002252492376329774,0.00397324072761206,0.0033420728879731795,0.002369231688788992,0.002316503230009576,0.010053185715582011,0.008402933804163288,0.00499639438593642,0.00415513904359733,0.00974013855465586,0.0032938958153046326,0.002706999219891693,0.008006439797450342,0.002151630043934978,0.007313643139870628,,,
0.002057968631461103,0.004539400720826165,0.001323216144208828,0.004482110984664572,0.0032028634384333697,0.0024450672936157172,0.002789584568270554,0.006666076020428568,0.010390843671433699,0.006284309347289753,0.009891395119141184,0.003498677348075749,0.0033485667787447764,0.004975780151591364,0.0025924632640672643,0.002033401141705828,0.007453073581752642,,,
0.0024270988900526812,0.003785604331125501,0.002606433529070886,0.004120661168141676,0.004590823428907259,0.004216488834067986,0.002234571582526266,0.006203507574874765,0.011734257423360022,0.005097897425885337,0.0043189039820641885,0.003577762291247833,0.004601475905949776,0.003052758179568167,0.00292972790819859,0.007160190338257444,0.007277733345744739,,,
0.0019677614333161193,0.004513828850083566,0.0021419638204907858,0.0039503249188819626,0.0031972906818317666,0.0022286144579200273,0.0024119557571253445,0.006168441608825294,0.011772878656121361,0.0053583144182892326,0.004225322886982991,0.004746326009882935,0.0034448828204873467,0.003286800716456768,0.002762839069234405,0.001854601755655773,0.006289466762476508,,,
0.0018883859856009136,0.004324905797052788,0.0020892417896939265,0.004394444296210557,0.0031906921482051016,0.002382877877488692,0.00353325966713794,0.0062569558956252795,0.01347728344557213,0.005781185473675688,0.005688461590420472,0.003663731100634609,0.0033663363067318393,0.00301481698452954,0.0028010679687500463,0.0021803716102949612,0.0061084365031328506,,,
0.0018013892196005832,0.004529389743313061,0.002530564790012319,0.004064489493041325,0.0033010738883432205,0.0022883380097615306,0.002303026912160724,0.005579808379717018,0.013526465165659626,0.005950387246984789,0.004514187999744852,0.00367927416501626,0.004195133921404675,0.0033647948556491357,0.0027351209279317047,0.0023990156977022207,0.006122486766016055,,,
0.0020780376713193504,0.004649493582369632,0.00196330742595331,0.004358288831094931,0.008339411628034712,0.002594963470322982,0.0022867788582839545,0.006146799642562865,0.01688409358718387,0.005870236487812331,0.004446668386736428,0.009428218098439618,0.0033909042275932283,0.0030456336318954234,0.0045178496954646945,0.00188855768046746,0.005877798774603903,,,
0.0023914349949054367,0.004271724529642275,0.0022517725231982547,0.004462172830945521,0.0034875385826257316,0.002209913284883788,0.00860452322897524,0.005389989459222132,0.01596526471949934,0.005783428460228756,0.0068423530179006,0.0036102405009334104,0.0032647277833973572,0.003210952000940519,0.00295046101511943,0.0019183676483439179,0.007406859222903623,,,
0.002027492632554155,0.00398074141444899,0.0020154627848621423,0.004336286359645996,0.0032511926995539633,0.002569851949935102,0.002531717696149641,0.004865139988727457,0.019006384310124996,0.005777594883977831,0.004805526688654981,0.003730124170801565,0.00342070260271198,0.00566475730306766,0.002866968312452677,0.0021395404410465045,0.005563105901083837,,,
0.0019699023636588356,0.0037883441726790632,0.0022484582304197133,0.00429715258687971,0.004225706557305539,0.002737490845132251,0.002505972490924743,0.0047101180644752525,0.019604052406880994,0.006644981329846335,0.004851725699207557,0.0037179347590013314,0.003315970153028063,0.003105827965227431,0.0027731473318753285,0.002040246289581627,0.005204587868536996,,,
0.0014430090726790937,0.0038461044214814204,0.0017128140114886542,0.004323031124964793,0.003432719547196598,0.002424425578425209,0.00471238921163886,0.004513613346569659,0.023470379932138644,0.00677089891104806,0.005454273952328666,0.0038054234900202107,0.0032986174028425477,0.0030739272715283586,0.0029460619355665928,0.002450365961209613,0.006138089795892323,,,
0.002141963820490798,0.003942684130607859,0.0022438388968699387,0.004479216405277366,0.0035410513737740277,0.0024766892642356935,0.002490397619786174,0.0042306144643689085,0.029823896847362502,0.00886086556786985,0.004743592659424555,0.003644653890625612,0.003638153763687262,0.003116354282697903,0.003369128389263451,0.0025079125488842407,0.005129284226377906,,,
0.001962481500450486,0.004107657356603218,0.0016495544231343742,0.00438121700254432,0.0037283852661474867,0.003215492875918339,0.0027303749223990155,0.004131034745112788,0.02542548589274335,0.00742867121263204,0.004849386084443996,0.004901261187707575,0.00818300593760441,0.003124666792216405,0.003210144061819359,0.0036339625977459293,0.005349593631340994,,,
0.0021146940107677733,0.003504233453446791,0.0024578968262838584,0.004561845096384302,0.0034414927430837386,0.002727879964047839,0.002445067293615789,0.004328802514436219,0.03876963087450404,0.007286994364907924,0.0053830068249302,0.004104261716825133,0.0034334751119550846,0.003398545281116587,0.0033856409998085975,0.0023165032300096105,0.005085097178548669,,,
0.001700464794825531,0.0033691283892634777,0.0022200139579676447,0.005943572003370496,0.003677863873492001,0.003052758179568099,0.002589334611357238,0.004197606465279476,0.03875310152790569,0.012729189531423372,0.00508669100312275,0.0037408006623915802,0.003387555846972529,0.004266863909181563,0.0031571845593103953,0.0026092931655437627,0.004975780151591424,,,
0.0018495247223980784,0.004336585444817898,0.0027496635715231225,0.004915265952104447,0.003604577939058468,0.0028001417662055633,0.0025214511587390975,0.004095008164225855,0.026089402322267956,0.007892437614022238,0.005404647623957695,0.003992372115877138,0.0073618963688140355,0.0028770161953395237,0.003083721401430154,0.003198000481081786,0.004865139988727414,,,
0.0019666076592895006,0.003227068305215093,0.0024651416409165747,0.004877852718265782,0.003610240500933467,0.0026483918831242217,0.0028787062051943454,0.010048443471588193,0.04342072987230315,0.008540412360155738,0.005675679283912796,0.0038566279896779195,0.003885024426443424,0.0029047198147818497,0.00900950166340412,0.002145140351329645,0.0048126060869793305,,,
0.001741164149523112,0.0031208250086076318,0.002433369611980532,0.005479244035550323,0.003696945121437376,0.0026089203472389366,0.002697279693981569,0.0038656972837172853,0.04349981252986009,0.011815765041672841,0.006110134853801638,0.004319429473803335,0.0036106895302384172,0.003094218134763686,0.0030130957072070784,0.001908369462586729,0.004527599739471701,,,
0.002127382135814651,0.003566870503962601,0.00239035007481104,0.005388726032367456,0.003798003425279826,0.0031266377656060528,0.002658656059185354,0.003812914153268782,0.03135336695118866,0.00936413721265405,0.005899768019875678,0.00421525828133966,0.003658151339395827,0.0030991393179262442,0.0035193753874503543,0.003444882820487327,0.004216104324922091,,,
0.0017927286443406739,0.0030575340040068662,0.002132253777255275,0.005109333116542775,0.0064645776048038155,0.005642217821041396,0.002697880678747337,0.0047893059115183155,0.03489415167850476,0.009117006534381659,0.005954472648940113,0.004218026520138591,0.0037022036871621313,0.0031825520950218033,0.003949257740492216,0.002810890023078207,0.004789847489097526,,,
0.0019367031147346973,0.002891293721113634,0.00277373187844107,0.005299965973664543,0.0037585274207683986,0.002909181409938426,0.005177604728736497,0.0038346219749651527,0.027304354858891856,0.011589680397526714,0.006159235955841198,0.004346965872396064,0.0036063765410060656,0.0033993084418024026,0.003293895815304771,0.0021504241421762913,0.004819002295403139,,,
0.001836329371562799,0.003555215818581872,0.004379662578872012,0.004798031395404452,0.004056584171075436,0.002314262626675493,0.002727879964047836,0.003703954883365904,0.023167047780182744,0.010656888517795686,0.005966494700685866,0.004592518189352209,0.007638573290371396,0.003070233216922505,0.003099976188074009,0.002824698309992829,0.00474065254996453,,,
0.0021703852367246173,0.003174391168466361,0.002759668587501898,0.005460452953580645,0.004489050360082735,0.005524210970264072,0.002915082505415347,0.0045504586130658085,0.021729100081880014,0.010626419483631218,0.00640891497656566,0.004532180737629085,0.003967605906928062,0.0031041571545543083,0.0033663363067318215,0.002318741668246598,0.004222866571468404,,,
0.0018732152115586659,0.0028810705535331294,0.0031708141582384415,0.005924392883147781,0.003954590752574576,0.00280396037980634,0.002637964861463252,0.0035486432371137342,0.018110452668537304,0.011813157822756286,0.007340504373230953,0.004463625881500468,0.003969975139218124,0.003407025816080214,0.0032448037123932938,0.0022490349800073674,0.005137684766459145,,,
0.0013131310707278523,0.0026640167495612225,0.004098253240157323,0.005628696892532011,0.003934781302339207,0.003099139317926301,0.0029761742949325374,0.0037574057684479196,0.01579955538866666,0.012002212593973702,0.006790170118973398,0.004991719760506909,0.0038867766738871963,0.008472679095437223,0.003254282855965439,0.0025387518575319345,0.004106473150000801,,,
0.0017381820635844016,0.0027750174474595354,0.0029002513561485013,0.0056659019528607114,0.004190184456661529,0.0034971015133509926,0.003087399317547103,0.0035980955276875993,0.0156278161025989,0.01339472704844507,0.007245047546144152,0.004834117451695993,0.004110813573102251,0.0034553146211273138,0.003105827965227409,0.0025718698944548995,0.004043775221601597,,,
0.0036566442308033184,0.002599333044583354,0.002895776002265327,0.006134760955946378,0.0043588839615154055,0.0030697051319468647,0.009298812821042902,0.003492648259763384,0.015306831227382729,0.013410597182396003,0.008136952483817189,0.004699987803283917,0.0035901566852390683,0.0033494381332188905,0.0031324397360966683,0.002554666558271402,0.005737950106873754,,,
0.0018671471191265827,0.002821367499840472,0.0032710778555942325,0.008159395779154616,0.004147328331319343,0.0029840080640303347,0.0029340409690022675,0.003565506691125364,0.012264103276207966,0.011821498899221317,0.00738511452558144,0.004589057387899842,0.0048195405359649415,0.0031704051000986722,0.0033498253291202634,0.002263405956773896,0.004219179416921244,,,
0.0017004647948256704,0.002614258995833821,0.003435457678829102,0.006739940747344636,0.0042820350287218955,0.003289955982765877,0.0028557499194753143,0.0034527800569010324,0.012050741656033858,0.015451776430693906,0.007861977800187955,0.005436649126329326,0.004069990182532283,0.003246302259423868,0.003504511027486108,0.002754376341407723,0.003794245223695645,,,
0.0015654433455650869,0.0026094174264751292,0.003348566778744819,0.006500590014171169,0.01107445164550574,0.006253275531212136,0.002889498861798163,0.007799371153538104,0.012195090444254441,0.020949761535237043,0.009092612280774867,0.0050132386875012935,0.004143495707451794,0.0033818080528084313,0.004741951892883253,0.0024386936958247754,0.003876753163671647,,,
0.001988740992133184,0.002352062619347895,0.0035179009946803594,0.012816818069780078,0.004599220487669604,0.003053289195623841,0.0031101053205594598,0.0035009008483625373,0.011073485420045959,0.03172960848276679,0.008549064109053586,0.0052277737716097256,0.004376477988715446,0.005207079234548537,0.003181023516094832,0.002660606650833778,0.0041341731142847445,,,
0.0018320867874468017,0.003031441263688715,0.004736820834327861,0.006652783926161034,0.004618356434307251,0.0033300209369515397,0.0031267414666314554,0.003436495709767569,0.01526211264890128,0.02508397328922575,0.009225718931429549,0.005371851946684606,0.004334416609751066,0.0037939033844027648,0.0033089223870305775,0.006616276750161744,0.004069591831709398,,,
0.001942053133531398,0.0024457302548528963,0.0043122171469735515,0.007297310097615496,0.004938956655187774,0.003306962008644689,0.0033760504729227997,0.006600183027133535,0.010157306069934533,0.02500390977996279,0.009096355791280021,0.005198603718770428,0.0044154227426721395,0.003780890589624542,0.008833048222235794,0.002690660002014475,0.0038088301631790497,,,
0.002179330398565053,0.002299786484839033,0.005330163021158268,0.007602321710231973,0.004807752765695194,0.0033470171440098187,0.0031912002121162997,0.003587898128236173,0.009278461885941707,0.03765694640085465,0.011988156513611911,0.005586777190384045,0.004504624869231937,0.0036792741650161676,0.0036268175601657507,0.002628730201526549,0.004225322886982949,,,
0.0018740804779965913,0.0022575249211860228,0.006972984997723245,0.007463550759399239,0.004743592659424516,0.0033710526160405283,0.0029278458676680547,0.0035915111376892154,0.010621078416071413,0.031274413586130624,0.010085547445716651,0.006231668029058394,0.00435419510749369,0.003913629076260301,0.0035332596671379863,0.00855160484493382,0.0039748725157328895,,,
0.0017515614686752245,0.0023019003243902082,0.005743823947527489,0.007349730413946897,0.005033828348720391,0.0035800272427231107,0.004476319954132039,0.0037602523864018085,0.008848268805781923,0.04037402890477157,0.012411404830840137,0.006017791936942648,0.004794245539010756,0.0038465259169973808,0.003449021723298971,0.00260892034723897,0.003994077268937581,,,
0.002169189761427767,0.0022689859666525196,0.00554857416719423,0.009195021133116262,0.005082609814217248,0.0033687434120138362,0.0031564655817349135,0.0034933908629205205,0.00845582397198892,0.04048163646435502,0.012402702343551592,0.006445489935594663,0.005023576338828761,0.004034463303781295,0.003736637856080744,0.0021900163648912187,0.0039917223421630866,,,
0.002504807734881877,0.002234426475764009,0.005383006824930175,0.008502323974128137,0.005267010971571928,0.0034789747104785763,0.0031497815240372614,0.003709465747765226,0.008308248962982386,0.04033996339868875,0.012130122864291605,0.006379351555207409,0.011240099008853251,0.0039614720111081445,0.0035842814768172596,0.007738227477727258,0.003809255783107242,,,
0.00244930714471374,0.0023199998406488198,0.004547964019742561,0.009213937724219657,0.005764166503835081,0.0037917661906052597,0.003426385151514203,0.003643942113665224,0.00858339502576596,0.050377682011072254,0.012336883217650472,0.006739940747344704,0.0048933161975794415,0.00397813408394862,0.003722728216418022,0.002700283280237694,0.004063611883388763,,,
0.0020133703020711615,0.002316503230009607,0.004712870829424535,0.00910971291375523,0.005516692955806161,0.0036792741650162053,0.0033397436465091896,0.0037962956130502467,0.007966164964791916,0.0472508403117416,0.014853588289208308,0.007002542588923055,0.005621087893397634,0.0046580633141519775,0.0036778638734919268,0.002750253109398264,0.004167605735408155,,,
0.002045325485341592,0.0020844251770706546,0.005225292272551405,0.009106295356209902,0.005337457789318619,0.00358111391060146,0.003437722069503719,0.0036321776560410955,0.007954434076460333,0.04465057400195439,0.014042540774991426,0.007657227561028367,0.005540621062552663,0.004295341289210885,0.003975443483335993,0.0025592316366715917,0.004185848874229053,,,
0.002169638141856627,0.0023718305061905275,0.004460137764884245,0.009991328528105059,0.005635777849964537,0.003528576384557096,0.0033741290963669227,0.003834621974965166,0.007916229592276633,0.04451219040622958,0.018721486534698836,0.01181809732894015,0.005734841316710368,0.004542471092180864,0.0038602414652231802,0.0026237917598149404,0.00402730421819856,,,
0.001905649048569907,0.0021261624813438394,0.004729902213663748,0.011068594440168063,0.01048338969997049,0.00750669553461456,0.003186319454410943,0.0038359746349921884,0.007876769636768286,0.03386885773610796,0.018554040540327513,0.008184590731882308,0.005817916985401005,0.004826599379569977,0.0038197110999769867,0.0028269931339232348,0.00443271922305284,,,
0.0018650620854007368,0.002265696854077703,0.005090768920204671,0.010607117917704393,0.006212491054945086,0.003965644092523077,0.003405502782559432,0.003862928369600517,0.007548047457090122,0.03503747645964715,0.018752842642130355,0.00838713702315346,0.007180132740479875,0.00460147590594983,0.0042201783393684125,0.0030697051319468122,0.004294208840196331,,,
0.002076789038085839,0.0021793303985651134,0.005402007287874742,0.011406524544090078,0.006126245702759936,0.0038954428533725474,0.003569778229929043,0.003982614378897032,0.007642774470988927,0.026729548380008485,0.01921819295093673,0.009013243718778355,0.006596399236711477,0.005540152877321346,0.004327229262516382,0.0030816177642377365,0.00413283959858326,,,
0.002027492632554162,0.002139540441046504,0.0050353740088010315,0.010717960012142409,0.011354671515663741,0.0037774587194522946,0.0035774904007080392,0.0038095111322388343,0.007271850043081629,0.02171215704349787,0.01712228965141875,0.007660952964427552,0.0059883551326119205,0.004549389669136538,0.004099518914443346,0.0029758474403606874,0.004263899251597023,,,
0.0028963357996767553,0.00221357827344586,0.006394327830767057,0.010746842115692072,0.006060742963303562,0.004207867407831882,0.0037164518940696854,0.003893028262236265,0.007127147458945587,0.02985527823873161,0.015407752120676807,0.0077685464425501245,0.005870070781287665,0.009432859670320535,0.004388906986323682,0.0030070634775185494,0.0041893331785169685,,,
0.0022467270933245647,0.003044249325503751,0.0058038556689224184,0.009151190969406992,0.005429786212308439,0.004160753677401275,0.0038082342153643615,0.004004130989145311,0.007258773854470715,0.018597974329478552,0.011249326198363337,0.009205452963471599,0.005594201019836511,0.003761545591511677,0.0038703915140851754,0.002910629955840103,0.003627890212890963,,,
0.0019518787877165975,0.0022455722605094937,0.005998742010396499,0.008490913784233382,0.005821427007603109,0.003929503920289018,0.0037649919668660556,0.009450202372884253,0.005987055505851968,0.018594975404224137,0.008638108258170284,0.006034579200738352,0.0045533079033565895,0.0036460770276929228,0.004000161167770745,0.0030027473227498287,0.003562959510432016,,,
0.002887366017220308,0.0022634059567739357,0.006703279427292279,0.008873444447583465,0.005903284299948627,0.003949668227842716,0.003751187467507351,0.0037498906902475797,0.00516104558414643,0.020966640218910607,0.009257050506702018,0.00607650453876475,0.00392727539776924,0.010486605824224757,0.003363349103650092,0.003015139614632003,0.004082399203009765,,,
0.0023138422720036284,0.0020442154896481114,0.006458556014148556,0.008700642270203693,0.005189926940646168,0.004356279665678554,0.0038903621466046335,0.0038650262139641846,0.01118883673260703,0.01695339277517219,0.0094873220247623,0.006893717651746398,0.004121605299479076,0.0036535394025949846,0.0032908428563340076,0.003105932361051508,0.003202053458414462,,,
0.0019518787877166066,0.0021993239948503596,0.007181216452317658,0.009038246826336567,0.006243727589425194,0.0042136426355103675,0.004182749278206826,0.006697859741322791,0.004891460509705838,0.016863032946823293,0.009833005321750151,0.0048698695383405915,0.003915037258801891,0.0034509014017442834,0.0033017613767762975,0.003090023720290169,0.0033275858207670052,,,
0.002102854644906047,0.002250620279283379,0.008086748576194446,0.01642273395670336,0.005412740617040968,0.007889273628773336,0.0039016805560922606,0.003768521230661885,0.004842159575791267,0.015083094846402292,0.02080588793179106,0.004852059837795092,0.004137936015349725,0.0048426952425416996,0.00350090084836254,0.0030345414988948716,0.006828264473165939,,,
0.001916507535593721,0.002856090518190777,0.007554917438904622,0.009454833152239205,0.005688461590420437,0.0042186414376313795,0.00386066141729899,0.003876334954934242,0.01125471483517055,0.015429118022760261,0.01135067300961566,0.005154067329551429,0.004372623758123103,0.003522230267144547,0.0035515658860774467,0.007621575242489227,0.0034093090906464722,,,
0.0020473853093372126,0.002137266027263341,0.007771050298407305,0.010201231447908536,0.005699907026895532,0.004268459410383021,0.004510954623392019,0.0041190871350164585,0.00482438199878396,0.015275342441111355,0.01129247814587772,0.005070794157075534,0.004213026988411258,0.003599446992795545,0.005464311281193549,0.011228409975779237,0.0034730047795068367,,,
0.0021934189660845634,0.001895241647959188,0.008205362783795337,0.010352954757737424,0.011755487221361136,0.00527635990187656,0.004129464666098636,0.003851580265352077,0.004746326009882958,0.01289709049073446,0.020267232611824074,0.005357648747820398,0.00421956364584833,0.004533682869053281,0.003784319347552043,0.0033591046414370184,0.009812407502252648,,,
0.0024237567898057187,0.0024721029200315335,0.004467619333730792,0.010289843157305897,0.00624933358443291,0.004611963172770597,0.004348233720378084,0.004053625699172253,0.004743592659424558,0.012683537839167416,0.01731086513023724,0.0064263455720318715,0.009989251369289595,0.0035263703347105588,0.0032883787280540825,0.0035170713771298036,0.0033702830571636856,,,
0.0020756958678580188,0.0026829365271598916,0.008796816826858166,0.01133921234274801,0.006577940574420101,0.004490566918994852,0.0042037814624984755,0.004024485358597855,0.004695570520537977,0.0126767871683717,0.016944267489396966,0.005848378074012055,0.004599008985497308,0.003821832666830488,0.004168539234296682,0.0035116279192628852,0.0032383019952515607,,,
0.0019743414932557627,0.0023075277629906786,0.008553310885653354,0.011666195861634195,0.007384763279973481,0.004812606086979383,0.004308004380184626,0.003979763865689235,0.004994317314806933,0.011736163876009304,0.022910908611101528,0.006045315748388109,0.004816646785757585,0.004283624879212964,0.003807553017932031,0.0034137760796485437,0.004893316197579398,,,
0.004219179416921307,0.002032603698190438,0.008849184872367622,0.011634719288514147,0.006178945561276003,0.0073086317139127695,0.004078505564865815,0.004269067063515862,0.0057225592499218205,0.011714041021511034,0.02130536273021751,0.006892776902325214,0.008095364484066616,0.003842730792990031,0.00362252377307212,0.003851496080565483,0.0033748977782532327,,,
0.0023630651942813086,0.001942053133531449,0.008791396900095956,0.012884539211346215,0.006822183670948511,0.004688591030111669,0.004344354432067422,0.004237047464989323,0.00472386584790693,0.010693579332561595,0.027267374622036558,0.006835478399861484,0.005162553155732544,0.004271496811614357,0.004916585097065858,0.0039203341152864914,0.003347017144009713,,,
0.002305981586385253,0.0018537273971349038,0.008763322044616405,0.014077939161666836,0.007343728183126273,0.004898084738127173,0.008371659017763483,0.009406699493584525,0.004807752765695191,0.010158678620637128,0.03865079903832114,0.007433558094971409,0.004936001535563515,0.004112075381388374,0.0038332688376199516,0.0036030484214745694,0.003387077236669484,,,
0.0020282920855376253,0.002589334611357282,0.007366255347677106,0.01381381979587034,0.007040777348564898,0.005089176372749913,0.004423639673666187,0.004406233966402377,0.004743045800309915,0.010434065602448092,0.03514120039638557,0.007183563933775992,0.0065469119137150705,0.004046580643851097,0.0038850244264434283,0.0037157538705119564,0.0036099710565411372,,,
0.00218156095805028,0.0017642881922784238,0.007757519875879205,0.015327576273678575,0.007220481001866929,0.0049622075626213685,0.004641117618835154,0.004415422742672082,0.004795057045582202,0.009619382622374495,0.043402109596421934,0.008442046793591916,0.005644975559586828,0.004432646075267423,0.00399821532736968,0.003928926276566739,0.0035428822261655843,,,
0.002099922975413334,0.0021457448716604654,0.007537515662605328,0.016526552341956272,0.0074520729151512635,0.004858470842358973,0.0047024017496774565,0.009435059321362653,0.005005989629627027,0.009471279808939376,0.04449227791308806,0.00789223219894342,0.005366537704637875,0.004415055558802555,0.00410702582224026,0.004250418278514747,0.003861669115950366,,,
0.0019624815004504414,0.0017736362082408693,0.00758831953351957,0.017240294656531353,0.011586014871212375,0.0063662757113088055,0.004573770395668623,0.004518997851319303,0.0051397038998703915,0.014608210346523716,0.045670903847383156,0.009342540422815812,0.006438443371844171,0.004434474407925895,0.004037355507723906,0.004070946065470806,0.003500900848362502,,,
0.003173573921579344,0.0021934189660845617,0.00500287967511501,0.018117201039688592,0.007844430517840756,0.005019379235775054,0.0049950314054273345,0.004573770395668589,0.004715140650661018,0.008783537603004161,0.04505874261141921,0.009572923247761185,0.005812564304376282,0.00409856969537126,0.0038190319496671536,0.004140442716179602,0.00398391679135192,,,
0.00223442647576403,0.0021402980418779526,0.006836616745079381,0.01844532156204136,0.008197139390742247,0.005212058393951251,0.011208091177877865,0.004728256696362168,0.0049313354122938365,0.008900625558584448,0.04113166533325222,0.009356551085456277,0.005801397023543852,0.004523659237800681,0.003782605357089774,0.004195520352437048,0.0034975650678543578,,,
0.0026428768196531407,0.0018870118642724276,0.006709081375344523,0.01862172199088993,0.008083821086612666,0.005591012300935763,0.004926006690983469,0.004543684387647886,0.004995031405427262,0.009125360342476067,0.03990031622664407,0.010148363990491922,0.006095524212569359,0.004201312552716106,0.004253239867484742,0.0044015218878253725,0.004145138694456741,,,
0.0025434729843564134,0.0027065200625784303,0.006086740993556861,0.020910040673060754,0.00807258251401291,0.006395595394745329,0.004928638878347537,0.0047882902884563055,0.0050978974258852755,0.00810357112061137,0.033782587050151615,0.013715284095555532,0.006313085245759538,0.004644469816902193,0.004225706557305526,0.005380596918902192,0.003517071377129775,,,
0.002429101943038637,0.0021602026087303855,0.006089297418495808,0.023605817240594018,0.00870362306520369,0.005695297453717823,0.008286952288317218,0.004816310190338175,0.005249807438533524,0.0080795281918952,0.02791038260457009,0.010766104000728171,0.006365104190043637,0.0045342549786989116,0.004156075342638828,0.004322431058178442,0.0037317753796996403,,,
0.0025592316366715986,0.0018495247223979736,0.005400266360554019,0.025464237003165014,0.008736456027741124,0.0056130064713924835,0.005134844016790409,0.004747487207286429,0.00499503140542726,0.009115868402358639,0.02763702688210181,0.0110465142038759,0.007032990277352568,0.005014532059388168,0.004255373880382646,0.0037619765610929752,0.007523737646652734,,,
0.0025223511489832298,0.00288680448042565,0.00534747184715655,0.027185821950928057,0.014972452547164184,0.0064468480298123295,0.005347714379385502,0.004623969582663539,0.01226772477606935,0.007613402699444408,0.027797058952962007,0.013473313236502723,0.00687676447176244,0.004962730271659498,0.004225936742779277,0.005152808981592161,0.0037546433505633798,,,
0.002434435360246668,0.002120053684114882,0.005297457084924687,0.02699711654969686,0.009266677753610241,0.005683899780837024,0.005142415861966393,0.004865073342517653,0.005436470203845569,0.007648881159958098,0.023268156595676756,0.01196259711514143,0.006979724181160479,0.00489676060933159,0.004680285036940417,0.003753952428470671,0.0037539524284707017,,,
0.0025969619022482376,0.0019278094867428912,0.004878185067244389,0.02401143458184073,0.009640930993029768,0.005944062961964474,0.005334054805660985,0.0050338283487204715,0.005197605690642181,0.007408785106129878,0.022004795231811737,0.012968418329044176,0.007394416454713832,0.005205397693281852,0.004736547021741404,0.0037252531922856136,0.003900101281614857,,,
0.0027116665665601752,0.0026829365271598166,0.004904369467785305,0.03858944364750542,0.012650363617490641,0.005949515331492187,0.005663326165487284,0.004790998138182693,0.013286058497607283,0.007297976561235317,0.02012711524919161,0.014639229338340312,0.00855615353091167,0.0047955979736730185,0.004386764019329061,0.003777458719452225,0.0037550751123144118,,,
0.003550196193954647,0.002307527762990716,0.004364830802797117,0.038680543318085576,0.009940313185888904,0.010362846736141807,0.005405067558506697,0.005944444790614862,0.005197106604706749,0.00754886359456959,0.017490402341639868,0.014226425476406098,0.007524125498169696,0.005059527703237997,0.004529962395157186,0.0036652352951772682,0.0036225237730721067,,,
0.002899468667871823,0.0018467176257737316,0.004591953338702592,0.038832204549226174,0.009989251369289532,0.006157919739145786,0.005776977526625988,0.005040522785941856,0.005296783766248478,0.007241466384565919,0.017712580656926647,0.0158454583334807,0.007308986618151656,0.005593737319148105,0.004324905797052757,0.003833015071187535,0.004982031952274117,,,
0.003185098096368949,0.00218037161029497,0.0046102755604047205,0.03882211668742292,0.010792333923567156,0.006562493991243826,0.005803576329858183,0.005159537572061102,0.010588516117105363,0.007268772785154336,0.017551564219439476,0.016077383709723638,0.010677102289638947,0.005510106278713288,0.004695570520538052,0.0037608559374577924,0.003972179705860891,,,
0.003227068305215085,0.0020172316518905953,0.004891129062784856,0.05709816933022997,0.010859423135521757,0.0066928232460760646,0.005724825206275837,0.0053179828379186795,0.0054414182222934275,0.00717972630636871,0.01473196047180275,0.015929073415956486,0.007980032365426246,0.005118209877799956,0.005549100073471652,0.0037331653049322714,0.003868296579417944,,,
0.003308040360522228,0.0019677614333161266,0.0041641032507694666,0.057521449126569764,0.011101705469082065,0.00664927389087001,0.013555486707094666,0.005131812150548194,0.005455522199172305,0.007084483070940126,0.013128125027358233,0.017804310890494945,0.008387137023153485,0.005360068971437451,0.004792892722725148,0.003866955225615983,0.003815039499947916,,,
0.0030392392649171976,0.0020173923810770903,0.0039826143788970385,0.05646425130110083,0.011614273792829614,0.006734165386822762,0.005938168779786087,0.00519991333999183,0.008277752412144753,0.013927543986565032,0.013328333218818518,0.020367963450163725,0.0090313563311812,0.013129310486929797,0.004940794504257936,0.003787745001686539,0.0038703915140852006,,,
0.004233372661639712,0.002083802867704024,0.003933874756142283,0.0556863490255714,0.011302236349513346,0.006780613090043798,0.006019461997000155,0.005603466975410864,0.005666588631751468,0.006922630126952835,0.013325218974430283,0.020715428207520058,0.009142151458475498,0.005556982695097894,0.0047439344143589725,0.003985869612084938,0.004062574463922618,,,
0.004276048868049736,0.0019895560165483664,0.0036923816399866416,0.05915024488555603,0.011776320821104925,0.0070697763551783996,0.005982775573669928,0.005242638100079118,0.005397443665154464,0.007314529760288597,0.01260311441952567,0.023731097193568074,0.00934028426935908,0.006116499468836493,0.005100440906273994,0.0038568802024801156,0.003989122188914201,,,
0.00423857769273429,0.001778018268553538,0.003926201954309147,0.05236323439359654,0.01256539357361738,0.007264489214369655,0.005996201052406478,0.005520981827796738,0.005560249244105971,0.009006946098003432,0.013108351584507036,0.023973716396637517,0.010189273471767827,0.005999228454046677,0.0051115537520555485,0.0038784255476688122,0.003817673286592235,,,
0.004822230837626378,0.003725253192285682,0.003410735361053962,0.047333114119284814,0.012625245975216252,0.007187309286739606,0.006580503267700005,0.005812787431161048,0.0055303704611031086,0.007028793665631408,0.011682859880405466,0.0315644914604741,0.00989693340554021,0.0057834284602287745,0.004769836142512439,0.006441464271635823,0.0039036745158779348,,,
0.004282110749273084,0.0021733710480644373,0.0034740315914945003,0.04786461623880606,0.01282147207196381,0.010814093621325047,0.006518869792158733,0.01131677192455711,0.005561706905487402,0.006950676008689409,0.010950792461114809,0.034710436585940516,0.00997625932819523,0.005943572003370497,0.005119160046412761,0.004190184456661574,0.004060418976568009,,,
0.0050971341342743596,0.0024126278170333248,0.0035734095601288795,0.04543541663821029,0.013614273048340172,0.007464593324639756,0.006378334941672063,0.005796868154085884,0.005747435634947318,0.009781595186803653,0.015362905195945888,0.043237330973852114,0.010703762368418251,0.006419277993183179,0.00518767735147958,0.00413762257096685,0.004781174886308641,,,
0.004574124838861285,0.0027455332619018675,0.0035611389801867934,0.04659722485908432,0.015058934392605198,0.007716071933714525,0.006542700868117137,0.005926964626206866,0.009888149356727263,0.006695196682197491,0.010390843671433773,0.042858731317245095,0.010652902034650689,0.006143422743726721,0.005222002469947471,0.008318389634354837,0.003882436330072257,,,
0.0038027812192393995,0.001859316186592379,0.004251638654889475,0.047018804421922036,0.014302255669977377,0.007902414351197951,0.007910001372829564,0.008983552376374767,0.005721709284932813,0.006762273680699244,0.010494178374848043,0.04278401897697388,0.011479629145516316,0.00646357439593278,0.00534916934183372,0.00401633984317389,0.0041821290833295435,,,
0.0037663696340087707,0.001992812780909513,0.0033408114170995697,0.03644492863256018,0.015207628644889549,0.007984744231754203,0.0067664918336223226,0.0060774115872537565,0.005910749449610724,0.00899884268106998,0.013327165462453355,0.050942905030451624,0.012602522683549014,0.007102766581965675,0.005377944774986084,0.003982614378897015,0.0037802044648407975,,,
0.003646432725174636,0.001966607659289491,0.0033663363067318107,0.052452962244894694,0.016062210576599924,0.00777467945707967,0.006728047730476942,0.0064117980817902055,0.0057846056800091895,0.006828311958115153,0.009796566653147426,0.041529308831729804,0.021074752935116008,0.006865769682394981,0.005531249828440337,0.0039921284631280135,0.004216719522725675,,,
0.003449021723298971,0.0018926736846534798,0.0030328314162011475,0.05112819716912763,0.02010798399421954,0.008159197084988959,0.006977447530077383,0.006236193097102456,0.0060667318412107344,0.006562148124832312,0.009734144663653802,0.054116856174566665,0.0134030515351854,0.00707569020445502,0.0069685661368609104,0.004099518914443241,0.004008582228089907,,,
0.003328462667826902,0.0023198600774124137,0.003318218368049512,0.04740663493286503,0.016536770886401743,0.00960133242065781,0.007892437614022224,0.006126245702759964,0.005811169567870373,0.006723805459840131,0.010087090482793201,0.04201331074939403,0.01374334072364096,0.007004533348392337,0.005455225023449444,0.004145138694456721,0.004450167060892755,,,
0.0028237798582339203,0.0020212460472082607,0.0029780257932183066,0.05210166251593583,0.016912568205606913,0.008486444751258686,0.007249521510400039,0.006319245456608136,0.007807515150866702,0.006788116493220847,0.009273008778279392,0.04259848783076766,0.02180764166762287,0.006929699028978624,0.005827272346296053,0.004638531979390863,0.003932803113952165,,,
0.0026634081235795267,0.002118982833969801,0.0032109520009404907,0.051564441397373074,0.017214697921935432,0.00879655881083194,0.0072069966939587995,0.01013903027841589,0.0058590131088436855,0.006882985486167515,0.008763137043802617,0.04998636653344488,0.016668613986829273,0.0073645384821776315,0.011196050169892757,0.004201312552716128,0.004050504970652862,,,
0.002828713030130188,0.0020642611660405363,0.00286572399305701,0.034488816462512714,0.01787519413757643,0.008525783117909445,0.01744319594445956,0.00669282324607607,0.006330574825969546,0.00674032559543121,0.00876613357629204,0.04184881271878599,0.01916634418809919,0.007513085462146631,0.005684185001193391,0.004171649388601111,0.004135349388679744,,,
0.0025983349325970047,0.002203006600146783,0.0031059323610515086,0.04933964756875329,0.01924604458835238,0.008847719120304087,0.007875164069339097,0.006638390755732281,0.006467385761766045,0.006818047529916123,0.008626539391527308,0.03447000866416534,0.019122580172813246,0.007902455381706211,0.006510906716651586,0.004195520352436968,0.006361792202720851,,,
0.002526589642077227,0.0019467223389432406,0.0030789861966075047,0.045282614073231774,0.02097035139692493,0.009545244801848053,0.007848934620038682,0.007608801786440198,0.005997012113416111,0.006802812501593315,0.008657305411110676,0.03454517841923323,0.01905846409144376,0.007659725474835939,0.008080812287293019,0.004142008633831748,0.004334790624249306,,,
0.0026581681876225584,0.0023751091583805433,0.002749663571523086,0.04706343473623728,0.02786620221965498,0.009566926268247821,0.015015118712307868,0.006848984032612499,0.006229950764148386,0.006689188804729479,0.008445733142936921,0.028612070990824225,0.021594519910321085,0.007997038854703391,0.005975346145037007,0.004277186125191321,0.004233985350355793,,,
0.002573256313356312,0.0017891076981184514,0.0030532891956238264,0.0409814168386937,0.023434322979847204,0.01590519912406197,0.008086748576194453,0.006789071745261691,0.007034096658808665,0.011402771705696362,0.008623494352328584,0.029028036885114197,0.026936408765733475,0.008658354027915946,0.006673416686208423,0.0041234142803000156,0.007044782721420468,,,
0.0023443300924508243,0.0028515458569964374,0.003045207758491561,0.041628385193290346,0.025673980130947068,0.00958673250370983,0.008156693123800764,0.007715777777605275,0.006494601813175862,0.006811386397994715,0.008640622811062752,0.028652838271330514,0.02543058641906518,0.008231047326473083,0.007539236144170471,0.004436813574333036,0.004341368005350224,,,
0.002411955757125287,0.0023866848284820573,0.003236799744326253,0.042705827811078484,0.025166358974480073,0.00959129736510666,0.008270345937702237,0.007223309508400914,0.0066452252996567875,0.007121185279199941,0.008556456690665811,0.02127955131927526,0.030172885257590747,0.009298289770340189,0.006943161484637385,0.004759969218368635,0.004203781462498548,,,
0.00266827324430885,0.002162452898526322,0.002658656059185371,0.03752375786307368,0.025436909651321744,0.010727968787728132,0.008685536297167356,0.007289441225177995,0.007280539609644188,0.007664126594796524,0.008530079496780392,0.019393314838644947,0.03715739908703301,0.009406975242728715,0.007143914942103405,0.004723110759742646,0.0045046248692319065,,,
0.00251887798615459,0.0017075052991048572,0.0029091814099384606,0.03359817892819674,0.027866958525576753,0.010175007322786943,0.009030099684744098,0.007652483515529196,0.006964656598092986,0.007169467515582606,0.00836162172748175,0.01906948530391634,0.036650265144845005,0.008894795008315066,0.006945029206223492,0.004682501409059563,0.00468478594457847,,,
0.0020453254853415653,0.0020453254853415653,0.004560707727314583,0.031408087795872966,0.03238661430630079,0.010839339972560426,0.008876367213643224,0.015581771413489879,0.007172180516921785,0.007340857736540853,0.008253706175391125,0.01713440490019435,0.0365121260094839,0.010072937128715714,0.007031883721820822,0.004716172026452779,0.004666408861135439,,,
0.0024913088282078897,0.0015637854755258763,0.0028606279593201564,0.03130178246829032,0.03286875689145841,0.010577731701787605,0.011628363559130548,0.007753339051066807,0.006968147362624952,0.012827514695044442,0.011519188571170425,0.017613802336647076,0.04545465204051943,0.009816669249162115,0.007324939511438034,0.004535113007844334,0.00503485884149691,,,
0.002318741668246572,0.002512691620728662,0.002725620652864195,0.029020440343890095,0.030641272322301863,0.018206251698896482,0.009139845839520244,0.007583831666759166,0.007418057353418137,0.007179003700023062,0.00811396759821288,0.02673978450307742,0.045565567673282105,0.010086929760777675,0.007718760841218601,0.004781717384808279,0.004603166744444952,,,
0.002213578273445825,0.002155394138418633,0.0029451813311721997,0.028672295509175123,0.03647496053735291,0.010889031789009627,0.009355823325402354,0.014924581597459694,0.0068884007297946755,0.007426270226988981,0.008321000804718657,0.015616359183936777,0.053952439424370224,0.010858467636709505,0.007401385229677223,0.004437909634159419,0.004441196190634156,,,
0.0026779769702864674,0.002554031874264103,0.0028442592949451994,0.030802327872856024,0.043282594325732164,0.01143173888993398,0.009541133686555951,0.008031024541618803,0.0070561878580438055,0.007232998847732419,0.009083800034916914,0.014923104204360597,0.05606590200735852,0.011105209684777715,0.007733071914246112,0.004746121063202604,0.004789305911518321,,,
0.0022016815718315288,0.002379473667233813,0.0026014527610394504,0.026500025636958684,0.043849897374056666,0.011461623025879946,0.00957495526975687,0.007920119742295981,0.010588026154708004,0.007312534713176393,0.008056500214739321,0.014934463334710331,0.0526442478694838,0.011057075993151994,0.00806313805000694,0.010668109611321952,0.004298359694621294,,,
0.002593338610441886,0.0018671471191266044,0.003603048421474552,0.024758394666148466,0.051635579589254396,0.01138171015320826,0.00953790470963429,0.008384855813707967,0.007115491518571713,0.007366651490584367,0.008158283029498456,0.014519155697690236,0.05088258201945073,0.011898022394104429,0.00840505580102086,0.004767592361532536,0.004739831728808727,,,
0.002478783052426803,0.0021114716764773066,0.002481920422802775,0.020976056052293624,0.05882692512609612,0.011782596740141536,0.013512914846138015,0.008119360518727121,0.007764663870320813,0.008156693123800723,0.009503541870002366,0.013548763650959654,0.05079036083807055,0.012473945898860946,0.008311058387671153,0.0046686318207927666,0.004940269474289466,,,
0.004011169766812975,0.002624162465318867,0.0026779769702864387,0.022547641636445834,0.06030113081361868,0.012211112377348675,0.010171437659094243,0.008236127381714267,0.007665014975828739,0.0074140349722298235,0.0080809727848706,0.012662455649776768,0.038481305492848734,0.012926020045021287,0.00830852214318337,0.0048827027674549954,0.004724758069247978,,,
0.0024158511021273817,0.001988740992133207,0.0026218137785614295,0.022566112703082498,0.06098720822380592,0.012551348196097907,0.010414781142983318,0.008773195421770396,0.007567053446949936,0.007419980330128898,0.008169721216720159,0.012875753590646138,0.0421219495232665,0.012836030213083742,0.010916748525804877,0.004805526688654906,0.004432646075267448,,,
0.0022099132848837745,0.0021128532786527203,0.002268985966652525,0.02059858410217004,0.06318608666569266,0.012894500746318689,0.010496402738820068,0.008568006656161172,0.00769220884296284,0.007521711874915405,0.008270973197797555,0.012342558875820284,0.034806742658407296,0.013812434865884397,0.008725352018967734,0.005005471438058985,0.0049901605789100965,,,
0.002927845867668007,0.0022281779454375213,0.0031678472900008104,0.02092987954343026,0.06742674616606079,0.01376436922078687,0.010480327280167488,0.008465060139678477,0.011645499362160123,0.007723002368873827,0.007729213472388202,0.01146210393333781,0.03041383941430163,0.013938877004734517,0.009099919607634763,0.005090768920204632,0.00987879954128727,,,
0.0022380513223697533,0.002329901601174013,0.0025438553944096072,0.019528337288439213,0.05889836399049195,0.014587220235218905,0.010734011863147664,0.008661948321782895,0.007505313213355351,0.007357446668475144,0.007794006430165389,0.01162356658633969,0.028421883306164613,0.015103546102023227,0.009536272810789774,0.00474748720728643,0.005019895991675382,,,
0.0026163666196760433,0.0019518787877166282,0.0026218137785614117,0.017687282439905434,0.058263842327606515,0.013832959861616683,0.010745755911680713,0.008758399692473638,0.008151881771308043,0.007472190965440782,0.008536425053173268,0.010975399419435606,0.025108572747078634,0.017858625410075064,0.00912852212922073,0.004996653959118152,0.005099360082121735,,,
0.0022216199661049367,0.002033879457737526,0.002240223415005837,0.018418494854987512,0.0581190100943292,0.013884431518001693,0.011335322801926489,0.009047139282102544,0.008362978822037492,0.011321355214223417,0.010992756694171825,0.01123144163396823,0.021329774832781038,0.01816802839775283,0.009687398916058946,0.004810921460849849,0.006555226964402784,,,
0.0025130787147234434,0.004293302665915476,0.0026557274854389487,0.01825098717186883,0.044528620793691485,0.02442923372477635,0.011302695351537904,0.009533552358628867,0.008080972784870652,0.007528605888438081,0.008151444234806448,0.011639065945742742,0.02117764466418173,0.020276909262857506,0.011242983319061118,0.004727159366604404,0.005003138911826585,,,
0.00245987480092701,0.0021189828339698478,0.0027154901927711316,0.017489660797136607,0.05868965951558631,0.014287920657932938,0.011453699292043845,0.009234465971541459,0.00819033304054326,0.007954434076460317,0.00824132233628328,0.01131083953788791,0.01899759659528737,0.02322026858606351,0.010303226532663013,0.004998989511227385,0.004972651303753058,,,
0.002249611581729415,0.002008210286405793,0.002601452761039464,0.017443567708286752,0.058686758992895216,0.01591324949538334,0.011586462631250882,0.009472820219024562,0.008287617415162358,0.008165235226933956,0.007800701366510442,0.00967932919347993,0.019295562037627452,0.023109762203297555,0.01080458477258328,0.004875193110795498,0.00538872603236745,,,
0.0022110867421733685,0.002102854644906011,0.0023205588094174986,0.016180311924170757,0.06508734591297732,0.015586161491855502,0.011888207746700272,0.009672660737866573,0.008426323337802603,0.007628166481003881,0.008236914706648038,0.010408396969722218,0.018801934502271876,0.023172253625688678,0.011325936649160774,0.004716172026452679,0.005104444317869227,,,
0.0021751605675508785,0.0024578968262838736,0.002997018843256384,0.01655148939552439,0.06357802790801814,0.015704704587070427,0.01301521330614734,0.014288192975651265,0.008421704528927687,0.008004374157698186,0.007909632442889884,0.010377198352189983,0.017418176617655948,0.03409098903038956,0.011771336239730633,0.004929691359768601,0.0048650733425176776,,,
0.002246005392399008,0.0021636520961221778,0.002308230228154423,0.020052760718257304,0.06664497937525873,0.016528749567869466,0.012859349472274597,0.009860171964749585,0.008540374394583748,0.007754635347828721,0.008315075775521057,0.010277231118667296,0.015140618545981787,0.03347792051039661,0.012694397854920488,0.005027447477831864,0.004937906148602384,,,
0.002814924437030755,0.0023664930083119947,0.002193418966084565,0.015199951168966296,0.06620930735886078,0.018368148752448615,0.012764292814888046,0.010195667645232323,0.016060837831259403,0.007877428236431795,0.008318194738027446,0.013258697173650953,0.014845443790587599,0.03315594650362544,0.01347506989752335,0.005292864576835643,0.00523397237201275,,,
0.0024965093532874033,0.002203006600146783,0.0029779169134203864,0.015303166171269835,0.06278620452694857,0.017512356353478392,0.013184513384297818,0.010173382006245355,0.0087385712441712,0.008027188138658088,0.008068082701585294,0.01009660066716968,0.014941409213463342,0.043222622743846514,0.014288261054269944,0.0052869803453591034,0.0048212221504277215,,,
0.0021571985708304553,0.00223978916499398,0.0020838028677040263,0.013944295909852005,0.06716991014352205,0.018575557865036146,0.01462196526696162,0.010260464687829273,0.008963787912112777,0.008487972890490988,0.008624396698249067,0.009254633371277682,0.014222869565207722,0.04101824601356399,0.015882248490298973,0.005426919124431583,0.005150039533816877,,,
0.00247144703322473,0.0023785196152625583,0.002415851102127361,0.014310935881122316,0.06323554033556317,0.01874426472733842,0.013566102822939616,0.010635112052353131,0.009139029865795767,0.008171586345706892,0.007895518198897975,0.009676012295038063,0.013441702325101569,0.049339456991696395,0.015783478361878978,0.009963282889178152,0.004964820557490592,,,
0.002319999840648792,0.0021200536841148748,0.0035574951247555895,0.014211740200681309,0.0648039568497907,0.017797953987009736,0.014165762036415152,0.014253203025213847,0.00897922020436253,0.008805658517485495,0.008824197231093156,0.010118254309581498,0.014372092024722144,0.054105453156588816,0.015697435477171187,0.004912824600154992,0.004869403448841248,,,
0.0022200139579676365,0.002262116307489912,0.0022169447117508026,0.018754277676122522,0.06542839132516542,0.018574301044855638,0.02490949591547787,0.011140773311848956,0.009019033646135093,0.008570693103277257,0.009438632660976344,0.010066239525096988,0.0117361638760093,0.05361227871541589,0.016885322593852194,0.005022543531182389,0.004896959251476132,,,
0.00253171769614962,0.0026508393394113158,0.0020453254853415653,0.013396881263412978,0.05899974109709488,0.019603324656058657,0.01513888380713716,0.011269829589939967,0.013432460416931991,0.008840936855992541,0.008679860110044388,0.009570213213948622,0.012563458103643592,0.04779801411799092,0.019902143124829994,0.011336466923050575,0.010757215867133081,,,
0.0022506202792833795,0.002230941082025312,0.0023888575051526774,0.012835600782197218,0.05810613811589114,0.021696246917920495,0.014703518942385559,0.011242031578500828,0.009412385184743325,0.008817764594922768,0.00853767840745475,0.009300207479101591,0.011432164330309838,0.04023108232069564,0.020141689212134134,0.005237192744839778,0.005003398135106564,,,
0.0023166431957648264,0.0022883380097615375,0.0021481612517861284,0.012808922636201259,0.059210446615982244,0.021801797672230186,0.01657875557487238,0.011172741830387781,0.009514623727317878,0.008967838295780357,0.008297314379730449,0.009088617503370394,0.012220030907899432,0.039998296310494404,0.023559964360425106,0.005330467169143428,0.004942828468630386,,,
0.0021874979970812327,0.003055836788220252,0.0021781398328392047,0.012937252956791006,0.05007732302970113,0.021591156296627594,0.015387684108403377,0.01156189421041797,0.01417162042333307,0.01559167334629086,0.008624434293946957,0.009194739027495269,0.014673939608207788,0.03953915088870509,0.02858092417633226,0.008962738853722112,0.009046852565121912,,,
0.0034225978339519907,0.003444035613976811,0.002030209488283929,0.01234295292183638,0.0500745258356657,0.031709941271029655,0.01584742263128555,0.01299207397832495,0.009864117243578828,0.008933750740261136,0.00879655881083183,0.008802454430816663,0.011229333996413881,0.03228545959773558,0.02737320279641256,0.005521862690292215,0.004911570461365058,,,
0.002481528468426115,0.00291185508568994,0.0021696381418566356,0.0117651645520555,0.04798993608317177,0.022870624194306226,0.019753528748346936,0.011921027809893339,0.009954427099018977,0.009180905233309071,0.008689455182142725,0.008931718048962003,0.011084723558754353,0.03178913890105714,0.0356759674878335,0.005385837086624569,0.0047572437068402786,,,
0.0025969619022482345,0.002869342332873255,0.0024206779822687715,0.011666862879374944,0.04554731880093726,0.02424440289700835,0.016864955628447652,0.01218572793625183,0.010174784255496347,0.009795739183113925,0.008691842969137107,0.00916906644577643,0.011247596676929147,0.02690462364766597,0.03581667078992328,0.005640666000609779,0.005084076868603196,,,
0.002598334932596986,0.0035800272427230773,0.00225536949127996,0.011709916022742793,0.04100634756793299,0.02584978239920438,0.016741458854660503,0.012257121601913551,0.010213429398582543,0.009176666229212435,0.008933170018515166,0.009880538948578849,0.010401073706461494,0.0268051837747777,0.028395769477555222,0.005630309600677575,0.005097833822616201,,,
0.0025007916450048573,0.0031058279652273375,0.0023365719760810185,0.011187822422821306,0.04105692176271064,0.025433455015613515,0.01871398582431826,0.011702520609200963,0.010420134602416833,0.009461860742665749,0.008941586792413277,0.009019572891090554,0.010612007708924214,0.03126196997871372,0.04808866092043452,0.0056356052495394144,0.005187614848966257,,,
0.0025560623083514624,0.003825818027516234,0.0023110379535910717,0.011108099830524788,0.04111741039903203,0.028782995668253947,0.018065010224143547,0.01260599551949709,0.010624741151716254,0.014623805669552618,0.009186024753374208,0.009717575667785767,0.010248923833217514,0.019406100820034827,0.04442494805355715,0.006115704254188362,0.005371851946684624,,,
0.0024950802894549355,0.00338065732128783,0.002094356979236905,0.01037144758374584,0.033792337080307426,0.02902297646918133,0.019970646120381734,0.013393298782371315,0.010878753929919322,0.009608590315300081,0.008851383045358265,0.0098182215188832,0.009733578383188966,0.017553411484180784,0.043367491852115386,0.005366114754869597,0.004947024975475161,,,
0.0025233793162119963,0.0035915111376892067,0.0021882389943576703,0.01041338007438036,0.031311725092323654,0.04470271916466093,0.019914521012531862,0.013481613249283105,0.011007494749332046,0.00931831903888374,0.008350873513842437,0.00878501406355921,0.010459113243481186,0.02159451991032106,0.04520110566517744,0.005436649126329334,0.005237688011070454,,,
0.0021756077174307276,0.004993473257871503,0.00221650590106233,0.013900675592853939,0.0341635761347851,0.03197347471570513,0.018429758031507752,0.013169552620451655,0.011380770013973978,0.010189305293508012,0.008846216472391463,0.009756901860250602,0.010673092977235586,0.016821198801818732,0.03745093904786873,0.005450943896618965,0.005207577364723122,,,
0.002466193659161855,0.00484905176161337,0.0021153072321844105,0.011100624779453427,0.03115692486558379,0.03563982240253742,0.019665680893208245,0.013514762326454492,0.010842211273409808,0.009513908058932981,0.008960025202091888,0.008210893122620733,0.010594883566355713,0.015441196845370384,0.03778209707421525,0.005602598943074603,0.004816848731719192,,,
0.002530564790012158,0.004941778785102038,0.002342808204302166,0.009745297006704309,0.031580019406237704,0.034073027446336654,0.020920194945395685,0.024030615542900806,0.010624710634136557,0.009542221095927759,0.009705055186327187,0.010091814566188477,0.010192486965808406,0.017614833173704485,0.03812369023535262,0.006093821789910114,0.00502970426632714,,,
0.002643490172679489,0.004286273319582417,0.0021116252324701284,0.012156210242470707,0.0304654480096236,0.030686106506450813,0.02112084298294527,0.01428190565156314,0.011649508005870163,0.010602378781910152,0.012526730891550113,0.008862914509055363,0.00967534207648269,0.015732449085889482,0.030376855357070805,0.006145744560998151,0.005097134134274392,,,
0.00278772422490375,0.0037917661906053165,0.0020491266200786057,0.009787294992731338,0.02781756937600034,0.040573282468808,0.020433524480410647,0.014777690957959042,0.011312186777907386,0.010154847783042096,0.009439354036556725,0.009586056043071875,0.013189824307316364,0.014649436362813767,0.02202894739676212,0.010588026154708082,0.005090259359228402,,,
0.0037011525717233146,0.0035883499533619968,0.0021005405090174564,0.010227927271939455,0.02887674815912499,0.04660272860790902,0.023603248536854072,0.016444437376667783,0.012063031570079092,0.010438415227111713,0.009848820484713272,0.009465972033248098,0.00968950732053469,0.013363318459106115,0.02190032650782512,0.006008679253014157,0.005357648747820421,,,
0.002807658317951,0.0033381899159544703,0.002417327004746149,0.011756562873701267,0.03375412697184422,0.06063363290493791,0.02345490214218927,0.015380707874848399,0.012185382024066656,0.01049278790791031,0.00958723981786546,0.009170728331680011,0.009877749184814344,0.0133448654561269,0.02201764041302439,0.0060679609685171795,0.005256658598936133,,,
0.0022227872431937793,0.0031678472900007774,0.0020198017840390263,0.009377320369803384,0.02663747754026146,0.05879243333464657,0.023714353960381376,0.015966950289779718,0.02174103437831924,0.010326613552918003,0.00968549091652347,0.009496749980335418,0.00917072833168,0.01319631253279768,0.021735068049210427,0.012067008990335642,0.010833355651552367,,,
0.0025305647900122526,0.0033069620086446736,0.0021608029151498295,0.008976330928132178,0.026144623935933305,0.050083020534299194,0.02458181752724569,0.01599811144043035,0.012141477895389224,0.010415870732713196,0.010214445236950727,0.009379256489770027,0.009562349772617395,0.011254945307540006,0.02053159194222026,0.00614737986023606,0.005241834028705866,,,
0.0023849180712562238,0.0026395622504908687,0.002320558809417515,0.009064933792563538,0.025893897083254704,0.0532344239682556,0.02348087690773696,0.01581385286137036,0.013045073997907082,0.010618605355290729,0.009971090289986342,0.008859731128813282,0.0109642562339168,0.011494532775601788,0.018731182768275532,0.005445290037217247,0.005769788875495959,,,
0.002563156161285883,0.002901145598474896,0.00237183050619056,0.008945538490592403,0.02173752935839723,0.06252744550613686,0.024276118290112416,0.016267428386135364,0.0167733268665018,0.010477233018099785,0.010737303907341214,0.008246160143768303,0.009871707466279255,0.010525861988996393,0.018301815025165844,0.008100849840713041,0.006560912738809673,,,
0.0028168819246553265,0.004796341650187273,0.002059228676661968,0.010371447583745726,0.02186251073177943,0.06891130281809765,0.02719259555158173,0.017390007824720822,0.012083978918173139,0.010293907244537302,0.008520647435812273,0.010761916947222993,0.008417083185517807,0.008087349983904653,0.023449924968702313,0.0069945738850509444,0.004667867797816768,,,
0.002655727485438943,0.0021463492217278423,0.0035719574710517134,0.006652442754005176,0.017445853881645774,0.05680558213954728,0.02631613661353696,0.01734252815561281,0.012639517072934063,0.010936778484395436,0.007757979629058428,0.012037604218581976,0.01060409123018384,0.013935713064750652,0.017933995260010226,0.007796335755752414,0.00501504931474665,,,
0.002418399822730733,0.0029363607623034407,0.0024233554280404996,0.010387192105138679,0.025038185612134247,0.03770044678688967,0.0272311062231108,0.017821548714592104,0.013468138177699734,0.011966960153489699,0.010219776731785996,0.006411191220013993,0.012696415516367634,0.007081873828135873,0.009904498479904022,0.005912065850462114,0.004451988198077379,,,
0.0026682732443088627,0.0029767189727971303,0.0019848242163132833,0.010799541988392253,0.017485952602908764,0.050191046875627844,0.027582395062226216,0.018776670727686764,0.01433266996615344,0.009709297264125867,0.011017122774018777,0.011878521472640936,0.010749858773187456,0.012886426456803905,0.015088940890787345,0.00531950688601525,0.005383970485307658,,,
0.0032423045948823895,0.0021661981867572466,0.002344330092450832,0.007559851382144185,0.020559367590415552,0.04043233150043363,0.039514869944837806,0.01848760211045569,0.01569629937465617,0.01390872057998477,0.007230353511607885,0.010785121041347026,0.006372231854501024,0.01009133261818065,0.016089560279268618,0.008599736205516444,0.004080413117169491,,,
0.002820103059984029,0.001952044897992072,0.002201681571831555,0.00802444095550499,0.024728517299925243,0.06136174612556804,0.022630105424599922,0.018936653311569168,0.013854250197120468,0.008864121699046063,0.013002676302964956,0.012251009373083143,0.006493203771654209,0.0050160836654465175,0.005444099002832885,0.005112124616703032,0.006496149293905213,,,
0.0026585340996880514,0.0023586703232092074,0.002156446907484559,0.005408006187322181,0.02091934248613547,0.08349671337631893,0.04496616502585123,0.019604565124193243,0.015467233947258172,0.013766913092073915,0.009715740340191096,0.012521553037127299,0.011027712712965912,0.01049973840122129,0.012503854500345479,0.005472316038570217,0.006723033850305843,,,
0.002733697991429688,0.0026969190388384905,0.002031486751378703,0.010097210812260173,0.014993508865708112,0.07835528758053596,0.034322651838198645,0.018438622940626266,0.013407695512945248,0.010419014338520452,0.010595036582939525,0.008787707964603389,0.012336883217650401,0.01532207522326502,0.01624111691826923,0.00550304037619934,0.00479803139540449,,,
0.002618844005535193,0.0024721029200314906,0.0020869125588351928,0.005029704266327132,0.02405898770021674,0.06288023112617713,0.027288199994865196,0.019436152303037916,0.015870648361779763,0.014395693441169378,0.01299726396133831,0.01170792221392442,0.012959814667062112,0.013553094542662842,0.010532267316861714,0.009518167196664536,0.003976503634237117,,,
0.0030130957072069353,0.002574264149021545,0.002157649443146123,0.00548840868431838,0.019300686550190675,0.06882361282178602,0.04820078043735393,0.02182629331359129,0.015406741974991582,0.014090647004822486,0.009753578098662006,0.011773567169627252,0.006585379484755229,0.003954590752574517,0.012376243787348723,0.009562214139336238,0.006396355812559702,,,
0.002892751224293819,0.0019224198288457987,0.0022040366270007186,0.005390951871417905,0.01946149297308916,0.09124646479721667,0.05625591704142451,0.028433825123508883,0.01347677821119272,0.012745786609138011,0.012800591727544452,0.010580183670527278,0.01197841571882303,0.013418646028595804,0.013327360095619675,0.009851980470779337,0.0060973856930959585,,,
0.0027722118009953925,0.00278621178129252,0.0015437521682436783,0.009311078642562833,0.01802574995890629,0.0875167084092297,0.06029209672844568,0.020882715925646115,0.015105778595198528,0.011715037447649713,0.010698429606066902,0.01262380770416557,0.00885094345443426,0.012711856610134959,0.012324024501227517,0.009479766068590743,0.004228391274800396,,,
0.002452614428545849,0.0022467270933246093,0.0021673953121245947,0.006144425454269308,0.01859664928260484,0.0811323867984375,0.061540173459567866,0.02290545934659183,0.014686749915884503,0.011389456223707635,0.011702160413567765,0.010612496564130625,0.008420664947788762,0.007945991803177116,0.0053184705808254785,0.012725801273097108,0.008507089584038903,,,
0.002796086022728294,0.0020186777538618566,0.002026212851689682,0.00934142976921154,0.018688325562008425,0.09092012819436099,0.06229529701802394,0.024543641609701954,0.016854782153942992,0.013358270697101897,0.010695913801230994,0.007086313544854075,0.006486159054554429,0.015246808701624764,0.014651981475540202,0.005733427673031351,0.004883167587558631,,,
0.002956170031873668,0.002375245670675313,0.0023344895313168264,0.008861926685838723,0.013136223535591173,0.09005752292538888,0.06667563765692487,0.02343776792916962,0.015785943336416065,0.01372943765939216,0.012918191354467552,0.010651045224188438,0.01148888973581249,0.009017595501937977,0.010701974977128706,0.00857678178844399,0.005817916985400894,,,
0.0024110145585333653,0.0018636707669784998,0.0024956000437131227,0.007296554698589177,0.014291891444072303,0.08707533810109588,0.06510755323935068,0.023173303049654793,0.016720528825266652,0.011919150926025976,0.010060407693718708,0.012836004952841016,0.011717472799270046,0.007981007462556129,0.011341042253320504,0.009913137209976403,0.0063088209142136515,,,
0.0023990156977022176,0.003086559037387931,0.002925297650245569,0.008529015109021224,0.016848028499842876,0.09206733571812586,0.04872255218023155,0.026147438997514587,0.016961041221714924,0.011853382179127332,0.012734792190349852,0.009304982598921385,0.010334648461462032,0.009690210020082413,0.010016123719437352,0.009708395560210737,0.006493203771654284,,,
0.0029455115886720617,0.0019020726005345378,0.002984877213706913,0.007542675929977094,0.013802360603010178,0.09073405585558397,0.06527355184283365,0.02565653332672048,0.017624494338922714,0.014781530176903389,0.014310414763776293,0.010465094688287215,0.011144701657479297,0.00893142762672602,0.011939834734056435,0.008640360130815584,0.005346198372443767,,,
0.002624162465318914,0.002230941082025306,0.0018823667990755543,0.007663491973864624,0.015260731672768528,0.09484591292588807,0.05477569684622745,0.026177678694166095,0.01714373159000826,0.0137554855382492,0.012684176921012995,0.011726103152168004,0.010956919789201842,0.011378718531477492,0.01046432008249231,0.00861085158081736,0.006948389839932601,,,
0.002346541985941993,0.002516302182243151,0.0021691897614278086,0.007239316837281276,0.016842870040428493,0.08682590744539437,0.06450249051862991,0.026082876769403362,0.01766629833568979,0.014328257898298233,0.01154519601561244,0.009952049019948754,0.010937756786352976,0.009576140416796148,0.01197408393317707,0.00868646952538125,0.006718016228109339,,,
0.0028323786515337904,0.002301900324390201,0.002539390360561903,0.007285525854289781,0.014872153277517635,0.08276879263139304,0.0677025527345315,0.026210172197858563,0.01879351701759071,0.015341256864254195,0.012998186962370317,0.011071142705289225,0.010221077448240896,0.009811614414872603,0.010046507218500653,0.009576411286954297,0.005796868154085805,,,
0.0027074782924057608,0.002111471676477306,0.0019889040237350054,0.009612638850384112,0.014601994199884765,0.0830171962476486,0.06686676978982853,0.02744081458414246,0.018624368422726894,0.015031348851229078,0.012673717492967832,0.011555189767955585,0.010777452064734891,0.009879094933924058,0.009417723161728868,0.011065518166261494,0.006526028252458091,,,
0.00304903847771191,0.002476296481858429,0.0021139272338432003,0.007575275993784771,0.01426066262559474,0.06280169523520598,0.07287205717072401,0.028445739130415405,0.01873187516433122,0.014769877809731293,0.012719888767430253,0.010860139704461926,0.014875401403119666,0.010300079067633859,0.009535184723065034,0.011580724395669439,0.007983119764414518,,,
0.002725025785956267,0.0023855977481120998,0.0020805326896831933,0.006905325341802575,0.014276478623271178,0.07111206807429725,0.07478317283915092,0.04011388822337865,0.019051793843208317,0.015199929837243343,0.01396362865845602,0.01094119497178863,0.011073485420045883,0.010399577256744128,0.009445672304593662,0.011362065042272478,0.005705592721104123,,,
0.003660632283281832,0.0023477852602689646,0.0020966779399940487,0.009589167366881682,0.013447297467640158,0.06483257005168382,0.07425317912073706,0.03158596360225393,0.026951583493241983,0.013728044216663121,0.012572333008415528,0.010749134852598482,0.010395460909276283,0.00949879829764365,0.010489079094932735,0.016294035658315182,0.006220784011691259,,,
0.0029588012473762415,0.0025233793162119495,0.002156446907484564,0.006592465725583738,0.013317551912320412,0.06437101637869541,0.09083051849186968,0.033184909827195935,0.019257901326760415,0.015944190223935204,0.01281233952673762,0.011448036124368201,0.013605148367091225,0.010560306353068599,0.010266530286479865,0.01703739393583239,0.006542700868117085,,,
0.002918972914867625,0.0021564469074845907,0.0020775695217985957,0.007638361048234166,0.012469448220736413,0.06355019681921666,0.09874833532065869,0.054697978785938815,0.020340962572865873,0.015147384269765302,0.013084906150288867,0.011390025579801122,0.010463080593941122,0.00917101117588394,0.010272466048075813,0.01753552178616817,0.006365053249445201,,,
0.003105932361051524,0.002080532689683193,0.0021419638204907858,0.007020808574226899,0.013185620002998335,0.05893499449286805,0.10286018298934677,0.035738731967734194,0.02395872617626412,0.016428951956586425,0.01353765492603656,0.012450008955666326,0.010109566345550961,0.01069979334934588,0.010396427773677283,0.017500632447067815,0.0065055759711347295,,,
0.0028927512242937843,0.0025592316366715496,0.001969902363658817,0.006810767533757547,0.0122723492251136,0.054314932023469285,0.1057145329714536,0.03675245467468604,0.02067400251135676,0.016758319494022584,0.014223143128400841,0.014289100663897488,0.01083745526795438,0.009714805858406882,0.009660048477028484,0.01818736402491093,0.006334415029432142,,,
0.0029888937433332373,0.0021153072321843723,0.0021212768509174143,0.007280406002557976,0.01716556230811752,0.0625393660126957,0.10567665011319828,0.037374152652293505,0.021716457497737512,0.01656075279447846,0.014385080976697115,0.011507388558999715,0.01117285791263154,0.011581844274639473,0.009952863494564123,0.02248031340462145,0.005974532142806596,,,
0.0026556053914461013,0.002346541985941971,0.002801067968750038,0.007554230721870132,0.012436980424397967,0.049336125060074114,0.056530336487285025,0.03696243414090927,0.0227940953408733,0.02047085971378614,0.017666298335689806,0.011630259491014929,0.011281906813943756,0.010185358639553225,0.00965249336518028,0.022086863558538727,0.0064896074247865,,,
0.002702683745891063,0.002046593314680942,0.002121276850917409,0.007258997195173744,0.012180192162437875,0.048854671321249425,0.10910528503144497,0.03998078272083569,0.022468353284693137,0.016981674820536127,0.014198684020710001,0.011809836215751462,0.016489626631758507,0.010133112347471896,0.009976259328195224,0.022006077140506564,0.006614316197551076,,,
0.0029693027932468042,0.0024023922168928398,0.0019278094867428179,0.006987895423421393,0.01358184432741838,0.046733236529895916,0.10934004374240729,0.06896856474128515,0.023387565474768588,0.017227708074319725,0.014920583607919783,0.012421641387342726,0.011251055453934166,0.010706215758544035,0.011737793785589545,0.02161431557330473,0.006215360939551072,,,
0.00262811340379839,0.0023372657120234583,0.002190608501272066,0.0066746312492699175,0.012089424647521285,0.045446091294173326,0.10728234452407878,0.0434078242489343,0.02343155558549344,0.017690948433498745,0.016888778695613497,0.012345054288165729,0.011409025750550599,0.010289338972574264,0.00979007741282924,0.01845156087109762,0.006416600378418298,,,
0.0033056871392672144,0.0022697003604130322,0.002066302113807499,0.008694789489423569,0.012012797843620112,0.042417672065819305,0.10897061427873599,0.046514430153130476,0.023467575340151665,0.017383685938274322,0.015319366288200301,0.012821244469847743,0.01129842017344559,0.01028193091109148,0.009750120184668542,0.013000880752753059,0.006419025435731809,,,
0.0033362467352111456,0.004204167098681949,0.0019731915667570805,0.006494951276536069,0.01162164166287211,0.0420681623435285,0.10493504484881491,0.04653954599066124,0.024472729328999004,0.0181729534432082,0.015390718099061227,0.012523753886829449,0.01139696943389553,0.010290756929170674,0.010306373036487411,0.01531555603760748,0.006298687990796989,,,
0.003160161438102135,0.0022157743567996434,0.001938711101914549,0.006992348439914991,0.011230286813064485,0.04193699178004434,0.10344769515818933,0.04730727499249746,0.027658593835971787,0.01903911052739419,0.015818424503441737,0.012407642342130945,0.011642854015206117,0.010767067696143249,0.009644058234133272,0.012643107976063451,0.006614855407445492,,,
0.0032074157647538574,0.00236484827765463,0.0017381820635844493,0.010323316176416093,0.011492586239942587,0.037690167844332344,0.09743523805672169,0.05669162936821681,0.026890917607475258,0.031230434365253575,0.015436996587735346,0.015078794838376233,0.012838429709503753,0.010098495207741106,0.010345654930808237,0.01126177091187133,0.006331138201573523,,,
0.002801183722535307,0.002869794304575349,0.0019817179453014405,0.006405676259316771,0.011239954773913907,0.03491574919198082,0.08998300752464002,0.059918058973477704,0.02688561172380179,0.01943072977912392,0.015595582461809468,0.013395307994461191,0.011535840090199347,0.010772637370369285,0.010255249197694728,0.011546178930852646,0.006429119995170247,,,
0.002890508607300929,0.0020172316518905988,0.0020198017840390397,0.006352866731550433,0.010724825042827128,0.034347884544452194,0.08049536278027865,0.058562958118714634,0.027977090256561,0.020049785329658162,0.01598896820783654,0.013136223535591221,0.011853683072559313,0.010332891359103535,0.009766567571342661,0.009899947028285129,0.006420641631753693,,,
0.003063784361559668,0.0021720279408923714,0.0022883380097615314,0.0077160719337145585,0.01133761092871707,0.03519113727825426,0.0821052784016313,0.05884442792746646,0.028488963885217718,0.0301683285660336,0.01663732496308365,0.01369027291613902,0.012258417743501383,0.01097658105648982,0.00994057413272825,0.00955851739163086,0.006912505753881995,,,
0.0030452077584916465,0.002711307825143526,0.0020943569792368877,0.006635654967132326,0.01109375848223403,0.033733563945968076,0.07445959840296872,0.06471132751980077,0.02911739277295677,0.02044334446585625,0.017269364818903458,0.013479689063778728,0.011630705547719793,0.010716144731738453,0.01041639992088675,0.010238320092825371,0.006741095225691689,,,
0.003027695372860748,0.0023801548987938156,0.002026212851689655,0.006532434378473625,0.011343243473238793,0.0333746232727935,0.07549389312197587,0.09846315146134986,0.03188975309776401,0.020750959412959232,0.016606718939105324,0.013314703021931421,0.012174733768629037,0.010779347260548362,0.010156284516470247,0.01006685151035611,0.007038750774900605,,,
0.003066428975225636,0.0023093537279669637,0.00211515394349749,0.00932916909719593,0.010306970763622431,0.031096246724799822,0.06743380028887341,0.072145582021851,0.03077831807936962,0.025612123742667144,0.016664431242818214,0.013751265546991185,0.013120046233634917,0.011320438704740539,0.010105941482481043,0.009537598749869626,0.0069667047253532685,,,
0.0030399859674486583,0.002371830506190558,0.0019690792043885286,0.0064037018627874824,0.010421628100289217,0.03151514569747262,0.0616564664791496,0.07239807706803827,0.030936008642795818,0.021248749869948638,0.01729872351723764,0.01394557474335996,0.012560231657584122,0.011070205480570042,0.010383445574972653,0.009521811505191224,0.00698376456970281,,,
0.003087924376532349,0.002673129510487567,0.0022040366270007416,0.006080771822451359,0.010524290856757452,0.028345288496348705,0.06193398672474881,0.07872355185889168,0.032794678185922924,0.022057409996802845,0.017880399317233737,0.01402914223860079,0.012572204057574874,0.01488760278666663,0.010428346193806672,0.009266677753610238,0.007282320803229076,,,
0.0030637843615595904,0.002747894199015307,0.004778461469963277,0.008281942559176641,0.010437669705900404,0.028514446559099918,0.0603511433272774,0.08041059576086229,0.04539389292310468,0.021865476712500356,0.017502725916128822,0.01448937901929271,0.012517201984177705,0.011164264566536297,0.010202153156423255,0.00924485329271314,0.006991189073341962,,,
0.0036438531317692356,0.0023582578841322677,0.0021419638204907897,0.006109763379933076,0.01009952260651981,0.028453523292756404,0.0564192818029536,0.0891027073988205,0.03434668565503099,0.022084397136997367,0.018171169160655316,0.014492310219063767,0.02233555637221446,0.011097148334388435,0.010497020534050676,0.011366173648576347,0.00935027662702887,,,
0.003015677254766542,0.0025592316366715635,0.0020146582409855934,0.006354907944446157,0.010446208948469942,0.028505268595962977,0.05128246785013062,0.11105296108124443,0.034431985575618135,0.023688744706217468,0.01831052938284398,0.014355387581200911,0.012786120030932912,0.016033115566209063,0.014120368976477187,0.008936073249855818,0.007339797595574752,,,
0.0030664289752255435,0.0025080418327231772,0.002551110294061881,0.006529207271143571,0.01369197806055613,0.03295120142901368,0.057792552479511795,0.09293438293456242,0.04268838444174428,0.02498150468144799,0.01886503185701774,0.015341425945124415,0.012834110292944454,0.011438969224387287,0.010869361310057175,0.009128202447750852,0.006965773833070309,,,
0.003165901972239788,0.0026237917598149058,0.0020491266200785975,0.006046120220876172,0.010035398823111,0.02566134785870834,0.04841031803579113,0.11154846096598961,0.038765725030323606,0.02449439521805844,0.019123682275785245,0.013917110390953903,0.013864544007409982,0.011757031717000144,0.010691911542875052,0.009380639187946535,0.0075535439424040405,,,
0.0032347956578581377,0.0038787599379395583,0.0023086516046562076,0.005786623213877417,0.009524535310842276,0.02507807824088956,0.04893726342172619,0.12308144018371664,0.038501185560617594,0.024542214802803008,0.019820844114337124,0.014859961028286212,0.013318233607683548,0.012170605065156322,0.016757855134223103,0.00876480191055129,0.007060597803622065,,,
0.0031041571545542676,0.0021981442581449407,0.0019560273126681326,0.0060624011912962855,0.009453084013321306,0.024589664488089084,0.03773580387024211,0.1190828612196515,0.04006012443336084,0.02515523770918604,0.01971578898315864,0.015458322069286767,0.013187980479208208,0.011504542354309266,0.011102873663866962,0.008813314141059458,0.007475314609860661,,,
0.003066323234472221,0.0025214511587390988,0.002127382135814623,0.005864986841261733,0.009960809269836111,0.02464878566198324,0.04555845119788233,0.13167275273859452,0.04346243033558904,0.025226480753019472,0.019986031803450523,0.019941318831681976,0.0154361774043332,0.011778605862927616,0.011350644443791684,0.013101423829043616,0.007531663085532142,,,
0.003251092968186874,0.00255301605166278,0.0019353632992060998,0.005688461590420457,0.009316927091958959,0.024131263645206128,0.04225935975515098,0.13100908059623778,0.043861253605197346,0.026928029520093044,0.02042747784507488,0.015708193390644238,0.013781507712317443,0.012352406255162374,0.012775236464999472,0.009059208992477188,0.007778557030152107,,,
0.0030169672001830114,0.0025120463315167693,0.0020004453069683956,0.006157972393215148,0.00929940557627466,0.023032465325720293,0.04115682017740878,0.09253398637083247,0.045545183119651896,0.02730256166557748,0.022388204841220064,0.01572189338275541,0.014247469215781117,0.012365130568833843,0.011176310807893969,0.008924163999149682,0.00748368128071017,,,
0.0034180475135256127,0.002468953074301153,0.0019939513917412344,0.010601155435213349,0.009423402201664545,0.03468150383438137,0.04008613773772108,0.1356088092380953,0.04698173768974495,0.027637484430999223,0.02128587382074556,0.022949822557182177,0.01404824282362169,0.012070528451302447,0.011448177737702774,0.011311298190803133,0.007361015453616777,,,
0.0033879386865337496,0.0021815609580503035,0.002634028699820655,0.005779222146334786,0.009341672735970844,0.02227844683348464,0.04014805671627552,0.13273777064279596,0.04663433300881594,0.0289865780364651,0.02124233999971324,0.01658681135507592,0.01429806099124126,0.012732118501582488,0.015107839065321914,0.009077765674637561,0.007532050528940605,,,
0.003259559240768225,0.0022883380097615336,0.0018523275650325249,0.0055844552197550894,0.009365522142996487,0.02227553583967572,0.03847755576976995,0.13411504067115473,0.05340008603923827,0.02902655124741851,0.02297319291803115,0.017044243766933316,0.014429528971432947,0.015368054061209092,0.01153058283361369,0.009045705606320476,0.007860657956673327,,,
0.0035958419570942465,0.0025068780381466435,0.002157198570830467,0.0057226159097657605,0.011967366566742625,0.02403443370938946,0.037830125001402475,0.13387878700492867,0.054330880576214685,0.04524859663076419,0.02279701123361879,0.016944267489396935,0.014614046676120962,0.012648312974766294,0.011543960232000676,0.009163654389257187,0.00834998044080985,,,
0.004846376348702261,0.0026556053914460155,0.0019731915667570393,0.006073088552948718,0.009165352633369156,0.02157823755185256,0.03570944289355825,0.12694672428967,0.05407943833011014,0.0304541644390079,0.022663536277944377,0.017126076587321716,0.014681803811517216,0.012820561639255811,0.011714345494045647,0.00906575643539186,0.007747314699690117,,,
0.0032436043762914934,0.002632181597819453,0.0018676680138554123,0.005675679283912787,0.009128202447750831,0.02069392665147147,0.03521470726787294,0.12638887020740194,0.06165655062038361,0.031704214634374964,0.026933327047433182,0.017586389390053806,0.01508825323842485,0.013093700012394521,0.01208835179147888,0.009448795538748979,0.007891615921625928,,,
0.003305687139267296,0.002481920422802756,0.0034183320860084404,0.006094407051338771,0.013151049629669707,0.020198403111258045,0.03384985873502108,0.1061723118372542,0.06357835430011069,0.05007196807936043,0.02343245502450775,0.02461075314935717,0.0150346919812922,0.012791064045026005,0.01202207926209819,0.009434509456681516,0.008208207423431396,,,
0.003463562549280146,0.0026089203472389523,0.002169638141856636,0.005733710429649805,0.008632551127433438,0.020285094822443724,0.03227179830961513,0.0961731818168883,0.06446364681665583,0.033630897664019506,0.02415523597890112,0.017809172662881095,0.01503814217470072,0.012955911123412937,0.012253523429366902,0.009108039894764572,0.012369325409192273,,,
0.0034926482597633646,0.002526589642077251,0.0020326036981904434,0.005871617193653622,0.008631912579289464,0.02037008058873952,0.03140328700850117,0.09587166766281634,0.06765964229098043,0.033426588247726735,0.02613979918278161,0.018736029003322944,0.015904607923578017,0.014698490243214946,0.012000726671740196,0.00952538634037735,0.008284486940843843,,,
0.0035229666347408955,0.0023243283325743865,0.003926201954309262,0.005999174406700064,0.00899653637579338,0.01891926609507773,0.031134396611799658,0.09596611507725401,0.04898656651058531,0.03180896101360432,0.02532459121652873,0.018512840020973247,0.01609971381195604,0.01335353668727949,0.012357786171863191,0.009563705999633139,0.008622591911978433,,,
0.003462813549422937,0.0026737359235782447,0.0017589504973402202,0.0057282790639569,0.00883888282016929,0.019191517370817802,0.030977831084967496,0.09593768584509631,0.07697012655138293,0.03523827989489152,0.026305994482420707,0.01870400331195797,0.016200638969795886,0.013534612802106164,0.012072032640639439,0.00942323015983071,0.008526087357536195,,,
0.004827069602122567,0.0037024664193957817,0.0024324366992051257,0.005892288957467566,0.008640923007281448,0.01886721453102708,0.028645232783265483,0.08554027700341103,0.07753196445191354,0.03672708182429953,0.026460046590215006,0.019203525967427613,0.016704057085498072,0.013412265358072557,0.012512227499517664,0.00969753513816602,0.008826254684530497,,,
0.0033369269771869083,0.0026993224962612175,0.001943388336943504,0.0055315429198203635,0.008452180385592437,0.018726958597965596,0.02806839413668641,0.07879123465656973,0.0481066804204486,0.03404446730150038,0.026558483529629872,0.020061280177312714,0.01616537580737558,0.01351963174623463,0.012717849335037319,0.009599441091491233,0.00923021643717425,,,
0.003504511027486118,0.0023586703232092053,0.001556511531956476,0.005854307273565264,0.008637920575617521,0.017662920942677834,0.028600611728512228,0.07880325009589029,0.08517640674515625,0.03954967073439102,0.027412122129067917,0.019544933847155218,0.016250996192941885,0.013758337424829228,0.012683537839167461,0.010072293321894828,0.009181505600622353,,,
0.003951227690853135,0.0035005303630609146,0.001908879108599926,0.0058387788739172755,0.008541285521734355,0.018174648349381695,0.027368938194084605,0.07198522843294265,0.09401036231214518,0.041418802508669736,0.028432057548993788,0.0201020491242852,0.017073894612972904,0.014093039953314897,0.010946054011936325,0.009890608365456731,0.009486501759732695,,,
0.003728385266147547,0.002647779665569805,0.0026591438412386786,0.00569256409345293,0.008366079925803795,0.0181312982767736,0.03955036758558673,0.08299838032036486,0.059196245447296084,0.03997708442660946,0.028479493084735536,0.02095562652368421,0.017542324977886818,0.014374799024254863,0.012964817490899214,0.010077667846745974,0.009255649345674652,,,
0.0036282476933286152,0.0027398587124074984,0.002059228676661946,0.00865861616227434,0.008143922890453821,0.018256529217826983,0.026176997446496323,0.06546798498696357,0.1056743918672547,0.04419042275874843,0.02980481064417841,0.02069369162399262,0.01751026403580057,0.014566155357183294,0.013075660030608782,0.009957423321263153,0.009766069572659342,,,
0.0041058414334906364,0.00460316674444494,0.0019266317874220907,0.0058556363631500595,0.008085425321769217,0.017011968400810335,0.025367638078293137,0.05983878897098001,0.11880884833142653,0.04707049588709106,0.031149504001327075,0.020806558037054376,0.017356413939357433,0.01488522865841016,0.017841623315618525,0.009999794973718524,0.009786731787654546,,,
0.0038346219749651523,0.0028241243126468215,0.0019007083740004837,0.006148698333143405,0.007992212528758166,0.01744297288236001,0.024600276980491203,0.06087396712395095,0.12419050403845763,0.05059986532570736,0.032060001781426505,0.02277549596925902,0.018018409502252065,0.014906995473662138,0.013529628948367442,0.010123027910033623,0.010610541008167874,,,
0.0037165391377964193,0.002694994729611028,0.0018883859856009138,0.005728279063956887,0.00820346580936611,0.016977454615580426,0.024585444585128614,0.06057431033552152,0.12799502484714775,0.050703024128834824,0.03319683774946182,0.02212727071554302,0.01879434513407492,0.014993746743435904,0.013547064414810418,0.010176058859865217,0.011105063697867257,,,
0.0036665620131934914,0.003763699945929037,0.0019278094867428372,0.005799999601622183,0.008093962519405163,0.023527738377543034,0.024402673966237735,0.05606923303771662,0.12836625330020204,0.05106021943068603,0.03280417821505625,0.02236096085046009,0.018475584476142188,0.015751048642563045,0.01624349248442862,0.010484162896836943,0.015880615182054993,,,
0.004360148343945707,0.002949032034047357,0.002129971582683668,0.0057133161849462506,0.007972674666663536,0.016844795023467248,0.02346507441140776,0.06802344913704227,0.1283309565073148,0.056198856521982844,0.04677229571310728,0.02244699968117007,0.019172839293195965,0.01628474000455058,0.014180220541104268,0.010453066338708012,0.012005453967742285,,,
0.003965644092523111,0.002552126875211681,0.0030612433830080315,0.0071790037000230705,0.007915533258497452,0.015893676948309843,0.023284204140125466,0.048905748333552164,0.1382993838413313,0.059188138355039964,0.03467678221642979,0.0227284102534891,0.0246939823368656,0.015933550950602036,0.014636216795691102,0.010919361921717894,0.01281530009494601,,,
0.003971608269049561,0.002648759145734915,0.0019020726005345614,0.0059756174544729375,0.00779021979061851,0.016023648313007188,0.022927531475207565,0.048977299067240535,0.1440188246031243,0.05906248983956496,0.03682071112802119,0.023757520627546987,0.01953829691539728,0.015807762119129966,0.01469072325730385,0.010701823489569155,0.013203804429938093,,,
0.004120661168141589,0.0027308498941207644,0.002049284847685503,0.006021023891884908,0.007815152812921916,0.016333249912435097,0.02232439015790725,0.04922912072462632,0.14468703933221072,0.06254416157380838,0.03913625762292122,0.02491199500795199,0.020158231163678746,0.016696290916851177,0.014658729416984165,0.011083582705167865,0.014204163599495645,,,
0.004256516661475983,0.002829286096530614,0.0024340357593313888,0.0060160136216315975,0.007896544793458382,0.01579678465483824,0.022050235296472622,0.04933094598985948,0.14428310111807804,0.06391749337282074,0.03832815429786875,0.03929404076516175,0.0227473902234547,0.016130035553516275,0.014844570120618293,0.011351101488348924,0.014107205249032306,,,
0.004222866571468571,0.002619215411309892,0.0019848242163133063,0.005959969898638515,0.008163368646872947,0.015665531369313687,0.02159078086080806,0.0461842664076694,0.1389775959311203,0.0639497482681383,0.04122961323077374,0.025845103334295405,0.02109565116546245,0.016591091840247776,0.014949154400853587,0.01120621062322638,0.014854701533153575,,,
0.004294812850163494,0.0027534344327398755,0.0019518787877165983,0.006068228137161724,0.007668863437758834,0.016977932066952684,0.021123790304375892,0.03859044351083297,0.12623005026311848,0.07013207843654874,0.0449530899889946,0.0258925446821979,0.02158947429326325,0.021117726357185937,0.02329287802364703,0.011125599801722242,0.015780499337261163,,,
0.004189333178517051,0.0027675294029210996,0.001976475296049398,0.006527220565907659,0.007711364089467676,0.014939173861187571,0.021133136119917652,0.04376273503317208,0.12914132368926418,0.09425621603785454,0.04337844367236897,0.03847220440848469,0.02154700533868574,0.01741460215367667,0.015534588423888055,0.011498819633721282,0.015966077064740576,,,
0.0040981741225356826,0.002697279693981522,0.0019980125621708437,0.006456095583075146,0.007837814303429927,0.015127571005128475,0.021238371015343288,0.04111444525651662,0.1290813732719155,0.0769797095182801,0.04613540531896386,0.0272001303922226,0.021464625184220855,0.017928642875628786,0.01580934142577015,0.011404477694421038,0.014970395101747122,,,
0.004246755045217204,0.0028010679687500376,0.0021077829765985935,0.006616031712857666,0.007333787235388779,0.014843696399226405,0.020509043958656915,0.04047522028203746,0.12030551471862896,0.08549860540343295,0.04504339821152668,0.028011501544300023,0.022339910989257725,0.026309137359062134,0.01590258952185831,0.011527207930031919,0.014311049164990918,,,
0.003953196659551724,0.002944630819694072,0.0025899606442503953,0.007020300544543194,0.007503368893225717,0.014361597582167597,0.02546748375914297,0.03919317508659161,0.09304537954029156,0.09802384772904241,0.04947857951896322,0.02843710909927039,0.02252555712392693,0.01825533924084078,0.015978318165123916,0.012215280477373526,0.014465437334530444,,,
0.004161065379366445,0.002978025793218338,0.0019874362578663094,0.007070739411889637,0.007221738252651012,0.014334841562263086,0.020106693954121357,0.03743673764301361,0.10700658781589968,0.09499528415971323,0.04959224453825561,0.029492519223550118,0.023382587834893723,0.01815108389591916,0.016541554368256006,0.013726343552537075,0.011783697433927076,,,
0.004238195187594845,0.0029118550856898997,0.0019830264419413795,0.007492644476541461,0.007144641097313923,0.015809402954004584,0.01909558425030288,0.03415438776932567,0.09726947118998681,0.1055833345336898,0.05062707893835287,0.030873142495866528,0.023199145860762226,0.01948512007842429,0.02130452568270453,0.012016252232165759,0.011349958842447444,,,
0.005542083886478842,0.0027750174474595727,0.0022941400572552575,0.008157289374751743,0.007418931495530447,0.014191374624454278,0.029044027809456214,0.034021449435919116,0.09690076176478266,0.09247847655967883,0.05049977041421007,0.03092725575300671,0.0254627599105061,0.018809951756521955,0.016832625429819722,0.011914144456866326,0.011695647272074946,,,
0.0044734216275928605,0.002905612681878808,0.0017818437310609789,0.008435553368598152,0.006880346954902069,0.014017003209873879,0.01976698391559631,0.03415248903857137,0.09667326350866504,0.1194214251916494,0.05697235066952303,0.03257643806293801,0.0250992732658045,0.019519967274674827,0.017415663399240364,0.017139040502147918,0.011299568031091604,,,
0.004350321135101847,0.0047430458003098214,0.0020912583579524124,0.008255473778798404,0.008461956992294618,0.014306222477340402,0.018830625674391057,0.03424207008843208,0.08016960619147816,0.13371365453440093,0.058361127139773664,0.032454541667893785,0.02504854335522505,0.019030201619339954,0.025604526816688535,0.012697564673865628,0.017771354228678215,,,
0.004629926096351991,0.002889498861798191,0.0020900176231306434,0.009514487413680621,0.007309918159797047,0.013758337424829199,0.027294437380628304,0.04975477782207429,0.07991535393336635,0.13139339143363668,0.07053591592156452,0.03586161686605964,0.026119746451007644,0.020086946009640727,0.018202903239261284,0.012951405572632732,0.010579601379407395,,,
0.004514187999744895,0.0030018833470959573,0.00208068852899203,0.010137974900637677,0.007428714859733498,0.013495747594126091,0.018037707781303473,0.03273910571949871,0.07982412611746885,0.1315906774771525,0.06931633995031275,0.03623965442563233,0.030533008769388505,0.021066120026353045,0.018695957967448763,0.019620122199387097,0.010354833708277309,,,
0.004490566918994828,0.0028957760022654787,0.002118982833969801,0.010247816493026257,0.009605654060360413,0.013259846506992294,0.01810724765419134,0.031446467709950514,0.07321050211651393,0.14393348782598986,0.06824238447977794,0.036388345949602066,0.02771467828621582,0.02090172755261037,0.022198620570790313,0.013224710127279288,0.013805296753252243,,,
0.004355907496310135,0.002837868205875453,0.001946722338943218,0.009777351314295451,0.006946896425659589,0.02284997289889303,0.01964753610433136,0.03774174933897093,0.06256777629281253,0.12700609183083997,0.05788233933787221,0.040620309099753574,0.02904915152909626,0.020962139534269862,0.019355961587247193,0.01363521524042626,0.010749858773187414,,,
0.004483629890776184,0.003128296569497912,0.0030654771771382416,0.009909375052563936,0.006965168686369677,0.012932038889732865,0.017662425292627435,0.030092828047366134,0.06714201776166008,0.15152668638451483,0.07520443981466135,0.04487599039043154,0.03905533796330748,0.021859781674089633,0.019661525565686944,0.0218849235785089,0.010870405335263227,,,
0.004796950027034829,0.004569585889751354,0.002175160567550876,0.009974439092021082,0.0071040446654965185,0.012735606917231442,0.017364949209098604,0.030244809167332867,0.0672972991765359,0.15344637916366427,0.0813185991543115,0.04114622265825396,0.030455654961526243,0.023549888151722213,0.020125584773605296,0.01380294788302463,0.011352472511618368,,,
0.004616460456309002,0.0030271598672104664,0.0020756958678580153,0.007798207031052781,0.006928201585793517,0.013032938903931849,0.01725450700872164,0.027710419432393708,0.05705629091300321,0.1543466159034823,0.08385165166613069,0.04425914237612796,0.0306262424289793,0.02290230242635788,0.02014497293652393,0.014257024283729502,0.010918975891243646,,,
0.005816802249711175,0.003099139317926215,0.002539390360561948,0.008044618919980017,0.0068688386683052,0.012938180238968196,0.017015608390573325,0.027875974438414712,0.05733029528071361,0.15393850698866543,0.08357998757175618,0.044279796777484184,0.03209205587268223,0.02392778257565754,0.020970737940198464,0.014488394361136785,0.01135064444379164,,,
0.004822567019808853,0.0032085275732361045,0.0023443300924508364,0.008409683753798912,0.0068474689382387235,0.012772418927226187,0.017190496614777864,0.028279323268967094,0.05768898657063854,0.13598202837951182,0.09261888486397224,0.04426046103014881,0.032147052418413126,0.024601898113418747,0.020924534199550923,0.014480313160290284,0.012224699922436348,,,
0.005231245892719412,0.003120513305344877,0.002211819836832998,0.009706090825180508,0.006469591315716388,0.012629765189357803,0.016289119774263665,0.027683716478198384,0.054611838707098424,0.12677613551469424,0.05013716627278279,0.04944098287726324,0.03362735917155812,0.039437621316011896,0.02186476491382064,0.014683460058779713,0.01167730784973406,,,
0.004929691359768626,0.003052758179568114,0.0022917361128730446,0.012538243945924305,0.0065730095098622,0.015922863841977424,0.016458627754432045,0.02620037268866994,0.04870049969583492,0.12367038086707327,0.10444941234722402,0.07391177903878227,0.035457465271571835,0.02644484728782617,0.024285345790950163,0.014152938360733065,0.012306331708161342,,,
0.0050466943846548965,0.0032510929681868776,0.002050550229002552,0.011526392180074011,0.006437184245186554,0.012364606113723819,0.016354913477907577,0.026160927245974498,0.05033529466353632,0.12389676145173659,0.13282049681606634,0.051593389842982756,0.036421077574735214,0.026306240996119536,0.020388409311906615,0.015510420497597877,0.012411927308511556,,,
0.005184613842222129,0.0034827007206613184,0.001954534858056103,0.01207847704464165,0.008020722680608777,0.012075899695733987,0.015692167399409946,0.02526716687021389,0.047727419697525704,0.11009644854889437,0.13005729166640695,0.056363939903667976,0.03875080057916926,0.029477387590176995,0.022990687469690328,0.015336458417694064,0.012435728967318465,,,
0.005549801204319535,0.0034882822735569537,0.002193418966084573,0.012522588779287476,0.006438795883184548,0.011876119146177007,0.015529995862687752,0.025513441435940618,0.07422079302124736,0.12252418366692443,0.13034110880801858,0.06669127510064986,0.04518148244055171,0.02934119430065778,0.02530006082133629,0.01689735829090671,0.012524452899329297,,,
0.00877884819494464,0.0034028358336154973,0.002536835384202533,0.010327586862781995,0.0066060755227515125,0.011990996088228465,0.01591987016592391,0.02482960108531949,0.044741108748555636,0.09840189874139345,0.14146764886381846,0.06129155970581003,0.041475910100613446,0.03066581235504906,0.02527199142961547,0.016732159851607642,0.012767137542539844,,,
0.005710761783372788,0.005629791280583465,0.0019358658386958993,0.010520439050144265,0.007623064084820228,0.011868690699234108,0.015275342441111407,0.02336849495171809,0.04470231297966117,0.08689668244171683,0.1081543048870309,0.06703242665618024,0.044763807988714495,0.02930706091632372,0.02511724915652383,0.016752997933448047,0.016573669814899775,,,
0.005493132843213511,0.0033135247109094216,0.0023149630481759404,0.007453813118550533,0.006452327800097014,0.011653292680993075,0.016021928232976695,0.023616363853235126,0.04477790861340342,0.08814797017056888,0.145214947800276,0.07555322572678261,0.04497351941540132,0.029375299060718275,0.026592060270192033,0.018143025692741354,0.012926622055603621,,,
0.005993604919631104,0.0036814766639653293,0.0026508393394113557,0.006745374691259285,0.006388646056982315,0.011691293917446841,0.01526939788526065,0.024146307891139647,0.04032070848836904,0.08792433581182187,0.1423419501264092,0.07589898631177515,0.044950493279793294,0.03276821979296282,0.02823090823323917,0.01725208271359843,0.013135359603477406,,,
0.0057364241840479205,0.004904369467785255,0.0021200536841148748,0.0066825933091327495,0.006095949743947044,0.011611286241328957,0.014983471311179716,0.02283095039231579,0.04050264815017354,0.07944987514031035,0.14175669304256852,0.07588700238906317,0.04905469459117923,0.0421573208666393,0.028825152282761463,0.018097145461459723,0.018995753219040828,,,
0.006184243277468467,0.0037004516622251194,0.002386684828482033,0.005097833822616202,0.006406890970143126,0.011702160413567765,0.019159846881190153,0.0214369485713933,0.03657353535738065,0.07985083703675393,0.14196684361151954,0.09242588729154212,0.059600330059161113,0.035870702369703814,0.03034561800336936,0.020290768418377986,0.013927823350393508,,,
0.005963233192069107,0.0037325572763294615,0.0025368353842026223,0.005486045079340412,0.006062882527377448,0.011512008620103287,0.01471434245462092,0.022473778687552858,0.038480968454034585,0.0717288392104048,0.13139923237578255,0.08549040973511975,0.05651528974979203,0.03885678691255491,0.03299379108951456,0.02066145189401469,0.014422876124864557,,,
0.006704488580520204,0.004467038689827548,0.0021151539434975182,0.005283299372730598,0.006302804848041932,0.011267614028032407,0.014806603175411149,0.02209420246971639,0.036526553748200796,0.06506411243675003,0.09267579051803033,0.09667270339112664,0.05949502251787022,0.03869469882564971,0.027410466106243585,0.020444232632520556,0.016526885868265603,,,
0.006909080736482342,0.00386292836960052,0.002370326274982244,0.005016083665446437,0.007102949179407343,0.011311756825121507,0.01428546956486961,0.02186725610783241,0.036440809210843784,0.0655618449734514,0.10482616446073069,0.10504925104110499,0.059247212529302255,0.038736540016804794,0.03549738599046203,0.021165331420133427,0.015175506707643423,,,
0.006777599834826493,0.004049784461022106,0.0042990385437784995,0.004891659367078548,0.006311903852082829,0.014768472760469203,0.014663594856816408,0.0217810857172339,0.034763743868677366,0.07458786120364444,0.10445563004837612,0.06322836141287037,0.0423883701158439,0.04223815492650153,0.03554959533205406,0.027610534789681923,0.015218711494635518,,,
0.00866778587045523,0.004129700216005152,0.0023131415111311004,0.004985675215699775,0.005942971887786829,0.011100391102997525,0.014616198650476439,0.021434634270993576,0.033778277331082615,0.05507157955553691,0.0901282785168139,0.11843667423215742,0.07425054595750498,0.05202656239299747,0.04571461589429435,0.023313985364448092,0.015465976111092966,,,
0.0072466137478301475,0.0041949020456983075,0.002626262141455999,0.004426204336311734,0.008380368913323036,0.011067627703362823,0.014698049047173313,0.024547010130244896,0.033581160697772554,0.05521763453475123,0.09337228916045598,0.1196946777405718,0.07467839548336117,0.04933814264712177,0.0387531015279057,0.024982945335434235,0.01603665423588026,,,
0.007767711644576301,0.004440831137806335,0.0022918775911651623,0.007383358130444979,0.005742751290562384,0.01301065352809175,0.014404542443781632,0.020815906092517027,0.03372471991292411,0.05596379319046665,0.0820590452660161,0.12171481799243591,0.07121503539895652,0.051563183767639825,0.042071707650239695,0.025084180107869013,0.01685893690402866,,,
0.0076584131132274415,0.004000242223913403,0.0024975481588471473,0.0043971734671862175,0.006079758613776131,0.010977024137591666,0.014429528971432964,0.02064173202954071,0.032005787687500835,0.047609057525956205,0.0700893693512111,0.12185488193543309,0.08279436557872123,0.058693521131898775,0.04288069543959356,0.02521780335281785,0.020025172930310052,,,
0.0075488635945696585,0.0054017671933262994,0.002822401620199348,0.0038930282622362936,0.0061434227437266765,0.01100195555666858,0.014156763779542354,0.022824132503423713,0.03024592408374387,0.047531634237682495,0.07082697445600276,0.10968560855183776,0.09101388919084895,0.049126338596902,0.04244222514938277,0.026574496337012764,0.018453124761499334,,,
0.008336884009166108,0.004773030009630552,0.002682815671441114,0.003983916791351859,0.0060246308592175465,0.010836976560623074,0.014238978029648781,0.020327249297667205,0.029842644895078426,0.044774063428887,0.06576214629361728,0.08468801941763952,0.06882804590610768,0.06464828382696904,0.0538330256655452,0.035058791462577975,0.02025931191407215,,,
0.009739073243643759,0.005285753639306344,0.002415851102127423,0.00396997513921818,0.006023823516858511,0.011002043969937012,0.014030690654208087,0.02043230260127252,0.030148772114361316,0.04434517547471691,0.06548924332122433,0.1171771492304371,0.09775831029415039,0.064909063354549,0.05343475150853092,0.030506586996563372,0.01991667007210978,,,
0.009785936619422841,0.005270518763789906,0.0025178479808013604,0.003967605906927982,0.005965407729278754,0.01094175801988081,0.013840013423639668,0.019180955081675683,0.027870541973067414,0.04134564458712573,0.04582662873477874,0.09662258153392324,0.09713565528754761,0.06341370621236019,0.053114769472460285,0.03746723804698335,0.023480669775981983,,,
0.009913300749649991,0.004818262116456043,0.0029411051061558643,0.003716451894069594,0.0073980988895923205,0.011011470642234305,0.014520383902462658,0.020067307893149162,0.028126093909491057,0.057053761999810854,0.05886477334994882,0.10199651954416662,0.09366852868110787,0.07165158516171505,0.06578009090169865,0.04044271522217549,0.02225184075516509,,,
0.010818740016091065,0.005538279740610536,0.0027289495112225665,0.0038122337920814646,0.005828106916099439,0.011487647895054845,0.013767760944718146,0.019870838327334137,0.027963132998468733,0.038927917183107494,0.05901649490312182,0.08026630294165903,0.09076485446169785,0.07470333079354881,0.0649749679941032,0.03364578032453093,0.024595531587159918,,,
0.012844817760912002,0.006984925168604306,0.0030322968175796362,0.003916941641139779,0.0057596646548948045,0.01086088608016846,0.01363502500173887,0.019628845955116127,0.027946941271690708,0.039208303287072706,0.08699104898678492,0.07964712168651028,0.0908598569788407,0.07685871228964748,0.06462897643608058,0.0380406337595117,0.029242954821138208,,,
0.011837259534263067,0.006115651236201998,0.003482700720661325,0.0038836888501325227,0.00797560229906435,0.010793926118666258,0.01469063497250316,0.020022533514745994,0.03256474091265046,0.03162852585612201,0.0478414092329111,0.07196037408351365,0.07396706794039627,0.07649506820122465,0.06864340955698173,0.04281050539680537,0.02683732830235751,,,
0.012657538250763704,0.006083757140097055,0.0034313024148457686,0.004021503272849503,0.005389748829321335,0.011685523918151681,0.013823580787829479,0.019357971659955044,0.026304860489650857,0.03493122615744117,0.04837405615219582,0.06910075104757683,0.06961165946214488,0.07723493983422361,0.06831386380611823,0.041831143749363954,0.030067227266936343,,,
0.012760227818108195,0.006852533722418143,0.003437250444462809,0.004180965969970518,0.005595128305924469,0.01071780875051845,0.013915595938172662,0.019490460926843513,0.026728371702385227,0.0353702016262384,0.05599270818243891,0.059658093882831116,0.06960995932481591,0.06905005569499574,0.06865261514837588,0.0464218709325794,0.030040115190543597,,,
0.008887756817391623,0.006416853031316193,0.0033763385851003805,0.006150332847009078,0.005455759928095868,0.010733528542318967,0.019797797831477698,0.01931437324914247,0.026722269130746316,0.03717218696323253,0.0438477085956732,0.04801854106335912,0.06957059768774303,0.07315238979251908,0.06909688918313181,0.04612902342815864,0.030046946761110034,,,
0.013736261125011449,0.007389328170575549,0.004702470701366267,0.004258953569629238,0.005630712705541996,0.011645499362160087,0.013872843673382968,0.01940748755068419,0.02614879061542152,0.03260007836979865,0.04119625522014603,0.048946518572172075,0.04229541346338473,0.06644749062263675,0.06187914396861913,0.04509717423726138,0.033779745960809716,,,
0.013556993553957815,0.008246789243462675,0.004016339843173987,0.004909655631878307,0.005804972890759736,0.01080674524546219,0.013892462572581204,0.019019771365279037,0.025544837854452343,0.03204036533774688,0.02888860296149885,0.046484299741372304,0.051394111746980366,0.052058181295195974,0.021261243558679196,0.04892823183461028,0.0326736456143488,,,
0.013991465381353286,0.008285387073353944,0.003922318592313206,0.005084395737455823,0.006058388570101296,0.01075239211142892,0.013909256747014952,0.020046938892553556,0.02522555530588139,0.030626877644136824,0.035456733703735754,0.041647502646794884,0.051624721349555314,0.05644262698414588,0.05714366564021088,0.04628163767048535,0.03567539490793509,,,
0.014010524760721713,0.00857734883715029,0.004521866965510364,0.00497167313498564,0.005983859390199024,0.01081897977586056,0.013950967805467897,0.019540686470515448,0.02514718041961195,0.04826682679475122,0.035438439599682944,0.041653053240617674,0.031920891293789125,0.04851554611343029,0.048906510767751425,0.046236862820448074,0.03632080351512059,,,
0.013991071414525363,0.00837227868737763,0.004203781462498575,0.006953987287040029,0.006293332050209455,0.012812339526737678,0.014457903976076497,0.01957967458931424,0.02540221450992877,0.029877772558905953,0.03312546028573953,0.04187862381417158,0.039860680952824724,0.04652875285937541,0.05896970531347402,0.0461930834303567,0.033894418704850174,,,
0.01075284443045181,0.005317556026176598,0.004547607537560738,0.0079576943912068,0.006204134751405104,0.0110971191159499,0.016737720501532934,0.024516240344188547,0.025256590676736322,0.029857884626231436,0.03329140604527578,0.03911640190818049,0.03966166520396202,0.04019386262263786,0.042372892777319524,0.0410179219155953,0.025888324235840296,,,
0.012814161495813306,0.008243839923736639,0.004429133560904464,0.007777348101892357,0.01072872435830259,0.011177935330713413,0.01469229022423773,0.020080229867940988,0.026517822305662127,0.05273224937394602,0.03161034466011864,0.03971342931151529,0.06426032239178021,0.03693831156193625,0.035984370457927836,0.014933616584876604,0.03170342714094074,,,
0.011547302160106866,0.007377866700651311,0.004805526688654946,0.007748151695263081,0.0067519088601324505,0.010907804790251632,0.014749557444671421,0.020191451052580495,0.02520384897483871,0.028847640593324838,0.030130354446902256,0.03493350023849264,0.03565837690971378,0.036398564938975676,0.03213560256639604,0.03574730448577979,0.027785251894013034,,,
0.01019487256840767,0.007829867466441228,0.00473538314161704,0.008441086542574368,0.007507904856941337,0.011490018565485541,0.01484998604584977,0.021017920015393685,0.025196965399881234,0.028382749248908594,0.030093690010290067,0.03203304791316252,0.031929260092036775,0.03906662717369774,0.03211783965756997,0.03081196864452362,0.030721873974623982,,,
0.010767067696143245,0.007814322993871541,0.00480478443378574,0.008574059432626005,0.008176703343189505,0.01158811359686517,0.015802838592282386,0.02070152443536991,0.036113755391845526,0.05083040406684565,0.03016402916940487,0.027618894808470115,0.05198706005827713,0.03229282023336961,0.03232232626576081,0.031011798388013618,0.024353195771044066,,,
0.008827724000541819,0.006720670245017677,0.00481684873171916,0.008993941075445946,0.008709395452391208,0.011679223598524262,0.015599469812366137,0.021540262746810816,0.02582468366522545,0.02834528849634871,0.029490584215099532,0.030065242970301984,0.02910864997988248,0.029118005226934057,0.03507654407074185,0.031103252887201113,0.02444503635197864,,,
0.008808603775494455,0.005646411348307685,0.004429133560904459,0.00878737588444959,0.009782490143523946,0.011633938947366,0.013974375563957676,0.02156373230379903,0.026029031477412663,0.02811877260191099,0.047154844676564084,0.02825157423902427,0.02953027046521919,0.032196154781433096,0.02873600472117387,0.026946036863805915,0.0276452733322457,,,
0.011985045731385943,0.006048693813836385,0.0042836248792130355,0.009348369189374022,0.011572013639667086,0.011484006269746388,0.015868360011587136,0.02334628418756761,0.03663054896737125,0.02830224528598383,0.028431692616698995,0.027472746494170117,0.0264443568423001,0.026563073552677386,0.026164595639784065,0.026903900548289023,0.021552903376252895,,,
0.007063536237762586,0.005563513875200104,0.005175161826970063,0.009176136216010988,0.011399216742495962,0.01089069916419627,0.01614379933649946,0.024461690363482093,0.027980926123206545,0.0283475761981331,0.02834067821630724,0.02718421177999003,0.02543752149360779,0.023976515877145388,0.02364787949122964,0.021876625201514656,0.01964263413763369,,,
0.006422913719344735,0.005431696763462665,0.004223250464940423,0.009177231542888412,0.01126119507133674,0.01080701527420346,0.013915339629856785,0.024404427801224832,0.029702592107238714,0.02890036314709551,0.02850944283150361,0.026772007554158685,0.025918578517039895,0.026372653921539955,0.02809518156691618,0.02189400373171282,0.019472069605183964,,,
0.006436428650960038,0.005378909342256881,0.003932803113952113,0.008925617197553607,0.014407243346155544,0.010746721431778924,0.015736158393046887,0.02752255415507975,0.029910311576404496,0.028405804684229773,0.028008318161944292,0.02642865777994526,0.022141216408077025,0.022800253837291992,0.022259591400818197,0.021879959749077103,0.01948019388626251,,,
0.006259442803321539,0.0048297557098968096,0.003435457678829089,0.008414964221599656,0.014780652729063074,0.010132856358982822,0.014795233540564591,0.02550310722579442,0.029623978404420718,0.029540578839885083,0.028189530770385437,0.05350408172877547,0.023266094129630304,0.022783751581162824,0.020515920006129982,0.034434857595761266,0.017739999656263668,,,
0.00602463085921764,0.004227854467686479,0.0037849190608422495,0.0076945689851166685,0.014743928698382073,0.010864587345793951,0.014991173138467035,0.026513028777450674,0.031809990528616966,0.030501187213039217,0.027932214430476325,0.025920580036683957,0.023454860670107484,0.016854782153943017,0.02077586689144144,0.018287849231841048,0.017465562026185082,,,
0.00543664912632928,0.0045907528003112505,0.0036638195997613834,0.008015870164779266,0.014592665015042472,0.009380466361820479,0.015024617198241488,0.025384248818144797,0.03263673866577167,0.03253883294535587,0.028831810650267093,0.02561282001480549,0.02637226049178342,0.02067461415918791,0.02089550605910903,0.01680625347022266,0.015238278589350241,,,
0.00962234838474685,0.004312217146973535,0.004000161167770775,0.007818927377629025,0.015138476864303911,0.009039968629483005,0.013906575705145306,0.026485620544654094,0.03445488915949318,0.03670513672443962,0.028957748825621306,0.02591332379243807,0.022826121264710116,0.020666959415793155,0.019816917665559892,0.024154430572590226,0.01487773351222109,,,
0.005168892700711246,0.0038924452054845877,0.003278108074469374,0.007669243949930298,0.014606523368294974,0.009012668119079957,0.013687075197797122,0.025287703356985155,0.03450129917650329,0.035162378753440734,0.03023404382153333,0.025729929512506976,0.022664752316713863,0.019501237995887453,0.04003044945635492,0.016323142327572798,0.01454644202072846,,,
0.005354924688759237,0.004006721402477426,0.0033760504729227906,0.007520634114439974,0.012487325351515586,0.008882793913799794,0.012441568023382591,0.021943633609155324,0.03734453998168322,0.03509724409786643,0.02990901069539015,0.02729096838201532,0.02336570588402823,0.019875928712004946,0.018983459469624823,0.016343311567557094,0.014148172320843259,,,
0.008802122907006956,0.00391826588295295,0.0031188503618188243,0.0076556606568827954,0.012016710943443929,0.008948292770490187,0.01218615366084667,0.024018576926426134,0.036798698507670806,0.05462896481789286,0.03173932514560134,0.02688205378353065,0.022085101856972954,0.01921819295093672,0.01802215206941956,0.01771009090880332,0.013511763042279992,,,
0.0051814233680709,0.003804827008620465,0.0032951752466270578,0.0072296359654827275,0.010235786231455931,0.008605615955368618,0.012224699922436336,0.023866250519295317,0.03932239148034559,0.03828216569176794,0.03310799340857119,0.026922249210503582,0.022031890971431368,0.019255274610984217,0.01626194618710865,0.015315196131615085,0.013236179488471809,,,
0.004876855535436101,0.007126465019487196,0.0030575340040068775,0.006718402332091337,0.008914275967436255,0.010135064047091394,0.012150874499040142,0.024631297209989852,0.04057987491122351,0.04179392150246897,0.039504693762609344,0.029153260861532023,0.02078543154370315,0.01931647157834523,0.01803792348874333,0.01500360453773387,0.012901740668078036,,,
0.005123212119213938,0.0038790942993847726,0.0029146375565452173,0.006913209314423451,0.008005143772060606,0.008237387065487423,0.011242406516218476,0.022325668239142674,0.04097528465650768,0.05293155553869037,0.035753825479814406,0.029219527939854696,0.022727896675775298,0.019179349104455873,0.017946429770041888,0.013546968676854145,0.012709815888892324,,,
0.00524140101610521,0.0035376617989398293,0.002918084135699622,0.006645420469056408,0.007980032365426245,0.008139980365064458,0.011006905606018438,0.020617071401500237,0.04081047975295014,0.04622869241212578,0.035771958293030086,0.029023870205018197,0.022883380097615705,0.01887999615062826,0.018049064865685114,0.014568737274825197,0.012515777203656873,,,
0.004799652991145778,0.00355229617259869,0.002927845867668067,0.006632918050139451,0.007375756905180977,0.010666407440943581,0.010686330136316905,0.01963598069065982,0.039475948302232236,0.04615507960228477,0.05793018070102858,0.02952750338795451,0.022635133943802087,0.018754917354686988,0.017579898354979195,0.013998971806290738,0.012673538405618547,,,
0.0049017242479559575,0.003317436553025907,0.0029416562774479955,0.006580256898253855,0.0073203787618433555,0.007999957570888566,0.010717960012142402,0.019441806801071226,0.03998694578444358,0.05448201614858342,0.038582511109401925,0.029886941299426355,0.031656930354790516,0.019064927920753604,0.017565524723705483,0.014102814609401472,0.01205590655958677,,,
0.008710884479757423,0.0036954538340592136,0.0035756772687682214,0.006644639757062517,0.007884998178721465,0.008071939837246642,0.010344808695075694,0.018165797412492603,0.039950927070651586,0.05098581110918324,0.042131493554353236,0.029475627593782305,0.023109972659450296,0.019407437429615676,0.01899896194386328,0.014187147161831328,0.011513135183036675,,,
0.004522799035738331,0.0032141817265331526,0.0029718132781639613,0.006423065163273913,0.00650612419312995,0.00922237952087573,0.01056644531705847,0.01824169336290126,0.03622103961325395,0.05585641867344459,0.042144890034280055,0.02964033698955427,0.023174212511985124,0.035835133729686997,0.01748181703888804,0.0137356001762944,0.02025085975510343,,,
0.004861873250077855,0.0033916691075957257,0.002900251356148495,0.009575767957817866,0.007021408925553387,0.007805687646204797,0.010419014338520419,0.019087364214330847,0.03600202691039905,0.058450151546330965,0.04204915903117749,0.0298628904240858,0.024643523325103864,0.019157816020883383,0.017589504973401757,0.012956686921230021,0.011441690048807776,,,
0.0047692243069361396,0.003588621021131885,0.003364023865238399,0.0060482649577241155,0.006540966120177416,0.007924417159978544,0.009751051282141994,0.01630702476465501,0.036146170542716884,0.0600111980451942,0.05091064442201925,0.032327863171035844,0.024302709623786303,0.019360735169176763,0.017533672636653022,0.013462720288259856,0.011350644443791686,,,
0.0047790042764819995,0.0035556717967056175,0.002842434735831888,0.006085941890543033,0.007590669261924092,0.007607438018577609,0.00961209914422945,0.01579003023766657,0.033883779416339396,0.06306503094545855,0.05100859822981761,0.031050751674528077,0.024090489579494414,0.03457731051302223,0.017360747467228602,0.013530180137854429,0.011237213958315439,,,
0.004843163902348015,0.0035777622912477325,0.002697279693981516,0.009128486609610267,0.006271087036690331,0.007480907877629548,0.009670246897441828,0.015666773183820253,0.036465358709544184,0.0629192845230371,0.05079569750361246,0.03228650404655525,0.02411739313974429,0.019557885964634356,0.017801251117168935,0.013623439218590503,0.01129649725058763,,,
0.004777443541512996,0.0038026959541306595,0.003030692455912326,0.005898723720722488,0.005896689554774315,0.007347921434141257,0.009622348384746767,0.015847422631285617,0.031967389575826434,0.04770200487303754,0.062096637051769855,0.032790930799558096,0.024002574582570838,0.01968954054049582,0.01792473607294381,0.016022090130734003,0.010893050920209457,,,
0.004721119493878208,0.003288378728054187,0.0025007916450049267,0.005809439629563764,0.0115840837077902,0.007601980500577221,0.009772707468544676,0.015117987072799688,0.03031980290777179,0.06286535806673538,0.06296232548637824,0.03270811202318603,0.02597804529624949,0.03508926124837408,0.030724501826563368,0.01344568186816919,0.010890431210401043,,,
0.004638531979390938,0.0034916269225394357,0.0028837702922672177,0.005693304508101835,0.006073569042046439,0.007289441225177953,0.009327257343021617,0.015216644729328653,0.03006524297030201,0.06084455812690764,0.06266603205178545,0.034759499831419176,0.02698366176668122,0.020164455016683687,0.018173096178244467,0.013736544379011928,0.010830511940732566,,,
0.004767592361532523,0.0034715106926320426,0.0025813079808307913,0.005548632603686582,0.005913436789732889,0.007429762313247556,0.00940145872315196,0.014933073771268129,0.030341942163512325,0.06078740435607161,0.06930409733295456,0.03948593481578324,0.026919744024229253,0.020389093137972127,0.018287193215431416,0.021040246278877454,0.010585085904057292,,,
0.005548574167194283,0.003395490923116056,0.0027345281277063476,0.0056984847169477765,0.006798616883604718,0.007279871549692268,0.00918884809520187,0.014199939944277597,0.02712293054416331,0.06136809198815662,0.07570983824952383,0.03915911733686382,0.02714530013290362,0.020545689620057456,0.035054351905776125,0.013361789770971985,0.010527094085498801,,,
0.005093315960400176,0.004781174886308691,0.002631072714189401,0.0056449755595868074,0.005513400600870423,0.007408785106129919,0.009191917495096139,0.016971036365711876,0.027124030335343993,0.05900018624168196,0.07604699516298223,0.041945124656552694,0.027906664848116974,0.02051176303915306,0.018834327354178136,0.013781790036375084,0.010606873368970513,,,
0.004802827030180222,0.0033909042275932916,0.00277221180099535,0.008615557159969048,0.00583033185153569,0.007559551147206891,0.009305679491740616,0.01392735774089953,0.03133241841053236,0.03953865885547294,0.08327106964916008,0.041881720658353515,0.051194767300947255,0.021306945421091236,0.0189793426996769,0.01383673314439203,0.010694094778570308,,,
0.00495521102858422,0.0034142509473051087,0.002522351148983322,0.005589388254338158,0.005629791280583545,0.007525461278167959,0.009087368775295727,0.013699553912413035,0.025940686734060376,0.05514753055937034,0.08267601115230692,0.04185929433112419,0.029281991192345796,0.022665610657740972,0.019513986495395368,0.013707433087612518,0.010667988036730431,,,
0.0049389566551878315,0.0035005303630609016,0.0026761602018200562,0.005833945561842546,0.011188402039672906,0.007876110982032829,0.009111599141121514,0.014080518492069708,0.025095875512680704,0.05200895962928091,0.0775533107711011,0.04465173586545304,0.030766422083158117,0.022103475366892705,0.019273048465824148,0.013906459126382432,0.020703779735424546,,,
0.00520010040181351,0.003288378728054089,0.0029490320340473113,0.012346735123725314,0.005352502139069025,0.007504449133267113,0.009315534937046517,0.013635976168635251,0.03345830219806759,0.0574516505147375,0.0883861722783452,0.04573242933347731,0.03071314451553492,0.02259242043820427,0.01995635343562359,0.013786376991989594,0.010782986305563225,,,
0.005142731113581241,0.003477110208114977,0.0024287014646017045,0.00543664912632929,0.005532715130077365,0.007081507541683948,0.009005362003353267,0.01306633292338497,0.024037023780910407,0.049105827667038145,0.09113760704571014,0.04798707126890886,0.030885921225822132,0.022703516915322658,0.019742741588841973,0.013715756904326144,0.010614451759811043,,,
0.008333810948001983,0.0034651536364254253,0.0027289495112225617,0.00558497774731444,0.00571785452562924,0.0073757569051810384,0.00880289644314122,0.01299167466298517,0.023336157398044555,0.04900384561008105,0.07766173711832003,0.048177634408977744,0.03399789145075841,0.022606021809235006,0.01997064612038169,0.014112008100996774,0.020908179813853275,,,
0.00530626355841673,0.00344102163484989,0.0026094174264751115,0.005497852942766043,0.005728279063956953,0.0072390928893992686,0.008717135617194928,0.012835398692102712,0.024006248637635622,0.051806842741743034,0.09189130381673982,0.05041983436917863,0.035220231360187905,0.023227598372931417,0.020159051471289005,0.014414443278313028,0.010776218504293325,,,
0.005102220588123867,0.0034131111539341193,0.0027278799640479273,0.0054580772424658,0.0053668397912079654,0.007375756905181023,0.008879179467327702,0.012992198761851726,0.022755157318291096,0.0441481393515787,0.09163809720908916,0.05199491802685704,0.036002387156001806,0.024123307896430347,0.021434709905675087,0.013973563451682092,0.010629104263478501,,,
0.006863171776268595,0.003533259667137895,0.002411014558533257,0.005259618498904975,0.005328216062932086,0.007302640103510246,0.008729661605594184,0.013303008880688935,0.021996763184430446,0.04399882522078997,0.08538591341229561,0.056735079998153144,0.03591177989763407,0.036519913257083564,0.02081964413946021,0.014339929952021291,0.011852616234105157,,,
0.005465497910945702,0.0033940582466103725,0.0024524822228250403,0.005156583104255668,0.007365198862424206,0.007797999133750099,0.00856270696699439,0.012975417098186243,0.022076173741728645,0.04044140838302106,0.08839779318785104,0.0607691806295576,0.03805972170344695,0.02483257827764379,0.02131590671260109,0.014748326339985155,0.01093748998540631,,,
0.005475692311552572,0.003530046318544808,0.0032412043727248255,0.0054841534619044984,0.00530088356310358,0.007088097801786411,0.008757844366369009,0.01197386730275807,0.021708692169150844,0.03998860802709881,0.08848206876258392,0.06529100004501531,0.037871662837235476,0.024784887203418052,0.02141963820490844,0.019691961139665776,0.01088819800566561,,,
0.006008679253014162,0.00344714101989111,0.0024297692604170152,0.005347168666400831,0.006062401191296337,0.006886894306971723,0.00862082435931167,0.012179127302084054,0.020954388668082146,0.040184189214204295,0.07842518591893453,0.0669274379406535,0.03995249342405777,0.042940910483537716,0.02118154848898439,0.015138712464119625,0.011481295473380474,,,
0.00554442360199084,0.003533259667137927,0.002558091130822594,0.005358314418289185,0.004602391853910199,0.01035217176102639,0.008583697223402792,0.012561883701493548,0.020140642814932382,0.037501466231399036,0.07862225246180608,0.07289341142461842,0.04211653771273294,0.025413954932280224,0.022626881427072868,0.015134428258231802,0.011537638814953526,,,
0.005706217801603932,0.0034251547326531215,0.005248263150387609,0.005090768920204665,0.005295987915629356,0.007076240078705953,0.012735988802515925,0.012702160264220863,0.020207647408442452,0.03779946278145764,0.07919055259593905,0.07448362750026866,0.04222558663684036,0.027512243921761444,0.02246582771686856,0.015041785582079002,0.011504542354309269,,,
0.0060315157850395614,0.003473004779506771,0.002667300930076228,0.005354924688759246,0.004810921460849826,0.007134786321288412,0.008417083185517798,0.011224510926359524,0.019898754150418165,0.0377452543209854,0.07431003354517063,0.08057103880283221,0.041919166605760096,0.027635888843018434,0.02251713485032454,0.015020991212460078,0.010684843291890766,,,
0.007851371542483573,0.004243699935260864,0.0026624340326176616,0.0052931096111903855,0.00505542458574556,0.007796668459741778,0.008244272556655283,0.012567689944597716,0.019600016357215467,0.034554563140854325,0.07425527947089443,0.0805881160636645,0.044256006752117084,0.02738551902823272,0.023172295603559847,0.015389222247866551,0.01293537312682171,,,
0.0060538912768474205,0.0035742261009858085,0.002694513437575791,0.005099423666354404,0.004933899040338183,0.0069008631562632525,0.010865184206038997,0.012120282149611625,0.0201459225413422,0.035378368537836484,0.069361362207281,0.11214100761669321,0.06434048453100266,0.028402026200079877,0.024084243658595707,0.016294692324039822,0.011883979499465493,,,
0.0061545489417250705,0.0036225237730721175,0.002704003093661051,0.005407046810662554,0.004679245751125955,0.006690933582954593,0.008310434153151138,0.011438742459806013,0.019059893126649324,0.033626394940122754,0.06366827779634844,0.08791268182315878,0.048992099662222004,0.02993663142345222,0.024231881743511208,0.016285436864885188,0.01140834365771822,,,
0.006048264957724148,0.0036968574153030207,0.0024893558303158017,0.005212058393951239,0.005596576882856451,0.006920943759950984,0.00826803250482175,0.01566180533501799,0.018487514418799818,0.03328030118817121,0.06403039037847597,0.0963140851859323,0.049680196032397296,0.029889751036627304,0.024830162600658907,0.01619953815787799,0.01107890105056072,,,
0.006118248577244299,0.003787745001686555,0.002687645661257311,0.009057168658282738,0.008744060995988826,0.007143506447359094,0.00846624746303638,0.011653654387049099,0.018381930064823165,0.03781631464566194,0.06402433878005197,0.11738510874108166,0.0501039921263384,0.030808800994483354,0.02515405183815332,0.016702193534355647,0.011154385661545113,,,
0.006293332050209478,0.0035980955276875733,0.002520936734341461,0.005007997115507404,0.005075907005700736,0.006940172084615845,0.008039095195095575,0.011527095416228515,0.018265762224376453,0.0320945614338526,0.05665363423941076,0.10607692279371297,0.05205646844781037,0.031983644455877404,0.02504942356589505,0.01650204917508163,0.01164920183869298,,,
0.006508914425570032,0.003876334954934188,0.002653651123576598,0.005132128053518095,0.004998665194246222,0.006610981923750815,0.008247418295170266,0.012307385562532934,0.017884025724412694,0.030848346964317548,0.05697915124506738,0.11687740988977309,0.05260776722858649,0.0317789885402489,0.02511163307296235,0.01668074773231775,0.01141164006205416,,,
0.006554237630576216,0.0035000672012860247,0.0024557852306825146,0.009378841640566819,0.005193923804496631,0.006676137000596086,0.008035867906375654,0.011339469691765755,0.017984276685667676,0.04114842905819645,0.057123235099048444,0.12382235540858207,0.06681950385247058,0.0332204562601378,0.02651445958960975,0.016941052381813426,0.011423993106864337,,,
0.006500190972397186,0.0037405406227219973,0.004902054978495407,0.005084076868603167,0.005014208747692814,0.006703666380054142,0.008731889867520248,0.011336238108063477,0.017568182609589183,0.029593217314460463,0.053353621727249015,0.12611189096580525,0.05977945325770136,0.033121300010124775,0.02660698049730575,0.01677719257021974,0.011559229730316234,,,
0.006794991310538996,0.0035303218630300553,0.002466193659161901,0.0049887958952734394,0.00509942366635437,0.006860100255175448,0.007919505635121874,0.01137507053794586,0.017210685573557517,0.028569702102662013,0.047123204050798506,0.12617889549183933,0.06331211948850783,0.03253325221394484,0.02636734212451132,0.016825053506542943,0.011453699292043845,,,
0.006668361729581521,0.003677863873491976,0.002422686344003329,0.007152805263697583,0.0051067940649938744,0.0068225638798669296,0.007886190604579745,0.011080510592442949,0.017358973093078215,0.028640704748172922,0.05075843126878791,0.1310408748953327,0.06826132533562805,0.03421540424378112,0.027498982227385137,0.017250673083069674,0.011221390711377587,,,
0.006875585615358774,0.003623866128053335,0.002407650131454691,0.005439332257323032,0.006695535675820085,0.006744990131258351,0.008341549784238235,0.011258862615991398,0.017399998804866527,0.028681340889790446,0.050464990664140244,0.13527225260078524,0.06828836170010054,0.03552331770228607,0.02897741533743559,0.016867108771672596,0.011507839378320093,,,
0.008097647164126703,0.0037917661906052592,0.0025969619022482605,0.005150039533816929,0.004846710856081045,0.00660779317750253,0.007966816174338196,0.01110077082474049,0.01695115495221908,0.027576128744780902,0.04619703510052395,0.14271043851128323,0.06747594615980387,0.035825360417431,0.028266673824182714,0.01715225927216205,0.011864619467986696,,,
0.007100392387909303,0.0039787045834974106,0.0025591049388999565,0.005912120694136643,0.004948663269403208,0.006985296519526553,0.007726486237756332,0.012118355857698371,0.02389514350662836,0.026850759806997464,0.045581789082708546,0.14061953124404647,0.08371226771052194,0.035913657842644615,0.029357246585817277,0.017827078758605425,0.011853245406860523,,,
0.007434125114310128,0.0036672693998806693,0.0026858354329510354,0.0051886772892975035,0.005135159733246989,0.006653953526461778,0.01101429707068482,0.010962629623491753,0.016550490283867274,0.02575491915511317,0.04586591564341466,0.09306366228557844,0.0791430387503555,0.03698555036426635,0.04854464956690334,0.017806259400618935,0.011937879325248655,,,
0.007377515109972365,0.004110813573102297,0.002769052050781086,0.00518767735147959,0.004922385135123989,0.006605830107042133,0.007718760841218625,0.010883998340285299,0.016394516112014357,0.025808054875457377,0.042356973452949566,0.14419375630578907,0.07888081668969837,0.06039071547097777,0.030204215372874918,0.018053519491270653,0.01189584206113719,,,
0.007529467196302648,0.004001457869022103,0.0024756417060777165,0.005252524282912083,0.005059527703238009,0.006578532053784134,0.007803361112184378,0.011071376999072359,0.015970138171129297,0.025281535184922956,0.04371137489722338,0.1450784150145768,0.08567478348589788,0.038567381246301845,0.03150801501870212,0.01780387381221485,0.012502687538408292,,,
0.0076312687697480345,0.0038930282622362867,0.0025016990675532803,0.005149032092583968,0.004895965960159277,0.006874453723024223,0.00782725815252063,0.010589740923919897,0.01609431550871722,0.02501538348120421,0.041415788483914105,0.145502976883807,0.08564664826978907,0.04042917977399961,0.03657339350987485,0.020454507184580358,0.012095457689636427,,,
0.00778105766471666,0.003859989472046862,0.0025933386104419554,0.005248263150387602,0.00725376922051024,0.006699408670417795,0.007728164649888201,0.010554563191664475,0.01599405743683268,0.025157815496846772,0.038777566806210945,0.12965661777140386,0.09343607567127699,0.04945462192853347,0.03250868561424422,0.018369278467859122,0.012462165302017549,,,
0.00987134615944394,0.006446043267778824,0.0027020838294009777,0.005119160046412792,0.004933701885474368,0.006560517366150811,0.007565210714179427,0.013661632642451845,0.016207302288842873,0.024592367482894097,0.03992534542782326,0.12337698991392881,0.09400768930590662,0.04262922743958794,0.03255254153604186,0.01836560663869613,0.017298123710593454,,,
0.008096005301338716,0.004137622570966823,0.002980637715187889,0.004996069900494071,0.004873064379701142,0.006735368995314782,0.007829536173192228,0.010344056427416995,0.015699748740851907,0.02641697555245651,0.03841569579910563,0.12199580567007579,0.0849696767241543,0.044403864629233514,0.033355576058541905,0.018631905210729018,0.012388681897491515,,,
0.008170316516910924,0.004245609636612807,0.0025824382332300636,0.004954883846126994,0.005136422405014439,0.00683324859115759,0.007566410684163092,0.010109790851840925,0.0150053333075876,0.02418344852379481,0.03864962456277256,0.12191689653251685,0.10191336587753821,0.04546620649123119,0.033710487686831395,0.018655679201117107,0.012386299984657238,,,
0.0076903539374241735,0.004728256696362179,0.002440421522187836,0.00476983614251237,0.004550458613065777,0.0067025054547491456,0.007476745844086951,0.010254996258025123,0.015209824543046013,0.0233602239101566,0.03837644512123917,0.11328502588286739,0.11991327057737033,0.046461450089555344,0.034964301775053525,0.01882041215167007,0.013625700052375365,,,
0.008741835836439343,0.004050424920356559,0.00275402316340853,0.007401385229677142,0.004800463583600858,0.006237492796814583,0.007614552493321666,0.010378604305176701,0.015217497037691534,0.02363592029662561,0.03724817103244598,0.11461928263011464,0.11983334456949793,0.046670452915013504,0.036813102010895674,0.02415651115064149,0.012542794507250161,,,
0.008571298383557906,0.004301978985606356,0.002769052050781119,0.004962730271659561,0.004717890485064415,0.00830165088402122,0.007457944474246646,0.010183066332099587,0.0148507938976326,0.02293834754626371,0.034644012368733934,0.10540265734245581,0.1192665777676719,0.049293993187013684,0.03628744532640348,0.019118645994921017,0.012503309931661958,,,
0.015376575440944309,0.004067758915475112,0.0027402137160213577,0.005048300333584852,0.005020929343921909,0.0063966092650763395,0.007521711874915494,0.010290347317334456,0.014557070491669653,0.022823734730371376,0.034636290151921836,0.10585489930642092,0.13006377346663936,0.04880978562417771,0.03764439897511922,0.01934733265388523,0.013012223468104173,,,
0.009064039530893226,0.004526525397397451,0.003054138629273723,0.008148062478704707,0.004746326009882956,0.006523245340236594,0.007401779492435065,0.010000411025120002,0.016990226589840875,0.021860211819929504,0.03471670403855061,0.09932938605368878,0.09931201519423218,0.05357490790232158,0.03765935723232214,0.019835169056387915,0.012717849335037217,,,
0.009278042529909493,0.004168850354141467,0.0028896110731673444,0.004863473559499358,0.004885092799681904,0.007289441225177929,0.00734531748625159,0.010080498778886745,0.014432584656515132,0.022005487766472674,0.03478083603045228,0.10384312080221893,0.13889474815673358,0.053167090082858845,0.0371044809554177,0.019417258686682815,0.012886426456803825,,,
0.011839888831319803,0.004505272638703489,0.002881520685643288,0.004738121228024451,0.009919840125765023,0.006073088552948773,0.00748051778535634,0.011152408830448173,0.014346237048852057,0.022037997634541784,0.04639507703442165,0.08480757273602357,0.1388453987476042,0.053491517633995136,0.04035752197329453,0.019716709923600396,0.01318530032269142,,,
0.009686060008347873,0.004158259220535906,0.0027982884414281552,0.005471427199407313,0.00500385174353303,0.0060700979884178085,0.007351450737739025,0.009939008348925554,0.014269186354187077,0.021337070222963647,0.03269367526853234,0.08437090725363385,0.14409290292841773,0.05305955578678924,0.040221409802345766,0.02017160926991316,0.013027165796406252,,,
0.009992788771872636,0.00429594513995565,0.002907509114061713,0.0046591769174464445,0.0047447545257688056,0.006402081390347356,0.007207131661919943,0.01016700570852952,0.014347141064874188,0.021303049355119823,0.031534852140698816,0.06176509710757467,0.14945916880076124,0.062237433272693675,0.05968850574929382,0.020177443332728494,0.012978415415317097,,,
0.009935092809801841,0.004418065565685595,0.002495080289455017,0.004927125542430459,0.00490337767757745,0.006016714232831719,0.007454813551562821,0.00982350400254621,0.01402211444369036,0.020955703887231534,0.031427489954654095,0.07893430104362345,0.1575436335926272,0.05863142271345346,0.04221471976720507,0.02065988253076041,0.013347222062304764,,,
0.01009197521040991,0.004320029957519906,0.0029047198147818185,0.005900647286337824,0.0045986564602600675,0.0059536013317619905,0.007281652906693927,0.00996354323443717,0.015093238008240657,0.020464412166324008,0.03140395813043017,0.07446022110653654,0.13759566617744876,0.062371907707582115,0.043359752891827204,0.020578284037406507,0.013541678103002268,,,
0.010264098159197155,0.004433889423501763,0.0027713929524171843,0.004894310026660849,0.004714590491315947,0.006324989573650596,0.010297906755872447,0.009930653332451135,0.013964905721571415,0.02069555610191952,0.030553316845620057,0.09251280214631331,0.16189377334544414,0.06866336367653227,0.07214693028690282,0.02049441480983023,0.013607245441027536,,,
0.010770199110719707,0.004414468001085169,0.002903938330873415,0.004705159029078065,0.0048751931107955575,0.005878626171335862,0.006928201585793518,0.009940737221024344,0.01378668273476845,0.02006011644184193,0.028746981409607346,0.06984806332139402,0.1638981949318949,0.06535083882738496,0.04526241728542918,0.020912211466185618,0.01356619842586437,,,
0.0119715111938343,0.005479480735294894,0.0026389479845240287,0.004812606086979374,0.007548863594569539,0.0060645936351593445,0.007648245274020848,0.010831709383652086,0.01420589835881464,0.0199154978865428,0.02958225868966487,0.0700155857438965,0.15918693721184352,0.06516830181287137,0.04528985980245397,0.021165882912609086,0.01354610700479947,,,
0.011095278199204677,0.004418359115107306,0.0028443732910292136,0.004978386022649914,0.00474195189288331,0.006097811094571587,0.011220090365708044,0.009696097309583127,0.013730122520081739,0.019643376938491747,0.028892463702834416,0.07226991193034314,0.16251707268953036,0.0703901610500749,0.04523426282560987,0.021157287188077984,0.013651375839197271,,,
0.011351101488348876,0.004517849695464651,0.0029883512845284696,0.005167073231351141,0.00461505552598144,0.006145322477651546,0.007190556687464041,0.009608590315300121,0.013548763650959637,0.019759420613768883,0.028643783889914405,0.06620587922271753,0.16272895986126365,0.06599003896614576,0.04544743258429463,0.02163159006593143,0.013801420903007889,,,
0.01125586714982689,0.004458901735908755,0.0027690520507810987,0.0048704021574369465,0.00702602529768456,0.0060059265556476355,0.007215045363394975,0.013560628431659248,0.015314688014638443,0.01960813723396173,0.028653562498242604,0.06265179128401271,0.15197794593620917,0.07383207060951422,0.04937864123690397,0.021390614989437808,0.019606632396680597,,,
0.011362664306554159,0.004845105010041235,0.00303571662194278,0.010715872413155088,0.004792351489283978,0.006018600088385266,0.00834590215428218,0.009483903785766544,0.013336893641289172,0.02484238220815618,0.027178283143450162,0.05953777783786889,0.1554900108344567,0.07991756107649574,0.05113831121867247,0.021545681067526086,0.013954685944276238,,,
0.011834547459851501,0.004711838731032918,0.002958691660115487,0.005018410175040456,0.004357172742463539,0.005874212042072047,0.00719091741924091,0.009242853939070341,0.013225690803285459,0.01893377653015046,0.02730463985890345,0.059274547722931614,0.14862230983694086,0.07868413399820577,0.051468276273941,0.021975010349939254,0.013844417147434881,,,
0.012315181282022487,0.005162050680791152,0.0028697943045753655,0.005020218937101385,0.0047485115574175145,0.0058545841921106455,0.006977865746167001,0.009531103287780349,0.012981288152721275,0.01911104666980342,0.027345269419771348,0.05937554465985217,0.14774331591116724,0.0789812795128015,0.05111471922898635,0.021892152456403805,0.015188320938698527,,,
0.012097387627672674,0.00485920489651109,0.002976174294932546,0.01194567189704649,0.004373735903970598,0.005584919691110927,0.007614552493321601,0.00939179701698858,0.012984709627707286,0.018849333225544766,0.026757470177009933,0.05601369000331033,0.14823271395936044,0.0842438951976973,0.05590040249729814,0.023804491305264155,0.014098307610021033,,,
0.012689262864699605,0.005061129580024538,0.002892751224293829,0.0048836987563620786,0.004809842990477674,0.00565140504956588,0.007065004996531956,0.00942818370789975,0.01306159240037588,0.018392651518090983,0.02653973676906637,0.0564428395343419,0.12887285942595622,0.07333889364245881,0.05629200913459036,0.022312302862607592,0.014571051708579478,,,
0.012713769488807274,0.004702746498011865,0.0028669683124526546,0.004823306538130569,0.004373735903970593,0.00708553565122116,0.0069750771652514485,0.009441380463467154,0.012804162780694638,0.018271583721191937,0.026631841142073693,0.053894329862721586,0.1290656502634826,0.09040053276346138,0.05610001835319183,0.022956363006744623,0.016398451342519688,,,
0.01681518369797541,0.004854398163922708,0.0030185788567733463,0.005239359188961486,0.011565399170055708,0.005844551381391035,0.007217561539662179,0.00930550527342869,0.012787818959017629,0.021343679516416227,0.025561523714912895,0.05093967797944376,0.12632293959698543,0.09770324650947726,0.05784365210298106,0.02308054631907089,0.01452022759126129,,,
0.013916527928618985,0.004916519148223853,0.003154410457106802,0.005512753657243782,0.004836732608745122,0.005799105074871436,0.006893717651746429,0.009197030885196402,0.012690284918905077,0.01812221146624524,0.025084180107868986,0.04928728348008186,0.11974831007270909,0.1038389647897985,0.058307900827744785,0.023458109094431186,0.014563728827782686,,,
0.014626466083147839,0.004970629542796354,0.003073188815835275,0.004707914693625997,0.004525307501377906,0.005935711143113991,0.006955339327569431,0.008981711458586238,0.012721723977047248,0.017831170614382302,0.029296172334008067,0.049380085828270644,0.11124353548169111,0.1057545576622129,0.06204983429361543,0.023426351999078873,0.014457029314134381,,,
0.014476662829546717,0.004891990778069891,0.0031109392407569158,0.005110538724120504,0.004651445803616108,0.005803855668922413,0.00690382261195243,0.009175853529785666,0.012700424347750174,0.01892624003030388,0.024581289910606003,0.047956054110089914,0.126626348938692,0.10551206448836488,0.06612293768832628,0.03314244836480807,0.014716567892601845,,,
0.014632782626878676,0.004920738092250387,0.003744006333298376,0.004976105960102222,0.0046192690350541025,0.005909048664470129,0.006940172084615801,0.009042730003909866,0.012722743423559375,0.01734215422580046,0.024617708443098192,0.04748650851966084,0.10349031349139401,0.14963955852671487,0.08622480604459144,0.02363065194281365,0.014763641883770495,,,
0.014684542039432896,0.005134844016790399,0.0029328251068823272,0.0049886009099928425,0.004916519148223796,0.005626392221882096,0.006874453723024205,0.009134735934083286,0.012394569277345849,0.017588749172523368,0.02656708917231721,0.04573310287435314,0.09695467272858228,0.12519219973015494,0.06964844678525706,0.024069174091131202,0.014689222343530012,,,
0.016969354994357165,0.005699395036203897,0.0030221214759228367,0.005085097178548763,0.0047007466057258016,0.005692165368750312,0.006606468168924025,0.009195902657402368,0.012179127302084015,0.017423853294970055,0.024125458357514364,0.04403712895240207,0.09657585824151886,0.13623624621082137,0.06930443418590197,0.02501569455913291,0.014707311384659534,,,
0.015871465549747096,0.005211062942676803,0.004238271691384393,0.005254684406026113,0.004800463583600839,0.005607631660237777,0.0067384011352012285,0.008845630003961989,0.012346236149551666,0.017067379646104344,0.024288015904016323,0.04489714098186663,0.09633386131576456,0.13613273681844937,0.0812266001825807,0.02457337430159083,0.015023753947670552,,,
0.015882187244271134,0.005174597916628996,0.0029883512845285524,0.005040522785941882,0.004871800005519259,0.005577076555682603,0.006639514056621965,0.008976619897603563,0.01217987271410708,0.01669568888794736,0.023510091799239487,0.04261717011231381,0.08487428904463853,0.13691922173077517,0.07345571742840983,0.024556215062095144,0.015500403904789135,,,
0.016402089107528117,0.00529286457683566,0.0029806377151879926,0.005085097178548748,0.0047575844811695075,0.009116828710618882,0.006902178626560886,0.01060100250694998,0.011958693421709044,0.016689084565008224,0.02299813272289235,0.04274358345034563,0.08190603819669885,0.1500747648958253,0.07878580653367387,0.025338990949774275,0.015096674821548613,,,
0.027058011675117424,0.005239854250421771,0.00411404618206766,0.00724773225610653,0.005457601976144268,0.0057099100622384,0.007930470518038605,0.00894278336240657,0.01217934028160298,0.016460124913824214,0.022763690939773224,0.05285542617169543,0.07953886212465103,0.1737949171132345,0.07771588939265409,0.02507342327633531,0.015277889399843581,,,
0.017714484345849546,0.0054954933997536405,0.003027159867210419,0.005075459837064153,0.004945517265735219,0.0056585721930613375,0.006715264594663372,0.008851199885126552,0.011982881232671992,0.01667275678685291,0.022643283216442833,0.04121869617500262,0.08004032263160185,0.16352170220574702,0.08388489989831496,0.02611070776303104,0.015284679214894046,,,
0.01866971718534068,0.006030225460217429,0.003223549748673301,0.005114407438099861,0.004464134337457892,0.007831523722467943,0.00666369221228289,0.008871982703477532,0.011795990700072865,0.01672518220641689,0.02226337832875822,0.040130374174040744,0.07648589082915479,0.17723205018967814,0.08318038817677746,0.026070243631769827,0.017910548666169028,,,
0.018941720863395628,0.005631461252308739,0.0035285763845570865,0.012132822316695782,0.005046694384654938,0.005572830854576919,0.00663169584751139,0.009076372560220449,0.012075470084100617,0.016446803289873194,0.022289054187487677,0.05259196814937366,0.07463062006806855,0.1764061466677772,0.0849879608390388,0.026336827746545974,0.01549184598876464,,,
0.019497446743433813,0.0056642421351943886,0.0032502950070855316,0.0053401907583434305,0.004585098987641882,0.005574750544589395,0.006562741027520764,0.008668496585394567,0.011765522818848484,0.016353485994657625,0.022166390161497643,0.03867605840308229,0.07165765325722095,0.17805428305183127,0.08934888845395697,0.026841447850581585,0.01575032813867809,,,
0.019743924030854884,0.006013048594060475,0.0031317150776222786,0.005378607933566617,0.0050209293439219425,0.006035814875579874,0.006526077936534352,0.009140448903716467,0.012981088330693741,0.01601642273550956,0.023961365026803814,0.038784288917142855,0.06818254872107081,0.18965814958171343,0.09686428226417683,0.02713549180899267,0.015839236450003902,,,
0.019744055408929494,0.005542961395531046,0.0032471012017258253,0.010586311107738056,0.00468063141426479,0.005410643596007209,0.008758140544673295,0.00881644072771343,0.011408315236298528,0.017915779770207366,0.021481672893303706,0.0429561001327462,0.07234153076804693,0.20703299095201033,0.10319405378904548,0.027245200469647506,0.01574209146652961,,,
0.018515834737773944,0.005655993067653873,0.0034099747577416364,0.0053520174975451446,0.00892376432810133,0.00544856403931741,0.00660386645303789,0.008675974263373689,0.01174751329261731,0.015986372280034702,0.021528337641012908,0.03646838177984958,0.06435791868018922,0.20843968504734123,0.10399750606529638,0.02718563112083551,0.01612378271702667,,,
0.02238196194125929,0.005969754427414057,0.003366432623989277,0.005114597627224172,0.0046399996812978165,0.005979251813177792,0.006828311958115097,0.008773675864338469,0.012091999113653776,0.015636009288271347,0.022317998653854875,0.03626946295242599,0.06458392851315213,0.20666852574417846,0.11265858533310132,0.027931564367345143,0.018606671964578155,,,
0.023718728843397506,0.0057982663307078715,0.003249596630385892,0.00809023611859032,0.004632936474498785,0.005447671324792244,0.006600330403637185,0.008743764340766761,0.011798189485819231,0.01677502788588772,0.02090458168301536,0.03498502187402982,0.071484245334164,0.2087130125840541,0.11283900899657595,0.03819782403754368,0.01648854511331047,,,
0.02380503613893367,0.005932651329003292,0.0033237834771331853,0.005333386107302805,0.004432719223052882,0.005429487627961029,0.006566692344049208,0.008725946571250743,0.01139352649422789,0.015256481731399141,0.020440314892840532,0.03430072814592406,0.06169303080480127,0.20349626509041435,0.1048765672637885,0.028298407142665384,0.01634188307086627,,,
0.02355787238748504,0.005997282442711286,0.0032468016214011915,0.005516281518901239,0.0046539545990660685,0.005633476076154647,0.006444835936309773,0.009144101912753938,0.011490780462825183,0.01537725019988576,0.021675209719318203,0.03463666460214754,0.056277313504097405,0.20322092626990762,0.1349380235644144,0.02926866728323556,0.016521156128001365,,,
0.027160047760932334,0.01081229448084289,0.003262740851326362,0.007361015453616736,0.00441446800108508,0.006238272486665955,0.007699244985763623,0.009229689499084074,0.011450075187404696,0.019135004825015973,0.0202679525217651,0.033360173652228584,0.056163766832358776,0.19464037719405794,0.13478941203069092,0.030183371631450268,0.01653982933757699,,,
0.029516696126031028,0.005976214291876341,0.003991722342163048,0.005478533874956895,0.004700815581692265,0.005538279740610501,0.006488608085797142,0.009156043805620859,0.01133532280192642,0.015104254525020951,0.020446976189419826,0.03374709467384567,0.05663939309101432,0.1901708720616319,0.1327644546529925,0.02989978365694788,0.01667328185700683,,,
