0,1,2,3,4,5,6,7,8,9,10,11,12,13,14,15,16,17,18,19
0.01800083783373287,0.0210593004515869,0.019336520111803493,0.0020402462895816862,0.01994457051717386,0.02166132325667535,0.028250242885501306,0.07690090841868047,0.004209947402466784,0.0028923028400046303,0.020698939935292305,0.02008371737568753,0.019671022167371228,0.019200638509884557,0.01902420321762601,,,,,
0.015545333886619826,0.003695453834059302,0.009178114775799634,0.004572706901247332,0.0030425446991642134,0.002336571976081038,0.007609142690214537,0.003583286257729033,0.003613113324186744,0.002637104328130539,0.0033952044361788736,0.019963890853755235,0.0023354615699469885,0.003082354200564145,0.018967807571533022,,,,,
0.015283830652970088,0.0043829928117108796,0.0027815529505417448,0.003644653890625632,0.002702083829401033,0.0035501961939546803,0.0025079125488842477,0.003423639763935003,0.0034632816933163157,0.0032978309410317094,0.0030558367882202297,0.0020172316518906564,0.002355506444758614,0.00314730997600181,0.003854946149298949,,,,,
0.012811327209733513,0.004417992175282522,0.002892302840004695,0.0022524923763297656,0.004541900017458422,0.0027620174419466775,0.0031058279652274186,0.00293138752874071,0.002957047363850891,0.0030194380552130734,0.0027402137160213538,0.0032924189305892433,0.002581307980830904,0.0029358085968269167,0.002468953074301201,,,,,
0.016135663044093185,0.004416230439722407,0.0037029042650257786,0.00409698717486918,0.003108019541154736,0.0028894988617982264,0.0029011455984748595,0.002927845867668067,0.007519642438373619,0.006854804559222092,0.0030752982187988377,0.0067794653412157355,0.0023746995744108987,0.0030070634775186426,0.0051064765947826515,,,,,
0.009331705911477112,0.008425091903021651,0.0032315865343917694,0.002765771459910161,0.0030062007423185683,0.0030322968175796336,0.0028292860965305876,0.00855406901675496,0.00263365938305676,0.002963071989200017,0.0030426512662890728,0.0028292860965305508,0.0029962614328464168,0.006004630732002288,0.0038054234900201634,,,,,
0.009258276348650687,0.004238271691384418,0.0034296956236478885,0.002727998823330568,0.005037755972309262,0.002918084135699605,0.0030142791909533425,0.0031817369443149076,0.0035045110274861757,0.003104679379479246,0.003014279190953278,0.003052758179568101,0.002847563328567456,0.0033609381349643573,0.003783548147930568,,,,,
0.008031670492338544,0.004295945139955677,0.003923971556520081,0.0033494381332189703,0.003039239264917205,0.0030807759071630864,0.003036570971251683,0.0029875916767310483,0.007221154556295026,0.004250799683768372,0.0027002832802376074,0.0037129604640217515,0.0027202621676195187,0.0034183320860084153,0.006563136266223098,,,,,
0.007939296865253456,0.004988795895273401,0.0037718752706916697,0.0031241479083403915,0.00314328956561967,0.0029118550856900177,0.0035832862577291785,0.005624259560726678,0.0035465410954936038,0.003084877790425902,0.0029499114889342823,0.0031088540208425866,0.002763425796304484,0.005274393083122925,0.0036417169140086927,,,,,
0.006627049421818868,0.00517666528756263,0.0036274433128027353,0.003367203062865242,0.006760739154400397,0.0031365774299102274,0.003005661407065707,0.0031080195411547964,0.005341647770082119,0.0031538964667078002,0.0030345414988947684,0.0028697943045753395,0.007060597803622049,0.0042578114425934,0.0035000672012859718,,,,,
0.008277243184349836,0.005260604762139246,0.0035560365371073888,0.003399022276625077,0.0035192832559986552,0.0031980004810817004,0.00315029618581497,0.003108019541154784,0.006111673576440565,0.003515596018089578,0.003069705131946808,0.003535461418195804,0.0030963132112680884,0.004351513493938872,0.00400218707884912,,,,,
0.006169703027343688,0.005920834376536931,0.005085097178548725,0.0032607527085231616,0.004590752800311222,0.0033470171440097224,0.0051039361222019125,0.0036446538906255636,0.0052396686078555205,0.0030108350373572617,0.003124147908340287,0.0029150825054154094,0.003083195626690749,0.005102220588123842,0.0035045110274861796,,,,,
0.006042311438079448,0.008480329440651753,0.0037698976080745928,0.003466556930386574,0.005013238687501302,0.003261150434048675,0.0033954909231160516,0.0030781436198122417,0.003982614378897069,0.0032883787280541454,0.009476208239796422,0.002947822355165343,0.008465672972528043,0.003158006047533355,0.0034632816933163253,,,,,
0.006502933890080552,0.006200736786389385,0.0038851078847183026,0.003390904227593205,0.005779222146334831,0.0033470171440098213,0.003268598826927718,0.003129229260262085,0.00419552035243696,0.003438853705701472,0.0030242664981787928,0.003293895815304691,0.003063784361559662,0.003063784361559648,0.004216488834067993,,,,,
0.005647272646320275,0.006983253845079148,0.007506868306874477,0.003673629750489738,0.005217343544203376,0.0038620049570708636,0.00405082515601925,0.003617149371556977,0.003644653890625587,0.0031266377656060623,0.003157184559310386,0.003161289865718363,0.0028442592949451152,0.003510519742329158,0.003519743889140953,,,,,
0.005291577960316764,0.008224111337223141,0.0038974400044154383,0.0034137760796485958,0.004190261837008139,0.0053277292122045385,0.003395490923116075,0.0032227449677973774,0.003638153763687279,0.003410735361054085,0.005518162122899887,0.003110105320559417,0.0035285763845570592,0.0032946832164551286,0.003805423490020238,,,,,
0.00534916934183374,0.00816257422802242,0.004127815440392853,0.0035074704504255397,0.004209947402466796,0.0036371732853972285,0.00342136605306573,0.0035097807633203255,0.0033879386865337323,0.0035629595104320457,0.003170302827316762,0.0032066069346401846,0.0031448364855605755,0.003205393306790817,0.0038505699264376526,,,,,
0.0048933161975794415,0.008771162488943456,0.004522440569922631,0.0042094082432886345,0.0033221246833324536,0.0037608559374577304,0.003477110208114894,0.0034613150634763925,0.003731775379699508,0.0030723446491347103,0.0032013445577872197,0.0034707634080055356,0.0030578521270942017,0.0033275858207670625,0.003773336355125514,,,,,
0.005011168598143901,0.010608340576811714,0.003912054625336518,0.0036381537636873515,0.003623239757617691,0.007134831766221394,0.003556401240101691,0.003504511027486116,0.003369128389263496,0.0037787460360212315,0.003626012862384645,0.0032710778555941782,0.00414732833131936,0.003233592609781697,0.0037835481479306056,,,,,
0.004757311863658973,0.010449436516210383,0.004475233301648325,0.0034448828204874083,0.004137622570966826,0.004053625699172283,0.003766369634008746,0.0035702323481907666,0.0034520287175259946,0.0040343829351859204,0.003435457678829164,0.003034541498894824,0.0031694845262571166,0.0033485667787447916,0.004065765678007201,,,,,
0.004503473049001703,0.012978090631084314,0.004789847489097509,0.004072140603607906,0.003462158041626154,0.004094374678796144,0.0038535160078476413,0.003764991966865998,0.005516986820523877,0.004140442716179661,0.0035600462151694416,0.003669479104350866,0.002888264249009779,0.003200939401225761,0.004069352802498123,,,,,
0.004547964019742535,0.016483962620840696,0.004744754525768752,0.0038007343286887768,0.0033755702313133552,0.0062573704488793165,0.0038282750101042394,0.006534766832525831,0.0035193753874502858,0.004145451570533313,0.003751273903385838,0.0034747781732668093,0.0038901121045824155,0.0030425446991642494,0.004334416609751141,,,,,
0.004349352102855306,0.013027962239195116,0.004910183935286323,0.004065207396381078,0.006331803944479452,0.004301978985606427,0.0037718752706916996,0.003519006847171053,0.003642429125801373,0.00460992389673324,0.0034260066081610793,0.0033724950656290873,0.003163852977156029,0.0035770372038832713,0.004481532218353612,,,,,
0.004394813202138465,0.019136817844409723,0.006115651236202005,0.004783412296064792,0.0033990222766249983,0.004715965769339248,0.003985950958853058,0.0037401071830952108,0.007189158680863624,0.006632918050139422,0.0034175731733974233,0.009659209311976577,0.0032853206422085056,0.003120513305345087,0.005426620382330769,,,,,
0.004303862827573007,0.025417947991831693,0.00523347675415542,0.004523659237800638,0.0036059269746247916,0.005266826286212909,0.00395360673794003,0.0060679609685171994,0.003751273903385835,0.005125047159956815,0.0037227282164180578,0.0034542822453806576,0.003749198892309681,0.007173084622676958,0.004792013187340899,,,,,
0.004435571045776307,0.022209996006262722,0.00564956879906973,0.005561473705340348,0.005259433553958844,0.004968998491220676,0.0044326460752674764,0.003877422203829085,0.0037143574298667565,0.004346369110081035,0.0037578372128073525,0.003458409899310882,0.0034425289542607037,0.003443376531469005,0.005455759928095845,,,,,
0.005719442094098105,0.027004886034706996,0.006590350493254253,0.004493454186649212,0.0036726587431258543,0.005783428460228733,0.004268763247761773,0.003918265882952963,0.009091185776066435,0.006016444776640585,0.003916941641139909,0.005049327872845163,0.0034023593727508174,0.003556036537107346,0.008422012528325432,,,,,
0.004266939898957399,0.0276659197232334,0.0059230792219727305,0.0043515134939388495,0.003616701144269695,0.008263482172033041,0.009500982682701338,0.0041707165858342185,0.0038095111322388373,0.004295341289210889,0.004011573918973478,0.0034028358336155497,0.0037143574298668137,0.007130285839180627,0.005729354430431135,,,,,
0.004052425703379503,0.02722645018608635,0.006007384023139888,0.004390901222328195,0.004020293689018212,0.007985678150840997,0.004677859677529464,0.004090333902824752,0.003926862569626114,0.004043374288097212,0.00520639422773983,0.0038143595178553595,0.0033993084418023982,0.0034169089865922343,0.006512898398292683,,,,,
0.004613298761399049,0.01821408611302162,0.006148909262573004,0.004527599739471661,0.0037331653049323507,0.009262653031276321,0.004829285748887715,0.004061377112179677,0.0041044987130844455,0.008813019816969123,0.0040947706186746135,0.0035023823976664185,0.0036167011442696786,0.0034710436585939984,0.007601255379205361,,,,,
0.004104261716825076,0.024040260977895425,0.005983209123840674,0.00417071658583418,0.003987902783482609,0.013805367213184648,0.008331631889016387,0.004361858395626949,0.003967605906927958,0.0038006490176592804,0.004015451710037375,0.0034740315914945736,0.003733946910508751,0.00839733687847218,0.0073655510410127415,,,,,
0.004098253240157369,0.01955130318203125,0.006961443548754429,0.004280823317748973,0.003810957787473903,0.016162968699253537,0.005268549764463189,0.009715072862374514,0.0040244853585978,0.003976095917342482,0.009058600519844305,0.003660189380921768,0.004492010784798189,0.003645276581457531,0.009063789121814624,,,,,
0.0040943746787962506,0.01602354713694023,0.00765231403093802,0.004691701986527208,0.0037718752706917373,0.018153816797522412,0.005458077242465813,0.004479216405277317,0.00433628635964596,0.003877004067260432,0.0044618094943683325,0.003805423490020306,0.0036723055858824583,0.003601338191916521,0.012102720161189177,,,,,
0.006369178117873695,0.01620752235174017,0.0075099343530618855,0.007351450737738956,0.0041048936764433485,0.022367470543209634,0.006554237630576121,0.004615547300241051,0.004318303341774549,0.004251638654889485,0.004533325263860257,0.003843152658506719,0.0036250291002906557,0.005385415652555533,0.012195090444254472,,,,,
0.004095404042859462,0.014959106606495243,0.007891615921625923,0.004542256947573808,0.0043705469953566,0.023088819246330602,0.00554857416719426,0.005298436304801334,0.004473421627592864,0.00431221714697355,0.0054464808111468355,0.004200695098540425,0.007572065124133305,0.0036424291258014417,0.014642086250862848,,,,,
0.003933874756142354,0.013777154484309106,0.008563123489874501,0.004635175487031583,0.004195133921404692,0.01813258580273962,0.006024630859217605,0.00477357343376455,0.004282110749273011,0.003972179705860918,0.004692531226581908,0.0038549461492990186,0.003707804603658288,0.003647499609498033,0.018623410875678488,,,,,
0.005202593916738675,0.01663405052830957,0.00901813483288824,0.006977865746167001,0.004245915109120001,0.011039614251610222,0.007375756905180974,0.005128335933554792,0.00490331155109746,0.004125929803791969,0.005072328552800829,0.003906746543345743,0.00379860097816394,0.004110813573102389,0.018166315025481782,,,,,
0.004098253240157361,0.011139609091546312,0.009519359413742701,0.004815838917227701,0.004679730779895351,0.0072990871987054645,0.0073443904345576886,0.0057627600538256545,0.004405645232195747,0.004027304218198569,0.004504120984124697,0.004176543185129277,0.0045595700745321615,0.00361714937155698,0.02919096211598995,,,,,
0.0039289262765666785,0.009457061978024296,0.01045629178976213,0.005040329801717712,0.009622247294261536,0.008189343274588517,0.007818263849936126,0.005398344685743463,0.00470791469362605,0.0041541244814912335,0.004342189477453027,0.004371956334817959,0.003783548147930674,0.0038363972434430614,0.02062675684607629,,,,,
0.005361278673538493,0.011235107403613933,0.01143556728351701,0.005848100861595342,0.004723110759742681,0.007472234358333166,0.009217280193227696,0.0054438607646863195,0.007360266592802795,0.004687553585834006,0.004245915109119978,0.007827216727826216,0.0038393542001031013,0.0037165391377963924,0.019901735826687382,,,,,
0.003838762990987891,0.009245379366546848,0.011142752207198759,0.005269472824505736,0.004770311960374159,0.006888777284028259,0.009183730149024046,0.005628408860309178,0.004969585731457062,0.004433011802124706,0.004190184456661577,0.00465367591080579,0.004716172026452739,0.00373038493658677,0.016851415285818423,,,,,
0.004031166877490202,0.008349980440809859,0.011760313096739514,0.005284219856277262,0.005758989074028561,0.006324169304926136,0.010164581666627284,0.0055289045380686646,0.005048557238006477,0.004512463820676406,0.0044027003802694,0.004796341650187287,0.00420378146249857,0.003682885572039868,0.014385171136746585,,,,,
0.005124730820500498,0.007588490447391365,0.016737875475762904,0.006082904341699343,0.004931335412293821,0.005944444790614844,0.015249679361617904,0.00580581066605128,0.0077213228345980964,0.007810629230024326,0.004507862785760095,0.008763766030635589,0.004164103250769552,0.0035832862577291243,0.014828485405890969,,,,,
0.003909650293606343,0.007670765809861087,0.013267864614626737,0.005528904538068691,0.0052086357331679375,0.005785670577221665,0.01584335053480471,0.006827124735302054,0.005128335933554812,0.0047980313954045575,0.004493670656938624,0.005098851379715581,0.0042217146816012335,0.0036460770276930347,0.009533552358628931,,,,,
0.004024485358597838,0.00754065524594788,0.01605518411377447,0.00570439919540219,0.006605044715494802,0.007698781725090099,0.019591594216583012,0.0066812346047556495,0.005301372879197479,0.004782869989811006,0.010438415227111779,0.005123275407422397,0.004095404042859585,0.0037057052520111126,0.00820737783871701,,,,,
0.004393337392565931,0.0071366038928883675,0.016154801919699504,0.006168441608825259,0.005201658988717667,0.005778773292142367,0.024716884198090934,0.0070004586297572075,0.0066835636431501685,0.01048725511424586,0.004659803202348129,0.004942828468630362,0.004195133921404726,0.0038346219749651176,0.009011840630103915,,,,,
0.003846778792138704,0.006628027887388704,0.016173396913732572,0.006108011841679468,0.005231493813190269,0.0054813148117458885,0.03187274840678416,0.007092853625932729,0.005570503070655287,0.004721119493878212,0.0045184955690316195,0.004850121513552407,0.00449367065693869,0.006417257255262665,0.007453769618417026,,,,,
0.0037574057684479317,0.006578532053784151,0.018966080971170796,0.006251408603112304,0.0053111497341415,0.005600283532411136,0.036381216794893256,0.008104011241788285,0.005604450582865059,0.0049386283958838305,0.010337659942100404,0.004910183935286339,0.004606616946008924,0.003972179705860964,0.0066481522390448465,,,,,
0.004242553701834937,0.006306507721780898,0.02570275849702392,0.006571825503816446,0.00536973895759813,0.005519043435432144,0.03285814074367916,0.007991563388688186,0.007021178027271971,0.008200619524954105,0.004784428954611336,0.0050459876052049565,0.005262083810390074,0.00394268413060797,0.0064000552228153885,,,,,
0.004075960773094602,0.006007815797457995,0.022789329542417032,0.007765874773158895,0.005487522451755566,0.005442907707822427,0.016317897420954765,0.009351836968462385,0.00583238916114658,0.005141911419180071,0.0048252556340667675,0.004852861676537692,0.005381802006807099,0.009627468913318303,0.006524835721131537,,,,,
0.004238271691384428,0.005944935677130259,0.02735874784215096,0.0068575002012347805,0.005977570518897487,0.005528904538068697,0.016417441867718194,0.011503414949855179,0.005954527102030339,0.004974802598032556,0.00520707923454865,0.0045034730490017185,0.005207577364723121,0.004027304218198553,0.00597708231262084,,,,,
0.004236358682173233,0.00564129827527853,0.034492576791540795,0.007098565544441735,0.005745009282742782,0.00556164860636734,0.01390552646109452,0.010305617963184313,0.006683127010276694,0.010582635071152325,0.004762693170188751,0.0047046077024770145,0.005621953071031529,0.004179647383547412,0.0055965768828564666,,,,,
0.004122234600238501,0.005340372906549947,0.029944471974552998,0.012072247509530896,0.006025061397574827,0.005535937428449847,0.011349530320575953,0.011231210679286795,0.00618859345146536,0.005505396684674551,0.004815838917227765,0.004751242078075268,0.005618318429659141,0.004683055338190465,0.005746984298147454,,,,,
0.004373735903970615,0.010600268420574618,0.03684117924616413,0.007445064483046011,0.006040110906213739,0.005688746582058521,0.010989069091940005,0.016331562440433458,0.006922817475706672,0.005359826998253958,0.005080057406174907,0.004654720905746519,0.007735545336909412,0.004216104324922193,0.005482083757967108,,,,,
0.004274759610866166,0.005152494346584386,0.041363207390668434,0.007471540041814454,0.005915629631722315,0.008817727823517515,0.010099008920195444,0.013883123697321056,0.007332239654402995,0.006210350823616071,0.005154822190882369,0.0046260026669596626,0.0050528584453372605,0.004279080882093225,0.005142415861966371,,,,,
0.005808993110241822,0.005156583104255717,0.042161035558686624,0.010409393781491727,0.0059514224807194266,0.005912120694136685,0.008655807166735075,0.01866263001804523,0.009223082655156136,0.005731165117874158,0.005349169341833641,0.0047807001496223455,0.0049674321778587225,0.004206865562148541,0.005501626106702692,,,,,
0.004364830802797151,0.007508552628067766,0.044162921123353786,0.007713760404960375,0.006830163613636668,0.005987109662599452,0.008382535303018602,0.01843060249227293,0.007447198182323599,0.00596404873643517,0.005192612672663498,0.0047073636897685366,0.007400027052726653,0.00411688247760077,0.005186114562665225,,,,,
0.004715140650661015,0.004889338861152482,0.045193451110008366,0.008417391354014344,0.006635850418008449,0.009742135698819416,0.007902619501609018,0.01800481816633216,0.008096646067892765,0.006519267690609696,0.005507281005583608,0.0047996529911457815,0.004769292292542912,0.004252858681071829,0.005574750544589296,,,,,
0.0044988628191368445,0.004933701885474397,0.04633327679996277,0.011602207185726389,0.006520113144193528,0.006051694955672029,0.007891944608850796,0.0351163807593388,0.011554740796056262,0.005679619756700374,0.005176164182553246,0.004650051443501042,0.004746121063202639,0.006022908398025059,0.006982278721606525,,,,,
0.004590752800311232,0.004977864957570346,0.052994128963669916,0.008918530618814462,0.006922442773128649,0.006049605032132231,0.010669811510150604,0.0447437538425329,0.008726689704641409,0.006241650017215356,0.005572830854576992,0.005069067406711862,0.010683872179758951,0.004340396974238228,0.005143487638622225,,,,,
0.004736820834327844,0.0044326460752673845,0.04138832335256225,0.008967838295780442,0.010732320145021405,0.00625737044887937,0.007225149687690774,0.048423095684544434,0.008854422951737856,0.006539131743379941,0.0054652012776620325,0.005046694384654941,0.004808764278235063,0.004464497484831203,0.004844034150262437,,,,,
0.004944205840063087,0.00483545873455292,0.041221174002523835,0.012790683804096526,0.0073026401035103375,0.006386869466103467,0.007174892492409172,0.034111954437181013,0.0125977620571759,0.006167863372454229,0.00574952260678149,0.006105038384411167,0.004891129062784887,0.004553877547483994,0.006564470021156115,,,,,
0.005274454557310393,0.004519643560810472,0.02962151562786584,0.00961968598095528,0.007137376220660272,0.006569654271855764,0.007390030211161451,0.02780824303183662,0.01070039940168023,0.006611717569870885,0.005739588609150743,0.005097833822616217,0.006484959191610366,0.004366687529811614,0.004621514669136665,,,,,
0.004937906148602411,0.006277908268240572,0.025807539764557873,0.01017542157763842,0.010157561442247765,0.00664542046905649,0.007270601457760138,0.027162065234566643,0.01078175337830455,0.007011565921262714,0.005847657294394313,0.00515501088894381,0.004691356426577465,0.004547108415554858,0.004938628395883881,,,,,
0.005352502139069032,0.004367578478410618,0.024109755580939515,0.011904560997024687,0.007741578846988782,0.007343728183126352,0.007134104612554028,0.019099506202128306,0.014562482013249877,0.006768408306834274,0.006028934859237421,0.006983253845079051,0.005007997115507387,0.004787138988505407,0.00553827974061053,,,,,
0.0072127530820122404,0.004447251690236263,0.01989230046854017,0.010501930713189084,0.0079753177152995,0.006905325341802614,0.008869679968013,0.015517881686257774,0.01369500890419923,0.007308853531081594,0.006192783498121874,0.005093761561492395,0.005236883179660247,0.004779004276482016,0.004936329969550113,,,,,
0.005682815812927982,0.004455409920785702,0.017351948526747398,0.0112928226966153,0.009726913784647117,0.007015495536631505,0.007428322026587067,0.015287754857035585,0.01558335281645084,0.00774459383935168,0.008703436795424735,0.005219828822077078,0.00499249916870286,0.004798031395404513,0.0049281125533463385,,,,,
0.005927238150226485,0.004425398459637172,0.017917589485152177,0.012024802969274516,0.008353979111255117,0.007950560716206324,0.0073001088359417165,0.01264503125469827,0.02244480397434958,0.01280059172754449,0.006286321242518549,0.005615316635902135,0.005082609814217278,0.00493389904033812,0.004945517265735324,,,,,
0.00884346706549602,0.004346965872396022,0.016209602798754094,0.011643494522766295,0.008622591911978535,0.0071743049847165005,0.007214551011367392,0.012042801680592302,0.022405577301618025,0.008112009280983119,0.00651254989797492,0.00535232040364013,0.00707601096962767,0.0049115704613651645,0.005014208747692729,,,,,
0.006353632263234882,0.00422724089037141,0.014972127706157983,0.013197712980970219,0.008920130133559275,0.007357446668475202,0.0073065463033635345,0.014352925419094461,0.02633377436402259,0.008270345937702222,0.006457150168333859,0.005885241157586455,0.005222499176720593,0.005265594884946229,0.004983073156486647,,,,,
0.006565655353640157,0.006431137005681257,0.014606878537797392,0.013123999781579432,0.009193610518447552,0.008844163662746584,0.007375053505901298,0.010462491785438753,0.03194217461168959,0.016866801196611582,0.006507569284283533,0.005719838917365721,0.005285201528692428,0.005777594883977846,0.005242143301522048,,,,,
0.00881791167901039,0.004021261385190322,0.0134109114922286,0.012994269993349657,0.008967657514093268,0.007517184242533147,0.00777301108881179,0.009716941684717888,0.032450395296668086,0.009151190969406963,0.007043539918420435,0.00602619141441405,0.005521862690292239,0.0059560515864367745,0.004942828468630357,,,,,
0.007598567561327895,0.004225706557305508,0.012998685854558725,0.014033463508867425,0.009501358073308033,0.007584387451445321,0.00749991107952201,0.015185075689552385,0.050718810686655263,0.009747459416093573,0.013696334687392031,0.005827940011699737,0.005347168666400885,0.0061298965454117125,0.004797963817021573,,,,,
0.0076317786143333234,0.004175922068542486,0.011400354451329349,0.014741289483703167,0.009536544813322986,0.008296337376825802,0.007663999674814192,0.009698772168887907,0.04599076667250674,0.017632660792945218,0.007204656847562149,0.005984943010459298,0.005546762330572506,0.0063229387023158706,0.005035438401008118,,,,,
0.009308571039402828,0.0057724856687609545,0.011699500164039646,0.015187466992996602,0.010295796971068078,0.008113008481489624,0.007804981450257098,0.009319710777914162,0.04488234817319721,0.010661542599550773,0.007670554458482116,0.011240099008853267,0.005619184033703381,0.008147943096963827,0.005200162754258709,,,,,
0.009457576247843378,0.004129700216005178,0.011059421687657502,0.015616193079845575,0.010576260247684323,0.00801162180245312,0.0077271576463571025,0.009867403770948722,0.04472853335467263,0.011157495554254873,0.007575661206690794,0.006048264957724119,0.010413130975782205,0.00672226215220297,0.0051245410074534665,,,,,
0.0101671332736729,0.004169705814017446,0.010883998340285281,0.017292499511505202,0.012351986260644715,0.00851665087533586,0.008024562174592608,0.0088394697362513,0.03583716045331158,0.013511019116770101,0.007351450737738918,0.006323195097609675,0.00581010934420419,0.005549801204319538,0.005244802294915685,,,,,
0.01375833742482922,0.004357098326389822,0.010390188356596965,0.018108751753907817,0.01070981910245418,0.008254648944311143,0.008195557023028599,0.008999166957846357,0.02509555250840281,0.012679165655641023,0.008076959388653443,0.009403700199530091,0.005722615909765779,0.005691709649173124,0.0052448022949157305,,,,,
0.01255829539206187,0.004294812850163514,0.009935908674365963,0.018678051586371307,0.011223557619368683,0.008534639655078018,0.008539766922477696,0.009039287121621024,0.02116992675177872,0.014693702558269748,0.009637163506262389,0.006314985284880458,0.00907508641863708,0.005473560170912969,0.005106984537647613,,,,,
0.013802008223006831,0.0042201783393684385,0.008810554466723531,0.02108076772024887,0.011979092418831805,0.008995274864984545,0.008349359116272874,0.008609533557778375,0.01715757038557976,0.01883184817004374,0.008763026041439727,0.006655171641534089,0.005892123871133232,0.0054098644954482765,0.005265594884946131,,,,,
0.018449170849926227,0.004077949027363121,0.009192234960726502,0.027779031336491348,0.011987642613955452,0.009355546068585937,0.008233568055728455,0.00862503580282586,0.016943521179510736,0.01869153502128063,0.009216893232550845,0.010853240764661438,0.005744331978284154,0.011940377846339445,0.009659209311976585,,,,,
0.018992595168079492,0.004764394849225692,0.008882793913799758,0.022243096184885153,0.01226666751435938,0.00915491052668518,0.00868004688576813,0.008965668674948225,0.01721641183263239,0.020546005246775117,0.009241169937336603,0.006580651084940363,0.007618298765167311,0.005279615833711529,0.00512833593355478,,,,,
0.02289845124387784,0.004217103975778757,0.008339411628034641,0.02361570482793466,0.013056403154363854,0.009490431552298024,0.008641861053253059,0.008896690356281626,0.013860801688186278,0.02538108083919014,0.009189271521658195,0.006997169343127281,0.006024630859217586,0.005346198372443828,0.005177604728736555,,,,,
0.028318565903803126,0.004106157303894129,0.008538893605611648,0.039457874173801255,0.013219290580973923,0.01391205380506475,0.008823609299136902,0.00925659515263198,0.013599141320952298,0.025316908009887604,0.010077313924311026,0.009710265667657212,0.006306764785060159,0.005905316194248127,0.005048236105436643,,,,,
0.02551073435386651,0.004460065066779652,0.008046835407091706,0.028079574067855165,0.013402858001192335,0.009734810833791928,0.009107043056510802,0.008962738853722056,0.012451753743122325,0.03668556493618773,0.01158601487121236,0.0072340746398848604,0.0062842577517631185,0.00515909765217138,0.005078780721123874,,,,,
0.04802334853925334,0.007557492072042329,0.007542375011346615,0.030234558586667855,0.014802682842815327,0.010279407799740624,0.00917101117588386,0.009035663506428416,0.011619548993068104,0.04598779847166959,0.011660635896651794,0.007442494523224883,0.006265241749045274,0.005467870397887748,0.005171150461711208,,,,,
0.03340344552135206,0.004247365803505429,0.010257304101289425,0.029929384668475584,0.014577547962225136,0.01271420303462958,0.009161708097545341,0.009381848881685884,0.01198493751573447,0.041860812514093126,0.0119608622975736,0.007577201862478777,0.006603866453037892,0.005790152206567606,0.005187114801747335,,,,,
0.03246438093486612,0.004334416609751124,0.007344257989048782,0.030505811102225517,0.015150873003085706,0.010761043183892788,0.009490431552297986,0.009067794837260622,0.012000483503312308,0.058955759640727336,0.011934619598611628,0.0073331240263868475,0.006566840472168529,0.005425963091811738,0.007527399891857988,,,,,
0.026995375013718837,0.004455409920785796,0.007118635037542765,0.037959291872447475,0.015684210282422,0.01090069805942737,0.010844035350800507,0.015272816287588259,0.011045574889411488,0.04537683263608925,0.013770492559243766,0.007712078857972613,0.00657236819973112,0.005373783095356163,0.00515356402723789,,,,,
0.022354695837821688,0.00657078932351362,0.007377866700651342,0.05095184677639157,0.02109011722662942,0.011927417879672383,0.009737574952847274,0.00929731333029771,0.010263371567830259,0.03160300974617564,0.016755533142188424,0.007726696059211192,0.006668993808697782,0.005466209765149497,0.0053779447749860865,,,,,
0.018819860842734647,0.004487894542649327,0.0069184603049347124,0.049572155310555914,0.017139097256850623,0.011420955780885856,0.009956772045299808,0.009240608535227304,0.010413286663104404,0.03760855075311018,0.018477690319834345,0.00827916241795984,0.006673416686208501,0.005588227932087388,0.008419586728066747,,,,,
0.016536280697405297,0.004543684387647885,0.006843442839964532,0.049331833305713,0.017761480862992868,0.011720101304011871,0.012222922723736226,0.014336221259709335,0.010291607609354273,0.03081302094788772,0.027682978591355354,0.008379401594232422,0.006726698207300063,0.005512753657243768,0.00547800119409458,,,,,
0.012166421659770917,0.00500437010281692,0.0064303807008810705,0.056606684423804475,0.022836161863394617,0.011749527979218584,0.010357964535078201,0.00981468727148899,0.010264098159197136,0.022784206976126556,0.02335704516396724,0.008605465242736138,0.006895927907715937,0.005252524282912208,0.005450765443364026,,,,,
0.012334754172540967,0.005325781364245229,0.006294156337716071,0.05570593872456272,0.01872576388516766,0.012229817872252644,0.010802183740376153,0.009881687445914038,0.012236603145446856,0.02079821914409127,0.027354469132970932,0.014850859397202482,0.007649601766786247,0.007011797136070516,0.006485359170590344,,,,,
0.012270235407523984,0.0049365270194535295,0.006291734685855378,0.07288473256486244,0.020429842752820754,0.012890979871189256,0.011253101396417045,0.010773329615108105,0.010472992394901643,0.01613576351715989,0.05075083546073048,0.009450888557444675,0.007285881884043564,0.005713032418950247,0.0056587440929594,,,,,
0.009703952610610902,0.005259618498905017,0.006331803944479408,0.0785416233506753,0.0238480794537321,0.013110923818490605,0.011221246235966775,0.010521209524278327,0.010612985396819404,0.01769690405337237,0.049843743558916034,0.00986040214937021,0.007716618193882611,0.0062776500233168485,0.006153126332722788,,,,,
0.008784608061644413,0.005662009199427748,0.006491605641240775,0.08239960551731232,0.022304119883052538,0.013699743255032917,0.011772878656121376,0.0106102048606889,0.010592190112664865,0.01764749419840793,0.05029703621675031,0.011043373058069664,0.008082417119649991,0.006822421304005566,0.005877743610680561,,,,,
0.008633114513044061,0.0054794807352948035,0.005812508521341737,0.08433575915866812,0.023169175041177877,0.014079228885935246,0.011454831589600513,0.010632062837579686,0.010649096747144211,0.0142528162931649,0.05642541925200683,0.010314266532755943,0.007859296635904367,0.006112681495047494,0.005962145626049591,,,,,
0.008823315318467665,0.005717174004190805,0.005450468008288693,0.07914720518546538,0.025066077018750535,0.013965834421398619,0.011593400700456832,0.01058033689970632,0.010755889549972192,0.01408265989848894,0.05396023351306995,0.011145865345847659,0.007860657956673303,0.006135553700700741,0.005811169567870385,,,,,
0.008424206698085718,0.006109763379933015,0.0064208941256340525,0.0815689187896048,0.027021510266711755,0.020431667830023637,0.012138593388265968,0.010967804364758646,0.010663123916453621,0.013590364356801369,0.043268276170565,0.012134826472035258,0.008123831928282997,0.007784682158033621,0.006681622834199293,,,,,
0.011757252342671625,0.011800607676941735,0.005633015608525977,0.07593993525822756,0.028117884691711906,0.014672967335356184,0.012808821381096486,0.011162289484984333,0.010729207895546381,0.01274331878073123,0.029822679175355683,0.012220694228888291,0.012899026173621285,0.006203246232605548,0.0065049280128455685,,,,,
0.007786348025560623,0.006532235833289398,0.005009615469763759,0.07916450358256963,0.031212727678105123,0.01550701265468651,0.012607255793695782,0.011125279216624482,0.010498719283484417,0.012575943095128292,0.029947417065498264,0.013577450963856147,0.00871088447975739,0.006293795725215492,0.006694034288019596,,,,,
0.007186271613358615,0.006949556346533593,0.005286735026919622,0.0693945069904613,0.03161059083749649,0.01587042362771199,0.012678961072125669,0.011322873019868706,0.01111463637627241,0.012749551035146321,0.02615746906595122,0.017181742585941878,0.008805106171931486,0.011079135180275864,0.0068266022918541695,,,,,
0.01397347063584535,0.007500645998311985,0.005272241034981471,0.0673683758776648,0.035580592554426756,0.016298273671345596,0.013167902943888107,0.011578708340573795,0.015444892127207512,0.011707922213924533,0.019655175452340506,0.01605316444640541,0.014159168453790501,0.006390675841798032,0.007038013694342058,,,,,
0.007070922836391584,0.007737598934389993,0.005317312118370772,0.05831779828329327,0.040641695863817516,0.017116380358400296,0.016093267866984864,0.011327768704315812,0.010932419530298781,0.01179909636556848,0.020178600301751604,0.017878096166824543,0.009582537677969084,0.0060846098189695115,0.007668863437758768,,,,,
0.007513387553852689,0.008663108660650273,0.004823306538130514,0.03681656329734198,0.04068240335173473,0.020363632977617164,0.013865479429394175,0.011914280530030833,0.010983668209253327,0.011602794047087635,0.01682674929687354,0.021033171665535567,0.010684995020188645,0.006591531171743289,0.0067482581927338515,,,,,
0.006822421304005575,0.01018850972018701,0.007850752057640143,0.039706374543291456,0.0406854318592284,0.018249938967548337,0.014340630877540698,0.012331625649451922,0.015822871873653936,0.011500511374681237,0.016167782557120182,0.03226622163681456,0.012538243945924302,0.006449261713386172,0.006916960428694178,,,,,
0.007026579058529603,0.020181813756587296,0.005042902317478302,0.03974011015096954,0.04801514448055606,0.018883430594451408,0.01444581100770831,0.0148551599034708,0.011303010904617508,0.011677002411459763,0.01980950437266621,0.034969939599245776,0.01151651421062436,0.0065877916306094535,0.006320887165556657,,,,,
0.006741095225691738,0.012993072212983904,0.004709360772023202,0.030907581537263945,0.07251444019227787,0.01997134425081547,0.014460976087157434,0.012343819778793874,0.011115569854739542,0.014927188405050296,0.014098192616700297,0.04308564313616377,0.012643826034309406,0.006549288719715887,0.0062011550979467105,,,,,
0.006592072245378364,0.014952364114502957,0.0054626495664922056,0.03182323873870977,0.05536986321225769,0.02970537562054806,0.015103825181716197,0.013121207711911822,0.011518963385803166,0.010816342126092381,0.013708663060524283,0.04535959437526843,0.014475498113183214,0.0065322358332893645,0.006732624453973769,,,,,
0.006445238405261549,0.017709999367275128,0.004885822854108414,0.028195695262220728,0.062045627629874416,0.020836955005429945,0.01606283634804383,0.01787474065294599,0.010970080477607827,0.010763001520259906,0.017354022564206175,0.058419095019849966,0.013961190304490414,0.006731516690609707,0.006397622974733091,,,,,
0.006883126807513343,0.022388972409422395,0.004604293625148333,0.02977481354413611,0.08448065079851165,0.021478759584762946,0.015945512008604286,0.013327773681660923,0.011958503626355503,0.011492614452958776,0.013742396987881858,0.05242501416646211,0.01626742838613537,0.006763376406423613,0.006302804848041945,,,,,
0.007175434764506825,0.03710122131743305,0.004787138988505327,0.027057280691500304,0.07494428907053077,0.023329612237675903,0.016808240518708373,0.014004899963370367,0.012942890808536127,0.011239406664263775,0.013108549466579321,0.03659720731870875,0.016946888881565498,0.00685504106146173,0.012878976519987154,,,,,
0.007021408925553354,0.04725551318415463,0.0046469126034892946,0.023801222041339012,0.08941093251299698,0.023058058188949307,0.01733205507141577,0.013964185936723297,0.012344213784560087,0.01152923299073154,0.01575714072935254,0.03431733284990335,0.017213417086054193,0.006880535454976166,0.006190688829287498,,,,,
0.006566099798155013,0.04204915903117749,0.004593577097111799,0.020437253140371377,0.09981404899480209,0.02578632333923605,0.017089687362402014,0.013943179741122929,0.013212543697509734,0.011466629132958747,0.012219739035257342,0.02387058398021056,0.022859435663780268,0.006670306397017497,0.0061697030273437465,,,,,
0.006875444139007507,0.04620152681953018,0.004682501409059551,0.026130630938372038,0.10004098434166142,0.025796795473996534,0.01835289078819752,0.014059155676679496,0.012616896581059876,0.01103550159108986,0.013151444105932017,0.020012555647306293,0.04424591703368401,0.006709709618522832,0.014121195607244109,,,,,
0.009211931660677623,0.030307395292788232,0.006961816152212239,0.020327297150753373,0.10357988012703889,0.02578783219226208,0.019300266559370192,0.024372254106990465,0.012836636443995932,0.012636130429617027,0.013517521080138711,0.02025532639218253,0.04163946737720503,0.006774489515936204,0.0058501519224223,,,,,
0.007118407292965071,0.01863844738579141,0.004329102116645358,0.019326406170974662,0.09688906304680282,0.0294755395912039,0.019603324656058643,0.015485984541668251,0.012461462795561687,0.012478104158160027,0.013338668268357194,0.01777609733319442,0.0518685913398333,0.00721778615560232,0.006378080762969409,,,,,
0.007259354526006459,0.019520515421091046,0.004271724529642313,0.023444282894718844,0.0993656653876022,0.03161039594723041,0.01936788496548068,0.01574530428119469,0.013177428823985614,0.01280375760490293,0.01095173990493038,0.014765135232609578,0.04972259407237993,0.009806590038676283,0.006376453779345171,,,,,
0.007372459141048395,0.014555288480560938,0.0044033631436632545,0.018211718338696895,0.09158520948268806,0.030495318647784934,0.020178680644359365,0.016548041225672543,0.013120219226277773,0.011459387955826043,0.01299167466298524,0.014541470490029507,0.04885923062155654,0.007450506384571541,0.006522300868097484,,,,,
0.0070707394118896556,0.012622651831885873,0.004611963172770622,0.016096390443932265,0.08358383585645518,0.032282486750756664,0.019388783403105535,0.016066247383093715,0.013696334687392028,0.011980499832416136,0.011929728338592297,0.014621144771877538,0.03281468336826715,0.007299753500076955,0.006547060489369193,,,,,
0.0068411682317867,0.01714827013058515,0.004289902807572536,0.017577684954247087,0.0749598279817372,0.034845724672431855,0.021656951967747008,0.01688939303966374,0.013214972972376058,0.019615411741660524,0.011327081718357529,0.01452603230686442,0.018511911735547525,0.007902455381706244,0.006452327800097027,,,,,
0.008985284660338965,0.012971718219256365,0.004804514494493201,0.018175451144508678,0.06134792139175386,0.03287115392979966,0.022431148212017034,0.01634299413463848,0.01265858848074815,0.01455891909765448,0.008135318553597953,0.018788685610644947,0.021036809454520498,0.0071528052636975654,0.00618046715245153,,,,,
0.007221738252650987,0.01119578952420085,0.00475976485913972,0.01903238238760647,0.05318943039115535,0.040015802235036445,0.026019250977090368,0.018332474021797763,0.012033509300438934,0.01224126583906905,0.014417861986549069,0.016729834293235393,0.01244844625187638,0.005929152465053765,0.007548906546729581,,,,,
0.005173595257590559,0.010474756950329178,0.003760855937457668,0.012973292870956915,0.031101637022513753,0.04549232156835014,0.02364574044653479,0.018883447765101084,0.018125574832621758,0.017091660430041882,0.01031718968129024,0.011968016799241088,0.011170419932187354,0.005944881136185776,0.006709467993492829,,,,,
0.006343826481186545,0.012269839026184292,0.0038347065301955114,0.018371484742926415,0.046483609183708204,0.07704370578746796,0.026151270466592696,0.01593914610012261,0.021752365895153006,0.015061582529964746,0.006474951687010956,0.019678668874757096,0.009608084128467023,0.009299928564221826,0.010415621693681248,,,,,
0.007829536173192228,0.004684232220098742,0.003198000481081656,0.010059150668526964,0.04627776328870408,0.050210584979995095,0.02759493517822681,0.017332953012307046,0.012101353755935124,0.009342679245232804,0.006606075522751565,0.009985647772416437,0.01636805236822178,0.005402007287874811,0.0074265758500894775,,,,,
0.004646912603489236,0.005621953071031547,0.0031850980963690633,0.008294969379435012,0.03428519353423163,0.053797025692146415,0.029169105325336446,0.01921027855907138,0.018148940155724283,0.011163306114719938,0.0058984488744262984,0.013151049629669696,0.01758390021384287,0.005084395737455799,0.004499439356199932,,,,,
0.008411881139418953,0.013616940206988016,0.004016339843173949,0.009964063904547987,0.03973472482348028,0.07614850559690653,0.02725548086055095,0.02313034976890894,0.02577384677093646,0.016511261761571402,0.014855050768963911,0.009927518388439997,0.015916855555911682,0.0051484653202592,0.01117355438076799,,,,,
0.010527340487495132,0.004957566104853712,0.003936840858252319,0.01319316712499043,0.044377043262252815,0.06583240304528194,0.031720410161517436,0.0203286529413857,0.01643605536172631,0.01300404773679374,0.015521391592817492,0.011812059874205026,0.01139238810351586,0.005709910062238467,0.006388646056982264,,,,,
0.005833445335476646,0.006997910725767908,0.0038536001485074537,0.012644210691595643,0.03749381366409105,0.07246144370336119,0.03126430353236243,0.021130926645043423,0.017519316602611527,0.018391805314804763,0.011395148504494258,0.01244688335188924,0.011626913520264428,0.00867317088963574,0.0075385910095976645,,,,,
0.007001801696725074,0.006555771034367999,0.004026740604142435,0.012673717492967898,0.0341016112124323,0.0844902799159358,0.033480206143546236,0.022597012533628245,0.017905569553007428,0.012056121715883501,0.012714789573094522,0.012573777167480725,0.012201150962214745,0.009297592323630923,0.007634284854960154,,,,,
0.007026579058529577,0.007188752757056593,0.004417405008163747,0.012039974324101393,0.030114283582892885,0.07276995519616386,0.03505102186915645,0.02182712520681278,0.016085106014381255,0.014222687186822364,0.016485221458110513,0.012533381294042148,0.011536964326034599,0.010136695507531742,0.00736731168142823,,,,,
0.007090887662334381,0.006920709509812682,0.004222252269312891,0.011925025403517102,0.029301473277372977,0.10466279414401636,0.055559813467349416,0.023503733028628904,0.017774911675721226,0.01572055279623518,0.012434242698443778,0.011265800971474683,0.011136115700360993,0.01264772335344787,0.0075636247475603475,,,,,
0.007514423204645636,0.005961275430375966,0.004154514727006939,0.012674868708365322,0.030223360466551767,0.10290012053666893,0.038291184928258774,0.02558241960210396,0.018596649282604818,0.014179031473931703,0.013606459076177429,0.012550547342753371,0.012011286236232982,0.013172703666984557,0.007011935861295497,,,,,
0.007034096658808647,0.008372007587565143,0.004174679558136399,0.011625128608752386,0.024976052806177856,0.07252960558831184,0.04437669254880993,0.03074560092383543,0.018157513597918635,0.015524566538781533,0.019286149551382647,0.011576243796425271,0.011859808696455932,0.013715000402469426,0.00773822747772726,,,,,
0.011440811519992423,0.0063569485019096235,0.003988471885745001,0.010719986711982042,0.02437385049753828,0.13041623359338744,0.05221008293605884,0.026525646612502958,0.019614882777524777,0.01451352695765014,0.012750237668664963,0.011415844437359806,0.010518466379188955,0.01558449715271914,0.007732862265791897,,,,,
0.007583190326119951,0.006325245885811993,0.0038282750101042116,0.015285548941977787,0.029471139127240774,0.13535680976889244,0.047089056495238486,0.02707186068256564,0.020172943377966792,0.01565236207840796,0.013697849711057948,0.011676641428652957,0.01123028681306446,0.013128940042312055,0.007213966733477461,,,,,
0.007638361048234219,0.011607376134194472,0.004145138694456734,0.010520439050144225,0.02331847707736454,0.12673993538368183,0.049706295427963024,0.045429535943620696,0.021523397026082657,0.01572616187374798,0.014791814369881123,0.012003212110888143,0.011357069943566873,0.018233301766775182,0.007795046393667288,,,,,
0.008962738853722086,0.006285547512871145,0.003941450358201625,0.010238953460189404,0.022299467472772054,0.1316386873717873,0.061716997460571084,0.029204821084741584,0.020944978574712423,0.016645897811059733,0.013906016118170243,0.012153409269258326,0.011373474172841026,0.015641482847489438,0.007645489157148287,,,,,
0.00716946751558266,0.006471345196846248,0.0038850244264434577,0.012383472504566288,0.03123515791346319,0.12365695906529087,0.05660104782887837,0.031635824106548555,0.022157685034717774,0.022406734986737148,0.014293819713618542,0.012782569303078929,0.01175614917291002,0.012721035804467236,0.00804780241015844,,,,,
0.007380547028827571,0.005888160410552481,0.0039650717138146,0.010171979563688554,0.020987661550772505,0.08919337319035044,0.06539764413611528,0.034323568170348366,0.023908166507857646,0.01650299227731342,0.01728212744133793,0.013791291573653774,0.015940631028139182,0.011368455566024886,0.008149057258532523,,,,,
0.00828820424746409,0.005799999601622185,0.006492604518847738,0.009400251552952094,0.019588416358507218,0.10416976082850668,0.06532849318424158,0.032282496794619496,0.02239071020245919,0.016975621077521274,0.014383074769411966,0.011861995652655699,0.01132562173483557,0.011374186863519011,0.00804844701432333,,,,,
0.008044941356057843,0.006354856922114508,0.0038367352966879264,0.0100378540614333,0.021673294874132124,0.08680786104652008,0.06527220069155763,0.034026109524009564,0.02293081218215341,0.02380006406934317,0.014296904403942948,0.012982212289591169,0.01152706728760611,0.010158838207520754,0.008157011129731728,,,,,
0.007910657205794118,0.0062389481390531815,0.004295718705873667,0.009597954785687942,0.019624815004505244,0.08571254502174687,0.07581190705382967,0.046948219316833184,0.03480252249788355,0.017763379311315722,0.014793480218419057,0.013324853976270748,0.011738926301344951,0.009970569986798244,0.011651066550397729,,,,,
0.007967833582703757,0.00628657913123926,0.00438092096436675,0.009119957902346007,0.018679301425790232,0.08626275906547598,0.09810125881155884,0.03711618882151987,0.02407347102384083,0.018078915006806896,0.014857669775881018,0.012812263605736781,0.011720571605837315,0.010008707809803896,0.008123831928282952,,,,,
0.007978853964068404,0.005920834376536867,0.005258693709130106,0.009632620380676337,0.017071615607032294,0.07207120864576043,0.09833795365087716,0.040509300112253954,0.02537351696783554,0.027384335015877902,0.015665179503972917,0.013113915878818945,0.011740887228780932,0.00945637624142673,0.008388103450191593,,,,,
0.008580107939203479,0.005967581474105302,0.004998211115118911,0.009192234960726442,0.017506356472307447,0.05521237879649616,0.11785923548025566,0.04743865381846574,0.027161098298447383,0.01854285285481704,0.015772052285534254,0.012901238027009949,0.013169183307831405,0.009579288809363137,0.008521218220007835,,,,,
0.009012380305444928,0.010581899710593388,0.0053477143793855125,0.008547357220683425,0.016636681821402096,0.057026368675821504,0.11769504633218254,0.04424299300339012,0.026796908695257887,0.019414169201009194,0.015539346555077601,0.01325664279778766,0.01211621517416735,0.009798386841245081,0.008459542646243311,,,,,
0.008745544121157724,0.006288229368603627,0.0044379096341594605,0.008528825025800373,0.01579857029453279,0.05729602867980683,0.11810415779915989,0.046832485055657125,0.02728059439570624,0.022302142727270113,0.016442702157290004,0.013479087699476934,0.011677307849734099,0.009829047554922669,0.00905090160054886,,,,,
0.008713266394260488,0.006074636659527611,0.0043672072719167735,0.0103335189299584,0.01574099978410317,0.0499113447485326,0.1428367614232225,0.050378660304221924,0.03153064652784238,0.01983515270961255,0.016424155421361546,0.013599904267533203,0.014894483441683091,0.010602378781910102,0.009151793286007544,,,,,
0.009031069113125954,0.006987895423421381,0.00490754184952081,0.008371659017763433,0.015539596942677347,0.055466892602307645,0.14095777540261045,0.05218394339845537,0.029610041862939265,0.020745333525792598,0.016396968326342798,0.01825640489550179,0.012211563768964862,0.009903974678330011,0.008817727823517495,,,,,
0.008594154262773731,0.006205179904754134,0.004192118536827652,0.008104371323155092,0.014898292563791755,0.04490002963340957,0.1449802748510001,0.05537852928044677,0.0306033659022529,0.020705956493447645,0.017158005030259504,0.013611438619630347,0.012542174073380529,0.010004041715090301,0.0091222685479038,,,,,
0.008998842681069976,0.00592833212010528,0.004363121916100738,0.012197297034021582,0.020481120908117892,0.04229598841706573,0.14275978960487062,0.06642521125636003,0.034876083103872295,0.020602219936669323,0.017982257309379204,0.014152182317297762,0.013520591030991923,0.015344067591729536,0.010118767018900207,,,,,
0.01020199424710301,0.006637804610240353,0.004143495707451757,0.008096846297041568,0.014573187782726354,0.038028656298139576,0.1280809713062138,0.06757908958055234,0.03407302744633668,0.02200607714050656,0.021491934253230153,0.019850839417483918,0.012916609985395027,0.010004041715090303,0.00913207339258368,,,,,
0.0136437019415239,0.006957716416713468,0.007637724286435228,0.007830571418056969,0.01368363977907755,0.040300720286801865,0.12779239853430827,0.06707389658924147,0.03355728395899375,0.023318991552715246,0.018238191407700156,0.014412913593672735,0.013047857509062436,0.010120048678555224,0.009606194128620137,,,,,
0.010386942378503258,0.006201416528341256,0.004037997938391937,0.012648107892207945,0.012590167064293683,0.03513233232012939,0.10991535202341945,0.08140338457052262,0.03610218048002172,0.024990484700812412,0.018498314901577603,0.014727315766113287,0.013376899120092007,0.011241570099527656,0.010110592619324173,,,,,
0.010800262530289526,0.006484959191610384,0.004188326899457783,0.007836159376984697,0.01343687705640398,0.032400947705553365,0.09315044500925805,0.08410747437228014,0.036290304524832534,0.023836615184240285,0.020271343753543173,0.01607092880829634,0.013443631947644573,0.010219681550911425,0.010334366090160089,,,,,
0.014285560353593763,0.009366076057793752,0.004050504970652886,0.007599762264409763,0.012887030316979233,0.032027409421038884,0.08367552159980068,0.09197598825001918,0.03949599268949449,0.02432536671258841,0.01915659740135593,0.015055919685737563,0.013222944727184752,0.010359717384798791,0.010619490838299646,,,,,
0.01240395713274576,0.006353887419966823,0.004153265812285476,0.007780015831325812,0.014319090028891533,0.031036045449193746,0.08528405307044286,0.11323355238542776,0.0440164269781419,0.028653562498242666,0.019334507808929285,0.015600301205440483,0.013805390699748848,0.010552105269553908,0.010907477803874379,,,,,
0.016694834358035163,0.006671910320947652,0.003940051615767386,0.00710637201271787,0.012307174798877864,0.029802634802439894,0.07327614420024617,0.11054728627694803,0.04505802300965123,0.02536297233764547,0.020255326392182568,0.019237079818899216,0.015524963361373469,0.0105757697174877,0.011092209325679525,,,,,
0.01621402286231621,0.00746142173637409,0.004021503272849426,0.007115901621538468,0.012304645353427564,0.029866136686064818,0.05333514382304552,0.1309874848778673,0.04433316063876534,0.02711216936448909,0.020139564163990778,0.015629040167749502,0.013773506125875593,0.010693730936907906,0.012127476283249831,,,,,
0.016870568604714815,0.006511305101717151,0.00424736580350533,0.007471149460416879,0.011991401686854248,0.026755494907287312,0.06339711201640955,0.1429616481937469,0.0481231233063839,0.028069653256368926,0.020838946700197144,0.015691754142043247,0.014391030328351425,0.010874938224762022,0.0157123211514278,,,,,
0.012311389386430593,0.0066045047046285376,0.004019648428811958,0.0073125347131764605,0.012030194629248434,0.025118281862778518,0.059581656182845145,0.05851966788664824,0.05186974154781316,0.02846082684375122,0.022656911297227016,0.01635521085456931,0.01739895523950772,0.010838053622384611,0.015637854755257995,,,,,
0.010883074792278895,0.006327705954311992,0.004060418976567963,0.007208930993274508,0.011610169202235157,0.02733845062513003,0.047373382968943716,0.16213747693535044,0.05402367409690217,0.029040845960000148,0.021754825247286825,0.016357371629263418,0.014536118064020033,0.011138677627691048,0.018013892196006707,,,,,
0.01038319575822931,0.007674273392467784,0.0043826229108054355,0.006948996447803162,0.011290381902349683,0.024312353802694725,0.05602862839131829,0.1661310150286206,0.060317259743103625,0.03128852072148386,0.021964192284084118,0.01729212449985931,0.014396346606880715,0.010990013235945928,0.021386900934354545,,,,,
0.00993290596231475,0.006435017971025189,0.004083669791027747,0.007007865446847767,0.011219888076170078,0.02373949852758754,0.05024745091856621,0.06990019773367205,0.08512233445992763,0.03171299846249002,0.02298821928743536,0.017441987657296966,0.019425522732108905,0.010961180258154927,0.020848777904128327,,,,,
0.0112709803593047,0.006705213967794347,0.004148891650132109,0.007052142985377208,0.01103785187045186,0.025102063471927415,0.049537051558097796,0.16079727811085942,0.06767493737693685,0.03245502121400177,0.023134765013097407,0.01698631392613527,0.014913606288578489,0.011446478262055722,0.02511879819998427,,,,,
0.009930685982909864,0.013055807128062088,0.00633651335676641,0.00660190221496902,0.010611763272875826,0.02236694867779597,0.04494389263531139,0.14054943581265553,0.06779752296638683,0.0343395764193594,0.023431624774335733,0.017459081783668808,0.015010367215368168,0.011391021884487542,0.01651870272073354,,,,,
0.00984223392184842,0.006701973296777352,0.004271117254587952,0.007473579413029043,0.010800262530289583,0.02107992175445545,0.04126048467165021,0.10145512046191457,0.08497043991280152,0.03393533735811428,0.02536318966517083,0.017477643392845178,0.015454294312092737,0.011167952386410183,0.01654469032687377,,,,,
0.010220284348146756,0.0067633764064235396,0.004125379664097486,0.006550625294110523,0.010131832340348968,0.01993090987311099,0.04110478340167699,0.11858544451842064,0.0821796021281979,0.035921647039991546,0.024897152969369608,0.023076682731301562,0.015647617591586855,0.011557546584284583,0.016422339083574145,,,,,
0.011737572794164715,0.010413909389117975,0.007296599135990905,0.00664659136510437,0.01024386072947658,0.020103903959346258,0.04110320574031974,0.10775327545139056,0.09586480865928214,0.03914184954711176,0.02516172034202916,0.018277261443358717,0.015622005672186731,0.011437835356523266,0.012635514578764322,,,,,
0.010232364523290316,0.006782143119671625,0.00423819518759487,0.006544336066426823,0.009896933405540124,0.01984221326283783,0.036239654425632366,0.09122916845439899,0.0961864238728439,0.03757402316693332,0.026956635828037142,0.0185539881137884,0.016079460829862006,0.012614557760375284,0.012259475716674592,,,,,
0.010301841766522714,0.006947689841961859,0.004114046182067731,0.006390675841798021,0.010094641531036804,0.019032246096910455,0.032229823990524764,0.09266784122555398,0.09536129666340963,0.03979740238622656,0.04229722262457169,0.026092620993862784,0.01606881022877151,0.012092776709173312,0.01135452873612252,,,,,
0.01535961239396342,0.007959324047768687,0.004342189477452963,0.006521256818694702,0.010009226130498155,0.018784767807941884,0.03285869334155566,0.0856069828494694,0.12507447799764138,0.045751589471310285,0.027951245288993107,0.01959463918028497,0.016509906714220507,0.012268121225720128,0.010809535217173412,,,,,
0.010774292664235643,0.006941526816011083,0.00427453205452679,0.006520113144193457,0.00918461275700067,0.018448274512159666,0.032962613891319964,0.07576285638001408,0.15040841183520653,0.06398370482705136,0.02863985566189394,0.020374091405878116,0.016862956034998516,0.019962331621434896,0.010811694700817852,,,,,
0.01134850180206537,0.007147136693148637,0.00422900468520867,0.006517277955426065,0.009529742420904727,0.018374784835839684,0.03224257789680577,0.07516219720196891,0.14971300195990037,0.04753054277210232,0.04597215055956143,0.023927890981920028,0.017142823737704208,0.012184317617285854,0.010258947727810032,,,,,
0.011203895661109225,0.007403181145525688,0.004474581183489033,0.0065260282524580715,0.009294627591257059,0.017913101056557877,0.03078538606398449,0.06639990181167903,0.1624299823558951,0.04958049411288808,0.030162567234946248,0.02068515048112655,0.017553910212331963,0.01262778823217823,0.010215714892860477,,,,,
0.011336609930072203,0.007258103791126762,0.011143072289600294,0.006423065163273872,0.009208833721986482,0.017222079706708755,0.02910864997988245,0.06475291695422726,0.1681529939334084,0.06296610014793952,0.03193510882342474,0.02153014489979314,0.01841793151535659,0.014563728827782722,0.010080241454272248,,,,,
0.01148649060441757,0.007681241540643857,0.004326030210361457,0.010033815521963968,0.009333095654274683,0.017049132101640007,0.027360442547468507,0.06232211210700641,0.17245710267006906,0.05398209542242506,0.034179678289846575,0.022179916557383,0.01842919503616711,0.013086169857358455,0.009884312081567736,,,,,
0.011942007034986683,0.007695875181141924,0.004325430559638018,0.006301621527052576,0.0092388188383335,0.0179432677394416,0.037063561781973633,0.05304903790877948,0.1856938885517803,0.057322965070824405,0.03368069595943083,0.02224360637923632,0.01876438895964127,0.01294980322125203,0.010012076414672824,,,,,
0.016048881911010025,0.012047647033716968,0.0069053253418026005,0.006313906954465261,0.009535422752864333,0.01587604102503717,0.02580624566010822,0.051432978873798114,0.17476850101893265,0.06753013278368646,0.035857249581081836,0.022819230887554394,0.019604962057419576,0.01339087764450135,0.010257936296502403,,,,,
0.012370583583919667,0.007922084565350186,0.004512751229601253,0.007811002836093351,0.008896690356281616,0.015315217302789928,0.025748384388387696,0.05357016889522178,0.17482866600429278,0.06728286760646797,0.036735273654555006,0.02317169391347328,0.023156058485976155,0.01322971081489102,0.009917584528193954,,,,,
0.012483196138099395,0.00775099680414298,0.0043612636710925815,0.006461316606468009,0.00854857104297584,0.015238278589350302,0.03462602864021492,0.04660487844196739,0.15476077840173735,0.06675336080319008,0.03709364351868198,0.023346825826188355,0.019666076592895317,0.013345472868658288,0.010255913134647262,,,,,
0.01313042175807551,0.00902129825834127,0.004756698417133729,0.00648335902893058,0.008609232267037737,0.01563296068032631,0.02470134737144725,0.04486871395873305,0.1531219778597019,0.07993403563665534,0.039421832655712294,0.02461935476853968,0.020509549861392754,0.014137695138176674,0.010629104263478548,,,,,
0.012731227147215134,0.007947460668814152,0.004367207271916842,0.008917185350249435,0.008425707642909225,0.015089972310575296,0.023380022342084562,0.05871954588792618,0.08097078156209332,0.08060755092702585,0.04357329756209315,0.02514580075280526,0.020635557850874467,0.020430652155003576,0.01026223419110847,,,,,
0.013366229762357129,0.008332838224223016,0.00455935673303293,0.0066978597413228196,0.008575836623946226,0.014339364664548812,0.024349667278539204,0.042890796368446955,0.1207514759682579,0.08590869783270982,0.04203577832322407,0.029667508392571956,0.020715741248086873,0.014398576156254839,0.01037444838239104,,,,,
0.01712319859241655,0.008363288984159046,0.0046150555259814345,0.006771281999617249,0.008151245346814575,0.014316757510907347,0.022563813627887556,0.038388508335295383,0.10226751394684842,0.09378638012035678,0.04370728009646319,0.026289411131407862,0.021363115691605657,0.014551612393442022,0.010381603035174375,,,,,
0.013455011087753235,0.008263129024223197,0.004639999681297774,0.008616573227585035,0.008107851285238256,0.01432192024434323,0.021840030345941612,0.03842493684240377,0.10285347478451712,0.07733499160201496,0.04722190075308329,0.026760378284225415,0.024367770350938928,0.020264944728245898,0.010453190412921117,,,,,
0.013781790036375134,0.008856070657520764,0.004708259038291416,0.007247553306382273,0.008140936304121424,0.013891925757369989,0.02148728706791222,0.038210690384635856,0.10284040702966998,0.10795301526062934,0.052549997097172785,0.04299143378703262,0.02200880279011263,0.015119102294413714,0.010491304540052955,,,,,
0.014470479801752199,0.008726986940279182,0.004676473193110824,0.007566025000280519,0.007744300766605966,0.013963605438045515,0.020521608785858646,0.035083716534219524,0.08339868850780724,0.14067654910684338,0.05116245636813325,0.02879110533763053,0.022958057851614297,0.015306725313220526,0.01070318680041765,,,,,
0.014654924402538247,0.008810370457699786,0.008182411560615192,0.008753696817894436,0.00808863283756889,0.013303130747642892,0.02024277247543832,0.03471408884567621,0.06868073438789106,0.14007345523169054,0.05119144211714355,0.030297283609192042,0.022783466954688178,0.023556495988180555,0.013975883647270686,,,,,
0.014732422660966924,0.009390312374423681,0.004688383559621394,0.014490990133772768,0.007548391104678811,0.013019323212359808,0.019336603953211996,0.03280742005108352,0.07352193440298285,0.15584758465725532,0.0680731562000789,0.045082339182354145,0.022725713841008563,0.01564730676713914,0.011072548393623495,,,,,
0.016499062329033795,0.009589945040111335,0.004907343635744507,0.00902406534592502,0.0075804105563385404,0.017156493175218526,0.024344340283526066,0.03071435855497513,0.06949138293081397,0.17585362601465018,0.05868930593573057,0.030814241574769412,0.02419084836209669,0.015899000619445193,0.011040642177369348,,,,,
0.015118995065140847,0.013949689466367246,0.0056587440929593705,0.010633282628416736,0.008060885821701357,0.01263335886436065,0.019057766547249628,0.030866640849175155,0.06694361231782464,0.18583402515916972,0.06513197098009171,0.03199443929557317,0.02537341473791671,0.018514941627312365,0.01507535394886838,,,,,
0.015653915637037333,0.010035366513339647,0.004673698990343672,0.013259063992988287,0.007660783667211612,0.01245729898135979,0.018772249525970033,0.03102585772112929,0.06891533034486175,0.20626556265137777,0.1003105416397066,0.033295963809025025,0.025183321357872247,0.016257957972165272,0.01109010446444533,,,,,
0.017752807484257567,0.010671148525957363,0.00486773847917298,0.012327391677974753,0.0072312503441377355,0.012127984257728841,0.02713101057879012,0.028479458929515908,0.05966861508843885,0.22935576855898174,0.07144956951796365,0.033318743275734315,0.025915175578873743,0.016467431461549394,0.011522706520952896,,,,,
0.01642216138756826,0.01441028125622664,0.00588083199350734,0.017239297848421056,0.00894423353566313,0.012228094449625443,0.017780109741047677,0.026950236043999078,0.0520995776903089,0.23261034599874947,0.07571799203088932,0.03422577939475814,0.02635997515343463,0.017874305296876628,0.019984993480380818,,,,,
0.016762672241543933,0.011537104847811204,0.005074181995246032,0.01590103986791368,0.007179003700023053,0.01222894293419496,0.01711382282031735,0.029408394046981222,0.05205608849948022,0.23310910336664187,0.12451874567112049,0.03700209817644145,0.026309137359062096,0.016957121823817655,0.011582964045335917,,,,,
0.017389206060795036,0.014099112537004865,0.004858470842358999,0.0203116112558225,0.007154980801416163,0.011656853605678981,0.018331554290465433,0.026441965790091528,0.051874173360743986,0.21452295287888654,0.08522300321889895,0.03722749119797907,0.02806429294245018,0.017332784651933324,0.011561249182099931,,,,,
0.02328927241947016,0.01830066342775247,0.005384211373452751,0.015348863659467908,0.008184590731882312,0.01180939692505323,0.01682906146285255,0.025732449729598296,0.04809516705548284,0.21846111086690603,0.0974725018236562,0.038365823312843474,0.029867623985891396,0.01841750899932559,0.01406053936559431,,,,,
0.017875556916997545,0.018564802320108705,0.0050866272597283255,0.015348293280599324,0.007217786155602253,0.011507275851409926,0.01668317730946522,0.025994577816348,0.04348233720378003,0.18139129313356056,0.09721645187859748,0.04219022641468175,0.02928482575565892,0.018133640790591182,0.011833314493274405,,,,,
0.01838551045582612,0.019290184036435933,0.004995031405427299,0.015290554214007868,0.007043355780806978,0.011180951675453603,0.016438442205884512,0.02427852231842955,0.04306622297477686,0.15095374079744872,0.09713906000995015,0.04216301197985468,0.030548816899665262,0.018676523891274496,0.011963383121529982,,,,,
0.024234557747135312,0.014389678418964496,0.00541399843978343,0.010241074955448376,0.007125691509090064,0.011661303232418391,0.016339025702810477,0.023883145212827712,0.043080277121972106,0.15095631831410602,0.11214877067103299,0.043608354192060085,0.03195394745342861,0.01971876543907431,0.014545037679792419,,,,,
0.01928211422217559,0.013775083276798019,0.007569495447769209,0.0074964516708671556,0.007002311068532084,0.011009615404225242,0.015645130823099727,0.023036969704561136,0.04094767451307458,0.15083118708026164,0.1685927231695618,0.04516872815675294,0.03320147685627011,0.01928643535518044,0.012049665355806592,,,,,
0.020101065185781027,0.013899112693067043,0.005180109072266789,0.01099001323594592,0.00681876083667517,0.010971114918254391,0.01552665496496009,0.022746435186528326,0.040099441284787075,0.1268626751622162,0.13194322166536004,0.04495453254040547,0.032119979801039214,0.019682293430564227,0.0124070151497494,,,,,
0.02086626660819145,0.011611146617319169,0.005337032535022454,0.006774489515936145,0.006792891410099231,0.01090331530244823,0.015570842861482212,0.02251771083261443,0.038029892580819014,0.09235334953593317,0.155834518568749,0.04838726553877294,0.034176025843996795,0.021056143918896524,0.012769880072604463,,,,,
0.02064895645850262,0.011036177347670489,0.00574382394752747,0.005870070781287719,0.01066929489098909,0.010835061519798685,0.014926645357678417,0.021691464130736242,0.03677902663740081,0.10013148624030531,0.171474175439165,0.0494916840983576,0.0355986405505387,0.020995461907237986,0.012613401040445223,,,,,
0.021914727330686397,0.010922330930773196,0.005570503070655258,0.007447502946603939,0.006765149979342357,0.010654454201583218,0.01467349767398889,0.02748567874417645,0.03681563855801143,0.08771080792159248,0.17039012266569226,0.048873987360758216,0.03557016591612614,0.021267708714411512,0.01277158116099525,,,,,
0.030422079225131616,0.010743945327630016,0.005616471361826029,0.005227773771609689,0.006799570660476143,0.013501992756715646,0.014808004606690468,0.021207861399811987,0.03389411258494399,0.08312999457450329,0.20289234306689297,0.05404566032888336,0.03810511084914397,0.022153514140509385,0.012995268059321158,,,,,
0.023066507863783486,0.020996079633394133,0.005995768441673809,0.0050193792357750055,0.011682887633929622,0.010145903536991626,0.014180197675368178,0.020712219268924366,0.03288156865932908,0.08288194467266216,0.22088863506735737,0.05863825758799639,0.04547732309502942,0.027627264033781563,0.01309917151963878,,,,,
0.023832914978689623,0.010652415033711712,0.0057398145727581675,0.005025060627925668,0.00681838041569006,0.010189305293508004,0.014148149403311962,0.0243011485877305,0.035395860100143305,0.07803551830979931,0.22649139142405414,0.08292659296867327,0.039573774652996496,0.02269887494407576,0.013177551852313042,,,,,
0.02422192441453755,0.010631452889679429,0.0057194420940980895,0.004792013187340948,0.006684339808945657,0.015508748030231657,0.014496985486295175,0.020230162685588138,0.0314573953496138,0.0706357250142144,0.2299078887105434,0.06362199924971627,0.040845105440950595,0.02267556503922199,0.013614392129065208,,,,,
0.024039249400666138,0.017375682377730815,0.006899923381074542,0.004343757310982623,0.00715982805836613,0.009650343275095325,0.013763780294678424,0.01974334924149944,0.030855913814935486,0.07533546303993041,0.21753345943038432,0.06652791724177187,0.0474039537462562,0.027325875865811304,0.019473817943643817,,,,,
0.025486624839462537,0.01093701565654207,0.005575157666583877,0.0048728647634831875,0.006790170118973375,0.010063758993291297,0.013913009337681062,0.019668236313367844,0.030706756821907467,0.06402228769013356,0.22061467373993815,0.06860637161717947,0.04329799360508665,0.02298127874907343,0.014362320026059746,,,,,
0.02750124600913675,0.011056636120030253,0.0057157559909631235,0.003738806562723054,0.006751140462626796,0.010106198152719974,0.01815203063390269,0.019099047833740227,0.028529997997318635,0.060853723324222946,0.19464724868805502,0.0733748418975703,0.044904766619671875,0.023420939596562735,0.013244309850704399,,,,,
0.025632775990327934,0.01166755764897276,0.005823209065771814,0.004283927640981779,0.0074125916297049675,0.009957423321263226,0.014197930413243076,0.018324601751244198,0.027495680544900602,0.0866427296062597,0.17308364617046437,0.08607678569275241,0.05335620447704085,0.024243132348312532,0.016954540262111992,,,,,
0.028774793567638454,0.011605588217880035,0.0065755248148348525,0.004258953569629384,0.007160914843055534,0.009456479105086436,0.01308688838146624,0.01815238788068708,0.02793128576422897,0.05403843058203569,0.16970920012536672,0.07532864525669065,0.04783126915063287,0.023503733028628866,0.013679966480900661,,,,,
0.0296405667113999,0.01127428816694315,0.005613930651273829,0.006745374691259333,0.00758267721455262,0.0096191466701974,0.018618326346572067,0.017677600563939397,0.026689244966745868,0.05246498399352164,0.14011334730679662,0.08159047663788875,0.051206166291840945,0.024376244887334548,0.014060539365594177,,,,,
0.03402679561804602,0.01202747214305222,0.006288229368603682,0.004304766778889218,0.00768069276444575,0.009414038559206726,0.013017231058617833,0.017634260533377317,0.026038198138223195,0.052987569599738,0.141167073387355,0.09218010449301808,0.052930232378748554,0.02476799232139103,0.02387058398021057,,,,,
0.031814556688635545,0.011831259263444508,0.006718016228109383,0.004188946176716766,0.007898351275803928,0.009407147581839241,0.012640645752408784,0.017373909528862985,0.02678006028564191,0.05024786390137782,0.09924766332660474,0.11012447019738952,0.053121239884452484,0.02477731145022778,0.014723176120971591,,,,,
0.035159317166719745,0.012181256929703827,0.005968396424305674,0.005285753639306393,0.00887461366951742,0.009168182341178475,0.012607024324206241,0.017079059233898415,0.02543646350704344,0.047121139793744445,0.11318139944365349,0.11159445625093059,0.05715628352516747,0.025190530451808642,0.015081374990314289,,,,,
0.03513082793946526,0.012111424024350299,0.006173905894383598,0.004081128219416436,0.012562709641979617,0.009064361475258092,0.012470826294479135,0.01693875550277263,0.023960404248200735,0.042869624024143585,0.09890469037969271,0.12007111052088906,0.06449140547896105,0.025503170794620084,0.019317680112513523,,,,,
0.03530454116744108,0.012111718507207487,0.01295741262552421,0.004186236162363279,0.012689058443979861,0.008788298298338082,0.012210714076771198,0.016168584727423257,0.02445903920989432,0.042768252683476754,0.10344062383084185,0.12625260357099344,0.0650781043376719,0.025651995972342072,0.0152251656658986,,,,,
0.03842831201182498,0.012534390190733241,0.006401878802451514,0.0040644894930413214,0.012722743423559432,0.008935964395703128,0.013784236602653977,0.01645025297001674,0.024671913467839035,0.04141964796193658,0.09286935456764286,0.13093501905902466,0.06483246502631129,0.02647725783648335,0.015208460138770549,,,,,
0.048331374092952566,0.01324320813620052,0.006795897885138824,0.004018276906833758,0.00965168713752796,0.009174970079194504,0.011839888831319714,0.01612748243726204,0.02312575141241893,0.038459349672665066,0.0874661329837692,0.1662535826049709,0.07520105955420797,0.027285918537713595,0.016118633867521034,,,,,
0.04138044931714041,0.013021813433303024,0.008516841230265637,0.0041013376369383025,0.011554937223408777,0.00861055033619544,0.011533816189547446,0.015407331234689818,0.02305164505467144,0.03953606737940005,0.11316024385855399,0.2005481267062408,0.07471496210919139,0.03682472641706384,0.015854070791192304,,,,,
0.04316317631010006,0.01313010073384963,0.0067758773730675825,0.004204167098681908,0.0071446410973138525,0.008580674768103175,0.011628781805971456,0.019708304746777837,0.0225647763941332,0.03817567970014421,0.07519038745428128,0.1984043512272543,0.08309302608555132,0.028482737643834476,0.016203940956848864,,,,,
0.047023162481791496,0.013446067700611632,0.006673416686208374,0.0038974400044153954,0.006035653714947221,0.012477766351314201,0.011776541085407698,0.01570057482385363,0.02210142157955967,0.037357665491616884,0.07163445959110139,0.1986363695851689,0.09384889363001116,0.028773261047892226,0.016247164944998727,,,,,
0.045040713123976645,0.013452697466123795,0.007053981851390797,0.004159818431367481,0.006230367114257585,0.00852627750179007,0.011490780462825156,0.015551027013944627,0.02185273497678301,0.03637722385797625,0.07232492721831117,0.23474328450622187,0.09313054993778919,0.03843836825919924,0.016203700835024697,,,,,
0.049780238882003496,0.013871908747990451,0.006842542564641308,0.003948026022363348,0.006238272486666009,0.008593965620315197,0.011553814736413764,0.016791101734610764,0.02181488129142239,0.035591936255467055,0.06552951273300908,0.2007208611647134,0.09257365388454859,0.029783251921390412,0.016625627591885645,,,,,
0.06481037590994591,0.014415680404504961,0.007012167063905083,0.004167216715820599,0.0058744880223231466,0.00887315211802667,0.011206905018614106,0.014998611596410718,0.021502793885190344,0.03401588317723124,0.06038094300481144,0.2632554274948652,0.09911930530869958,0.031174975269752086,0.017003866151224373,,,,,
0.05524046036196599,0.014826386113150238,0.007133195566230643,0.00402730421819857,0.0056406660006097994,0.008297001751317963,0.011156710896746094,0.014500563619529885,0.020718480151291317,0.033040428125406786,0.058686101521155574,0.25123767402987274,0.12285731545746251,0.03692553750416467,0.016864571109658742,,,,,
0.06255838537826759,0.014550721080944113,0.0131885705322489,0.004053625699172305,0.0053649061432290675,0.00817654472470931,0.010907329170462284,0.015640259756149362,0.020453318264432124,0.03226014146285896,0.056020774803258656,0.2310556895599641,0.12115841586132457,0.032886981832141116,0.017325693324466283,,,,,
0.06627706966601697,0.014824461500318102,0.00740033375963252,0.004000161167770748,0.0051221994015308225,0.00924958688007226,0.011138881392065167,0.014242006298740374,0.020327632119202632,0.031231057291624426,0.05423333133120514,0.2592730638701479,0.13220550271885803,0.03347679700639166,0.017459081783668853,,,,,
0.05825030099890304,0.0238176047140134,0.00737069973020765,0.0039036745158779916,0.0052636240437111854,0.008252331110985384,0.01076300152025983,0.014132923957822357,0.01987565138488419,0.03611274082722448,0.053800448985169176,0.21751823905984627,0.1214333750496416,0.03514245521913606,0.0173645757621026,,,,,
0.07477536808723047,0.015399332215286827,0.00950098268270131,0.003992372115877128,0.007592377698551615,0.007908976524949344,0.010638617568911326,0.01410168799460036,0.025772538393811634,0.029876741577806686,0.05236461522448863,0.16942183671676675,0.1701806942093099,0.03458465213925974,0.017887452003540336,,,,,
0.08922634615579161,0.016132708856303007,0.007652314030937982,0.00632114364406408,0.005199913339991895,0.00812574749344607,0.010482894824046839,0.01392770694947925,0.019286906081614985,0.029354595746819673,0.04924165956525617,0.16878288970281652,0.1703437228511926,0.03706513643165412,0.018399895540508096,,,,,
0.11704998454695384,0.016035036655214864,0.00820899742616884,0.003959097690316937,0.004843163902347963,0.007813285596122977,0.01059381238838416,0.013458095297883164,0.018648882273640147,0.037739343770803596,0.04474868127187039,0.1557537320837731,0.25710379238712455,0.03725165282236213,0.020804765846744566,,,,,
0.09678280975411978,0.016267607772336694,0.008336767331332562,0.003913629076260211,0.005998363638062067,0.007815816604727849,0.01019261421204237,0.01360343233886895,0.01839538378373558,0.028887974419888857,0.044902282652608094,0.15581412662379251,0.2311157080093818,0.03724034452162638,0.018967192167648715,,,,,
0.11523137325614095,0.017205560463168755,0.00868702941418731,0.006528809978460384,0.004951021460277776,0.00812003937332332,0.01036647560022425,0.013510419147005013,0.01843960766745198,0.027840871567999595,0.044159543708034446,0.15570482817368927,0.231576758493405,0.038266112122448175,0.019335178599823886,,,,,
0.19081179870785206,0.017912286503395273,0.008590946777629865,0.0040337399287770186,0.004970368610512212,0.007991198224226056,0.010037854061433336,0.013220982895045797,0.018351618718552436,0.030137886395416032,0.04330632760362523,0.12473023357119845,0.29392984251930326,0.041447194034852634,0.024865134347167344,,,,,
0.13020693888894255,0.017801979682328967,0.008165235226933958,0.004118457353324015,0.0050222852960845705,0.007743253987677817,0.009956739480383394,0.012956086307625637,0.019800467204481805,0.026995278925704868,0.04500868849433387,0.10707184844175081,0.3044883884488413,0.04137994783528313,0.019556559637588348,,,,,
0.16751877481180313,0.01789651307093844,0.00828448694084387,0.004671964277086577,0.005153564027237908,0.007963763169369044,0.011157873332634693,0.012601467780936581,0.017423388063137223,0.026257484935150666,0.04059665084303955,0.10883950377302089,0.31560314865064787,0.04243819125764084,0.02002322983607254,,,,,
0.24754458158952977,0.018503642686694688,0.008298721061842804,0.0040918397563359694,0.004907541849520865,0.00800352344519686,0.009705723353075157,0.012910282572100099,0.017381522168880243,0.0255924557304356,0.0394967151156954,0.09725032208634887,0.2895632855890685,0.04384894349420661,0.022659200926435894,,,,,
0.2217196198880433,0.02166832745577421,0.008379401594232502,0.004176620818207994,0.004848851156850452,0.007835869728921948,0.009786764918262145,0.012686324000198113,0.01744213637408014,0.025152659657339052,0.04267015887379947,0.09682461111333326,0.3190804376322763,0.04310111278281656,0.020611173001192234,,,,,
0.28957691048864537,0.01983829104350143,0.011054524485403228,0.004312217146973508,0.004913154583470976,0.007729507117185313,0.010283034577633717,0.01454376696876633,0.016898125827582794,0.024604428448879927,0.03804734119530956,0.09682083700431475,0.2583699450346724,0.04558772837415546,0.020960205953767984,,,,,
0.2667058513409716,0.01957187323884561,0.008440663997518565,0.004067758915475042,0.004798031395404512,0.008299658717465429,0.009422163430345826,0.01240081992169703,0.016858032948348506,0.024094150228630942,0.03743178320278282,0.08338158024847155,0.25872748465884765,0.050463287992802495,0.022147849247775693,,,,,
0.2991327292943878,0.03365407666999129,0.008860902160260007,0.004017066351507602,0.004927651972854846,0.007351097883629009,0.009339173347443597,0.01254928137355281,0.016187684679412215,0.024057316504780574,0.04672640891861894,0.07617777377478732,0.2329474547935588,0.04985089870794179,0.02162039021033267,,,,,
0.27546806385691486,0.02118640047610827,0.011171668012453135,0.004091205780307565,0.00485920489651111,0.006991420962036955,0.00952480764856651,0.012313206482114208,0.016546571616762734,0.0237753108641273,0.03492974096336994,0.07586977298519043,0.19084397848417337,0.051413034998694505,0.022119605632047897,,,,,
0.24041527547449865,0.021646649002289547,0.00889096663174989,0.004024485358597859,0.004634126084603028,0.010330757333032747,0.009319710777914181,0.012247832985419807,0.01617004858564394,0.023278953687523665,0.03413038954203792,0.07291536419352332,0.16426188691672164,0.0530926664602256,0.023565124683607892,,,,,
0.18476032163502237,0.02575770127889428,0.009089366657869096,0.003995375944721838,0.004792892722725159,0.00704353991842045,0.009441929928005032,0.012070528451302374,0.01611340288322597,0.033222330180839935,0.035950086798519514,0.06665328861285866,0.14492394118725702,0.07286273051677035,0.02246028490420344,,,,,
0.18445437403933432,0.02311951132638425,0.009678960705340557,0.003895442853372437,0.006903118094725484,0.007162046735079292,0.00956560439441143,0.012118783949028529,0.02140860008428414,0.02300401107777687,0.03202497960314077,0.06920765262064524,0.13184865299116313,0.05659330805283419,0.022947674962110576,,,,,
0.1724781287069116,0.023581148884140247,0.009211931660677741,0.006321297526173471,0.004576392625237033,0.010503659537874752,0.00917355638128255,0.01200483277223331,0.01585128913123734,0.02176166525576387,0.0316552915386018,0.06479709180439303,0.11331890889984465,0.06299410693900254,0.024537828173179822,,,,,
0.1433996861687016,0.024724491580783627,0.009882376480247443,0.004074767354859198,0.004581703351180779,0.006994898369976969,0.009192234960726532,0.01180983621575143,0.01553500586212858,0.026838778068853188,0.030526902028446067,0.05838884939679328,0.11239952177668054,0.08188329234292045,0.02404011261589885,,,,,
0.12894049122094772,0.024767468670797606,0.009478397830944748,0.004010280488690288,0.011119215504046204,0.007141372817396204,0.00900518197496562,0.011987074593966163,0.019518389191470358,0.021438264434709337,0.030639102969123363,0.06373075954452564,0.11179436353983213,0.06562492014916108,0.02451297341408988,,,,,
0.10149071979302221,0.02553503696944339,0.020319256251358133,0.005342800955917977,0.004638531979390923,0.007750996804142997,0.009149242026388376,0.012191473963942675,0.015219031072460929,0.021216299091230715,0.02974326004632655,0.05642810273953379,0.09606656875455905,0.06815669301562695,0.024458416147100218,,,,,
0.08566066971825077,0.02636458743806125,0.009838444651515864,0.0038850244264433467,0.0045310359222939045,0.006811957607388016,0.008913984976928312,0.011242406516218514,0.014879150035542247,0.02125782721092692,0.028761866006768395,0.05462100496081134,0.08135968578313416,0.07141363282725434,0.024439730144052426,,,,,
0.0841083070651223,0.02599457781634802,0.010135671876771548,0.004236358682173391,0.006094407051338766,0.006807577110521637,0.008905542116139925,0.011241108601609245,0.015906259152662777,0.020658313048285373,0.02906889005333584,0.06785649410586328,0.08467779247176623,0.07686220948077821,0.025855137822709623,,,,,
0.08429708855885608,0.027421997045331846,0.012081510094590865,0.005735689335679475,0.004626002666959618,0.006544930582702847,0.009247623611990378,0.014025721251999012,0.014813805997075971,0.02001377075102109,0.0278737061929808,0.05167012989685655,0.07493817558127028,0.07689323428411621,0.027082194900764266,,,,,
0.0602436767749496,0.029257409779211513,0.01047005080832933,0.004343384068617742,0.004525665740111632,0.006531193372049185,0.00861224470012866,0.011190256611848899,0.014593442674900117,0.020247977530852678,0.0276553229333934,0.04875727808392331,0.07500654211703357,0.10119912509923873,0.0269195513079361,,,,,
0.07335537377039447,0.03255070874493248,0.010512700360340538,0.004335388980332584,0.006229950764148405,0.006565655353640208,0.008613148224605313,0.011440102979869677,0.014196765668472576,0.020144715408857494,0.030356995325040874,0.048114437580329635,0.07560379337807108,0.08843298040733286,0.026823031827021743,,,,,
0.06886419244690765,0.02984551312239663,0.015417008705362315,0.005618260717981035,0.004369062988999885,0.006502385399108051,0.012589239904006703,0.011004401395056285,0.014316304550733402,0.01990681831054131,0.026737359235782618,0.046196227948476505,0.06773961098355226,0.09269585315151035,0.02752982202110526,,,,,
0.06456907126815008,0.03203906998183545,0.010987652723815747,0.00434218947745301,0.004243699935260789,0.008105171446696945,0.008452448913981381,0.01120346155245966,0.014201583894533456,0.019481275758170807,0.025597687655600127,0.045185493876615745,0.06088824028279505,0.1301656249479473,0.029767015446490665,,,,,
0.06188190533765142,0.04114909883477045,0.011183735271604742,0.004373810036972435,0.004447251690236334,0.006724914493438945,0.008356501559312791,0.01094981532381856,0.014112904146004268,0.019274041029179224,0.025695440741305295,0.042498110107270115,0.05952180266623941,0.10339181347306936,0.02896670506838282,,,,,
0.0558873560271449,0.03377374625397214,0.017280026010765163,0.0051999133399918684,0.004332022152303797,0.006549041176004713,0.008357743100241441,0.010804344693373566,0.018259512699693257,0.019180295802034765,0.025643892460125668,0.04302434197393872,0.057328615523730746,0.10915511696292712,0.029479059489423896,,,,,
0.04919601970243696,0.03735106858961583,0.011362321873691876,0.0044192396463775445,0.004446668386736386,0.010632306806942373,0.008410300621757155,0.010630812406719465,0.01379420657441104,0.018783576772048026,0.025306557605796573,0.040807277775967675,0.05576524797335296,0.11878196913965142,0.03466660751566657,,,,,
0.0527232467382679,0.03765983077036831,0.011448942419440973,0.0042416364920735165,0.0044432399322099645,0.006412556578247747,0.00818399646999157,0.010412788455479579,0.01361201031663181,0.018665826524661394,0.025345388205195402,0.03966955346012163,0.056004572214160386,0.12278910045563621,0.03129414728950283,,,,,
0.04739680545412139,0.03610311451278513,0.014258206846671194,0.004763033554632504,0.008021005653414258,0.006497197377894293,0.008317259172084292,0.010506529993226989,0.015160970819293334,0.01852255795138962,0.024712056230617913,0.039990229660664255,0.052739971721886124,0.13043731735649278,0.031117729374731645,,,,,
0.04608499384446047,0.04019786361884722,0.012070098648490107,0.004344354432067436,0.0044745811834890565,0.008706602839697927,0.00846827701736412,0.010557634789606122,0.0134432701645154,0.017914168970145795,0.024110831439826685,0.03852926971779723,0.05165239938631991,0.1479848189739764,0.03391191077811083,,,,,
0.06288651656629379,0.043665716931413925,0.012216421810823478,0.004503473049001757,0.0044618094943683845,0.006344082032303547,0.008125627783853354,0.010444377481047618,0.01345570991604985,0.022826277517183476,0.02369520434991391,0.03661408119059023,0.05126423641934904,0.14815061425362622,0.033562800685198915,,,,,
0.04264795707726991,0.04331899400705738,0.012595908786460754,0.004757311863659057,0.00790097814917033,0.006201155097946756,0.008300713453435428,0.010393433320937796,0.013475551134551499,0.017957266790751412,0.023750422644917977,0.03669033735031757,0.0511492980726436,0.1709857783756376,0.034292332954581665,,,,,
0.03995514715728889,0.04715676306643472,0.012249844793240176,0.004527599739471626,0.0045161269143684174,0.006812338387041609,0.012593849276918895,0.010388440648268629,0.013021589332919498,0.01749410959266481,0.02344606693253242,0.03594246476895329,0.050043856527658276,0.1980550609809296,0.03539632727844356,,,,,
0.05320771514406009,0.04704684202903155,0.01293825542109683,0.0044154227426721525,0.004482110984664594,0.006415842360028699,0.00793995027843628,0.010406060317979356,0.013051435436822916,0.025623856565203152,0.02237441309402445,0.03426445714569909,0.06580268724198003,0.19821432360245025,0.035561632756382106,,,,,
0.03847431975993506,0.055136822916890496,0.01339414607723167,0.004532180737629076,0.005478948146489421,0.0061676005198188335,0.007939460223590555,0.010016123719437322,0.013081610026190557,0.01736821652779392,0.022584382024464587,0.047869195328635775,0.04759608859023036,0.2248318577099305,0.03624402930840256,,,,,
0.037518019833484545,0.051291097536603825,0.013234219618245424,0.0055798083797169995,0.004382622910805479,0.006360008110548947,0.008643624304083858,0.009995384234052945,0.015151408013831491,0.017372696422766527,0.022447577463058147,0.03328365251783343,0.04611470313175967,0.22473209658911406,0.03794022177048843,,,,,
0.04193723145960526,0.05861567071293526,0.0136203686435224,0.004651933730917573,0.004400343079759528,0.008542803851039497,0.008007411678833861,0.01006865504000029,0.012759592545377655,0.018535454787451455,0.022305108395222092,0.03273752107625643,0.049939764628327124,0.22566606398929379,0.0378735463359551,,,,,
0.03468313988865435,0.059242046095966686,0.013733782403309141,0.004795597973673012,0.004707363689768511,0.006199324776492912,0.008135517830950203,0.009977039327752983,0.01263682322595101,0.017047382353018857,0.025633775278635574,0.03799344373457312,0.04526865633307184,0.24689134000077684,0.03976490587943874,,,,,
0.03331628111853299,0.05926671394438178,0.016288323540093387,0.008412459303395839,0.004628525253351021,0.006200370740626035,0.008017771083350637,0.009922029853005134,0.012793091805777243,0.01686264838419141,0.021717756425814357,0.03226983904790893,0.04431644560680948,0.25194314915141636,0.04219591308980874,,,,,
0.03140122192798509,0.06247621175203106,0.014480313160290243,0.00469964285258197,0.004721668892477056,0.00797531771529954,0.00786115292395939,0.009910520208179235,0.012614429241176615,0.016544298364553792,0.02119011907047305,0.03030028001538325,0.044012559468370197,0.24025506480858694,0.041878925766554734,,,,,
0.031830981292103946,0.09256852955841027,0.014815119204019912,0.004784428954611338,0.004771195496224314,0.006211186123584372,0.00789256086050335,0.009707059548595269,0.012409184055316448,0.016535515973554394,0.028215789508251227,0.03685683298167262,0.04200478196221791,0.24627589484596807,0.042740738710124924,,,,,
0.03093090396499475,0.07439808620367835,0.028991678357461394,0.008973440721610243,0.004615898535491863,0.006196552117669315,0.007902086099462,0.009886837635331188,0.013947922841353148,0.016414261844624196,0.0210106372665289,0.02959239555836913,0.0428216753880775,0.23922529568222317,0.044220972292056064,,,,,
0.02942445374958383,0.08374484339029259,0.015174844345057769,0.0050451521927470525,0.0043249057970528035,0.007524125498169726,0.007862802589879758,0.009686060008347886,0.012445841309529521,0.01613134211022788,0.020545878996669858,0.028987651862829256,0.04330342249244421,0.21456657496373271,0.0460613548123371,,,,,
0.028606687636121335,0.08434476667711388,0.015497872593008609,0.004941778785102056,0.004623478704236383,0.006116764517412017,0.00779271668267638,0.00996272963291356,0.012262437555953527,0.01640825564845162,0.028106639246693047,0.02956766645941205,0.039864259908242085,0.21316843094658702,0.04612339988514186,,,,,
0.028957480095540927,0.08463008358798642,0.02566438017110299,0.0067180162281093555,0.004716515768264619,0.0061802048358723365,0.007828210859991523,0.009623595080086695,0.011589680397526714,0.016029717708385467,0.020282585148517638,0.02804034386361945,0.0393624369797838,0.17454726414999996,0.048973823323859925,,,,,
0.02784074345928325,0.10672938345561458,0.016513225400962478,0.005278817394803146,0.004628525253351045,0.006266535423975987,0.01128118829346207,0.013210850302374172,0.012196366593039054,0.015729625304762167,0.020028038650208847,0.026479155900908307,0.03870534766184948,0.12731130113158967,0.0689953991603033,,,,,
0.037865463752687276,0.17518844836931277,0.01676249815334461,0.005380596918902222,0.004870202432101869,0.0059753461450370495,0.007783349207299625,0.009424881631797747,0.012278899747091567,0.015662529911107934,0.02214538961845804,0.026693958264902524,0.03807897037866343,0.16383333122042465,0.051945829914568295,,,,,
0.02679192305722885,0.12494437900857623,0.017694265502967408,0.0055835261611308275,0.00770299216113088,0.006118884492700912,0.007866100883824969,0.009815843473766314,0.012031137921325239,0.01564705810313546,0.01956483113384903,0.026657919258577308,0.03756175880142669,0.1640017147327874,0.053470085800272064,,,,,
0.02635642006871055,0.15194535363381226,0.017459081783668902,0.006568815194573105,0.004889007270395751,0.006731468522849813,0.011416866889133317,0.011961756844301502,0.012394333835845263,0.015727666910687825,0.019596310399441475,0.02601316901631877,0.03666208268666484,0.13368891836719712,0.07567060302792011,,,,,
0.026349825285432654,0.1710028537354845,0.017724932687296902,0.006108011841679494,0.005624086606810894,0.006760739154400357,0.007856532016605614,0.010044150940580617,0.01236838169415463,0.015785696856283355,0.019675620436016412,0.02555321386878283,0.04333336274642939,0.1359922024022399,0.05694518010328302,,,,,
0.025246074268811935,0.168540463102054,0.02056353070178429,0.006915085125909594,0.010565616765184353,0.007393013139911664,0.00817571192720008,0.0101612317100084,0.012648338609852235,0.01559541613642899,0.019385956990094957,0.02558059442845987,0.03605667099693543,0.11602837641318636,0.06106405823598517,,,,,
0.025099337857416137,0.18743956644929563,0.019723549849260717,0.01098788879784855,0.007116630635127256,0.008370458277340785,0.011655323654155086,0.012299374004635377,0.012552381479752546,0.015933957936815447,0.019623344492655043,0.025386892755949565,0.0350587174745714,0.11613189428412682,0.06184622860241766,,,,,
0.02550717531124775,0.2584385176037403,0.02050132739509493,0.008041393848121756,0.007188076166437681,0.00851360461762635,0.011071523430169029,0.010854913637550067,0.01421180864553053,0.017765131545085366,0.021925377554380815,0.025365938058481707,0.035734739829087245,0.11596671342984563,0.06311737411900206,,,,,
0.02486092207599719,0.25538449297578175,0.024277333689737095,0.013729650206020738,0.014748700079056327,0.01338990906677347,0.014419278713548991,0.015286906465837719,0.01671424470566521,0.018495667964155603,0.021890375084812768,0.02552325061359914,0.03558173164355496,0.1058548748018616,0.06796351604171093,,,,,
0.02504807734881861,0.2533322320733967,0.024402833410990584,0.009980678519692669,0.015579690375562215,0.014098008625436238,0.012284839738996065,0.01271682949618985,0.017876645211088563,0.01990207795768732,0.02159414453298137,0.02812070976321316,0.035936546433697654,0.09731970966508784,0.0768889457116047,,,,,
0.023852429809557717,0.2640751198379938,0.02414372954331399,0.013015138568567052,0.013435911794715304,0.014298968053072892,0.014624692527857946,0.015945003642852465,0.016977454615580454,0.018341014707151507,0.02236861570519293,0.026604738121727485,0.03530651569666491,0.09706591901086287,0.07688019493229022,,,,,
0.023283967407806107,0.18611089119885757,0.023262581942370093,0.011054524485403136,0.008748324303145958,0.011888125923928886,0.012334754172540966,0.013336042708941277,0.012906539904153955,0.018456621070752532,0.027993264544716536,0.025938336755640105,0.03545535282831068,0.09182422321086682,0.07980592654546723,,,,,
0.02277770250334133,0.25041492657676323,0.023438307453681865,0.009304425047084383,0.009380639187946502,0.01025578667377963,0.012035260587260307,0.012075470084100681,0.013162780242685173,0.017030865006043963,0.01934657848657892,0.02571207930983172,0.03249272333036986,0.08796713252762545,0.07953765139214367,,,,,
0.021706601029123446,0.237285005114517,0.02312025461599097,0.009284749953543477,0.009318319038883745,0.011572686085812942,0.010894003385767527,0.011908945297880094,0.013346736198176055,0.01755629282906259,0.01943888801779621,0.02512490308282212,0.032124047699505935,0.09984511233426197,0.07991717158507876,,,,,
0.02216031887921991,0.11793459115276042,0.023923554348262915,0.009077765674637585,0.009523990612031468,0.009483903785766553,0.010242119709502904,0.011171668012453147,0.013053820177176765,0.016236784108742356,0.02073399898146445,0.03367906897289311,0.03164771090984764,0.08219300000774328,0.09048970830792596,,,,,
0.021157287188077963,0.18779040477710923,0.036257258103001594,0.008624434293946989,0.008791986986138872,0.009766833160257801,0.009708128372596344,0.011135387772586122,0.014000338283834486,0.016113141289433676,0.018740389543355086,0.02452741339333723,0.03153810108102174,0.07406636400914647,0.09457919078854404,,,,,
0.02076275319764808,0.15035251828980564,0.024085334119242283,0.013572697844939717,0.0065688151945732,0.010049314663764252,0.009666457293637572,0.013205277745446001,0.012392240825907496,0.016733070607218636,0.01854411180638689,0.02373632959315255,0.0308361625365406,0.07403658960968362,0.115365795686514,,,,,
0.0202376461898117,0.13742685777905597,0.024685643149124255,0.006837802319829459,0.005111553752055593,0.007908976524949325,0.009692719245454432,0.010712271105429601,0.01238996427627328,0.01605639579225413,0.018374926003065034,0.031580050208064314,0.03032757647196384,0.07404674927975106,0.10521355907985429,,,,,
0.019784740558083578,0.1289497850528448,0.042370352209390415,0.006468187868399566,0.005032604364486435,0.006750708200594146,0.008224150762776685,0.009978891582351785,0.012130577269613613,0.01555127721347987,0.018375208334262007,0.02382720029733297,0.029825690648591772,0.06936781294077925,0.1108612021321246,,,,,
0.019468072813400367,0.12011166379222184,0.02577189676152544,0.008074711015447792,0.005098406223473905,0.007765874773158877,0.01046670568471407,0.01218338618506983,0.01211292313525401,0.014288987206019947,0.01812963508707063,0.02368491188165007,0.02939313085667904,0.06462676893645906,0.1645065821066582,,,,,
0.02605302485615011,0.10591248466610492,0.02701454973949415,0.006432195683003898,0.004649144885170205,0.005960405107657274,0.0073397975955748025,0.00894829277049019,0.011028888745166245,0.014217100715818925,0.017127458610343434,0.023760645797397176,0.02909804373048024,0.0657421105793903,0.1328059342811882,,,,,
0.019096789784436425,0.10291846732344648,0.04045343291687654,0.006469340722453877,0.005555873965334679,0.005769507887038884,0.0074061587775643796,0.009050041779941826,0.01144735635597643,0.014189341029377236,0.01722057347701116,0.02303025504270072,0.029429830743629,0.06417509377055472,0.15207909225855554,,,,,
0.018469265504430846,0.09565321015115616,0.027702824412068762,0.006732865247978608,0.0049207380922503645,0.006402841037868417,0.0072716270971407895,0.008963317659741715,0.011264073979629243,0.013926612733330323,0.017139853968261433,0.022831163418537456,0.02851063698263908,0.06397847996490387,0.1509175800427297,,,,,
0.019293226152522033,0.07288069305064297,0.029561820969538563,0.0067056008089219086,0.004683401510627375,0.005866700400154372,0.007412591629705005,0.009054196823129763,0.011108800358681007,0.013866321255226433,0.016849491059116657,0.022859790263965115,0.035031331186803065,0.062164042054607106,0.15037056311696115,,,,,
0.018554757021516075,0.08074843927772224,0.033243843416472234,0.006736331727269615,0.004896760609331656,0.0058481008615953525,0.007361896368814041,0.008814233840497182,0.011263930051690138,0.01387377853577271,0.016931556597412595,0.022991251588430756,0.028048853214048684,0.05820379236911108,0.17326577372796773,,,,,
0.01784918180145219,0.07615904343669712,0.031419317739786956,0.006921880681229429,0.004838676296449173,0.006253223679624638,0.008769055133972295,0.009421337492310706,0.010961446482481816,0.01360667354382542,0.0168491831624514,0.02269213168256684,0.027116665665602484,0.05489316038191051,0.19952404739176702,,,,,
0.019968762670036316,0.07075506903541727,0.033187498970641945,0.012848527936745057,0.0047299707644613345,0.0061063659996023235,0.007371051645972343,0.00900834994902204,0.01110646509299615,0.01367510673236768,0.01700828950468905,0.022617593746536845,0.027185499924369902,0.055506330980211835,0.20021130434683965,,,,,
0.01807756985010566,0.06937501087724901,0.03377658784797439,0.007241466384566047,0.004926006690983462,0.006094407051338796,0.007375976703699554,0.009188706948713734,0.010962629623491683,0.01361382053208527,0.016689609121475525,0.024206190451683745,0.0270969409762093,0.05419112971166887,0.20121848474382598,,,,,
0.017498872257168296,0.06625512449967791,0.034374994705474414,0.007287305829116146,0.010415621693681291,0.005896524591644548,0.0077295071171852815,0.009339173347443606,0.010961919754209635,0.013580889369282185,0.016535810102297713,0.02237436961919909,0.027077465359902523,0.05259642541270327,0.23872664712787012,,,,,
0.01736173730242254,0.06439198226115175,0.03552141912079412,0.00930160192804893,0.00498619546459539,0.005863881053653889,0.007326577145861128,0.009125111616148278,0.010944869079101886,0.013460528433631722,0.016649306239540466,0.02223194186938022,0.02819256718108352,0.05164436373516925,0.23040517831099308,,,,,
0.017276122675828735,0.05510647035585945,0.03887052789397027,0.007249521510399996,0.005052409236764661,0.00581813990690938,0.007820959081003333,0.008913439344120993,0.01095079246111471,0.013287205464214722,0.021360079955028335,0.022783466954688157,0.026600935400696867,0.05023031559259966,0.26395293785970864,,,,,
0.016723476117005226,0.05646169587052515,0.03910977004242552,0.0077359225691528925,0.008772936711027959,0.006042096787324062,0.008418932027293052,0.009073514220236325,0.010939890959684763,0.013359362922676747,0.01636696281622608,0.021984259778140246,0.025961764522012324,0.048858653266442856,0.2815918676871584,,,,,
0.01654069187540445,0.05290992139829041,0.04176431390960672,0.008544018320215063,0.00537040312946544,0.005845050657288406,0.00817634644728195,0.009178114775799601,0.010920163633714706,0.016830236692115277,0.016614526976651806,0.021776693800462373,0.02612262625486744,0.0639541845790177,0.28447956181034867,,,,,
0.016740141809950863,0.06933300926240105,0.04199304722568665,0.008159832889288246,0.005672479206737919,0.005927238150226456,0.008088833265075344,0.009092041705748974,0.011095716540418967,0.013410597182395973,0.020588995642683686,0.02229776619291933,0.02606577829338244,0.048049538129481366,0.29206480166526966,,,,,
0.016461287088413688,0.05135854241135151,0.04141271943332838,0.008270345937702275,0.0060973856930959715,0.0059870555058520155,0.008502323974128135,0.008995094634712264,0.011148890367161402,0.013175066457316144,0.016335056306893348,0.02161553063728331,0.025540306047380675,0.047354817401990344,0.28531411643711513,,,,,
0.016543808398594696,0.04935816946070705,0.04724741598995892,0.008277556559007922,0.006174798635094173,0.008786785488743145,0.008561192167512053,0.009049146046601562,0.01087866451464607,0.016315612180649478,0.01627348655872437,0.021444993737250482,0.025625476209222914,0.04511586391687899,0.28724374107919404,,,,,
0.016044840735445796,0.047294627794533944,0.05161688868545315,0.008040385747875795,0.0064138205396778985,0.00619723231861564,0.009769654596586054,0.009213233892017707,0.01092515074202616,0.013308979049128958,0.016539437260058094,0.0221043995089364,0.025371868460163777,0.04482255664565336,0.2676483386079242,,,,,
0.016156648334165174,0.04571277175018843,0.05073415135666983,0.008060885821701355,0.006689188804729538,0.005684869471663877,0.007934558010459171,0.009619685980955268,0.011492586239942587,0.013794089045976616,0.0165119686986537,0.021309988727005146,0.02541223249247802,0.04386875627238188,0.24026212565270882,,,,,
0.016179490295064273,0.04288904248561653,0.05070459085585513,0.008598491897059291,0.007506695534614558,0.00978381585485383,0.011282567812373225,0.010487842532485374,0.011518963385803145,0.01313486590247106,0.016450745722413625,0.02109282288923344,0.02514966878611664,0.04284560343995385,0.2217133359021009,,,,,
0.015728821361961846,0.04293378187743931,0.05340600583071827,0.008235969907695656,0.006856318032586321,0.005723975577763371,0.00837940159423253,0.009578341015108342,0.01205507279266663,0.01334758644879502,0.01771140905434854,0.021182237324558813,0.02501998444772532,0.043584011681835136,0.20844220659860427,,,,,
0.015986128890191055,0.043029127207717725,0.08461918674721768,0.008622591911978452,0.005992685186239152,0.005777594883977857,0.007902414351197996,0.00924793916532702,0.014596841673009415,0.013542444286913941,0.017001425187713234,0.0208611070222484,0.02468526223706328,0.04324344230563647,0.19663108651143388,,,,,
0.016029212013213886,0.04072618320759185,0.061160223524549896,0.009007810032214575,0.008185858346395318,0.005946626198292005,0.008712559331356996,0.011265081423714312,0.01146026506059643,0.014293706293199036,0.017968187501987882,0.02110904958206698,0.024531749016544376,0.04099499932215747,0.21867743043787413,,,,,
0.01726059443442606,0.0392427232111524,0.06831871914081668,0.009331393190823519,0.005927675762405528,0.005744331978284136,0.007572065124133428,0.008872750149159859,0.01117413473772145,0.014515135391818415,0.019094293735058065,0.02119917563183278,0.026134837068187356,0.04123029741681659,0.1832183840169382,,,,,
0.01680438195730582,0.052535927290957775,0.06784764405617871,0.009155158443439546,0.005519513411243426,0.006069937738023105,0.006855561337669694,0.009786731787654622,0.012364160309389395,0.014436291053135786,0.019810813765157937,0.025081387912292002,0.02401290642963543,0.039831842367467625,0.15168390138095345,,,,,
0.0166247694607525,0.03823617265252551,0.0678659306572182,0.009055736570320163,0.006605044715494804,0.005977353543252946,0.007935211813856015,0.014771524181758982,0.010807945321561582,0.013412265358072552,0.017837788340163523,0.02083765523232042,0.02398264113645323,0.039858403268420925,0.1497286400232162,,,,,
0.019411764071836743,0.03755506824426777,0.07568927859970431,0.01559292104282436,0.0057257879661814,0.006071005994087837,0.00656767980173881,0.008673170889635685,0.011213152642026308,0.01370080825851378,0.015194062476885296,0.02102237791080847,0.024602847019713343,0.047986828022084795,0.14472916364467422,,,,,
0.015833831251902776,0.03712502843440542,0.11389712437471779,0.009673431698841552,0.005286183018805807,0.005949242831694482,0.00709838283423631,0.010582635071152344,0.011107194916265129,0.012795524694499886,0.015367610989012917,0.023431666287542993,0.02484760242984357,0.03860328819017951,0.13648468106023975,,,,,
0.01459133178743214,0.03579451174991256,0.0917625600167202,0.009180092909154808,0.008368753704811901,0.006215778266927393,0.006213691349758289,0.011289462878368916,0.010800892965018509,0.013536888471048386,0.0157162621509309,0.02049639233199875,0.024226649302629695,0.03822864171326306,0.11296059524652605,,,,,
0.020648877945688565,0.0345378941180536,0.09690485732080538,0.019723763558717005,0.00583350091830227,0.0061262457027599065,0.008080330775432604,0.006705213967794342,0.011092940086859526,0.015841058241252946,0.014909714091209489,0.020045968423886618,0.023162176736425902,0.044017841296855084,0.11730430044454847,,,,,
0.014389588287155978,0.03784952470645287,0.10879575323844602,0.009897424819682907,0.005559141165831993,0.005547171506698581,0.007141690632470425,0.007329895552608714,0.011310581537449745,0.013428307934218712,0.017791685933919513,0.01998784873903298,0.02293540721092054,0.037184047909420155,0.11381731519106565,,,,,
0.014354484084527518,0.033363196249140366,0.10722701284420227,0.009897424819683025,0.0061860780612005015,0.0058459381535973885,0.0074635073160204315,0.005104444317869189,0.010794256544822814,0.013465802732673133,0.014946616504260941,0.019954322394351104,0.022686644160671364,0.03513742643146953,0.09815459960049465,,,,,
0.01645941575003517,0.03242863564733066,0.13581012562654124,0.016923435009235238,0.006122857467956551,0.005967581474105358,0.006596005991156782,0.011956741097056798,0.010449343427258579,0.015410108869769418,0.015106830328604614,0.019956158464631033,0.02392485542089644,0.03605422494411907,0.10041729531274435,,,,,
0.013659923710069723,0.0327501168718078,0.1524778351077375,0.010251960495222307,0.005905316194248159,0.005591882131876052,0.006684145775946325,0.00914711543313596,0.01088828734264927,0.012145002473730735,0.016332991839775008,0.019906052762978636,0.022754131358674077,0.03531684573553112,0.10032256210847662,,,,,
0.013693706670765513,0.031658804646804414,0.1485076857105481,0.010410172474273642,0.006248088242446132,0.006000903680350242,0.00701771364140411,0.011166326411231303,0.012314891664519507,0.012438544568685463,0.014700254894966062,0.019680234105746992,0.022226107318827782,0.03583336930105818,0.09257427032572167,,,,,
0.01373000444308978,0.031240140223141234,0.17544487396470512,0.014170339108153634,0.005605607547139728,0.007692841094896966,0.010485368970099232,0.010772035382262008,0.011140889727187903,0.014506286796927802,0.014815359946000146,0.019313382758561815,0.022351794774330625,0.035377342048733024,0.08802040024103507,,,,,
0.013705422317283378,0.03021696580921554,0.19379937531297636,0.01093751963027733,0.005805810666051313,0.005731617700357091,0.0071092915273472555,0.013086194634708679,0.010228402783800616,0.012750364818962436,0.0149316840785112,0.01897223447216773,0.02222343750124135,0.03489382645251373,0.08557044411042737,,,,,
0.013679302812171485,0.029612319452340292,0.1959196344364368,0.011457803338300364,0.0062490741586517145,0.006209358758958465,0.006912083583182722,0.009329620909124817,0.011130523993901189,0.012793725415101403,0.014986478956329733,0.019718288578573717,0.021763691512102768,0.03320405494277524,0.07815193886676229,,,,,
0.013415625256055767,0.029397278287779986,0.23515532079432647,0.011349187491428983,0.005958228744672429,0.005957793376673226,0.007007171390336024,0.009270770678016679,0.01043999928291989,0.013009756334453601,0.014947310672635269,0.01892358441204235,0.02148721161830159,0.03371140142234792,0.0781424457141403,,,,,
0.013433401789723668,0.028409274510933093,0.2567443212476702,0.01164396791875289,0.006085036113599418,0.00615244125551344,0.007051407304700734,0.009770052851374892,0.010121330175914257,0.012353272448758208,0.01592449281695469,0.018822617225935263,0.021559957836888535,0.0337850440158329,0.07701198375791929,,,,,
0.013109959289889382,0.02856222205472106,0.26376268774509193,0.012388053745165514,0.006122274926258019,0.005839223115553273,0.0070635362377625445,0.00903512522181192,0.010701974977128659,0.012579423268978474,0.015083782733929983,0.02498716298883987,0.02150905076548035,0.03275510631891973,0.07506306782489915,,,,,
0.013209991250844419,0.02772211800995388,0.2619649592166999,0.014980419773614504,0.009878274377011378,0.006481358270028812,0.007498224817183839,0.008327544616573316,0.010792484140686552,0.01227129236183382,0.014884008775534637,0.01872659499779134,0.021046656074556996,0.03200869506532665,0.07473065717487178,,,,,
0.013031147523577398,0.026838198171652627,0.2395608689969744,0.012689288417058108,0.006269380569168676,0.005993821306977735,0.00709797171907818,0.008419124591629105,0.010659565623538488,0.012584577313038461,0.015088597068523505,0.01857136813366308,0.02078160933151009,0.032248882578229075,0.07122771433083629,,,,,
0.01312437036563953,0.025890290523450345,0.22544326886970986,0.013815627038044747,0.006662524321600057,0.006366275711308632,0.006925954813968788,0.008801238782462889,0.010277515059733578,0.012330968295809276,0.014904406889003833,0.018523118109039408,0.020832799841773553,0.03112373060830093,0.06545586469671126,,,,,
0.01286265213596901,0.02603266863671524,0.20322486394921507,0.01460587960155866,0.012063031570079104,0.005909707090976609,0.006899688417276945,0.00844143224552431,0.010339384874335228,0.012231302472403914,0.01489012896609182,0.018290029874024238,0.02063815028824432,0.03100691532932875,0.06557906814347708,,,,,
0.013426255361042345,0.025757134807466678,0.18800270450584322,0.013101646563878149,0.006617844774061063,0.006304862268602394,0.007037783340836325,0.008535855285843632,0.010181537840409236,0.01257612357226075,0.014672171791464298,0.018047897140836055,0.02091202540703314,0.0356615774951474,0.06535568607396897,,,,,
0.012669751394821108,0.02511983084255587,0.16577837123829559,0.015748413496763508,0.007351097883628948,0.006818808387806019,0.007092853625932691,0.008287147919401409,0.0104088953875394,0.012416106338379834,0.01762116413549134,0.018030156395091868,0.020429763397939508,0.030152299448744587,0.0622054632994001,,,,,
0.012743954864691744,0.02495163457411888,0.15481691717892737,0.0162719124478881,0.012294100395644065,0.007427623605249599,0.006619559374907053,0.008210893122620798,0.010357714103759984,0.01214820574848649,0.014633137159027147,0.01763045401623091,0.020107016471905385,0.02980284151423379,0.060851980977284996,,,,,
0.013567632388896838,0.025046782841086367,0.14278417830590323,0.01570817274911507,0.007622596194279942,0.007448591288669337,0.006719946526177608,0.013126371338774801,0.010564266393263926,0.013160809442056824,0.014591665105754919,0.017656458042883107,0.02031376619083396,0.030360060596979065,0.05923681352840409,,,,,
0.012508728630499205,0.02566321782703312,0.12180612490435232,0.01567769691007148,0.008970874883405184,0.007324939511438052,0.006985992749301296,0.008287617415162384,0.010465311567635699,0.012118783949028503,0.01680962938399092,0.017359402695038238,0.02005352066521235,0.029420299128462935,0.05652371136825725,,,,,
0.012471346282733331,0.023893515132389534,0.12190455571630288,0.015403795338375485,0.009121379907344553,0.008892607566379466,0.0071413728173961985,0.008116045295613996,0.011571313133377528,0.011986858198318727,0.01431784455685894,0.01764029043417652,0.019914521012531855,0.028886358107234417,0.05574361424495052,,,,,
0.01314056701899191,0.023544545461852473,0.09949363713682498,0.015642001077684084,0.009104301188535377,0.008781063975407562,0.007978569496285663,0.008565243655950582,0.011051356276937577,0.012982711795645205,0.014271912872182048,0.017508504814197592,0.022570020593440536,0.028831799404321196,0.05741834292296874,,,,,
0.012487740794235794,0.023661696349269977,0.0937465755195122,0.015653915637037323,0.00902704710080385,0.010997357087231662,0.007390161836346716,0.008158283029498486,0.011543258023281341,0.01210167527693368,0.017737659995864487,0.017753008389378374,0.01953935897597191,0.028365322492834678,0.05284772069448435,,,,,
0.012266138849331048,0.022925721229032,0.08991437342812302,0.01608560995237197,0.008916894454685064,0.010384725791459453,0.007507904856941353,0.008214643732126811,0.01330439809779053,0.012016036361975535,0.014183055606685925,0.01754430258478595,0.019752593109436733,0.027968234465175823,0.04978932431068144,,,,,
0.016747016416961483,0.02300174167515278,0.08905815542719828,0.030320562174482726,0.008026380241219617,0.012909956073804848,0.00816714108115055,0.008283508425000054,0.011940051981934263,0.013800669096936787,0.014337668668406744,0.017653978746216898,0.019714884446207535,0.02802498349880559,0.04968460126697705,,,,,
0.012433199596654825,0.022685515052730698,0.07894285698475341,0.016583761568536044,0.0081731733542663,0.008431131906394617,0.007818263849936134,0.008079327533553561,0.012775845580656515,0.01187524545242564,0.01417582964349314,0.017765587827599526,0.019061594219350043,0.027951767294541425,0.0497224375681899,,,,,
0.012601467780936626,0.023918742475338754,0.07677787396541666,0.016632939412910653,0.007893875369904503,0.008270345937702239,0.007917826832492803,0.0083654985564136,0.012541217511029388,0.011895624005860765,0.014011450436851411,0.01762265452532215,0.018874860491616557,0.027083056905293383,0.048369712552219654,,,,,
0.014200670612331226,0.022013501901346703,0.07403918658901523,0.02437947694053523,0.00805992038833999,0.009714405338695378,0.007314308115259855,0.008394865324284658,0.012323840332217366,0.012324682225226835,0.013922700789547549,0.01748669430466247,0.01886253951883711,0.026655681168158463,0.04718989970160861,,,,,
0.012271503741771404,0.021675075087295048,0.06785927981677213,0.01796241208519145,0.008004374157698287,0.006983764569702834,0.010968543414218023,0.008867303503064531,0.01221538665242558,0.011896714242275282,0.01383352240382856,0.01691193553111621,0.01894529814943728,0.026625692090312698,0.04586082544923301,,,,,
0.01208727884021072,0.021463431790695476,0.06559182807478618,0.018664853732772452,0.008538134127031733,0.006516879935488648,0.006845195667903997,0.008253116890127686,0.011195326139098778,0.01188646207208147,0.013893396114849474,0.016883248593202758,0.018841212265132877,0.02650706011266956,0.045871097163644826,,,,,
0.013684587566934506,0.021775725970896737,0.06513085087220814,0.019549843726073827,0.008225569956852304,0.006325399668123504,0.0069728454975683165,0.008410300621757126,0.011269685735507174,0.011902163926365748,0.013765405669541455,0.01674440246236818,0.01867320766847978,0.026351006561976583,0.04446569217531635,,,,,
0.011951994533979982,0.02114258515592559,0.0603875315389384,0.01960456512419324,0.008243210598958169,0.006095258240372257,0.00607009798841779,0.008679561260526434,0.010468688109218756,0.011508825484017342,0.014038291589755078,0.016754236556638005,0.018787460306414837,0.026474122670806875,0.04447866992506349,,,,,
0.011971700782970145,0.02068065125036357,0.05840710523700712,0.019561914131608623,0.008452755793122876,0.006221253093763529,0.006642687575642146,0.007966816174338281,0.010705458599356175,0.011550671192508487,0.014024334127810028,0.01683593827907603,0.01875012787987959,0.025841502511903657,0.04367893236798641,,,,,
0.011687327348936731,0.020799154513488363,0.05837265977597568,0.02064699354858495,0.008346212951007232,0.006396609265076331,0.00654587178971089,0.008140099863585956,0.010073580894390642,0.011907828952101919,0.013701565543958573,0.01652796487786082,0.01843913289501197,0.025318342385453198,0.04178542553260931,,,,,
0.011683303928880878,0.020537355320316746,0.05449006771460438,0.0364146671655951,0.008499615917821961,0.00608423678666685,0.009589945040111326,0.00909717559266842,0.010300677159995013,0.011995754248545992,0.01369216750793895,0.01641931798993415,0.021250702969807446,0.02752379112354169,0.041759997131679716,,,,,
0.011829834094493188,0.020431429785720934,0.052752389050538494,0.022131387952760265,0.009097175592668443,0.00616549729531398,0.006699069872780767,0.007959853614313023,0.009924121081566735,0.011693290561536137,0.01475395340854063,0.017717614005101075,0.018004151837136172,0.025122476795402648,0.04036612569809146,,,,,
0.012026636404868098,0.020443725113437124,0.05344327633820484,0.023640858312048246,0.018390747505943453,0.005840999744225964,0.006506124193129891,0.007998052418533031,0.0144853504491181,0.011644636209735063,0.013647028618954034,0.016331085946184046,0.018165458278744034,0.02505346178310036,0.04057434532285418,,,,,
0.012631305460981854,0.020135055743669642,0.04982333923896555,0.023492473371289437,0.009220375294003342,0.00741893149553047,0.0078099649973282954,0.008197258056007201,0.010134136236765451,0.011960862297573566,0.013854624651495662,0.016473416082275445,0.024130296194246507,0.03266128836777515,0.03976773519825615,,,,,
0.012086876458929563,0.01994627743985266,0.046807727288507184,0.023499097352521463,0.009185177581597257,0.006002254328734062,0.006486159054554527,0.007984256926256173,0.00977735131429548,0.011686217578312539,0.01654537623859009,0.018269045918646223,0.018131065797063115,0.024756417060777185,0.039159804578098624,,,,,
0.011712823052225405,0.02018566922712369,0.04777369563592523,0.024984515683434193,0.012792077965580944,0.006011700370824128,0.006587791630609417,0.007744970630872218,0.010516246682050945,0.012298952199129977,0.013692759514116373,0.01628734810018714,0.01790020866898911,0.024609804547907597,0.03816497652889797,,,,,
0.011785788468917771,0.01974466302115356,0.045172116252467934,0.027590293531680257,0.009744797921008966,0.007221154556295065,0.00665395352646178,0.007779390664319571,0.00957153445128534,0.014182506928544664,0.013470064013237094,0.016253549856519223,0.0179485976976387,0.025925570653155428,0.037613007787995825,,,,,
0.01298308641257406,0.019417258686682783,0.043953414215115436,0.026559362531619703,0.00983010311521542,0.005998363638062114,0.01019792532540711,0.00807193983724664,0.00963850920630266,0.01233940605468737,0.013539762453538167,0.016300660799081487,0.017761480862992847,0.02417862132217485,0.03750025575975929,,,,,
0.013344865456126915,0.019037066787026217,0.04285800503835069,0.028236363231601183,0.015424388952129513,0.006027482602818873,0.0069021786265608814,0.00802294576950123,0.009943704960666011,0.012594879073786156,0.013486614846790855,0.016122495658805885,0.017842077641978513,0.02415765203672229,0.036911617090791944,,,,,
0.015550526602797356,0.02376151913382302,0.04141284470515143,0.028185792315579078,0.010239586788376633,0.008815410915765756,0.006989008943534205,0.007925358187971713,0.009571534451285401,0.014221957649893627,0.01359711453621495,0.015936155482762372,0.017568090328623637,0.02377996087029715,0.036184569813914,,,,,
0.012610753037694803,0.018815811672840903,0.041228921168973025,0.02830088194543059,0.010576505504251245,0.006062454674970315,0.011762215326213457,0.00780568764620483,0.009455278959427011,0.01353825368880378,0.013342362624840886,0.01587246654766997,0.017608647246158904,0.023701771673584223,0.036188557128410195,,,,,
0.012540183307488144,0.018777102429872888,0.03826601044250246,0.030336865780442375,0.011252640371425081,0.006242688889747554,0.007584173692924509,0.007956064400839093,0.009566417876849764,0.014253544250660768,0.01337592953015123,0.01587213969814676,0.017418623374078193,0.02353991782286968,0.03560784778929093,,,,,
0.01637512278870735,0.024119557571253298,0.03972146238257009,0.0335067313185305,0.019169321384448747,0.006304090814579594,0.007347568410542627,0.007861276660911427,0.009497262101078369,0.017624567927471975,0.013277440879657718,0.015912760475109103,0.01769446707278093,0.02345269019548707,0.03478337163124519,,,,,
0.011402629528448064,0.018935026613868165,0.03817706409754028,0.03268198039404132,0.011420586704939839,0.006872991419535196,0.007488488966095917,0.008302471048957715,0.009543580183406716,0.01466896708059705,0.013133187180226607,0.015792268343301302,0.02078817686237947,0.023365150805962413,0.034013261763927015,,,,,
0.011224713132585336,0.01865164654041124,0.036880762688993006,0.03488931943742112,0.011886025613366857,0.006334875697410637,0.007375053505901382,0.007896544793458436,0.009629792465249472,0.014224396892385326,0.019144830349726027,0.015536425068251565,0.017561832548210407,0.02345589745015213,0.034197346821979786,,,,,
0.013265836100278717,0.023158858801194657,0.03666455009074603,0.036299845469488355,0.015050211622968764,0.006205179904754138,0.007046853572677931,0.008039740497380966,0.009617528556469955,0.01340607514094502,0.013340612794034909,0.015891065453955352,0.017402681971297344,0.022791819262942648,0.03333153772468485,,,,,
0.011158222039786742,0.018502100590880765,0.03551163251420732,0.0606930684452213,0.012132822316695723,0.01067977432838413,0.006850640783410972,0.00995673948038342,0.009594001443245261,0.013279589704302158,0.013459179422596543,0.015589177653641678,0.017537000965395077,0.022930034470799873,0.032971534504415714,,,,,
0.01095360494545408,0.01796001113122413,0.03578464579526196,0.03919272007486978,0.012421719695809458,0.006435421053989132,0.006967402812945402,0.007698613259751822,0.009457576247843413,0.012383446321178512,0.013977089996764613,0.015575506648222543,0.017040914331833412,0.02266696963122711,0.032956189948287674,,,,,
0.011042550928486463,0.01827060768500607,0.035041325961002075,0.04447616216076044,0.013840083706829286,0.006510906716651548,0.006761506461082519,0.008017973282208317,0.00965598624046589,0.01213482647203525,0.013483537160194164,0.015679909692367478,0.01714651158867385,0.022263378328758243,0.03193333197839245,,,,,
0.01056963616921626,0.017706337318066614,0.03359200200813286,0.04501427121930244,0.013114608159156726,0.009255649345674629,0.006888636078602836,0.009918401832948533,0.00959940731436959,0.012615894282430111,0.013696902840904827,0.015542267492750624,0.017533210318802117,0.02229311245667014,0.04116481575546975,,,,,
0.01060320446114008,0.017481798491554505,0.03263316192580742,0.04484332030092669,0.013776024773361303,0.006653953526461794,0.009905185927433799,0.008061851139448873,0.009514998579751154,0.012135387576217687,0.014414893154667437,0.017238545502246683,0.017040286422598944,0.02209735745215081,0.03164339733624106,,,,,
0.010378198160544555,0.017421992293098286,0.0389805475446474,0.04967546404900935,0.013930802882644977,0.00664302924880369,0.006987849022899355,0.007998052418532974,0.010441986777670283,0.011791729385939006,0.013857058358289763,0.015608280325727784,0.01701530349984775,0.021957001890895972,0.03152008375013414,,,,,
0.010570525754328593,0.0172469887046572,0.0319260103338418,0.068668387894664,0.014018853645455541,0.010084100634021086,0.0068275521592969695,0.009706625305226944,0.009648999225496498,0.011976250021849813,0.013675604639658882,0.015581167941105412,0.016931556597412592,0.021884449470305236,0.030899597113933815,,,,,
0.0104020712200062,0.017254431841897008,0.0310311244104758,0.05440959974541985,0.01489951127719612,0.007061562112105516,0.006981210572953064,0.008512081079954702,0.009496340263856215,0.011788979333570641,0.015123476600439046,0.0205871057643811,0.016946888881565456,0.021845968008927942,0.030448627573702623,,,,,
0.010557389094657477,0.01725894127193034,0.04140701916444906,0.0654335450095068,0.01575993900669266,0.0069681473626249605,0.0070300390755431595,0.008880457470049978,0.012645159462873133,0.011922985982405215,0.014787517368126765,0.015380096513289594,0.01695691148905272,0.021778480449740584,0.030167049559566735,,,,,
0.01041079538656374,0.01719937815180199,0.03098934250272612,0.06470863678542135,0.01765631113130325,0.007243033360626669,0.007051821134525099,0.008861451027979538,0.009536782809175654,0.013615225664979089,0.015234022384089007,0.015424914476020355,0.016637929103835113,0.02171878655491292,0.030176753606536932,,,,,
0.010256513802475175,0.017069431274146975,0.02966981435552432,0.06454688699039032,0.01660298930588289,0.00721756153966216,0.007180087582270279,0.008800059811563475,0.009540861814847946,0.011955656334492899,0.01590397592634447,0.015504566072531324,0.017038459645980376,0.021317047523477826,0.030126426326812464,,,,,
0.010461747979962303,0.0167282837413772,0.032538593790784075,0.07332067631660748,0.0165318879554492,0.007372591079935439,0.007277198696593446,0.008386402464121215,0.010176568656912792,0.011952320072787107,0.018113317005825122,0.015474946439191043,0.016969354994357193,0.02157046755945761,0.029276144038753095,,,,,
0.013085401736234145,0.017038916358496168,0.02924393053392328,0.09221696022973509,0.02131012566555234,0.007479000566431312,0.007102949179407342,0.008165433774170058,0.009606059114401752,0.011554179556648487,0.015409688048152534,0.015636175181853656,0.016681991720022465,0.026200558319485916,0.02863545133045559,,,,,
0.010103374421461437,0.01685909076399814,0.028451426451289195,0.08442324861891272,0.01721686382460326,0.007430416896711323,0.007433252758950388,0.00811136972806308,0.009572347429772417,0.011799536039751217,0.015694791329756853,0.015558948045646042,0.01788620121580022,0.02120235674852508,0.028800394859782835,,,,,
0.010233631956008368,0.01676267224154393,0.028226957007815853,0.09019670311240842,0.018338185935194568,0.007658413113227434,0.007215989032312827,0.008302275778940821,0.009754375904732484,0.011617428036470543,0.014867814070134556,0.015391055172215748,0.01689904682557785,0.020875339411800885,0.02884457197220466,,,,,
0.018566356671903907,0.017547056077316263,0.02777809754908847,0.11401598690376108,0.019838029534640006,0.007841453912180447,0.007044092302379716,0.008299658717465453,0.009653333114050018,0.012389440872394334,0.014444441778008283,0.015495361792758873,0.01663995573838649,0.02113361174054181,0.02823591538723708,,,,,
0.01010850789159416,0.016794828205638348,0.027208866763274546,0.10846785838144192,0.019350684152965262,0.013098651700931092,0.007136240415602558,0.00835615234269042,0.009704386973574576,0.01173616387600928,0.013976231643387592,0.015455490162061635,0.02103354163891606,0.02112091974132335,0.03396346420234223,,,,,
0.010344401223551427,0.01643274082144678,0.027555050301059376,0.1304987915879634,0.020134202250480154,0.008003523445196902,0.00923695858982265,0.008122434877217553,0.009612638850384117,0.011821252043998705,0.014232714527566399,0.015344490212983255,0.016525080821996687,0.020930731573541007,0.028055048616759767,,,,,
0.012228227029220308,0.01640519243227451,0.02682301973886574,0.17864535838896528,0.021056220913128657,0.00839115662804415,0.00742015512148198,0.008222534160068712,0.010346438420699313,0.012109790853084683,0.013902191671001991,0.015530476057654738,0.016766366353763298,0.020750381267105718,0.027167030685220684,,,,,
0.009757533246958256,0.016323559463695774,0.026409818863959805,0.17714376536624707,0.021040122994438734,0.008844163662746604,0.007448068904325336,0.008468889617431414,0.009823140922730195,0.011713238283255479,0.013545149527116093,0.015583664916493985,0.018252266254909277,0.020825639188308948,0.028615062564833985,,,,,
0.010061729012412245,0.016487109533798085,0.026592657727719134,0.19522525159607987,0.022639488225947302,0.008331320548350412,0.00984065249077158,0.008314334849987979,0.009796699041866842,0.011762077493836495,0.013786588660789464,0.015428928887765344,0.016719597993621747,0.020433334062494028,0.027182303305738557,,,,,
0.010550876093775485,0.020648328347631206,0.02613999764777285,0.21480355915451693,0.02390587443154339,0.008449724873208718,0.007299442567005675,0.008478799923835961,0.011514458753640738,0.013982169441839743,0.013583563082880973,0.015765965960682263,0.016509612123992636,0.02059592371279919,0.02675476777741793,,,,,
0.00980146384483853,0.01627988106366825,0.025385270662503786,0.22004061268629066,0.02399273831419324,0.00903340249549242,0.00753097424803389,0.008234552506012516,0.009876436082137873,0.011820840607171871,0.013218530195419985,0.015575527465567972,0.016592186216243476,0.020654781276674618,0.028526872475288782,,,,,
0.010077442624816446,0.016004919854788614,0.02517820937485291,0.23603844171342622,0.024909326697028722,0.008811548049051626,0.007869191778855535,0.00833132054835048,0.009850137268772088,0.011649062669134163,0.013361377237859703,0.015536988540609743,0.016381141133150225,0.020264928728150538,0.026556835322481622,,,,,
0.010246392594079258,0.016105090172917474,0.024777874150553155,0.22107449050257622,0.026317812215159414,0.008941586792413386,0.007728164649888268,0.008532777884835445,0.013468691883620402,0.0122311964355119,0.01341949172305352,0.015849386685644732,0.016374489150089773,0.020119510054333035,0.02601756860970302,,,,,
0.01002890246683729,0.01610428483988833,0.02474477086846024,0.1906852953408137,0.027588448407179677,0.009220093964139291,0.007791676408225472,0.010614207380047144,0.01002812650125668,0.011919803788716982,0.013370716779599615,0.016493657121200232,0.01664961783247354,0.02032908358536977,0.02580351903347436,,,,,
0.0098713461594439,0.01607849288493215,0.024386285461206834,0.1913883128071883,0.028601461979818516,0.00926237298553151,0.008143922890453901,0.008294461208653825,0.009961427732257446,0.01189804964573818,0.013691978060556137,0.01621002285661515,0.016628104221996426,0.020098177612756448,0.025911359252711413,,,,,
0.009923761683019833,0.016039080300996458,0.023980410262890127,0.19191699160287667,0.02851744837423502,0.009213057925565881,0.007572921489153877,0.008410339174502237,0.010181792604958852,0.011961946588037582,0.013367127286300132,0.01619000800411658,0.016484454365590647,0.01986946761633561,0.02559844765262103,,,,,
0.014590420678498046,0.016094073751293434,0.024004425187947445,0.15762119466770658,0.031505215811967635,0.009713070153711834,0.007626678634737425,0.009311252756594182,0.009809234768000781,0.01190434310145554,0.013516561577503656,0.016969450531284413,0.016666921561043067,0.020213487110669143,0.02536859668584704,,,,,
0.009953612752348599,0.015964513263349467,0.023895347045605815,0.14478611056158727,0.031987141774692925,0.016004109481150837,0.008179835427915337,0.008409375302851076,0.009990062810854567,0.011845173047822769,0.013299108548527129,0.018490320345508172,0.016459553645387107,0.020047181502379746,0.025298868922391044,,,,,
0.010201263232347043,0.016120383856321755,0.03328754898852315,0.1321197901116628,0.033513069081426886,0.010158423276408644,0.007923394176702072,0.008487056039969569,0.010836707278456283,0.012270446805669473,0.01361427304834008,0.017552136892301885,0.016500634420664934,0.019914765235526932,0.024893701578772034,,,,,
0.013906459126382432,0.01599934770709687,0.023403157071323615,0.11416146638194576,0.05212633180470914,0.010667836066542803,0.007994808561967588,0.010920163633714721,0.009990062810854563,0.011930679573979155,0.013330400869746694,0.017159460064931763,0.01676729458907608,0.022188686026794063,0.024892307862796146,,,,,
0.00991513220970729,0.016323619053700302,0.0234089198672197,0.10482368992778904,0.03846251950166095,0.011824241388273293,0.00800016021997125,0.008652360220110386,0.010053443732706254,0.012040970706427645,0.01329815766915856,0.01707885040085505,0.018142239334949108,0.019597766395001673,0.02470553435308421,,,,,
0.00983844465151578,0.01678183023926492,0.02309572746752814,0.10386003040430053,0.03990356660402235,0.010354677142088079,0.00885504545440165,0.008640360130815618,0.009936169736878076,0.012071307429894294,0.01423624520399202,0.01695192005312926,0.01657789501747627,0.019660717483349077,0.024689478212039654,,,,,
0.010747324837792397,0.017707069788497024,0.022709057472245053,0.08130294753084273,0.0415078560326895,0.010950052213594302,0.008144281207215697,0.00879110184222135,0.009746095490657145,0.011597511225760066,0.01323733077691483,0.01622639663134805,0.016740819713551035,0.02024251619198916,0.024215819511739827,,,,,
0.009977591790546766,0.017600561761276324,0.02259821780405252,0.08126280578752404,0.04487310019139136,0.011360238518057496,0.008347960966984608,0.008729030161302533,0.010020881258320286,0.011917110499592109,0.013279223451957785,0.016159939245412324,0.02196078193934587,0.01965294830334812,0.02403876382847575,,,,,
0.010058119145908569,0.01746749263637274,0.022575809349152844,0.0853930179743761,0.04702925067713146,0.011492586239942544,0.01114307228960032,0.00909236265860679,0.010136215693484147,0.011913191901196099,0.014298809321406024,0.015708193390644255,0.016975563776265877,0.01953935897597193,0.023954652302961524,,,,,
0.0101438580305654,0.019348589534071793,0.02271486789277129,0.06845803841675471,0.05302916375533131,0.011908836390703576,0.008555888257315033,0.009192199687309069,0.009977201819985532,0.012320998518602836,0.013251236311446533,0.01545412646609548,0.017144242235802968,0.01959339808373373,0.024085603361184618,,,,,
0.010109790851840939,0.01627589724345353,0.02212891184140905,0.05931653816430048,0.05305255836042381,0.011843311520340866,0.008431247278341571,0.008585812309037282,0.009879882604444844,0.012205588116506403,0.013279589704302042,0.01616874515670811,0.018377043381315367,0.019689458201957586,0.02820052470597384,,,,,
0.010037692551051781,0.0161192574485364,0.021853565863457595,0.06644930583000372,0.06016504596957131,0.011620079171728661,0.009009969505319283,0.008787375884449606,0.01009335664516963,0.012121352179511087,0.013453275908832777,0.015378262282785467,0.017497074827934733,0.019417191892191946,0.02342635199907884,,,,,
0.01015586948102384,0.017478552405092315,0.021670048226575343,0.0665627993252296,0.06030008228387923,0.012342033461561963,0.008694230100348865,0.008906452291923422,0.010512453615193552,0.012294865209163326,0.013323101845912457,0.015491511108674479,0.018068814918200907,0.01948179170669086,0.023547836592024137,,,,,
0.009982789942344108,0.01568917103688097,0.021797707430719352,0.07341907125305916,0.060023818142422004,0.013107980547569799,0.009033940882756962,0.00920281088172467,0.010084357860160108,0.012086635023730866,0.01340394659355465,0.015246787435460011,0.018156799299024452,0.01950077244318189,0.03007171302015357,,,,,
0.010074095877310825,0.015795450424467908,0.021965373232415437,0.05841540953376432,0.07510275859024242,0.013679492435093992,0.008880457470049941,0.009207601297560833,0.01013199235008276,0.012366179412326699,0.013526153540970191,0.0154030164902376,0.01796010139845787,0.019054516675536273,0.022965188952990916,,,,,
0.010388971233662036,0.01605879868409565,0.021723264809173005,0.052628231786401664,0.08845630003961978,0.013299108548527144,0.009001760751518331,0.009031069113126003,0.010155645993373331,0.012251856270712983,0.014967774156498302,0.015276552299456217,0.01723939188938427,0.01925460103639829,0.022975563927746512,,,,,
0.009932905962314735,0.015699418295480348,0.02116071976778344,0.05630315935405747,0.08914275603704107,0.01426975442173006,0.0090856559548535,0.009156858263221998,0.010124661309944641,0.012129721904282447,0.013381552173874831,0.015457755729346876,0.016899373000331452,0.019020726005346166,0.022899116751845885,,,,,
0.010194522714960469,0.015403353294265138,0.020595042087854093,0.054444944551403224,0.10685078469834142,0.025742326601295915,0.009312227735008689,0.009535592770511723,0.010513533082458395,0.012264552717516817,0.01333164130637763,0.015361385528891616,0.022563123859647385,0.01900665726143298,0.023088257511475033,,,,,
0.01048057478166783,0.015726264963064708,0.020716602085255532,0.04870258356021273,0.1194032652328569,0.014846863394636926,0.009453461305952277,0.00903566350642841,0.010673427144124711,0.012527688560039529,0.0215114625705968,0.015325460718737728,0.016719113164948497,0.018842330825545567,0.022586377540511647,,,,,
0.01249293266257952,0.01529214452944424,0.021087611104467854,0.04604082356025544,0.11268171124592886,0.015249445476210936,0.00936084718189243,0.010295387559754713,0.010451670402318081,0.012401656588907536,0.013725280530449519,0.015092657968819097,0.016591091840247832,0.021528217151699846,0.02283286755676121,,,,,
0.010399421364181627,0.01568547128955295,0.02090793168677864,0.04313894337193726,0.14519753064806434,0.018386233504355167,0.009651183211044294,0.009359184410753464,0.010613138152417234,0.0123292853107786,0.013418911824025612,0.016779608182793324,0.02062612805917801,0.018978471401512004,0.022566112703082588,,,,,
0.010177333304603308,0.01546218101873428,0.02121985964602398,0.04466353432931568,0.17239203054610985,0.016826845643465864,0.011649062669134177,0.009576411286954314,0.010844633342173596,0.012448628577426686,0.015823998888750967,0.01533618357133733,0.016515895575870052,0.018877522964175567,0.022355276005343046,,,,,
0.015611375292409546,0.01596370083853105,0.02079996513294124,0.04385373486705049,0.06990129707954071,0.016875238254115865,0.010032167330892919,0.01524304412833945,0.010901144224822605,0.013714882195284826,0.01359654221288702,0.015454294312092743,0.01642928746425367,0.02364003538110768,0.022432955006848856,,,,,
0.01055812616235088,0.015510253258976628,0.02049884419454434,0.06128975574159115,0.17890253994462813,0.018560278241139268,0.010403162140927775,0.009561502033044284,0.01122497310666627,0.012428530643690028,0.013748883862996508,0.0199563534356236,0.01868221739260134,0.018799537282926746,0.022058953428486,,,,,
0.010282939982286006,0.015584185069342933,0.021169176249102913,0.04057508051387421,0.1829162086961453,0.018688464360838316,0.013502160855776848,0.009787791911474435,0.01130831661433506,0.012532863879619443,0.016475403912665432,0.01527493913370145,0.016294931105015023,0.01873213480625384,0.022448559658138925,,,,,
0.013338838425670702,0.017359253269475405,0.020075643519129816,0.03966088855505512,0.16726930573624996,0.018527458756597004,0.010789479400930684,0.014785214889192317,0.012359570212370658,0.013148855139455972,0.013644153466744417,0.015484309434963418,0.016287845780907823,0.019938473171861374,0.02210756770266261,,,,,
0.010451205048754483,0.015554195910682942,0.0203003539898057,0.03675909726094125,0.1591581660531392,0.021683211343343386,0.01084965516848681,0.009888149356727228,0.011421722285128093,0.01242067554232517,0.013971405323989146,0.015703878721309805,0.017977207876250033,0.018929803113268605,0.022493506877593543,,,,,
0.010635203515289309,0.015581167941105414,0.02002551295241734,0.03788665118160589,0.13327485632504146,0.02156385259466907,0.01474902984096025,0.00984411154128116,0.01120065391033467,0.012734792190349857,0.01481205487337641,0.015299775742517206,0.016129392286718766,0.018558251655132467,0.022020879986089224,,,,,
0.010381603035174347,0.0165088068838817,0.02006774414547111,0.03695001065409266,0.11984009796967468,0.021579965506358573,0.01096283666004056,0.010450429413433082,0.015143273810603784,0.01305382017717673,0.013931082181121945,0.015555446613267835,0.016248062974789795,0.01873865929176444,0.021522312349048434,,,,,
0.01042598291376627,0.015491511108674501,0.019782855798373387,0.03549085442253015,0.12305625311750938,0.022546850708346465,0.011524816775372433,0.010122131029375122,0.011224973106666317,0.012645774844018675,0.014052235188379024,0.015695782937237144,0.01628935863692522,0.01847726917029604,0.02179247080135801,,,,,
0.010531559226987439,0.015533503031962508,0.02010398460046691,0.03541537557371144,0.11206265887101956,0.03312287608189711,0.013445368371157087,0.010171979563688567,0.011765825959152574,0.012603937658148361,0.014049927601438283,0.015541328679796799,0.01660923743221291,0.0186779995079139,0.021226810938846458,,,,,
0.011373930300019382,0.015608799658284631,0.02013368691632021,0.03469844027194594,0.09734392484270386,0.025583129356688886,0.01190870025533231,0.01042557861484166,0.012306990377718825,0.012897115631335195,0.013824167166365312,0.015445395960777592,0.01646209465294619,0.01863703822832331,0.021363191579493037,,,,,
0.010923726086264697,0.015458175242405808,0.019533666320515574,0.03314971652397747,0.08832335696963474,0.0280261404458799,0.01231138938643056,0.010385475113249788,0.011613855023515102,0.012698892459683505,0.014207244933816362,0.015467548390316888,0.01623997891895459,0.018617281408335167,0.021596021354432816,,,,,
0.010988508468054095,0.015673394532826363,0.019762702228176224,0.039306581281623926,0.08274591167979811,0.03019377919280503,0.01475975407609444,0.010422094774483592,0.01163193211545952,0.012951705991447042,0.014190460685194828,0.015408172995167045,0.016501440059577103,0.018522155327615027,0.021401101818801085,,,,,
0.01101079336934899,0.015663357957024896,0.020366180425923697,0.032037744211790044,0.07645046389766152,0.029042275044283226,0.012960415107886323,0.010480327280167455,0.012096717545193845,0.01294226450184522,0.014184061461487154,0.015453455063876043,0.01629085144921126,0.01853795611928617,0.021439852438055143,,,,,
0.010850611443320057,0.01564498574940331,0.019496166197780097,0.03123819929281619,0.07663090443211538,0.031068206275667015,0.012925142062659871,0.010500973562847658,0.011982529464700657,0.012991275335371522,0.014133841617590471,0.01566749753016164,0.01635530997892166,0.018580880952153187,0.021717875863576267,,,,,
0.010986029577515745,0.015800807190510996,0.019892479765753503,0.03247619410428498,0.06451994119688623,0.03139139028237205,0.01384926430871995,0.01068557156807205,0.011747734097047317,0.013056626657212439,0.014194275991578777,0.01578592279655205,0.01606235188196018,0.01865333271581191,0.020894528449104274,,,,,
0.011158338273082505,0.015773594055747818,0.01959531761316823,0.030336267245619036,0.0618428259997006,0.034621355648725066,0.013928754522688347,0.010980804369107708,0.01359475354719325,0.013011625418054163,0.014890216068083086,0.01561345210721574,0.01629946727891422,0.018796501516201224,0.02085053520999964,,,,,
0.011268218315391458,0.0171035130135596,0.019815935931801518,0.0297592915736922,0.058563976848166936,0.03870790261155228,0.014369294256124498,0.011067862071554434,0.012023589512584544,0.01398543879324361,0.014181478099813113,0.01568993568031857,0.01642800460383347,0.020100032805081398,0.021088764265152535,,,,,
0.011304531173266252,0.015727501982159622,0.019438871337775332,0.03110458721540167,0.05569752735021476,0.04138922426607791,0.01569588622608027,0.011206905018614155,0.012197961591270774,0.013152923286546273,0.01407775490569715,0.015640156099944614,0.018488215940400458,0.018641908937627637,0.02085201247645186,,,,,
0.011844488696727237,0.015790358786799095,0.019488447881715408,0.028498522558155253,0.05073604305132321,0.041472431135104425,0.015535318933448014,0.011551934326344753,0.012611472938130927,0.013515793926351948,0.01503583494554854,0.015567198305899853,0.016396553057776386,0.01887355488397061,0.020689539031637883,,,,,
0.013489403393736912,0.016028989502284215,0.01944287413238729,0.027887231510333524,0.0576750629131259,0.04717409379753933,0.015606805327034703,0.01133889779712745,0.012282516884214575,0.013469654796224268,0.014380482064626778,0.015739207612938344,0.016689764542447787,0.01974628870246082,0.02088192404586952,,,,,
0.01182632525461263,0.01582744091064891,0.019374981918331445,0.029211037715586176,0.04907433493648459,0.0634085315392719,0.017027513912796853,0.011872924391196617,0.012363950513552265,0.01339046600752747,0.014439435128434121,0.021791206085753037,0.01837845483129199,0.018788685610644895,0.02087185989858197,,,,,
0.012233953096006897,0.015914818333989666,0.019282400085785082,0.02759549917321282,0.0449839865311776,0.05866390338364473,0.023716992658284308,0.012132180917064438,0.012775845580656411,0.01353921165415302,0.015434917037280393,0.015867890041686376,0.016642917298807118,0.01872723562193133,0.02041261551369818,,,,,
0.018126648116055286,0.01589694071296162,0.020010141422353234,0.027046697191249167,0.051087105309426145,0.06438473084259076,0.01749470267992579,0.012140169268759467,0.012549901456056407,0.013729177875710983,0.01466403708947934,0.015927526338738143,0.016597754690273844,0.01862798924650478,0.020651264601844924,,,,,
0.01231454938050727,0.015969711803484436,0.019482191141322224,0.026843996579932725,0.04261498649646863,0.07250936497799855,0.01839171716639001,0.012167087903410102,0.01278071746083897,0.013859865950494649,0.0147367137252477,0.017677765640338666,0.01711031742502372,0.018743209511083922,0.024330378025695164,,,,,
0.012245052970309363,0.016058415053216764,0.019400001370264344,0.033364372169443456,0.04173404824139445,0.07070163428023152,0.019901735826687365,0.012853574075292957,0.012856827783952994,0.013786212358454042,0.014981285521184216,0.015829899039498562,0.01649640908468036,0.018427875448439258,0.02006879434364709,,,,,
0.01401517566498407,0.015975720506774756,0.021546418455827974,0.026226793289163552,0.057161593097203665,0.08473289846594646,0.01945941028170618,0.013302423903768852,0.013012024121141613,0.013971590982486655,0.014684542039432919,0.016037564053306703,0.016701747027684902,0.018603622154721854,0.020178343203257097,,,,,
0.01308279970058338,0.01619433330676201,0.019400135077389736,0.025203398704978796,0.03812675190234573,0.10984320883168629,0.020312872319613148,0.012902142766833644,0.01300105533101734,0.013890408558741822,0.014911692933028313,0.016291826679361642,0.016815800730726214,0.01863503738962023,0.024678115762601663,,,,,
0.013295133908532517,0.016107687097624626,0.019391726448569107,0.025320493796447355,0.037146009719936736,0.08267955640688028,0.022831972900053246,0.013279711786172129,0.013452311823832943,0.013949875413880354,0.015051611914198917,0.016093912577659998,0.016744557374755293,0.018519616845758324,0.019950893527602938,,,,,
0.01594500364285247,0.015876041025037108,0.019428727233884776,0.025480784770951902,0.038092932353843215,0.12434163425780334,0.023274384690960246,0.013831295540279516,0.014426854716071216,0.014271935590976875,0.01490316681944424,0.016049932449987262,0.016896302871046934,0.018663898262813863,0.020102823337119297,,,,,
0.013922328166145501,0.016084803644008328,0.019206041585283017,0.024891526305670854,0.035214486286155824,0.12951469662564535,0.02423434367771943,0.013414078357205487,0.01365187461199489,0.014089013123848302,0.015082686398338799,0.016166679507963137,0.016677034654819383,0.018395242773505672,0.02108773411127867,,,,,
0.01396418593672327,0.015850368621560352,0.019250474877789518,0.035264402141145325,0.03426343513792619,0.04244004781225971,0.026594901121867857,0.014198113109635395,0.013691220244810693,0.014363787378350704,0.015361195559939108,0.016226236772064983,0.016729194708007915,0.01849728071283583,0.019939253736117817,,,,,
0.015234213938876919,0.016313624754955493,0.01926327150869663,0.024550919676431252,0.03276426156140967,0.13308426250959757,0.026750695484898706,0.015142138956087833,0.015934364912633784,0.014626288737296449,0.015223461860134397,0.016373697067335203,0.01714032689592862,0.018374078983444564,0.019680316482876915,,,,,
0.01456597727702779,0.017851234395107198,0.01905272986071106,0.023722733888094275,0.03282013721078193,0.1083273428964505,0.029591025914171315,0.015070298718060768,0.013974189942455636,0.015664869027991114,0.015409582840952663,0.01681335174859512,0.01668512071646218,0.020735875471848426,0.02424022989781273,,,,,
0.014822711635437162,0.016391509671400788,0.01933244498110348,0.023886878359522773,0.032284184119217116,0.12498931515454408,0.03169304471669983,0.015524963361373462,0.014398576156254806,0.014706870453246135,0.015489020210826378,0.01650047721824195,0.0201221689767724,0.01830606644958601,0.01984229496749633,,,,,
0.015292674597838531,0.016290851449211267,0.019151468194384815,0.023838179436630615,0.03107947556785852,0.1189519987690005,0.043265331033169104,0.015779019888475992,0.015680075121487974,0.014882963082059254,0.01532207522326506,0.016860475440541704,0.01709888674260339,0.018456568367489972,0.019705787430868017,,,,,
0.015467820902463849,0.019738487496451837,0.019618717444384547,0.02348971282781071,0.04035938586762077,0.10039010076877015,0.0353663420815144,0.015861002364145577,0.014474960520175648,0.018080367663636642,0.01570321799742877,0.016837382631358023,0.017114410140645006,0.018753447790335942,0.020201725767504952,,,,,
0.016337914369164108,0.01657273073470592,0.019104479640750655,0.023488125368397828,0.02965307839325179,0.08271803852174346,0.03772417656895532,0.017468142312967536,0.015030550703793753,0.015163643902878103,0.01565772638124037,0.016429583494740923,0.020117189253015602,0.01836009751808705,0.019915693255595134,,,,,
0.018337213444049833,0.016563708940857933,0.019096195516557897,0.023069529874388237,0.028831529500303803,0.07602514060424802,0.041871686052050584,0.018519774416829324,0.015512761648985325,0.015309944776316413,0.017999486842086635,0.01688609067759612,0.017209272552143592,0.01845971273213494,0.01984783375888728,,,,,
0.018623550158308914,0.017904772766407437,0.021858239012501588,0.02284083271634527,0.02746972494551496,0.07022007378554143,0.04096499635410232,0.01842102967013417,0.015186890552503439,0.01520846013877052,0.016123601730672343,0.01713834051202854,0.01722770807431966,0.018648169408837605,0.019831752287461025,,,,,
0.018529838680017063,0.016727120733159878,0.018951030668198806,0.022947886904773118,0.027635888843018406,0.061348555622031106,0.04696672469258409,0.018410465637913334,0.015573674612853044,0.015278568517131753,0.015884534839696523,0.017030636543359873,0.01750433753145461,0.018338751724493223,0.019746288702460885,,,,,
0.01980531373495491,0.016590622799865222,0.018999832302368676,0.022809580862678945,0.02755053139356621,0.05692435934987163,0.06318711296215516,0.019725522463978188,0.015691754142043258,0.015492683157321357,0.01597669467815043,0.017020352548615638,0.017230267526188697,0.018487514418799825,0.019342974836928574,,,,,
0.020638464500949,0.01676095062321312,0.020049639783019237,0.02229602115565611,0.027429090598438833,0.053476804255355975,0.06040956327297862,0.019525016283817004,0.01566685596795425,0.01603730122246299,0.016215522610067545,0.01703657557743567,0.0176037853495849,0.018672790928675995,0.01961488277752478,,,,,
0.020835212116328126,0.016744847831618243,0.019044423225920565,0.022067991360585366,0.027049909835115498,0.04790117578029716,0.06759925714226382,0.02132594375388361,0.01634349012086444,0.01578849007247144,0.01618688345564194,0.016761105382655957,0.017558065729353645,0.01825882014913761,0.019436869631346207,,,,,
0.02203147889465338,0.01674765532158609,0.019031615739745676,0.02298109533244032,0.026183722442621626,0.05269334375807545,0.07629345924319693,0.023087302530853518,0.01682906146285253,0.016102372012520016,0.018116180890234382,0.01720437317939597,0.017537648067076153,0.018357360000519664,0.01932511429161323,,,,,
0.026286450920482273,0.0172257505898223,0.019234315400792477,0.021924948687028413,0.025585968178142706,0.04525490923152359,0.0717203358897158,0.025319738262222342,0.016808182646831135,0.01616056123259383,0.016743395496916207,0.017425118662714047,0.017477513530093292,0.018613641082090043,0.01953497760394156,,,,,
0.025463714937101704,0.017034653232161127,0.018929803113268615,0.022037291408242905,0.02497536474687682,0.04366616246070511,0.09125175219668712,0.024607498766929872,0.017543064296277847,0.01640430300431015,0.016597657013847387,0.01901689010739564,0.018182639040782496,0.020260832288095533,0.01934217020951372,,,,,
0.025227573251082734,0.017303277620515103,0.018641491498125207,0.024241192961386927,0.024479498667864676,0.04192307255259302,0.10109890595178823,0.026088445343323687,0.017131528304396345,0.016388641171281585,0.01791054866616905,0.017403520375971496,0.017595034235855084,0.018549513836645774,0.019330901909073998,,,,,
0.04300227025945168,0.01765566837876807,0.019135597887647442,0.021516240161074476,0.024623779545735816,0.039222061654514646,0.08613257770505382,0.03141799677825345,0.01726382515857899,0.017308523661116643,0.016715699573118553,0.017682827234981387,0.017932060629758505,0.018424215297286196,0.01903161573974564,,,,,
0.031131011801470366,0.0192141433495788,0.018969089598834258,0.021203457793107953,0.025523441169093414,0.03688213415311871,0.10944692513128201,0.03153954037797878,0.017978055558717183,0.016777830325727806,0.017083614955748665,0.01905436352654541,0.017986422024556338,0.020657748005403924,0.019968697720304247,,,,,
0.03314181244733688,0.01778565266957164,0.019029656388224465,0.021901288831227713,0.02391684456913512,0.03448851561847876,0.10420635881504808,0.033520034400046556,0.018868469024645843,0.017084070461116964,0.01751161573863676,0.017706923296834924,0.017766883606043424,0.018711092137171786,0.01918901674610468,,,,,
0.057185825938835075,0.01778337371402891,0.019169405957135868,0.021176726012583396,0.023091445175509293,0.03285055145043272,0.07768080636343766,0.0364622286785728,0.021563927776122024,0.01740277512936693,0.017470666541266867,0.017946718842185728,0.017921208366797163,0.018716567239393536,0.019268522401871276,,,,,
0.03943263048021405,0.020871238495893972,0.019044576454847473,0.020872916240694768,0.02302328492682401,0.03290459559200214,0.08947966287656703,0.035677103531856096,0.01966493893483419,0.01931848575995684,0.017482837111930088,0.019664015569760763,0.01804295593023982,0.019196365626912026,0.01932363775230004,,,,,
0.0476667006536129,0.017985069950032094,0.019073497620263488,0.020877995257023316,0.02315213747564428,0.030436783820198383,0.07411033816580453,0.04024082503176956,0.019512142052024523,0.017973726548243994,0.017681360255226656,0.017858425693132954,0.018103665961414894,0.01857136813366305,0.01928803241609218,,,,,
0.047608546736609234,0.018126057818031303,0.019001607027547742,0.02087613154134776,0.022471542310489447,0.030079809404769883,0.06744818995008443,0.04553094268434785,0.024109217633492344,0.018428068993885743,0.01764589565771262,0.01813607239322356,0.0182516977846244,0.018777085161975956,0.019052729860711142,,,,,
0.0474574120528634,0.018116628331277817,0.022477010219977153,0.02056997870672755,0.028877915893581137,0.028761268516076417,0.06771712469536019,0.0461943468785397,0.020949761535237067,0.023767126826411224,0.018226382907287363,0.018582695688981903,0.018204595357012954,0.01980492081720767,0.01979353919080718,,,,,
0.0667586064781657,0.018136930528082743,0.018937886084115764,0.02016820126804218,0.02223590848927947,0.027863234975103856,0.05692777684484514,0.04665140605140233,0.021907195090254582,0.01876395696495652,0.018418019538309745,0.01813437388159777,0.020645737188296667,0.018795035203273015,0.019152145396118876,,,,,
0.08216045230879661,0.018650951165956338,0.019045104233937075,0.020821388331705586,0.02175355834303224,0.027281224314910896,0.049257427366277404,0.04838683667571226,0.02193413053099245,0.018919523165342674,0.02498067399634235,0.018270164014957173,0.018431306180022176,0.018774615689200583,0.019241579576781385,,,,,
0.08532768384966109,0.018933519653410866,0.024502058445832874,0.020346827755385974,0.021722428938461096,0.02665228718338341,0.049059982133147724,0.04677718274939812,0.022114254621086057,0.02780149113866239,0.018537343936395733,0.018470248597572337,0.018459027692737193,0.018731044285993034,0.019187462139457948,,,,,
0.09375191559426639,0.018728672617992447,0.018916643778827354,0.019971604014049515,0.021680699001904957,0.02626632498306757,0.04596963257471823,0.05281885197572289,0.02290892721034394,0.01945514423388023,0.01864721308398611,0.018409338450012646,0.019524750579044636,0.0189120667089595,0.01931558191459871,,,,,
0.0965389570492724,0.018857725795675278,0.019006247833001044,0.02062193041552358,0.021303125456980813,0.02683419895603956,0.03818929217667335,0.05504616858245591,0.024599156622953602,0.02001532597613485,0.02048335298705242,0.018886864413745055,0.018819602411111573,0.0185708094313953,0.01928710781799858,,,,,
0.05951577205450148,0.01971876543907434,0.02140140482995133,0.01989195816937274,0.020661310656203184,0.02509716748822131,0.04580146176463242,0.05910034082211143,0.02439064617099222,0.01997142542718905,0.019398396812874693,0.018814346864867115,0.018768466499493843,0.018920294355180504,0.019113845879853136,,,,,
0.0858878161428066,0.019338129803336438,0.01929825047619883,0.0197791021332666,0.02247223488975601,0.024493283255292656,0.03679714770270729,0.0636429877144702,0.02506417543586175,0.01991061303720461,0.019306733404970845,0.019007612560144115,0.020733498555345956,0.020374966677670903,0.019162638962680095,,,,,
0.06884972668904703,0.020027067265676875,0.019367299015911832,0.02111600664261734,0.02084736262092535,0.03001039650923038,0.03483747012278681,0.0676842555262925,0.027407331217655827,0.020500821289451653,0.023786000429819515,0.01903974063642575,0.01895198877083812,0.01891774073965275,0.01930362623007587,,,,,
0.08649998643808936,0.02016059548918595,0.020948585244917172,0.019703286249534206,0.02019543312496,0.02264345505001622,0.03478176825811289,0.07538580686995731,0.026938924438421046,0.021907624305154427,0.019970694827948124,0.019477480620108043,0.019081298819370963,0.019099726894095604,0.019406902796830147,,,,,
0.07680182367390832,0.020538286783016182,0.021273806116830732,0.019741296285755626,0.020624445959997965,0.02279921568542939,0.03202503022622734,0.07358316994786848,0.03035373746680568,0.021532208001456308,0.020245335131495013,0.01935917760340053,0.019783511387334127,0.02063123639802432,0.021583165613210022,,,,,
0.050668921432446945,0.020354730327354,0.01948387200565421,0.02653524046348017,0.019860914854889368,0.022330779832586665,0.02803284979731079,0.07664545838866699,0.032038756254947655,0.022172942354487964,0.02286862512478484,0.020186713290339314,0.01938502033630212,0.018909923505247207,0.019025345104589194,,,,,
