0,1,2,3,4,5,6,7,8,9,10,11,12,13,14,15,16,17,18,19
0.07488804028141481,0.4955974170240819,0.5434892249517482,0.05867853308027833,0.45112799689816924,0.5430386385736333,0.5495823460688666,0.4661859602337242,0.1184986621691189,0.06777378337726819,0.4581146474233617,0.571911974636212,0.46609959483695024,0.46456362044005894,0.6267825939913935,,,,,
0.022206756692154245,0.04668577355627351,0.3409997729067531,0.01788480734370831,0.02167053259463288,0.056952059160603946,0.2625350439371424,0.07009193770672145,0.01669376695239443,0.035727972495941146,0.0369376612162579,0.536135449177083,0.03909128157869558,0.08087045026413622,0.5354970797885859,,,,,
0.04093476788333284,0.04415902602173802,0.023720146167910468,0.020151269016080657,0.018078812075086905,0.034181129084991546,0.04513267386355683,0.016708616289408663,0.03435700926047387,0.016274317627508316,0.0425180661338329,0.04370319324838363,0.02536682299640568,0.029353748900590854,0.035825943084286396,,,,,
0.031285414252758686,0.031270779430088616,0.036197724252787,0.0431058209370956,0.04575201812181095,0.038601436586593735,0.015374556663455215,0.0419057827644576,0.024169030805237142,0.02067584603479213,0.025291475900665442,0.023382905357444334,0.04092716440478846,0.033602389670322905,0.03457995161755372,,,,,
0.04940904837973209,0.03233253238115217,0.042833320130299495,0.04707123285241707,0.039689181118061335,0.029243044132027746,0.03360146348020653,0.03145100922988802,0.05251624842525426,0.042389556788469444,0.0330498685229768,0.05479425825677344,0.02898560521688573,0.02280557149178017,0.036803355288162844,,,,,
0.030654661936666636,0.04988610371960649,0.029797329109141325,0.027928511184719545,0.031765683203775694,0.03143435801181681,0.03136595942529275,0.057907687673057,0.027132010114984298,0.03214950025130105,0.028387651237889066,0.0353244086164145,0.03243064413000443,0.05141554773670889,0.033337928701204306,,,,,
0.029402302692906734,0.03466624343870549,0.029678940699735097,0.027763846781277222,0.04177630564990163,0.028593741008839355,0.02930222723199982,0.028617132300231444,0.028644182963221725,0.030073265472196298,0.029091941091606316,0.029745834651222804,0.027911384610359604,0.029074496333158742,0.028766007501596753,,,,,
0.02862048529785484,0.027837358247290996,0.034140132191000136,0.029113195065569936,0.028258448990600538,0.028777815754678165,0.032347218004077034,0.029003371702716357,0.052528444944514245,0.04211522344971983,0.028594750039707705,0.03964269375062934,0.028521815351386814,0.029947655113956806,0.05038030409929693,,,,,
0.028355383002193802,0.029675794689016616,0.028535690126947587,0.02816375984212667,0.028243301694675503,0.028235369074435177,0.0312771648690054,0.037092995443713375,0.02771242246660987,0.028079374960477927,0.028189072049433855,0.0278480702172257,0.028026366582325195,0.03482679413205765,0.029065898292664018,,,,,
0.02801094333034206,0.028445662332871668,0.02847740707050431,0.028441958181928264,0.05967052283226885,0.02738083049571345,0.027159238889616823,0.027767396216643328,0.029416236055091843,0.027333145386597493,0.028303991138732273,0.02765116153362753,0.04309348525521139,0.027742821082821553,0.027645146413383972,,,,,
0.03368295734145963,0.027295652311058467,0.028913039800932634,0.029653369701593248,0.027669152182560865,0.028150957012512384,0.029549010380891035,0.02807236608171326,0.034914787898392065,0.042670856338372906,0.027788869964845336,0.043136314033761156,0.028308423369564465,0.028532997516393238,0.0329900581658557,,,,,
0.0272711156813865,0.02849758365060245,0.02962440632690378,0.027051789195604546,0.028399525486709477,0.035539468017494934,0.03387432830582916,0.03267126113378226,0.027560032310798427,0.027281669730698073,0.03146914541624938,0.027715978487610492,0.027889307760879063,0.037030374401627195,0.027413784667534247,,,,,
0.027543641756413648,0.03444910169853651,0.02762366656109784,0.026976052972921254,0.031882535730539625,0.02766536749998142,0.027388702869161737,0.02743104464601533,0.028792231478957566,0.027252671946811403,0.03815882997596703,0.027592185009933455,0.04040873700844967,0.027181634388567893,0.028247353244451566,,,,,
0.031234639812128023,0.02688760326538637,0.027073650924849736,0.028319964528377237,0.027022160827381448,0.027461518633028013,0.02749869124719914,0.027416149690449493,0.03216829073117774,0.030241467318182887,0.02711605425919962,0.030171202586087496,0.027289095527424177,0.02735004139557496,0.034072503160871105,,,,,
0.02708184003452716,0.027333430037428885,0.05029838091938095,0.027451789532582555,0.02772211856821341,0.03213174808126467,0.04740432745004796,0.040138295070013076,0.027508309479822187,0.02701030518094805,0.03099198008036176,0.027312132340802507,0.02861193211129666,0.04153884919124357,0.02725267194681135,,,,,
0.027733015324494927,0.028532372612638166,0.027352364521368876,0.027183005915704234,0.02730827443593447,0.02804665958017355,0.027390206057599096,0.027203904199066164,0.02713392179764233,0.02716574348058215,0.03022616616776632,0.027193176909687762,0.02821703860863153,0.02736178538150158,0.026624959855700146,,,,,
0.03290420804856119,0.027105674926215285,0.027698954579608498,0.027651524978501617,0.027257001577827674,0.02713487758846625,0.027559926444748542,0.027245902546343723,0.030003546862120773,0.03558231480904119,0.026955759774225235,0.02944007501489858,0.0264114624579362,0.027475397887077015,0.032116600551795806,,,,,
0.027604366204965848,0.028561524002643154,0.02774123182698696,0.027869679553036014,0.026653399944583028,0.0272144724014455,0.026974983392859968,0.02778830999090801,0.02676031714723671,0.027030701348709718,0.028161791440375564,0.026829522017452565,0.026353266735541305,0.03852712438640902,0.026933802354820742,,,,,
0.026971245538451778,0.027617845003398464,0.02682438618731428,0.026780806864130025,0.027165445138933212,0.052767851612908104,0.026966437246938285,0.02700406327638178,0.027238917236641264,0.02674353344298655,0.0329955115626144,0.027277866940304693,0.036173794992052505,0.027168213623567194,0.02703625363898744,,,,,
0.02871646819192076,0.02720581082991148,0.027489447030234815,0.02663422416896079,0.02829501002121637,0.027786443329613816,0.02789413130099714,0.026883117669302875,0.02658499262512563,0.0317370029674125,0.027268131758030487,0.03004362785513301,0.026777756197809408,0.0273517482011028,0.0322620387742376,,,,,
0.028279011072231113,0.027165743480582132,0.027204619201292447,0.0267820052451114,0.026850779939054378,0.026818548273397125,0.035158016481437133,0.030133744266500544,0.03271489161220258,0.026536561565172763,0.027462640091703995,0.02762787938298226,0.027353727488027706,0.02667060502722292,0.02692079994004779,,,,,
0.027256525827835425,0.028448796237734768,0.026753047521116086,0.026596903778787723,0.02832335270557354,0.047205972421949856,0.026629342849755128,0.03879482612293068,0.026554306273826163,0.02690248959897515,0.03401661633106895,0.02648776045668137,0.03457335102665254,0.02698917290910189,0.02732513836748275,,,,,
0.026994973923881536,0.0322978719259303,0.026736562384101405,0.026989689406112263,0.04584188991510504,0.02650175823569804,0.026435999880446388,0.027009200949017303,0.02891913871382715,0.02959969727131879,0.026548579924999774,0.028906311566450692,0.02596708503754444,0.027403932151694805,0.031112749419215158,,,,,
0.027371830725043567,0.026814921600029587,0.04242252875108905,0.026935162429944145,0.02668772613410194,0.026550240571206096,0.027167891443740554,0.026491664427177743,0.04153645317626781,0.03959605355773507,0.026299084366346624,0.05480656300154618,0.02643385376527915,0.026852421896177966,0.03437134865136073,,,,,
0.026799623729483642,0.027691228944094537,0.02677049130732806,0.026760220231878573,0.02705261607000504,0.03598992285123903,0.026411167870445073,0.047423752286050086,0.02658440729272892,0.026545453720902314,0.03168269582206847,0.02653656156517277,0.03367129030073429,0.04203910260805545,0.026724143334760187,,,,,
0.026416568119145722,0.029460054461889287,0.026525674389242495,0.026692281001346158,0.045969739678435394,0.026520528613252388,0.027062824089314805,0.026748090926875388,0.026722250863594355,0.026558359147529288,0.02755815018703712,0.026361937877649743,0.026487650304967195,0.026723645967500608,0.027035498210788236,,,,,
0.03934237590678358,0.02690499596053145,0.03868733924645361,0.03394983939318699,0.026541447733772948,0.026833569567255276,0.030386620000278433,0.027725626575189996,0.05831284748219598,0.03291954464739116,0.0263394854343792,0.04580062855087968,0.026626615738250668,0.030097047185997677,0.03290299618213382,,,,,
0.026602254136829713,0.026842266713246278,0.026539798752440506,0.02654590557784833,0.026457194141699406,0.027603755511244287,0.043524978746093165,0.028731783513297266,0.026552597045267023,0.026643655605619362,0.026806554202257787,0.026304507625516494,0.027674681809598846,0.04088614461858152,0.02680428052737953,,,,,
0.02644243718085299,0.027353881558247032,0.026370790569290502,0.026755470949289897,0.035219124958139,0.026536170632817636,0.02679895840658405,0.026437275203499776,0.02661034466162459,0.026904417590126784,0.04763899870691598,0.026686256264374212,0.02591583567873579,0.02676298218205527,0.026648874926920824,,,,,
0.03516797353822764,0.05573747466106359,0.03556098902970345,0.032885926784540116,0.026339300814449088,0.02691000798332669,0.028606980290474232,0.026566841324046568,0.028313553354271655,0.05742060163966453,0.026278083338825593,0.026110050574379113,0.02703127701710417,0.02916481724464834,0.02794559246127785,,,,,
0.026278564466162224,0.02649143191840204,0.02673082656761402,0.02687702715410151,0.026910200734792042,0.02760601031322164,0.039879263167513994,0.02678413556779891,0.02654056828981187,0.02628270919841137,0.02664832749365617,0.02629165021910669,0.02792740843366399,0.045641979483560996,0.026302005669889262,,,,,
0.02646307502113934,0.026515638589782103,0.02666069674182384,0.026807848175785687,0.02640046229552812,0.027552208890613782,0.026341713079528668,0.04348828807515137,0.02708168441663831,0.02736567128186922,0.05356981432553412,0.02638129928222365,0.027589611822864287,0.026694418484392576,0.026745291075313794,,,,,
0.026705686020348538,0.026376346574252637,0.02668558811500643,0.02647002012673204,0.02641790573742305,0.02636538094427507,0.02664608898285164,0.026636707090304478,0.026428641045754982,0.026254670167165307,0.026376776747056258,0.02610299727409158,0.026313083953026596,0.026835212577424206,0.0268668933378475,,,,,
0.030916458907604097,0.026445330390142102,0.02643733651555814,0.040288603780106826,0.026501354557172035,0.027560408720126876,0.04570044057343608,0.027144338101780924,0.0261325884937088,0.02684130050285503,0.02638415004728492,0.02644168930832032,0.027158188460955,0.04958708863030411,0.026472959305129357,,,,,
0.026945655568026226,0.026209389099494083,0.026708174436301697,0.026750514804085423,0.032125976513896516,0.04896219463570972,0.02657855325977734,0.028406339519781294,0.02723120394508303,0.027863397467837156,0.03893109695873383,0.027100890485429786,0.052299007960407706,0.027049739876192056,0.02658237072333746,,,,,
0.026500192417992376,0.026114333779266814,0.026751738778618684,0.02670283316068319,0.02650458381322979,0.026798946309651153,0.027073698821580366,0.026839138481120177,0.026557431435846646,0.026658556554968255,0.026161055779331286,0.026339386970577472,0.026907309317829663,0.026600986723312525,0.026523425526824594,,,,,
0.03193219877209263,0.046536231515600074,0.03069625846546953,0.043801414317565276,0.02683598572387324,0.02733485324712277,0.033604020088815106,0.028021866600519134,0.0274585790134596,0.02666706764482437,0.026777453533391147,0.026461298643251266,0.028270893531724905,0.03880160257239426,0.026730826567614028,,,,,
0.02654453777106253,0.026727491224719513,0.026956818090944263,0.02694015680696222,0.02944593265391748,0.027840816801129407,0.026784619708416023,0.028539098130424028,0.026844199029697396,0.026631485384312602,0.03435818871253669,0.026636354140108134,0.029948120587868447,0.026866905404186934,0.02748275954290138,,,,,
0.027929161207049212,0.027871808160680227,0.02845810474847713,0.027478937390845292,0.04918099761517266,0.027905657926865154,0.027247330327861124,0.026962012861410277,0.029784346833917293,0.026845648175760725,0.02712394372057304,0.028165601496966928,0.027161924460002304,0.027466145830321663,0.030493832465080705,,,,,
0.03556345946487859,0.03347727717366885,0.038392527101483345,0.03538640240827239,0.02702272468095883,0.027197790162633503,0.027323465493893414,0.027163356655641704,0.033946487548247764,0.027526040174223117,0.0272625553447077,0.037942297967817985,0.027767641391148692,0.02717404799714173,0.03291918027673394,,,,,
0.02688012685606408,0.027275394842233236,0.026921763297238843,0.027324794309649545,0.02842389781041759,0.028673899042387218,0.02715723349055033,0.027043027567679914,0.02696055794559673,0.0273550666847699,0.02857886217302426,0.02704095360692757,0.03096560892758995,0.027070729064030692,0.027447526061173465,,,,,
0.027625825859253824,0.02756114976096917,0.027898965627129603,0.027916634005967243,0.03456359784724245,0.027376627023687816,0.027283582809193206,0.02710112972752935,0.030093309303520315,0.030675129066834003,0.027040629910841555,0.029523777049549005,0.027647128147254264,0.02738073577669059,0.03032436849827443,,,,,
0.030339427788108216,0.028400404440429586,0.03571907915694153,0.031511117383595515,0.027593970825187615,0.02835681208251556,0.02907477508568659,0.027541852677820056,0.03651481802986548,0.03125911434489566,0.027609098623298533,0.044716384768297576,0.027856450624726907,0.028547991102850213,0.03463155967629272,,,,,
0.0267469879900354,0.027862327045441206,0.02778177612766043,0.027684332579158893,0.027523543252616915,0.03046660451302484,0.027538933405331013,0.030387644176307918,0.028109203746866575,0.02742007517812676,0.03376754763851426,0.028242991778838714,0.02746972193088352,0.02794429316592492,0.02771176736033863,,,,,
0.027747506520516458,0.027687330191605977,0.029130193756767675,0.028020351019816918,0.044733085203417886,0.0330084487200741,0.028261202172161975,0.027759829767600813,0.028383448390740317,0.02857786392511147,0.03953833189315848,0.028494398225816363,0.027880007015354775,0.028532327164558443,0.028890258402104897,,,,,
0.030091757999832432,0.028746165934457647,0.027919687956717093,0.029642785163536228,0.028312190792743802,0.028397151034162123,0.02843101387177043,0.028319048735225307,0.049038410750086185,0.04274809699127028,0.028221312187356455,0.032758236365968287,0.02800752893473674,0.029296927337233308,0.05163417587916991,,,,,
0.0279614227715841,0.0420526341373508,0.02762953382535998,0.028796971323659177,0.02915472251147819,0.03038528638600145,0.050548511035643465,0.03175347506299852,0.028516177150726813,0.028463287483032913,0.03121744741405753,0.02884821540931007,0.03480064605489241,0.04140408299817242,0.02894966999634296,,,,,
0.028606436331135205,0.02884173057679181,0.029191382601648334,0.02873127576689663,0.02984138097199535,0.029802246314568126,0.02896689894899231,0.029594713549673794,0.02870065900043427,0.029798797828486934,0.04628950703043913,0.02954435826856736,0.029426053788215886,0.02908163155654606,0.029907358784623635,,,,,
0.031145835174645194,0.029370740820464723,0.03403353775601047,0.03101565313774819,0.029436892463010976,0.02869814001798934,0.03064896126923945,0.02961546440159856,0.0371214849701913,0.05052597592537195,0.029553628852778454,0.04104429135662276,0.03036214686158294,0.03125534948171816,0.04559772188633418,,,,,
0.029451877186306454,0.030128999522651925,0.02943800474343884,0.03440980904855254,0.030655307028913135,0.031582024531829615,0.04574532873088635,0.033010599509730544,0.030409143904786003,0.030238176133625082,0.031049082504645567,0.03081498866367498,0.03015740303942036,0.04688872855725514,0.030121165294350726,,,,,
0.03065069590735778,0.02989047669381708,0.030792308917012966,0.031140297297071143,0.03655974062216909,0.03187952582792535,0.031538307020504176,0.04782764190327611,0.03121137174892659,0.030639609455360886,0.03199021719658552,0.031495558146120727,0.0304459972038602,0.03128342465072468,0.0319799296508745,,,,,
0.03382260957981708,0.03178477198520703,0.03704479912898113,0.034571522515102204,0.03201938947921989,0.031950873535655656,0.0327525356047619,0.03210296065455277,0.039259558130734076,0.05211902936330274,0.03199796867819195,0.03804104251569667,0.03176232541216739,0.033487782379405216,0.03176592813516991,,,,,
0.032323677687450945,0.032562934705761985,0.03139653781274068,0.048793841018485475,0.032908542815135944,0.03419091551317453,0.0345535885991999,0.03255547707114701,0.03282940248133591,0.03275883013820863,0.035787582386966076,0.03192940676868324,0.034447473634242394,0.03794872263345887,0.03200837196396373,,,,,
0.03239063441279007,0.05729384341209692,0.033276492859535996,0.03331925298074786,0.03633274315857982,0.0348323880898307,0.034790211139790195,0.04666927174082975,0.03539701875196392,0.03434832724731693,0.03491976432404605,0.0333827563582979,0.04367547124907954,0.03359081045835353,0.03375394099755746,,,,,
0.03520362065620407,0.03600401708544158,0.03845652123671404,0.03625657076840303,0.03343624139954305,0.05823623293376984,0.0363996462097993,0.034673574324437476,0.03635287604984099,0.04245924706654061,0.0348707025613912,0.038903865978119595,0.03654796298920531,0.037262370494102456,0.03931619663774243,,,,,
0.044141792602903185,0.038862754332537816,0.0365453373368553,0.056069589748131,0.03857106490717361,0.03733622178133371,0.042421917401462374,0.0391957585236493,0.043824463140652775,0.03688109694245067,0.03872741496207972,0.0367699644488104,0.03991804481704602,0.03687175198029412,0.03754802975493265,,,,,
0.0401680144149515,0.06228431622594044,0.038615811741138824,0.04042512395838806,0.0463961723721307,0.04602655188841196,0.043063661945039244,0.03847626745332285,0.041780340667437355,0.041939413340499034,0.048325612516168674,0.03970687744166011,0.05692060650888063,0.03735903336460515,0.0422202337220727,,,,,
0.04722624767719578,0.043996100750836625,0.043313193746670406,0.047965879999604194,0.04381380965400979,0.08516417183134098,0.046343178184540076,0.038028802978708566,0.04805976055054538,0.05178736376690991,0.04491376013184848,0.04507603678737695,0.04217297724967765,0.045471014897158,0.04591628862848092,,,,,
0.04692455665345195,0.048783634803323435,0.044023628211727554,0.08107565967517828,0.04491959185420167,0.04990170419242189,0.05196512232120681,0.04848617846304576,0.07495458966419595,0.04851959762024296,0.049116072908915245,0.04378474353473495,0.05469259106455906,0.08312136024173682,0.06321060871554314,,,,,
0.04735181115096459,0.0798222619783549,0.054491513578876584,0.06023130319114689,0.05382699675606579,0.054807746004498746,0.056275006326479304,0.0643513487619539,0.053761622550296075,0.06053294903246164,0.0642461150848791,0.05445613959247632,0.10842519633578832,0.055118388386871914,0.054893800132810214,,,,,
0.06684732762665961,0.06818704774114559,0.07509457015104955,0.05997320000620542,0.0948183346202631,0.06747817396338636,0.07352465700498283,0.06437939276715801,0.06135566888405529,0.06944338307573036,0.06079653593292529,0.07410088640014179,0.07213874116190261,0.06112632911634041,0.07231379132923214,,,,,
0.08137636880773744,0.06973582683379378,0.07226844916524351,0.12491502518609353,0.08614654460489887,0.0715986226846689,0.11090377786555095,0.09180281658406832,0.1313739436845355,0.07154182138673452,0.08622626083855835,0.09390027860557648,0.07197726946450611,0.07028316233957681,0.0920279411800454,,,,,
0.07936597843328679,0.09878863235344441,0.10802476134957689,0.10520960957452531,0.085052386455734,0.11042224451632261,0.11281026957479673,0.1154405526468397,0.1085669704484777,0.10752437572852033,0.10569034747253181,0.11014762249466215,0.11888493890869793,0.07217011981624975,0.10912996746353217,,,,,
0.09922730139533156,0.11087865079672103,0.14014530567786676,0.17715087550300748,0.16006540397738075,0.18370957816710878,0.11265095298911713,0.11547480812943964,0.10886291645191536,0.17689455488680803,0.10800941901466005,0.10983859871764542,0.14387694799653208,0.10962669435363036,0.14369660738211829,,,,,
0.17020682249335328,0.17272834413117394,0.14235885730983613,0.18851291538751547,0.1812026208444639,0.18556050303433963,0.1884598707439742,0.19110117622304965,0.17835223216348245,0.18035903503835718,0.1818742134969849,0.17241669550596944,0.15410381903224854,0.187058534173523,0.16260515949272258,,,,,
0.17243685804323694,0.161608286571098,0.16330086641587263,0.19165939954279293,0.19222177305235424,0.15327504615319198,0.1691195865672026,0.16273262627766774,0.18738842216958915,0.1907904389316452,0.1913020268955822,0.189789394888835,0.17966038714187388,0.19085390931414997,0.19423934192351805,,,,,
0.16544734750117449,0.16239579636535706,0.09871572760010887,0.11956577593982864,0.1706302812636705,0.15339574288238025,0.1153947804439876,0.15591506902444485,0.14852261431369593,0.11535026321491601,0.19165213456378316,0.15208707771706256,0.19007651436098727,0.15412166562030097,0.15429747993672843,,,,,
0.09829650161912772,0.16196074039566918,0.12888628024173632,0.09186398691850874,0.11724157212007,0.15303200286368202,0.0742046217881402,0.09272401149590465,0.075470011441232,0.13080782912435127,0.09148334011287963,0.07835392081906407,0.11725875045209232,0.11626542232254516,0.1478734040928291,,,,,
0.11805625288175467,0.07740654799684814,0.07865506537177686,0.093998897568648,0.07551573659460327,0.07422738847955761,0.07366221890531495,0.07816313432309459,0.07191730083803968,0.07505391003698918,0.06225828616700735,0.07430995306072583,0.059648830676002206,0.11602525332513963,0.11902282823390267,,,,,
0.06536680341496183,0.05600609815871999,0.0666579235413332,0.05560834310421234,0.05964826544425047,0.05509279153738925,0.07481797839797331,0.08533423276485344,0.060945231798647,0.07402270916762414,0.06279480512385704,0.06310351896319816,0.06355179456251053,0.06319787299303564,0.06380560391711762,,,,,
0.056858629691847455,0.08915682217625412,0.05653657502684264,0.05614256106098699,0.0554977702541754,0.07292040602713606,0.05531448548903114,0.05571792269245432,0.05399979440538644,0.07069534493800991,0.06358622797496336,0.058674798220021765,0.05532015841738018,0.05015452369273939,0.056608778303292535,,,,,
0.06993413988553032,0.05086265467362879,0.05031594113259462,0.05599187427873088,0.05569427198951401,0.04885120461133752,0.051008385332220504,0.04592390611566246,0.05523800826222905,0.048352197103726687,0.0498823669388907,0.0559990532452348,0.0540718118096384,0.048307570394758116,0.050094038449814624,,,,,
0.045394236768813136,0.04581379915158815,0.046348774098662275,0.045038277557578825,0.0477828373764751,0.044359429543136784,0.04554152079367934,0.07323815317072571,0.043769903271648945,0.04407878600861287,0.05904700507274107,0.0450200557555806,0.04918221705983763,0.045470565737094494,0.04565083579614972,,,,,
0.04297857120921936,0.04482445752953556,0.04975484969216259,0.04200789795270796,0.04562706119881288,0.04132496571305651,0.042055910348590464,0.04126636290278443,0.04050613493138603,0.0649325374501043,0.040577182465076994,0.04063245505856612,0.04190210798074854,0.04298258387023895,0.045486105522560376,,,,,
0.04012116880382141,0.056812285309646625,0.038986108887303805,0.03869944590029812,0.03621720716396895,0.036489488675289644,0.04040616967909891,0.0394102569739317,0.038311040810324555,0.03908248997944618,0.034584273196936965,0.03939481391986557,0.03713513227527612,0.05009838712996199,0.04231828093033869,,,,,
0.034635790578075906,0.03697174237943858,0.03679992859282691,0.036898251048229136,0.03675105685198634,0.036046779353296574,0.03888826351129959,0.03762393117060001,0.03845873823992624,0.036353009815542715,0.04041222671023472,0.034549572828230304,0.05098135447270702,0.03596065405754839,0.03649012834236847,,,,,
0.032955843325511824,0.03339140787651172,0.04028499875481875,0.036110351996434524,0.0465465404907003,0.03342658316600045,0.03321759805712254,0.03346957771781913,0.036408195226409014,0.046604458161773776,0.035812584427554014,0.03462444460519284,0.034852029634599255,0.0341984999646744,0.03481391809970099,,,,,
0.03341203236514591,0.032523835311920817,0.03342367351259804,0.037169311473243385,0.0327912238962254,0.03302890010504434,0.032223982752780225,0.03235458336528906,0.039390904888174816,0.03320705619003406,0.03347673488003738,0.05228114649599097,0.032053562188569105,0.031837204574501954,0.03192805636671276,,,,,
0.030942568117291926,0.032047290984071525,0.03147285380325728,0.03058308871779959,0.03149896495903328,0.03044403793208714,0.03371916489046177,0.03748163696799409,0.03157812364330428,0.030591567657209013,0.03290925208621534,0.03091096383763266,0.05166648120811647,0.0322999997745831,0.03203793246966722,,,,,
0.030265556031439374,0.030427506880667362,0.028635523644324833,0.029396392247826857,0.029939210377443615,0.0294445564336949,0.029487519214520225,0.03066224355660988,0.030238948039681666,0.02873542774081617,0.030599196693866248,0.028764655102246604,0.029444038958251144,0.03044625275175264,0.03082442399238052,,,,,
0.03178354803543618,0.029821037359497527,0.02954830822219133,0.043133766249916945,0.02861713230023145,0.02861323507960763,0.029215593673997755,0.02957783933780512,0.030106233725667737,0.028727089337913903,0.028210316751877285,0.05073425303380567,0.029837415490828467,0.046558239804383415,0.04019725209323978,,,,,
0.028126590224001487,0.03727760989559633,0.028786432270360252,0.02862782427308457,0.028460838616188693,0.02885617054363231,0.035559813005802805,0.03209535573856443,0.029098938348301573,0.028361201766875163,0.028514642366809954,0.028969047651075504,0.043236670204487675,0.0280367750826885,0.028837650116840665,,,,,
0.02768273996552125,0.02841501163659171,0.027674962947557613,0.027939652332138302,0.027247913317135285,0.027444419569403727,0.02797583041912179,0.027329124376900396,0.028104174882946576,0.02689686148444492,0.02814525603798274,0.028272946067892355,0.028414418365582162,0.02753469520098415,0.027836147069617855,,,,,
0.02870469117131549,0.027677317365852872,0.03470064029227195,0.0426077821648386,0.02752613439324513,0.04028245573043998,0.028419152779605675,0.026662496311436853,0.03638403016626662,0.027445459043054735,0.02745160058388429,0.039244097078430414,0.0278071212708852,0.03609957724128094,0.03036710071513432,,,,,
0.04283870101481528,0.02944464451371578,0.0269002360841889,0.02589100562626614,0.02730590006971227,0.02700771256498141,0.029328060175772823,0.0272666456186182,0.02724932909630228,0.02614202729602914,0.029609246147393638,0.02707896694473918,0.026840044377346783,0.026827008604608273,0.025856925672690507,,,,,
0.027310707947081698,0.04328118493863395,0.026436012143461002,0.026660696741823826,0.02555232214144706,0.026413438564075433,0.025899180645659575,0.02621959157633611,0.02676409657247112,0.02791411395472865,0.025722473383890113,0.02680862211140963,0.02633525115847223,0.0265562107132041,0.02675619793493939,,,,,
0.026803071047267337,0.025770320990583524,0.04612058432888483,0.025889164951997036,0.026345404894231726,0.028203616281994855,0.02622640338363093,0.025903123262401125,0.0263764449000834,0.03735204727831679,0.025961191701966157,0.025549683086234922,0.025849903634243686,0.03109629238009993,0.026265928867262745,,,,,
0.050956593277663505,0.025361518788801586,0.026407239723206806,0.026321472741154844,0.02535721070028146,0.026058049808946968,0.026109951245350663,0.026441750610143446,0.025451196070791226,0.0263861773436374,0.026142510927344313,0.025408706448196684,0.026788359399813454,0.026172949297605632,0.02971801956010607,,,,,
0.02577535241388772,0.025612907390887747,0.026290170536022294,0.025953336003204232,0.0277157094625016,0.02604928995549285,0.029763528560868262,0.04634339503879669,0.025886497620326795,0.026935595713789055,0.03338364006172446,0.025598968130812257,0.025976608936741304,0.026055872563603807,0.025454507610645667,,,,,
0.025772849403571267,0.04238252026587569,0.029135179048386053,0.026496558875155687,0.04012918351373069,0.029208935132430728,0.02548310902667952,0.025320325492584787,0.02572157854208721,0.030328815454046837,0.025161617034624932,0.026900368649108015,0.025372867162819047,0.02751190366669949,0.025677869844668584,,,,,
0.0270716272105567,0.02562105726661285,0.02569493328159942,0.024462302642751937,0.024849391761611314,0.02505201798387217,0.025035552282676534,0.025359256174805805,0.02524394068752905,0.0252470226026144,0.026320832281864576,0.025018453776377153,0.025956595969657336,0.02477659282176709,0.05003793769045224,,,,,
0.025530198931149974,0.025537803962898443,0.025385832345461757,0.0249798225447683,0.025013788518906205,0.02434492248916868,0.03561206751644791,0.037082235196954,0.025080987907928978,0.026082434969104475,0.028661154425712026,0.024793544315152044,0.024435292516647535,0.024795583991254245,0.025069675515723873,,,,,
0.02409967872053086,0.02473704658366761,0.026890436522432552,0.025803208725803665,0.03115028974497233,0.024697633916294117,0.024270557028140287,0.025291219540164923,0.025723179152648892,0.02755691497345835,0.024117146336068478,0.024339475499051463,0.024170533041974293,0.026261583976028506,0.024436950846129072,,,,,
0.024960023432034788,0.02794939719306654,0.024171069532468135,0.026480954668368764,0.024168024790936077,0.02505098272411233,0.024701833930807608,0.025133462379028446,0.04359828976278376,0.0251600322387639,0.024679999185767437,0.037488858331032944,0.028668392525189584,0.030096971786616383,0.04013499963950405,,,,,
0.024341673086728598,0.024226117223469585,0.024590713036074553,0.02515739069047428,0.02584981584669208,0.02423386395322685,0.025664799561749746,0.025022146488334646,0.024844211960342158,0.02487990066943716,0.02556652775616978,0.024651596939879544,0.024668805166675044,0.024630033553300432,0.02421909084463936,,,,,
0.024252585026382265,0.024390674371857636,0.026178212931631417,0.025418197238220728,0.031233767961804892,0.0260956439180888,0.024251515640087738,0.024242423951976098,0.024247130663182653,0.02480222485095617,0.024144337820563053,0.02499293973699221,0.024423614690476415,0.024924163299726666,0.02483993161195174,,,,,
0.02450460759843927,0.03255022881955015,0.02525113123760682,0.025589848432103473,0.024595629890857684,0.023910001133152992,0.023400298451653763,0.023352606328119068,0.03479207474702229,0.02467126250497215,0.024658026781181425,0.024761816206341283,0.02829586930754974,0.024653293318526455,0.02393397420342534,,,,,
0.023942966378880673,0.024222423609842086,0.024118006615218585,0.024233756934108713,0.02426841979229902,0.02376493190957416,0.029892873512096515,0.024604749174604493,0.023801939288883966,0.024519737541954734,0.023900779535682582,0.024114471209512305,0.024355573226849444,0.024144351247522264,0.024513403675820368,,,,,
0.023277521838326022,0.023638275742875053,0.024698053949885845,0.024764434495619388,0.03150826748968948,0.024448622302318042,0.0246298097950909,0.024060744536536564,0.023556051963647764,0.02935396978134401,0.023731295884462957,0.024326752228245638,0.023561446162203674,0.025883992833332124,0.02491842661382427,,,,,
0.02714688184393045,0.024152285274586793,0.025315139602553268,0.02475486330462547,0.02390339720359238,0.039202771639532126,0.023746194985833333,0.024488832887835658,0.02754181736588884,0.02368748669774241,0.024572777296724396,0.02433926238908714,0.02624894020313697,0.024548820583885165,0.02884748495511028,,,,,
0.029689643377940163,0.05645904874541438,0.023849290186556335,0.02375046770477042,0.02428471146477892,0.023923135767817634,0.02694883158391631,0.024439285583281324,0.02397733303498187,0.024526677791962326,0.027609568297988038,0.023989444329117014,0.04054303761523735,0.023852892078748307,0.023872550183858376,,,,,
0.024532955373993106,0.02616303840784251,0.02389325044696145,0.024283256341966604,0.026992091587900443,0.024835820217093765,0.027393614557255235,0.02398328130975972,0.024136347455469612,0.02394858477397875,0.024285672599003636,0.02388195915054375,0.02395433718630602,0.025095460328999595,0.024152285274586804,,,,,
0.0240425752478264,0.024423043926338248,0.024052753357789797,0.025517853388858286,0.02427332179779279,0.0252001368171496,0.02424124713138367,0.02375718237420614,0.02399175505321732,0.023916359251304125,0.02429661616760467,0.02536647793711342,0.024166348007369724,0.04374290538129198,0.024664744108590944,,,,,
0.04001926989352121,0.02881555164678081,0.023875170946827645,0.024020384165876398,0.02429512172694838,0.023726158920897276,0.02523643978864662,0.02709179772013488,0.034367660603295415,0.024413484963100498,0.027179284742121956,0.02463981111812566,0.04240611095499207,0.024453395383331984,0.02417060010393726,,,,,
0.024585544665152677,0.023619342267364805,0.024068827345885984,0.024885411749443614,0.0249184266138243,0.02473278701136089,0.03478186095368985,0.024283269692113498,0.024208714843884146,0.02523552771229109,0.025883153675486215,0.024711281353452977,0.02442573834687119,0.024332188743286173,0.02367739802379175,,,,,
0.02447495544796893,0.026005109841862446,0.023612643317892208,0.024285138640241597,0.024379201233491427,0.03512687325858614,0.023667496814871944,0.024443251472087875,0.024884786440053284,0.024938310749326256,0.024523029448257124,0.024840558050469124,0.02402099148948279,0.02541851608763761,0.025038141946834437,,,,,
0.024730375112849368,0.025185016588286514,0.03304033282969813,0.023741388964740585,0.024203679207431293,0.02419852195130281,0.025187886912548953,0.026010432368314067,0.033656267364593116,0.023520794124746964,0.0251182891084761,0.04529541157528507,0.0311689649460042,0.02368294253530871,0.026808815591824603,,,,,
0.024159263989578374,0.03321413327551499,0.02370421867260772,0.02378558953661913,0.024722298783578914,0.024122737602142813,0.02426220738198022,0.032012716639224434,0.024112320138747353,0.02480117916424352,0.03208033250161753,0.023960710599350295,0.02395969583814907,0.024415343943499375,0.024668700034442968,,,,,
0.02433959537258651,0.025315959171896805,0.02398429507307379,0.029907879083019156,0.04098109482152308,0.02701011314385503,0.024339262389087155,0.024632968546315963,0.02528746356089942,0.04757864062631906,0.024345335292034212,0.025698970306760615,0.024527457621120154,0.024242651285733947,0.02665708507683212,,,,,
0.024824265511375114,0.024474597814533147,0.026094215238635646,0.024047361518226337,0.02558839151253139,0.040700032417019645,0.024122522577411733,0.024498574177220102,0.023333496627035107,0.024365474234639587,0.023967758621306075,0.029053080148847464,0.02523510377825621,0.024184115997954,0.028179962274024153,,,,,
0.02420812562139487,0.02575189759809816,0.025017741085010887,0.02366260630827857,0.025456545267207364,0.02367828797112865,0.02935943605045526,0.035008255971557926,0.024479630693301502,0.02476705250810079,0.04917197937762342,0.023631239200576654,0.0235097652062699,0.02415772079354131,0.025440328645783997,,,,,
0.024612324043909267,0.04115976970155853,0.024716279153566913,0.02918006389480597,0.03415494230149296,0.026687228088138528,0.025038659847525156,0.02381660363438545,0.025420352582416282,0.025509657833066853,0.02462285911601637,0.025326508758296774,0.024594206344999283,0.028339017755821677,0.02589111831635797,,,,,
0.026936498366081127,0.02443551805606915,0.024993769871576164,0.02629347504689595,0.024752767885425134,0.025648322785924493,0.02527906507025408,0.025168212836198682,0.029360849384742604,0.02524960341705146,0.023947501812422264,0.025722738049443958,0.02544396013061756,0.024085146346998466,0.04227198533961783,,,,,
0.027082031563008944,0.026223350033657007,0.024982145477199066,0.02476705250810079,0.026071743622117206,0.024996999351663215,0.02734463580856279,0.025338691646724528,0.024804316092130952,0.025842377904250428,0.04007259384774986,0.02513686736460253,0.02415872723691995,0.024695074182179737,0.025092476075414684,,,,,
0.024621384477289607,0.03835961530986431,0.024785370852529395,0.024903122324068043,0.02518428286546344,0.026276356142479536,0.02508730769717746,0.024993043505323054,0.024721839822019476,0.026544965218254227,0.024851061593316348,0.025303457855069843,0.02474002129608324,0.025552081085215412,0.02416742116225437,,,,,
0.024722508591739738,0.02535506277443344,0.024754758537877997,0.04366656323231744,0.02658450484902333,0.02488620639078932,0.024463932638214055,0.02504528803050865,0.024015160548853647,0.025331628332708505,0.02528916856260526,0.03274460633396199,0.024288809369669692,0.026315547897967594,0.051695166868957,,,,,
0.04821949737033686,0.02562519448770605,0.038864956504012366,0.024471577590437103,0.025462147981936082,0.025349436391817963,0.026399185194073322,0.049952344498876804,0.024292879893586732,0.02600255414348473,0.036647173772713315,0.02409692093464077,0.025988287485172932,0.025732868912076837,0.02422215593479479,,,,,
0.025915097628257798,0.025054411858225947,0.02441534394349938,0.0246312839294062,0.029397484005326706,0.026953113800624585,0.02988648518527096,0.024641074154376538,0.025251131237606826,0.02479342663641118,0.02521589080652618,0.024200558194111918,0.02417493191256468,0.02506486458627806,0.02640380211498404,,,,,
0.026701084874784013,0.03514547395271336,0.025827483041369396,0.042978201603177814,0.02722486979440888,0.030152500746128966,0.026178497756932533,0.026593283450000317,0.03037154141411995,0.024627769552939105,0.02691927053970007,0.02998222122846139,0.027609533072663468,0.03444432080541092,0.03157913997383643,,,,,
0.03290240501158164,0.026261793831045696,0.026026194119780074,0.025676114898756784,0.02709878506387702,0.0258881005568186,0.026801365587573397,0.029869124599154747,0.026669632597725302,0.026286655954879,0.03245979012137515,0.025612603618688404,0.03425242431859692,0.026198860927163056,0.02682003506772537,,,,,
0.026912417277418728,0.02833050546485745,0.02576095992946014,0.02580814580821327,0.030309654688677825,0.026730984228067408,0.028791522123912616,0.026363597983765887,0.027203904199066115,0.026251916482793302,0.026367102308986926,0.02621314901965238,0.026991815347873854,0.025715212923821663,0.026750139117500998,,,,,
0.024329350714196507,0.03686654660942321,0.027750310394075575,0.02598848707285772,0.0364822649895257,0.0310096842961185,0.027821294211538818,0.027219046314434624,0.028072077375380068,0.04825965796913341,0.026073285435655257,0.025722271732116504,0.030990818966318535,0.02574349950846211,0.028594194510264147,,,,,
0.027675712634818748,0.029157168692752252,0.03172949424770891,0.02669836509138861,0.02526468499247854,0.03656073374303306,0.025469467853710872,0.03140629389977059,0.029525138597189016,0.027835320177666704,0.028586574731485313,0.03299857686019944,0.045712952144198016,0.025084516330150096,0.024652859372309193,,,,,
0.03087066477399563,0.03135621146627433,0.03036433562498629,0.031147333979700893,0.02582436997157412,0.031530072393582104,0.027405505480080812,0.03096691754983758,0.029124940472831866,0.032705149215934204,0.029566438318248255,0.025956533522039298,0.02996751251345782,0.024476875982591864,0.02564896739859189,,,,,
0.029476787139321142,0.03391124927452883,0.02561159101866905,0.030620293791207332,0.02649197035666836,0.033258874358701826,0.022411751426112073,0.03297964016351891,0.02834670407960692,0.03133866163691894,0.022572962218085697,0.03313199506884614,0.023764058848822753,0.024060623273726045,0.03280617851578729,,,,,
0.023048775660971323,0.030522023928592303,0.02435918010828359,0.03232089944109382,0.02414037654155286,0.04768389079644294,0.024300018345902317,0.028902273873945696,0.047068044008838364,0.031545614607605806,0.0318795258279254,0.0526969620226824,0.0352123127446576,0.028807090138988127,0.0494835804571662,,,,,
0.03452280160478139,0.022609181980453225,0.022764139273893997,0.022309293341267696,0.02696296272276246,0.025817778565251186,0.03705648009185857,0.03248889000904683,0.027213436017466903,0.032269664685191726,0.02940709854281218,0.033336265819266644,0.03214586992315259,0.031032372322635924,0.02317037187549515,,,,,
0.03097370056135235,0.028954193728725746,0.023699841864385673,0.02832793067957337,0.02497820025714653,0.02545113238310984,0.029922996303037633,0.02379301644167971,0.031567937999461816,0.02660878523378481,0.02691151381741106,0.03244348678033764,0.028327942123581303,0.028981847031946402,0.02403135411279207,,,,,
0.02659035757169546,0.049304344550352916,0.03201736448508494,0.027829344862067742,0.028119985090184724,0.03227545073522853,0.024617381441182893,0.03249687169905341,0.05340607909598438,0.02673034145269418,0.030949272667658744,0.043491202702126364,0.04452725785676022,0.02797481065274499,0.049237633630327904,,,,,
0.05463054929347807,0.025888300916901606,0.02469605872669892,0.026569281736401242,0.032437760685800406,0.03197396845504728,0.03186227441754902,0.025951199941070972,0.03194394281873507,0.03243281324573218,0.02603401538144351,0.025604096533875575,0.024781982979598514,0.02831346175555262,0.03103785634278074,,,,,
0.030661344857215694,0.030258282147015175,0.027851236445320764,0.0310363835868324,0.030540234113159433,0.029036706200425214,0.03061275473128127,0.031158114924177232,0.03168367810242819,0.04055755588611611,0.03105439654607041,0.027559644133293985,0.03111266606160305,0.026991803337373797,0.031012402299910497,,,,,
0.030268897789844727,0.029767939504562597,0.02985218830706519,0.030672338898742955,0.03070344970721113,0.03294713647070304,0.03130885508695633,0.031105246339461122,0.030620378489200645,0.029597419102693236,0.03412797550531371,0.03535986135632934,0.03610378875754281,0.030378041170482078,0.03674058470198951,,,,,
0.030034163114413856,0.029021875736586253,0.029637185201710648,0.030046433248628438,0.030223377457439506,0.055255054722366755,0.030520239489469195,0.030602586766347584,0.03163518257519473,0.030498594857519233,0.04228357932318325,0.029769627470577716,0.030188819001586733,0.030011271366613402,0.030311633341742746,,,,,
0.030164669008213765,0.03005177356232073,0.03015095248791392,0.03313215162294994,0.029986686490976723,0.03346263216089828,0.05976457403647577,0.031539334912854156,0.030572062580967174,0.03921877801559996,0.031448793012983214,0.03235783962310585,0.03014518882792463,0.031736931464175284,0.031504614721671265,,,,,
0.031146074571959326,0.03281952615479926,0.03209640619277528,0.043840201886752146,0.030639768163791267,0.03408120787812259,0.03206836545618191,0.03175196403025458,0.03690773862341902,0.030160316086231806,0.030744684985923414,0.037797857396277175,0.032909774178769995,0.030364207506597934,0.03522331289477877,,,,,
0.03204688634809178,0.04343843336167051,0.04064228335418399,0.03172855425562036,0.03107873138140564,0.04948637781208228,0.03252965587931181,0.04296564819640714,0.03168110978428682,0.03165911195033593,0.049257803158268845,0.03263329490279631,0.03026668070286328,0.030470520028500876,0.03249281125927007,,,,,
0.04118181733000764,0.03334282934448726,0.03158066954095968,0.03418393633156705,0.03170541349505277,0.0347422168182111,0.04437030272979255,0.033741030263501635,0.03404528062324396,0.031512598815070736,0.03289046109126303,0.034076641746347676,0.03313856970441052,0.03427921755621295,0.03389770031589884,,,,,
0.03379311367544129,0.03420431041258921,0.03294516850113128,0.05947963068560583,0.037292816990755616,0.036340736992756445,0.03451709173043778,0.033218300729311534,0.0341365711103644,0.03286087826014253,0.034797413429148286,0.03407846827247492,0.03354917917141115,0.04549154319337629,0.03214065565127599,,,,,
0.03488339035306699,0.05998290209379527,0.038984819978845994,0.033507089807249854,0.03367294626551644,0.04476047810015168,0.0359442790978173,0.06156060904016209,0.035646279258270124,0.033943393243757974,0.04422449868255466,0.03282471159675206,0.034107878987117736,0.033737186829078315,0.032953797175476404,,,,,
0.03717890426944521,0.034855080477527896,0.03321603651014963,0.034547208184000665,0.034334053778453104,0.03602910287798215,0.03806820090386658,0.03504504612548961,0.03456236912658575,0.035960518832364376,0.03442020859205341,0.034610912573900095,0.033970840575210624,0.034111785194783896,0.03436392499005214,,,,,
0.03480139128624567,0.03697794115878494,0.035102869715440466,0.046596082268408674,0.051031819129876164,0.0355143467299033,0.03685450637336392,0.03706345191549675,0.0376871315276089,0.04632313227169137,0.03545755990110621,0.03683339788534572,0.036265090937955435,0.04275756787780132,0.03566330919093252,,,,,
0.03658807830521703,0.03788339151112457,0.03897021491618313,0.03522733468608371,0.0351529354520779,0.05220206364113289,0.038684456550430284,0.040480139684275294,0.04076615383910096,0.035115649028509846,0.04982326258053975,0.039924110943099576,0.05640583022335155,0.03658460486226876,0.03815284854993846,,,,,
0.03900161402685964,0.03621548850517821,0.04180804760858285,0.036035697711989216,0.037287348715281075,0.037615451617628436,0.03905152116369018,0.03727663587368887,0.0378597741521111,0.03757564800900286,0.03782015053400619,0.03713198938664743,0.03650628510185856,0.037199197956844794,0.03736156712522151,,,,,
0.037893736052606916,0.03783774425821975,0.0378064332356981,0.04470618312712737,0.05184737421916118,0.03910604038407025,0.03908132038183227,0.0385137009767631,0.039030263608420615,0.053605337766078794,0.03861988316918157,0.03785647733612173,0.040629080022418794,0.04442743816141754,0.039711645198814365,,,,,
0.03879596257683576,0.04425445538394725,0.04073461868163847,0.03848617466780354,0.03808386694294813,0.03780458101910413,0.040256299938185254,0.058654086425762406,0.06908916122336431,0.03903767185182982,0.03810629902421615,0.0504527331638351,0.03920607927762863,0.03920843579954015,0.06665974729691236,,,,,
0.040871560636594154,0.039507884510605,0.03990370820505116,0.03891463902934846,0.039327606874712394,0.03860439266299791,0.043593411650749744,0.04023845852659005,0.040281803853404054,0.04112431124934938,0.038548659397457344,0.03933598106914347,0.03945303315580778,0.03988251470113482,0.04066193281870093,,,,,
0.04049691401261023,0.04027781993116561,0.040120368860834095,0.04989650024533706,0.04717041992845857,0.04017853726622664,0.044308535660872436,0.04274069474172362,0.0428598320430881,0.06889520607046164,0.04186850938293655,0.0416043543668595,0.04315933496804169,0.04463488066558617,0.04352631941129349,,,,,
0.04297355485604731,0.04456507906941051,0.04184031560848017,0.04157667542630349,0.04119755054300982,0.044848317857662356,0.04649584430935791,0.045792077310233645,0.04597826492749168,0.04183033479817619,0.04373477459671924,0.043260147318443125,0.046210125167239595,0.042089374755043145,0.04275071325853363,,,,,
0.047388246881685,0.06998049883767529,0.047642598435255014,0.04385552102804848,0.04426925038044903,0.04371632834341105,0.046872021539266624,0.04449952469754694,0.044294727200173,0.04462639662321079,0.04466421372715892,0.04281817283003186,0.04387831978188482,0.04470408740587674,0.04340394017060661,,,,,
0.045070462672448415,0.04555760565459594,0.04560457510108229,0.0476249510402811,0.047148697396833646,0.04357300094518712,0.04642056569795752,0.046335874500183685,0.04431702203338753,0.059098020761782,0.045580335408458426,0.04429130186004849,0.04462806014561624,0.04708472966842024,0.04572377997408613,,,,,
0.04613972756112787,0.04659827378127804,0.04692334071608679,0.04257672780242611,0.04704665319842722,0.048675168165814436,0.05208115390450355,0.05223524039421009,0.06038212119498629,0.04699489612352961,0.04731918409458329,0.04929940634001249,0.05966361175884922,0.042675839904306435,0.05297416848064308,,,,,
0.05102556142760448,0.0577093919512967,0.06255714893112577,0.04849637374681445,0.04892630156805121,0.05867538940456775,0.053550445582208,0.04992466394641946,0.04945534255697525,0.05103608155164506,0.04715109011536501,0.05025967525227771,0.04921102670825087,0.049062151143765505,0.04903798765444784,,,,,
0.04804437844318623,0.05192250827675857,0.05032516664915588,0.052652520593049514,0.05162761443068564,0.05045550891282076,0.05323725518035381,0.05189652201366557,0.0510922094020155,0.05100126664616844,0.050733179524796314,0.050682116880223074,0.050661260193821216,0.05307026438156312,0.05353567220674823,,,,,
0.051759292905415824,0.05613909636192103,0.0549970936604162,0.0838780073135184,0.07786592439180769,0.05234131547592888,0.05493174281466211,0.06314433745264371,0.05430766227107591,0.05092670862860744,0.05740167380454126,0.05554345462849901,0.05972421937679535,0.107680005524478,0.06077142096337716,,,,,
0.05598348993332344,0.06116638943810117,0.05447738221279465,0.0542905870516897,0.05408821288781273,0.06905001658662387,0.05659077049224973,0.05942248350761897,0.05844325888050391,0.05579365494163861,0.05199268923982947,0.07255518530425648,0.05784446504689038,0.057483512180842924,0.054750175125229894,,,,,
0.06535251856166682,0.055007425900066874,0.09823371339742337,0.05714682784859638,0.0635586908982686,0.054578309851301327,0.05776287428856639,0.05798876720331651,0.05787169615628222,0.06389086417138794,0.060552423908441885,0.059992872799326157,0.06038732342788566,0.056939643018766896,0.05832496574058066,,,,,
0.0611374177852193,0.05901563071583508,0.06238359389735095,0.0797180938115024,0.07580832232081472,0.06317316360363001,0.06372607500320093,0.07916899915789812,0.07514335826881109,0.07612860084041743,0.06249366038732574,0.06723891863546798,0.07544529939782339,0.08039287103615715,0.06160374972064246,,,,,
0.06386244319733764,0.07037940664282734,0.06938292980560168,0.06620180393966457,0.06587518144098932,0.07253413294621373,0.06981466243344997,0.06889989727595101,0.06334029209049484,0.06693134324973324,0.08132657232180639,0.08143689967222473,0.06660327526576228,0.06679706651473459,0.06637802023486396,,,,,
0.060704217118869,0.13672602434021303,0.06893765996211156,0.06990946962605832,0.07204549514574592,0.06997875699348785,0.0828649594511044,0.0733533053070785,0.07088431980711798,0.0718867137655662,0.06988045319740908,0.07011700611578232,0.07119705685561392,0.07675123289936304,0.06969211013749174,,,,,
0.07214672190750339,0.07686698449817636,0.0688371724504681,0.07328520009128994,0.13022669547094395,0.07299979927983687,0.0757810897234701,0.08919674876972686,0.0955893770370722,0.12655668226782232,0.07750361299575075,0.07742818480308752,0.09294586552733898,0.0742548459877525,0.07172591763773392,,,,,
0.0878978304521072,0.07666190578013038,0.08482152891148427,0.08260024336416498,0.08376290713715871,0.07938644824147244,0.08587396002543721,0.09516416280990846,0.08607540614488311,0.07909800768348822,0.08861045326512057,0.1376577572235533,0.07764192481763613,0.07443291175325834,0.07477750170832724,,,,,
0.08778345490799443,0.09145867651347982,0.08773767550488992,0.08331336868482749,0.0879224678899977,0.07895741810674758,0.12504930626366903,0.09536913790991576,0.08670592802842189,0.08779976172310695,0.08515604056584218,0.08476873875661359,0.08427312684218384,0.08430490727818918,0.08493546931852769,,,,,
0.08754462068551565,0.08784036789227544,0.0889040551522139,0.07918653954959737,0.10506999448763986,0.09897916229217812,0.09832678609102519,0.10526569017174782,0.09479333149989168,0.11632091893935546,0.09478599891871961,0.08997442970618957,0.10231852964222142,0.10999059156426991,0.08886716354969658,,,,,
0.10363487735861886,0.10342710088172984,0.10431978046377668,0.09723735083223299,0.09735337332396199,0.1017313737761974,0.10866663449260201,0.12525989581201627,0.09519504533546828,0.10754415225704896,0.17193321659395894,0.11721151988441109,0.12257469910861091,0.10741191801967125,0.10719727012716675,,,,,
0.15249106946745442,0.09677665352170708,0.09841184202588202,0.11393734196158187,0.1208645346109109,0.11130492301621456,0.1720683936204004,0.1253915505581864,0.11866679550314327,0.11676386456853627,0.11827692570570095,0.10805258628101815,0.11897584837156021,0.13194351384207048,0.11523881472960336,,,,,
0.12489247825561216,0.10867717397900623,0.11316829571731747,0.14301103120502168,0.1560977855344732,0.13066449065288466,0.1185533649500968,0.13400649167299147,0.15199875367591523,0.18000977719522318,0.13194699536421955,0.16120395829182546,0.12685103697936131,0.1301249292454795,0.1387813407606465,,,,,
0.17093804272444457,0.15774497526474535,0.14223865716283252,0.14379057902584272,0.14539688507582663,0.14043520000529555,0.14374152937400786,0.1695190278562208,0.19368166840560147,0.16407530737474277,0.2253066542720607,0.17664320299169944,0.2002618987009536,0.1315407374218787,0.12140160633745577,,,,,
0.22429553472178476,0.15760615235957776,0.22687012415044427,0.14195150269576381,0.18760087755235416,0.20682242245918975,0.23815591444790685,0.17461328690519917,0.1946748877542015,0.1887689488822764,0.16513704277091315,0.14747145363632164,0.19452296970210586,0.1904497573063543,0.16555757468201185,,,,,
0.15380222644285613,0.08985504168752767,0.25040264753732183,0.22275598510924266,0.187087633585135,0.1896357375571683,0.19240050620651447,0.23596654112866727,0.1968024075185869,0.2743737562559576,0.187953415677096,0.18939455112174525,0.1927712574245323,0.2725116164776868,0.26254921565395184,,,,,
0.20633869775371538,0.2452021033447101,0.24599504681666112,0.2783612086567235,0.1896669114189656,0.2808572139367351,0.27455652775961464,0.2889046161842571,0.24967451562267087,0.22006446059621024,0.2882351298431494,0.2923210208664951,0.23904221234950604,0.22328312495937222,0.2569397830623296,,,,,
0.3114025763315554,0.27555888057088085,0.2491255470431964,0.2912570971520509,0.2964559907308563,0.15314296540655659,0.2605305692899651,0.30464554625120527,0.30992928918826995,0.3027874140855573,0.3024549762012977,0.2380464953727865,0.3046749735868122,0.30362400445911897,0.25435583234063563,,,,,
0.31716628242344747,0.17359547922681418,0.10309280640249027,0.33077878425238577,0.2741912412661519,0.3351853458438594,0.26088138253078585,0.33242632905663033,0.3494260695256863,0.2849831806803361,0.33930731448198675,0.33619221718737985,0.3017295566532559,0.29947368898034005,0.31956850299943046,,,,,
0.3405618471956778,0.34212556710405545,0.34645027124772015,0.3484976216443063,0.34736351130127063,0.34756425267041846,0.3340185895018393,0.33536063844082264,0.3680996280015894,0.3536948836353125,0.3408926170923738,0.35216063215330656,0.29515722759946583,0.339731528708053,0.34210404066477523,,,,,
0.325422359093049,0.3333825115455624,0.33175322934090107,0.35035441930403133,0.334319761207232,0.2967325098290142,0.3078576762757781,0.33076169243519127,0.368494833153485,0.33984952851456474,0.2634635717542599,0.3155763185569064,0.333658352374332,0.3356128315882702,0.3353345420030207,,,,,
0.07246057824719707,0.13022825133085358,0.19723098014385818,0.2984139357378043,0.25154555549578744,0.2878761652989281,0.24151291448932224,0.29236325755255244,0.2738523823823707,0.23594504197897698,0.29998915959590416,0.297226724133488,0.29592813599758355,0.2542468363398257,0.26537460565572996,,,,,
0.2148632117243165,0.254236140741443,0.2502996598289749,0.21508852004627285,0.2817738109574399,0.24289568006893505,0.24237488946730498,0.2164587976127841,0.27447667793855784,0.1840711631182152,0.248850176760858,0.2052182800132547,0.2518074267425959,0.25314002278073816,0.28727171831126364,,,,,
0.15748759763642145,0.21163062502719296,0.17957251141793437,0.21411622466777153,0.18114581953635114,0.2418252290976421,0.23374814339252564,0.20722208878906526,0.19307883035776371,0.18398841064193971,0.2669807500528195,0.09300646881827956,0.24858924470699187,0.2108564364908475,0.21294572478593116,,,,,
0.16102231674275325,0.20212917395755461,0.154538046337201,0.1574455413840034,0.13952736025661033,0.17777314277930842,0.2016544924943841,0.15212189515325444,0.16962529047655914,0.16072463792147174,0.18521153181719308,0.18204842699748575,0.17557386730792301,0.1517792458805021,0.1814488450019949,,,,,
0.16095520976477454,0.16041745851770403,0.18694202186502173,0.13162655368218218,0.13858434646492218,0.1361719499487708,0.13905494854188621,0.15188105139832186,0.15595337227034828,0.22830362923716216,0.14377254137887102,0.14110036687831712,0.11338808289609739,0.22257027212542538,0.11533357922960176,,,,,
0.1278833210810623,0.12378427941875773,0.12340680257818164,0.08655531006724193,0.1380930727612472,0.12857552000657746,0.09758471545641943,0.13690381149025024,0.14466204187110324,0.1265584061997496,0.1328714340445384,0.15634993896804913,0.12392159349705968,0.12445931230977905,0.1251323825152827,,,,,
0.09947730808000346,0.1071335768420751,0.10477374671876541,0.11096661008486101,0.11986291815045623,0.12861625872454327,0.12234070749909753,0.09796843637390173,0.11699063307644969,0.11441265259630926,0.11269735633476476,0.11162280306077478,0.11154510365326765,0.11114795503071082,0.11075748149221318,,,,,
0.08212659691411818,0.07282271214628556,0.07753716883101415,0.10547655747278604,0.13965555591636428,0.09104078733312954,0.0914274750989786,0.07973279744111059,0.10315817753050276,0.13304997142820899,0.08977499795527938,0.09931267962436952,0.10423385074981592,0.08613814477310533,0.07995702117495627,,,,,
0.0861043866507201,0.09374527418766782,0.08531361307661815,0.12457267140737202,0.09241330477145011,0.07746418389231641,0.09119996541588994,0.09621377303011434,0.11884607722405982,0.08822976536181003,0.08394808840783907,0.0859580287102602,0.11956807514579462,0.101570718018269,0.08594188545207897,,,,,
0.08549242863456388,0.08377432752755293,0.08548093059402097,0.07899121000485489,0.07867855501404214,0.0782471060390465,0.1342316220857683,0.07720698821380186,0.08063976548535919,0.08758632229711619,0.08609745872687345,0.0926210250837045,0.08008098848438092,0.08613971415873867,0.08248438204452693,,,,,
0.07677157223038442,0.07381062411364364,0.06760932390342368,0.07203453747489713,0.06553651955598402,0.07764595396209964,0.0778722316511382,0.07704522373089863,0.08061117302609706,0.07207546160151093,0.07808708111562551,0.07328202829443825,0.06736755084574021,0.08332379632433974,0.06217446311907174,,,,,
0.06836388471332823,0.06856378294569407,0.06863386200958221,0.10269557054744709,0.07305152193314693,0.07035318298342538,0.065688299425436,0.10331230131779504,0.09298111794092402,0.07094208624696985,0.06332391189187565,0.07462545451419306,0.06892157524880159,0.07373075411687381,0.06932300369810306,,,,,
0.05931034701471932,0.06290646604161554,0.059086165299812976,0.06842664068392214,0.06812534638952317,0.059279374537070016,0.11034339124306161,0.06704733288885746,0.06393866409191876,0.06787215314941185,0.06566386068659316,0.07055784764918731,0.06944782252249584,0.0661560753712468,0.06527945827122628,,,,,
0.055898788586631526,0.059139498903662976,0.06058415287899284,0.0651713060741793,0.06170680705287726,0.05997447028523447,0.05978952092916423,0.06041263563950285,0.057627795594857235,0.06496388868661647,0.06202543180080819,0.06143807629471414,0.0601893063268477,0.06140611807381313,0.06330745064300891,,,,,
0.05656872832698009,0.060604841620493496,0.06056724139381148,0.05305928608810139,0.05412106602341608,0.05745135171443486,0.057701122331992524,0.056612993044880926,0.056744848761902215,0.08407793916845725,0.052488221498456784,0.057061671718564314,0.05313255389354917,0.09283498557776061,0.06166596752992448,,,,,
0.05187277889357864,0.053772957844271246,0.05498184225033146,0.054868677533928,0.05422251340624636,0.05718847405130798,0.06280248661863715,0.0566356934235359,0.05681416263502359,0.05801462859430296,0.0522315165095493,0.07364496508690214,0.05507536522851417,0.052095437437093196,0.05482380865745213,,,,,
0.04643005551252643,0.04937992753098029,0.04965814166613389,0.049466937184452976,0.049100777428781564,0.05473692786392643,0.049179527649790764,0.049565450685457806,0.04841753681770771,0.05112128706158401,0.05063688025659729,0.0495984040846352,0.05021545900885846,0.04929914330561362,0.04956095712641844,,,,,
0.04631641337598214,0.04893745846117253,0.05920817764553721,0.04666424224986479,0.050234868098066314,0.04664200595959495,0.04733737008333606,0.05502354220514608,0.053537609930873,0.05246051329784082,0.0508642863238475,0.04723956295272498,0.04971834866984346,0.08213667001764406,0.05131920865629214,,,,,
0.04404518440231534,0.04447525128636008,0.04487617499296005,0.07789081323976078,0.04473407079811832,0.04311334096213077,0.043090175081200145,0.04465286760282269,0.04436838111714367,0.049183614440332146,0.08782449680669692,0.08643044166124558,0.04995374629504537,0.04556358265100221,0.04535045224575318,,,,,
0.04978741727755777,0.043746336608054284,0.04435188689659472,0.04336854496557339,0.04228112583527088,0.06576492805213775,0.053392911227252655,0.041238260574239446,0.04229042533503922,0.04779428154464223,0.04441114106623417,0.04389182347213773,0.04392977112192948,0.04573802172113401,0.044326859801953784,,,,,
0.040200598869963425,0.062265409072479204,0.04928608846022653,0.039863652114330024,0.0475559047929321,0.03974670002674766,0.04144497344078187,0.04114480208238882,0.044107820056470806,0.0687580694863383,0.041827738467334716,0.0428342207755106,0.049063789811603205,0.06474622922502986,0.059365352308764836,,,,,
0.03867356908328463,0.03927970122143389,0.03831504309147305,0.06471030897302318,0.03987932820078445,0.03829398623680387,0.039832411653191645,0.04132382820478007,0.04504772752869591,0.04482037107858997,0.07682722444667744,0.0395138002912637,0.04077867680524265,0.041083740812352214,0.039064635288232404,,,,,
0.03840914122838372,0.038060152524198206,0.03831313931008317,0.038401518870492105,0.03844686777471904,0.042459124903057525,0.07506797256749362,0.03697798499369383,0.03787894993558145,0.03932134979203569,0.03871461366879054,0.03934274670955479,0.03872680387814659,0.03917432269881563,0.03873450450505264,,,,,
0.03446937547646862,0.0499555958270214,0.04759832124684627,0.03555781641104525,0.04420681412028943,0.03562085105795585,0.03528503411422066,0.03473056958018549,0.035072416995346016,0.03940193147616327,0.03722156223319575,0.03824458244734241,0.0394231119707901,0.04991248717438272,0.07112443942148851,,,,,
0.03342371230964286,0.03516465483256334,0.03427543447082445,0.05345660168331123,0.03450126255147928,0.03547245056783569,0.03395304768690441,0.04620193740400071,0.03443904034714751,0.03929908331979819,0.062145001573486985,0.03473224971133003,0.037488927511017275,0.036510946938179696,0.03535515777361917,,,,,
0.032225431413223024,0.03348510071852094,0.0339068514763827,0.03468225904407191,0.03443931333185781,0.03295556788963768,0.03695464870544225,0.03347116617823633,0.034015177240556776,0.03545587756653941,0.03548871437997185,0.03431041209474114,0.03394048968919828,0.03558897421712013,0.03379694115764675,,,,,
0.04044068661283986,0.03571900654914423,0.03707355304712528,0.031589978798306974,0.04327992656520144,0.03245119992085914,0.0321459001775812,0.03220169132723389,0.032674247711597715,0.036634017237490976,0.03301925035774365,0.03321444560867855,0.03318432122030108,0.03541965143532189,0.043492454962676605,,,,,
0.030070160716688384,0.03052103612696911,0.031400667743365834,0.031339406437450666,0.03159462726799368,0.03145992405982467,0.03111626065579126,0.04443210796879237,0.044670716667798184,0.03192526400103204,0.03325224551566166,0.03720752841290665,0.03234392058469512,0.03195265924546058,0.03210997820173159,,,,,
0.03011005613720127,0.029107537766631584,0.029920666906781464,0.03133824785119697,0.030480487426173774,0.030584371308264288,0.030713404843400932,0.029233730502498095,0.029340802384715262,0.029685712230248174,0.03320588466488069,0.030742491666591015,0.030380986414962886,0.031329608826464746,0.03034163955940458,,,,,
0.047061431463271346,0.033830305350444255,0.027775334101071286,0.02957155835826596,0.029885009927631007,0.03270291885946763,0.02936084938474262,0.028634074509086532,0.029460901775186586,0.029515254970147668,0.03189717444818217,0.029647848280779,0.03339863032290441,0.03091657425165972,0.046602538239476486,,,,,
0.026907405703400913,0.027285471991094528,0.030632032816542736,0.0286947847966506,0.02936040772508615,0.027608452807554217,0.027145592088968596,0.026576272277069806,0.028790486208957872,0.0293451332544131,0.044858544989490566,0.029478975656182335,0.03253022392685047,0.029820113308382776,0.02907254499062753,,,,,
0.026890436522432493,0.027715978487610503,0.0269526687704566,0.05365263958342161,0.02778037581417362,0.02595453511893043,0.0270228206548641,0.02699421734047714,0.02763188038223079,0.027473085164994165,0.03035737374246826,0.028814741609979138,0.028472773429453924,0.028840381728290742,0.027652181511971807,,,,,
0.027149174590353046,0.029067894692173923,0.028284696549023484,0.026919415053686346,0.029406040215610288,0.026696179350367697,0.027345762060642063,0.02627393787684377,0.026327383937380388,0.02589851722575912,0.02965397098237346,0.02757610746846255,0.027440911055127876,0.027389318357866097,0.033139283834789826,,,,,
0.025142812086034357,0.02497560437777065,0.02599906302760116,0.025603425467941837,0.03372835487946127,0.02653916356192733,0.02583441078549176,0.025689293000030526,0.02544797327409577,0.025988050472806407,0.029081508934680186,0.026728691996107886,0.026935306858666894,0.02661006445866982,0.026005047510743992,,,,,
0.024419380099363643,0.023948814897000657,0.02494345801310108,0.035277802724237924,0.02524682999394346,0.024733534127858385,0.027510477832360127,0.04290723869741628,0.025514943950293974,0.025548274632714904,0.028856395233090325,0.0380901655984535,0.026528558520668384,0.025794161237828118,0.02564953616102148,,,,,
0.04322568435486713,0.022901223803606232,0.024320941275839707,0.024957802355454892,0.02380782245108331,0.04271793389476159,0.024470716493354763,0.024708408144667095,0.023940353037513958,0.023231670907659235,0.02816888164640025,0.02584067176741493,0.025035254454124172,0.024376381977003855,0.027511432324681173,,,,,
0.02289132676132865,0.05309422301948928,0.02403669559477305,0.023825857811451388,0.05539416379230785,0.02328314765054683,0.022787696014624013,0.0232837045877026,0.024237034180241163,0.03035267463712653,0.026918873122237424,0.024598094539332118,0.03921835644381151,0.03991944165065098,0.024181260590340727,,,,,
0.022058525240683784,0.022291078068500236,0.0232983472554752,0.03094801567510213,0.023126621546802117,0.023566577760886488,0.0229063900876218,0.041051723098771704,0.038424035490871485,0.023671112674091974,0.026452194366198202,0.03864756589328435,0.023913322749047155,0.02353464187885606,0.023521786473760097,,,,,
0.021874579971354405,0.021277415761059328,0.022468454669616528,0.023029850226944037,0.022258957933851985,0.05252408143430854,0.026797022827860218,0.0227358104498681,0.022283994371326294,0.024218408173491416,0.025457653174510205,0.02358516872837702,0.023469147968994287,0.022803581280817713,0.023072716225354586,,,,,
0.022778375866976074,0.04093943223523155,0.03081327379540661,0.02202870039096105,0.029543754756925923,0.0219108741135679,0.022292721397238577,0.021844919510293288,0.023181380464506476,0.04407235019849851,0.026265040197983237,0.02429126511162517,0.03318002248250424,0.039822383479067795,0.03970459132764544,,,,,
0.020917279167694265,0.02070581902640285,0.02098103556152439,0.02235104655811377,0.021685008769720328,0.02184270819388136,0.02307597573051099,0.02906652287931648,0.03579306241590348,0.02129330109790348,0.02582541188751861,0.02953566651116442,0.022950998126529457,0.021990699071522613,0.02211938803957944,,,,,
0.02022733232191269,0.019556120368519014,0.020510756943121995,0.020580294412325412,0.021702941036874236,0.023514067099798117,0.039960212530660795,0.02096062986878111,0.020355766292356258,0.02089366171544329,0.021759792937793142,0.022764025345250297,0.021769102418465174,0.021148477997699,0.02119833048078724,,,,,
0.030265095439651078,0.02441242262502953,0.026179389363928114,0.020901480294189714,0.03072168953240685,0.02014792252181865,0.020449450173008674,0.02065339660729207,0.020287952074834893,0.04608288604129951,0.021710109796427006,0.021666867152921036,0.030506895375521672,0.024792968991553723,0.030033213238025158,,,,,
0.019526922753405267,0.021226695229540515,0.020340232553966317,0.023213914064546634,0.019934139576164217,0.01967921629295484,0.020680753108737498,0.030460102368945752,0.030064715840137153,0.019363422866759038,0.031935619912516235,0.031744203539922446,0.02130779012778386,0.0206592819397021,0.020562218689002574,,,,,
0.01994586161579813,0.020988945157034884,0.019528333868746063,0.024427330968006575,0.01961909510380278,0.026589150553097414,0.04242197089490643,0.019599835237670397,0.019232390832139897,0.020045861002599415,0.01904496364495376,0.0218214443847438,0.020378941298353867,0.02033128930087365,0.020149418859585353,,,,,
0.02634263608171004,0.020474925927826963,0.020481590651796947,0.019888551579368887,0.018977385196941927,0.019586333786978497,0.01948011554320399,0.01908755635823704,0.019034832805551388,0.021577507861117923,0.018946953577222893,0.02139168450108703,0.020992404667935536,0.0212835550292272,0.04620755042293408,,,,,
0.01814225096931326,0.01782097955421487,0.02038640071449136,0.018990705034642154,0.018816174255611544,0.01875943954961962,0.01870553123726809,0.021971526217390406,0.030186413463232448,0.018786258042073935,0.03073287295709517,0.02099408788445605,0.01962694241504921,0.019384372692388845,0.018902826457384656,,,,,
0.018660746374078763,0.017133933523559228,0.018220562900137644,0.020664757716543476,0.018407279045477933,0.023419146003748215,0.018373997899607374,0.018836700108104985,0.018552741253539572,0.0184018361977545,0.017928980928825455,0.020555911298504103,0.0192312951475853,0.019112930734494486,0.018904867207639023,,,,,
0.017088767167337125,0.01752075149736483,0.01931064668909509,0.01802673493187068,0.017635776657665025,0.018296254119331976,0.01888894694102617,0.017938326693661636,0.017658702794897573,0.017522324175296245,0.0169642262851863,0.019857622564643827,0.018725676315586914,0.01932689054035495,0.03604385636155001,,,,,
0.01705458580085341,0.016858409463585893,0.03961294855921983,0.017801813907357394,0.017645240973159858,0.017749745950613564,0.017899302498319815,0.020971159830595207,0.018071566187325475,0.017019021500374706,0.036359902541905,0.02080838266240929,0.018697695994766353,0.018927437960949898,0.017477623610675983,,,,,
0.016837936443921626,0.015815362274577676,0.016646939042491437,0.017511127333763993,0.017462648489844627,0.017496032657167225,0.03313118293256063,0.017308851331282467,0.01799525417231429,0.01854470160727939,0.01696942338927974,0.026173258952439174,0.018713293904150028,0.017967994793496887,0.01796036125140157,,,,,
0.02300152449057824,0.019274687110384808,0.017344456838010048,0.016856813308293868,0.017302107418354567,0.018826508857755175,0.0168405546833933,0.016960728807989264,0.017396284293103737,0.021925191603003685,0.016544834485613558,0.019776761103489048,0.0180424636975642,0.01881612256833934,0.01765488383947275,,,,,
0.016876706376708277,0.01541044501349679,0.02109729382682576,0.01698288642119209,0.035279153553874835,0.01693440770224661,0.016560345932349795,0.019998128607968985,0.02188015164799902,0.016661888483633144,0.0323419159101291,0.020621586787871526,0.018597821065706063,0.030333785438264496,0.01790287012930572,,,,,
0.016024454738451353,0.015811426146524123,0.016520421519671778,0.017050859692944963,0.01636143385567291,0.01646508927752939,0.016368228640001484,0.030205137236895264,0.016505442153493262,0.015936310140756742,0.015899753340630065,0.019035701374479217,0.01785941251450255,0.017085333133513177,0.016985329628472864,,,,,
0.01948179629737547,0.017738473352105964,0.016131220355886378,0.015873225096371776,0.01638232426835807,0.036519682948438506,0.01669904822947962,0.016156221437541512,0.015995296074035267,0.01971213571424683,0.016478315136234045,0.01910275108742163,0.01808553523930949,0.018188063027180307,0.016193500542347927,,,,,
0.01563400047122175,0.01461156909351467,0.020151027700953953,0.016019436751683592,0.016547107273056593,0.015484652167200953,0.015957289839022507,0.017130811332143822,0.015899671783148637,0.01667972072205566,0.0232329128202764,0.01868852181546959,0.01736313777119759,0.032171062002768494,0.016780482969716293,,,,,
0.015301192745640515,0.01472904231969666,0.01504790422896768,0.015805109893579982,0.015437684520865686,0.016062746069703836,0.01709718806392206,0.023315914660806857,0.016081000789175386,0.015246007240378029,0.015396744021946875,0.022595914837387227,0.017193090869053136,0.01648146258588721,0.016259171345627467,,,,,
0.018358517862296753,0.016786818463928967,0.014883272749588079,0.015693606248132493,0.015531978721295324,0.017581281021623592,0.015128605367504726,0.01594590893186135,0.015245071612898209,0.017632835253528725,0.015180886577250398,0.017098325704830886,0.016777449584688058,0.017170449304672455,0.021192839598571295,,,,,
0.014902580721328027,0.016816821634571006,0.014947174190838007,0.015210903136287621,0.01664991832212972,0.015131262283016492,0.015107676558486577,0.015573854334847858,0.017064068494834696,0.015476045120249146,0.01767815196421491,0.015674424693552912,0.025751897598098223,0.02486926591582818,0.015653997829027454,,,,,
0.014787801665230572,0.0141291613983417,0.030619023293193593,0.014657910558810602,0.014663107070476246,0.01470825027437856,0.020115458421550422,0.023878375219446073,0.014743033986877558,0.014475305316284923,0.01479834261609489,0.020658481633001168,0.016548654940999462,0.015684617815237473,0.015330297079353463,,,,,
0.014740021180892383,0.013268677814394747,0.01423374496545304,0.015698397974660175,0.014715191563972102,0.02460290450555296,0.015705169989999396,0.01453816802522843,0.014711666238853985,0.014553768883315745,0.014313328932102428,0.01637440686960099,0.016751150140172352,0.015637670295458758,0.016794000949033407,,,,,
0.027457917850850805,0.03108790938778033,0.01393872438317004,0.014178977647460135,0.015264686509348206,0.014351893826426819,0.01471748257247205,0.014674444551722345,0.014947868213877329,0.028699811833703875,0.016246086358213802,0.01536409453729118,0.028332290511962697,0.02334081738004836,0.01489265776545496,,,,,
0.013831394700578021,0.01285319964939221,0.026638982898236695,0.015739810241703983,0.033013633947218304,0.015031953555501291,0.019030404190892407,0.016660351334554863,0.030287666903722123,0.01390211492498736,0.013833855508861449,0.027142104666844136,0.016315162223422167,0.01501538142499698,0.014591476151948434,,,,,
0.014021162351603951,0.012544196572462927,0.014798955995288925,0.019056552164070564,0.013715593231927253,0.015898020154129798,0.013853432635057138,0.013956110431687681,0.014278520118542056,0.013918125942576636,0.014225566098389812,0.013291526831098827,0.015848534433531864,0.014047218775928454,0.014633739154110493,,,,,
0.03274064592923827,0.012222932048695935,0.012983692331471093,0.013751284795638205,0.014178611822145326,0.014381589330178947,0.013861948006945022,0.013901928370751665,0.014565258245601544,0.032621779152679255,0.01564363969487914,0.013071757681898128,0.02814401203552822,0.014326844110319184,0.016806794380721746,,,,,
0.01358394572187028,0.012260536433229574,0.012842576741034584,0.014680076883887658,0.026332592079104558,0.012829241515155857,0.013945118832422224,0.013709351843034245,0.013494466337283195,0.013270558972851185,0.012910176276360657,0.013040993756117185,0.01645902387379542,0.015115742727768926,0.01391272108014945,,,,,
0.013282377296848013,0.011966472381520547,0.012998265837710927,0.03010057997381678,0.012884713905142979,0.021757766667119507,0.013621672125328643,0.01357150619759449,0.013239130623759632,0.012848633632056045,0.012846413103597161,0.012515088937382702,0.0166384656270663,0.014175067400665153,0.015577829680733974,,,,,
0.028150692144322805,0.016663444945793974,0.012171369256185253,0.013995080578958145,0.013415075166937079,0.01313018092292198,0.013647731140761971,0.013430435779131793,0.01353668177134331,0.028290610066282324,0.01622883637410159,0.01198063265865281,0.02190495506314093,0.021122172393722462,0.027090397641761375,,,,,
0.01318711624011343,0.013095346401602665,0.012055218897199684,0.012623029772282546,0.01299554702311137,0.013227494237434915,0.012598453820497216,0.012977173880375044,0.024916097740872733,0.012787453951492962,0.016572772022557043,0.012377169733227125,0.015501663709335336,0.013747724525247688,0.013980409938177315,,,,,
0.013862883443118472,0.011416338965657247,0.012222587248766553,0.01516017963261927,0.012590088098738763,0.017755005264573978,0.01961050076257472,0.01582345695880813,0.01250143031759524,0.013098143502683684,0.012333193505984852,0.012910854250730942,0.014717130132839179,0.01398701710739087,0.013258901268197633,,,,,
0.019802381948261918,0.013112293125282285,0.012037241848878713,0.011972837101867388,0.012360788777222827,0.012367317550255564,0.013158691693500233,0.012953169746271887,0.012361837808568648,0.01747363521055135,0.0139961692549627,0.011871493264276573,0.01752874293790062,0.01869434941508518,0.021840095880696023,,,,,
0.0134659924010439,0.02213188620687017,0.011504820621788547,0.012543033563977683,0.013166573038057761,0.01197825122123639,0.01240686224819416,0.012587538666421642,0.018630563181860266,0.012155804430020699,0.02045426891717686,0.011537320537507988,0.013558146683756012,0.013738855207252309,0.013232468513597193,,,,,
0.012408116400886718,0.012790901333227805,0.019609889098602024,0.016490409862598237,0.01267797249014135,0.01476764117335399,0.018357546615389263,0.028042960527095283,0.012053363228233716,0.012133782422629693,0.011695611197248254,0.012059843379722268,0.011966147283675807,0.012836314951179631,0.013182395368107933,,,,,
0.012696778605976872,0.012375807664625427,0.011705807171289174,0.012438178128361808,0.012291354755245405,0.018039157301570914,0.011848860778648837,0.012138083188499384,0.011818260116271687,0.013391057093089001,0.012268334151630709,0.011551922684917896,0.01173913147084893,0.015432328694999263,0.017256009834179645,,,,,
0.010409525957633859,0.03182114258201592,0.012216034201019603,0.011413925000061257,0.015983435171961338,0.012168492329897111,0.013038781123797732,0.013265550103536762,0.02035132246434136,0.011462673368256352,0.02548495358741612,0.015542181830552297,0.018886423857185634,0.01314575112727285,0.012325200099724406,,,,,
0.010700084732578104,0.01134966786340035,0.02017043629432931,0.012293675540773862,0.01235462391920367,0.014313147737535314,0.015256550344708717,0.013367796176805514,0.012633888603680817,0.011801268194028844,0.011795662908678511,0.011316170687990493,0.010779622855596286,0.01296097596616874,0.013019497926030358,,,,,
0.009960310298370056,0.011636838839898586,0.011364054699732964,0.011049085205177252,0.01176657707638842,0.0271334080461626,0.01141506104746106,0.01156440411271751,0.01133251686325266,0.012285682810257442,0.011595758585316859,0.011497830304715916,0.011011141533500425,0.013122376540389688,0.018421011119310618,,,,,
0.0098186975579211,0.02062286012270003,0.01151811305294226,0.011651316265507815,0.015381492333711229,0.011249280558497107,0.011811674873379252,0.011902365624259286,0.013351489423003996,0.03402977499100852,0.024210736839285846,0.014671793294306462,0.030369235747616536,0.02704149309179376,0.012258209373641102,,,,,
0.010279374931848299,0.01287585438280792,0.015709958189446892,0.011273461939387384,0.023881348291223427,0.011675636800315574,0.01582149002409942,0.011627028504981917,0.03332113075293934,0.011168994460252173,0.011291851091059086,0.02526623756260808,0.011043362335418831,0.012213911002623253,0.012526300149343564,,,,,
0.013329740373821028,0.012031827330332766,0.011705585614114106,0.020711329457189724,0.010865174382402282,0.03291366498505983,0.011337779261522463,0.011916738100198119,0.010974898214842937,0.011781362863525551,0.011836241086755059,0.013205418227794986,0.011832515569775234,0.013374221201343075,0.015673287118845927,,,,,
0.011642492746303894,0.012682676633419432,0.01120894909597499,0.011485643463274301,0.010957308543791499,0.011312503155666615,0.01148753439919144,0.011894409751593326,0.0123679466474837,0.03856446651287225,0.011109157844176168,0.013174548095834316,0.01042592546432023,0.03352501301171207,0.011829227374526815,,,,,
0.009844548949272575,0.011385857124712162,0.010451019326094628,0.011644302530180938,0.03768075689817819,0.010952810518078721,0.01477264547206442,0.012159964107712121,0.03419020438458712,0.010978678527898057,0.011174101772321513,0.027450561342795617,0.01017566123217066,0.012007256289583055,0.012061536787223992,,,,,
0.011121757233342655,0.011982174928040818,0.03461017260788997,0.014846197435823223,0.010648180526120807,0.023617626528949203,0.011387764630141886,0.014453452978443299,0.011172593036752308,0.01216302962589033,0.011500170279056369,0.010708897657034746,0.011403922902971302,0.013370706004371425,0.011644497413206448,,,,,
0.02520816293669175,0.011883693610498139,0.010549968323405694,0.0115707658575544,0.011511919337974918,0.011674220651068205,0.011618856198897411,0.010567008901147906,0.010837719413915134,0.012400589582121788,0.010952573728712701,0.010470388548874344,0.01117697360977211,0.01679351835142757,0.01159830241295013,,,,,
0.010122541270658456,0.011625550663607091,0.011229060759223334,0.011195086890396931,0.024882180815110642,0.01080533543431318,0.012874771693753145,0.011416196981810674,0.024936945766333974,0.010481281538748461,0.010543421112728825,0.029430559372558254,0.01060489090578512,0.012175417111923647,0.011663635742867391,,,,,
0.010201148272961825,0.012048009770530355,0.017543236624514322,0.014618578466302637,0.01142641530925866,0.01589051429523013,0.014244309022916526,0.028532906622152215,0.010118697413474933,0.010977261063063092,0.010568726784777568,0.010445341219776286,0.010768098397621021,0.01148598216124891,0.013389434986705763,,,,,
0.014112080440173565,0.012125470412734651,0.009777836389906142,0.010181553418278571,0.01013659096139155,0.010357073362325072,0.010365052004107915,0.010040962425819946,0.011353551821536639,0.010924685573141106,0.0122839675206187,0.010286941131889016,0.010207502149798974,0.02454232250407118,0.011726172523027937,,,,,
0.010474567597230831,0.019199999641371653,0.010872809993076549,0.010641510956193936,0.025305917618463184,0.010324469166322807,0.010977969818358283,0.010714950446924287,0.014124548821075125,0.010647236685587603,0.022378587661632157,0.015457264726160883,0.010793327834622057,0.011505722288831873,0.011695195411935538,,,,,
0.011167949495047347,0.013126007637335896,0.024970100220991828,0.014287757818139317,0.010579028228400265,0.011710265118374502,0.035199006716208125,0.012444640250981314,0.009911793716031177,0.01077134936247524,0.010517345632502057,0.010650037516482002,0.01021702555614638,0.011951400227394307,0.01251646174979838,,,,,
0.011137719284381939,0.012092674607650372,0.01008734750097167,0.009854719195579613,0.010078859551446143,0.020747970970532232,0.010212455429429617,0.010350184886090925,0.010593268165506146,0.013340218364547367,0.011783096292918314,0.01024554266231627,0.011510088738902116,0.027394466615904365,0.017010028279499996,,,,,
0.0109500575254712,0.02186703520056802,0.010950057525471197,0.010513368603377659,0.009764664944387156,0.010176202818647648,0.009938414180732732,0.010364301334953478,0.010714950446924328,0.01049188513529932,0.010537669738726201,0.012562996505410436,0.00958776754643637,0.011520477047495196,0.010819397372223878,,,,,
0.011061078939505316,0.011901139894649965,0.029845117819901925,0.0131279833225016,0.010251837402450642,0.010457221380730275,0.012120523265632763,0.01155823520378085,0.027838755694512236,0.010008624090290085,0.010136590961391544,0.009702883831690197,0.009577483070550234,0.011420313796679286,0.011824211116239726,,,,,
0.014585276171244005,0.012692258484362829,0.009118888841378538,0.010365083280809546,0.010159751215170633,0.03415228454945049,0.010141195276466607,0.010220324932289193,0.009729442809074269,0.013407509158842475,0.010625749291623977,0.009884511229489891,0.014673008513421357,0.01934987373550093,0.024178900938068126,,,,,
0.017989362291434496,0.01897533516126629,0.009482780139494466,0.009751907879889013,0.01133037116279542,0.009777670613008682,0.009817376784237514,0.010788791491032361,0.009870332633468997,0.015865196672259715,0.014822311210254735,0.012256067030548056,0.009918823230312797,0.011072796187430053,0.011151565589617794,,,,,
0.01160336045628936,0.012371406110414178,0.018558035030906583,0.012580016119381953,0.027531680969849343,0.009872697146866963,0.01016214409085799,0.012851282624223965,0.02523809685711284,0.010083233023816867,0.009712234466020386,0.009445786324997872,0.009995399997813468,0.01180577247406458,0.01094617847961533,,,,,
0.011775830692592503,0.011693393504740994,0.010103307360591791,0.009596723641031677,0.009785790378360415,0.02561543868578856,0.01123105262573339,0.014902863515748469,0.00970862885969521,0.012636993077911838,0.010366052811753105,0.010085322616517107,0.010270793167028655,0.01778127850053756,0.015711051840590993,,,,,
0.032835326851352355,0.015381155109026153,0.009669280785780212,0.0096875024817297,0.008943174005817518,0.009592905649666797,0.00939292194071214,0.010594002610556083,0.009413056401287102,0.025613654148896752,0.016312777628162058,0.01130791706752434,0.009120630671393388,0.011810357384183177,0.010270035608201987,,,,,
0.011906178198287983,0.011976302420222133,0.01631635439036375,0.012920517792726996,0.030815882882276473,0.00922070713333203,0.010670230407655355,0.010227300874516747,0.013647754894515801,0.011989207324620253,0.009707393297679596,0.00976549490463966,0.00913338210992312,0.012471729006550508,0.010806085466274252,,,,,
0.011723435221148756,0.011407816806996188,0.010188142257165954,0.009195111465478446,0.011029262620341857,0.017876557981196636,0.037438045739876254,0.013281767103793975,0.010021571946712396,0.010155761836128352,0.009351413704735688,0.009626404856830542,0.010630172232638825,0.010969845920175346,0.010942149923702297,,,,,
0.02852163349134323,0.011327509596601917,0.010359326777885518,0.00958049512913918,0.01019704792201789,0.009401753313603012,0.009387708915153692,0.00999621080073292,0.008937517302830562,0.037383209892158015,0.012091521791962451,0.010923023671935405,0.03146004771600018,0.011475336623472828,0.009769710013867068,,,,,
0.011768780978294561,0.025944640756754463,0.013988940713781454,0.011631823225087885,0.02122493881706985,0.009112060503106178,0.010471626959295308,0.010101478234297984,0.011444360409900791,0.009045679980320763,0.009172767111974891,0.03655718675892002,0.009209203166668076,0.010995202115572325,0.010200353760068935,,,,,
0.011830761979373529,0.012416474181500572,0.010508464612862513,0.012677972490141382,0.009665122503233743,0.009441117568524506,0.015509754899623467,0.011084033092095425,0.016088397628894212,0.009426822312752534,0.009582085384794454,0.009485514682634229,0.010292769615040907,0.010996882588573863,0.010023900784702708,,,,,
0.02438116920044969,0.012386987908733505,0.010720999819571026,0.009267279845706553,0.009052092828854478,0.026205937908559147,0.008831370588063386,0.00920821744952858,0.009001274391438552,0.023177464411978425,0.009859060568711274,0.009865108992029428,0.02136188470713715,0.014709903259469664,0.010065631111985125,,,,,
0.011856382398193822,0.01108227807679032,0.011880010262774767,0.010024321211677728,0.013246597019651809,0.009677960467503513,0.00988057477149953,0.009044640599214112,0.009170116069130665,0.009791089447562566,0.01886806556882853,0.022122216496203412,0.008830783234776773,0.01020737511102277,0.009888216628130666,,,,,
0.012179011118883247,0.01117549427052272,0.021821815788170988,0.01993179759392349,0.008745236527159533,0.011594276758184719,0.01708533313351319,0.013762242756897873,0.008414818122057237,0.00901897659581819,0.009216487162035226,0.008456514988756053,0.01004732080592425,0.012911682837727392,0.013468303341161749,,,,,
0.01369063428346605,0.01099756060145912,0.011248214230903898,0.008879291814599085,0.009086408532965691,0.02388917968127885,0.00904894071146844,0.009085873346801167,0.00886975752160063,0.010587115188042062,0.009079448652205361,0.009881887098395357,0.01736352985533079,0.02902460117921202,0.009646992954505502,,,,,
0.01186548401319756,0.02273643782793586,0.011660327726176095,0.010598622326563233,0.011670748970303,0.008848423511154233,0.009013331498714893,0.009185763808455682,0.009216768553566297,0.009461697685737918,0.03357344380844035,0.02958476550346141,0.008348640758788085,0.008652777317766036,0.010055706421913732,,,,,
0.01151552335922283,0.011986043256753967,0.0330892770820873,0.028083403985102246,0.008754980485032036,0.010992754651634788,0.014790454046146534,0.01335695149052312,0.023390875910328658,0.009158619349450607,0.00911579538433958,0.008657871197105024,0.008294255701503992,0.01052350859764498,0.013628738659758126,,,,,
0.013208952868711498,0.012031854274267038,0.011242217858192556,0.009325064356497503,0.009253872158755689,0.018157094093391644,0.009001706566703876,0.009363227677164196,0.00906358160080071,0.010438355708154335,0.00865067896621478,0.009602127049945498,0.01801757896732042,0.01813894489037856,0.01422009570847605,,,,,
0.012252257495679039,0.01123855503828456,0.012494686219314648,0.009099849208336426,0.013714671387375841,0.009563391654647561,0.008904484655256444,0.009275392047672701,0.008940817481175376,0.0093653048401946,0.031552653368567087,0.017845611616546412,0.00897646154861952,0.00841974794278725,0.010427417875958035,,,,,
0.012337503587762465,0.011109508020155218,0.030303664464937808,0.02289274290947939,0.009485788093591265,0.009528071938957527,0.01410801377992735,0.010517807980152014,0.01426505005998248,0.010955178130245798,0.009164740937005138,0.009381214477216163,0.009190562284188554,0.009190562284188561,0.012352393319239771,,,,,
0.011990369977349992,0.011370813645873959,0.01126391074067206,0.009478847851640547,0.010365583695200816,0.018039876134859106,0.03403696674913832,0.02722939433810079,0.008972668669741704,0.011312589127062617,0.009434247553011517,0.008998104471911898,0.012051345872662406,0.026964116939622782,0.032337264586527505,,,,,
0.030801951165392808,0.022732787385581623,0.01185856960989309,0.01064577508998918,0.013549129341464558,0.01000344025522099,0.009672599421541353,0.009829521207967915,0.009608742084865746,0.009162618306306283,0.024394090011102754,0.009881526225873028,0.00889661727851669,0.008174572286285736,0.009917515790960606,,,,,
0.012312147085349234,0.011015968890331986,0.013781615813121149,0.00930275335149377,0.02308615871795759,0.010081078682633122,0.00906983882046267,0.011151449305741518,0.009511215043159996,0.008856772947926032,0.008739859737366875,0.00959047215443416,0.008469079713819036,0.007994404574671722,0.010047417602942936,,,,,
0.011889829987674036,0.01220241278023145,0.012334665410557543,0.023137482817225573,0.009344477739602173,0.012588646059035428,0.03831848658018252,0.024187601015169913,0.008963450710618458,0.010020277913954946,0.00910323298552671,0.009870069874791913,0.010157549271674568,0.007539619499300168,0.028834097510767116,,,,,
0.018701423344701377,0.010995703336150811,0.011222823065478433,0.014508949405959067,0.011173753620656103,0.00920466094986379,0.009887396969295742,0.009724243498345296,0.008517745199019145,0.014828718154265676,0.015726973382547756,0.012986962811290297,0.020656143304424047,0.008176951404959602,0.009623946146925598,,,,,
0.01216284305121521,0.011038077052877893,0.013661406463390828,0.009817145630573789,0.03769465753595975,0.008964282523301859,0.009390471143458992,0.00995275636898777,0.008870378841196284,0.00858446940270402,0.008622752408949889,0.008963993205905834,0.008822556183004544,0.007710742666864297,0.009491425438191944,,,,,
0.011576368022032877,0.010975134522556518,0.011019234986657534,0.024596315272441986,0.009577483070550253,0.012096963189473203,0.030199845512245117,0.019215375393988026,0.010603759777745426,0.010323684144236013,0.009254572779751266,0.008439745727993652,0.009640942195563627,0.008723263536338781,0.01944348567987868,,,,,
0.01580541756177227,0.014922580634434916,0.0116669706082176,0.010041769549891524,0.00987640697787822,0.012560596433336558,0.010411892565816632,0.009910190942994552,0.010033727697091765,0.01726652723452696,0.013040770023843797,0.0129836923314711,0.01986586521899132,0.008628803318958322,0.009610226466880653,,,,,
0.01158420650080206,0.012151963463739061,0.020443107989637173,0.011730843815049208,0.018875211795794725,0.01239745205893163,0.014076543691702845,0.011329541383007643,0.013894650801860364,0.01123774732681707,0.012033551620503664,0.008969199491169168,0.012123759195633943,0.010952662525324838,0.011820454381974392,,,,,
0.015405163893310347,0.012707370326917758,0.013786249067853903,0.017329890437512173,0.014355846237677092,0.015807878691737807,0.017459677919105875,0.01647807905327468,0.019157606155953775,0.015866504377015853,0.011629119469025222,0.014114561216615197,0.014394454872557355,0.01471871604472869,0.014947607959013828,,,,,
0.016333174529122294,0.017361644036239993,0.016965009774105654,0.016623339108146003,0.016294722880534702,0.033611110042181695,0.016452483336967045,0.015769132952056616,0.015653086588271713,0.02838199780718948,0.016792147698598908,0.01407009376773094,0.01397874026445357,0.015219937030423855,0.013551043337404443,,,,,
0.016979812825349293,0.035675079003830754,0.016702154082975228,0.014902754749298731,0.01454512361754434,0.014022642025895824,0.013491583202031907,0.0139266948701991,0.011957474747316196,0.013344616181447187,0.03427414812667071,0.017974056005953285,0.015709132741941276,0.012588053744871807,0.011410658233756041,,,,,
0.014363070691246522,0.013585377565238185,0.012026464286148245,0.013568066006416744,0.011097099219665287,0.01279097736793932,0.013935095682127335,0.013194194381014341,0.009610462597426105,0.01067080765393685,0.011797833898873032,0.010892738721130016,0.009503577045507132,0.011246628962503833,0.01140028360104024,,,,,
0.012171795409655418,0.011557449833711188,0.012161110435394236,0.011220511928542124,0.010512875223571813,0.03608649955186128,0.011758860166823627,0.010356290811684649,0.010670716511863137,0.015547604070097393,0.010135823372199268,0.010288957845541645,0.01353668177134332,0.028025383357504867,0.017592396358247116,,,,,
0.012430043589343845,0.03540929822857506,0.009818994707516128,0.010050675891888206,0.009940273312760609,0.009692688054569623,0.00978274211382779,0.009707393297679574,0.009615487429385413,0.008974583370860892,0.019191741275181095,0.03085443584872211,0.00920258275468593,0.007951018390142698,0.0095103969796791,,,,,
0.011032201547020013,0.010430557461406524,0.021934534342680063,0.011981633803494818,0.015742940599638926,0.010419953680242995,0.011024411678462997,0.00875886763058848,0.012977173880375054,0.008419747942787248,0.008516831710751877,0.008519267461798125,0.00839630551519095,0.007426155162247856,0.0089976721236311,,,,,
0.011230677373545455,0.010538746437856144,0.010448289255752663,0.03209664860040324,0.010672508829776287,0.03003001797876444,0.010851470518437158,0.02234464926912204,0.009732474457625945,0.018164234473786064,0.009050660184315787,0.00894244898745366,0.008879291814599058,0.006853505294751786,0.023311464947276744,,,,,
0.018546169976696957,0.016706501307837858,0.010588615497193898,0.009675280315839987,0.008885532873304852,0.011439033682246828,0.010888541529548865,0.010964495633454951,0.00952317119225977,0.01023132573034413,0.011959101326941902,0.03911880474547712,0.013272586416489048,0.007329839895430376,0.009482233136234005,,,,,
0.009736104530367641,0.010790444022423316,0.03877820167915545,0.009434556811202496,0.009935804285879871,0.010772553174560556,0.010917086245260854,0.010552794970452792,0.015148820478418501,0.010929907046130487,0.01052511037747444,0.009726110237368664,0.008951253982846026,0.007832712627380495,0.01141528824337396,,,,,
0.01017922880087543,0.011203163204423987,0.010670807653936869,0.019205655163634202,0.009518710682311488,0.024926231304835116,0.02537383818426997,0.027164967785479745,0.010814961890834281,0.01582495248510847,0.009870332633468952,0.01006418168660742,0.009805746304773301,0.018504170670153072,0.026652220108108592,,,,,
0.04433855256930921,0.012091387736493433,0.010142985278987852,0.009325585815736193,0.009572878543670194,0.009427372531108796,0.008305192430859698,0.008881336153031348,0.008756646615846273,0.00856632343558685,0.00955949252631873,0.015601141003751106,0.009275671652235114,0.007776720645493621,0.009233671461728576,,,,,
0.009031727978454298,0.010952810518078717,0.024476081296887008,0.00974276169663632,0.015798298636978292,0.009217894033790993,0.010656975533463474,0.009118888841378531,0.01799945118596229,0.008245450665258945,0.008199399991110223,0.00830191292486893,0.009530691443104292,0.008309875194269057,0.009548634398636556,,,,,
0.009477582333859157,0.010326698303646036,0.010030366942079578,0.007937143538663625,0.009358344529259367,0.01747777199869905,0.008705853745877703,0.007462908614597853,0.008203866530676,0.013325848535553554,0.00813429978513147,0.008578122680572602,0.009449663757851102,0.014184121066698946,0.008803428029418744,,,,,
0.01935531797499142,0.013985603203896172,0.009705556360753093,0.010086865422494738,0.009218738053787196,0.01004999851285594,0.008904484655256437,0.00824218672088735,0.009022139181948148,0.008448844400499827,0.008373416931747639,0.007426984551528626,0.02942632921047703,0.008401863580259359,0.00852839533248142,,,,,
0.00859356574174281,0.010729946632067463,0.0207265850753049,0.00964390081868987,0.010574859805334257,0.00943479733834273,0.009212722724068563,0.007762534258282495,0.013715404140660283,0.008468160975848179,0.008178219985257336,0.008896617278516757,0.00750617924616621,0.006914115080373955,0.009143917909293267,,,,,
0.009563934016098122,0.009725276916008472,0.009385464006058337,0.01138389234474282,0.009716639501223947,0.01676788213490399,0.021168472897288345,0.015376770515120356,0.00846398711925851,0.01109034884762252,0.007763995818518244,0.007772050342694366,0.008416551591288624,0.0074715914664171285,0.013345077746682716,,,,,
0.01566683240447515,0.01714700270708084,0.011051432191881101,0.023174666826457847,0.009274832813260506,0.009454876911697744,0.008990859895804492,0.008486325835393944,0.010229044116728089,0.008779828478126432,0.012043030803474464,0.013594633178184764,0.008135296076406133,0.006730359542010188,0.007822234298994044,,,,,
0.009544559416133696,0.009802836528834274,0.021501170004402277,0.008950710715444714,0.011372495628238201,0.008405566915197593,0.00955650777105405,0.009140478259755455,0.010803085025992525,0.009140655592917983,0.012790977367939337,0.01862118183427968,0.008244074460742039,0.006976893674047646,0.008321570574184076,,,,,
0.01107206422271681,0.010524494337159388,0.009685996472846698,0.011310783590521376,0.02971198643347975,0.012711170984357506,0.009473203022331579,0.011118812821589998,0.008797718322353595,0.008227542051350598,0.00805290907897332,0.007921402969473997,0.009502724209587999,0.009454465451429986,0.011250519677098853,,,,,
0.011270125693581224,0.010774569258484825,0.009722776523393296,0.016912780794620788,0.009209625584574076,0.009377170455290736,0.008985124973826619,0.010599631665278393,0.00932103075325492,0.009388399548420166,0.010674968979457876,0.012010927606082205,0.022656965220418296,0.011825718958502592,0.007563702658608393,,,,,
0.009402615307787816,0.018415942007511874,0.009020558027482603,0.008314555320343245,0.009052092828854446,0.008793995808710691,0.008952702534746535,0.008916418138449067,0.00885369775571826,0.009131287692366317,0.02982402674048132,0.01807443619324945,0.008773918672084914,0.008528395332481457,0.0072895701313727005,,,,,
0.010538654153669573,0.008720884761767831,0.00962882927079105,0.008943717731020493,0.022645916434572,0.009038903933995143,0.013454046220301203,0.013983493672310034,0.008940273579586395,0.01220105777283678,0.008215199834247223,0.008757053844052062,0.01007322912789036,0.010612835973016906,0.0077142734963251474,,,,,
0.009337536622403183,0.009677457995606103,0.01029525752949057,0.010065985384222417,0.009149021808300448,0.008582958704067155,0.011232062857772555,0.008882029660950584,0.008948537316020815,0.027753113984361838,0.009239813496924036,0.00972447686032021,0.008487128015992808,0.03452178741976508,0.00930080164203026,,,,,
0.010168522339777672,0.027297540657665403,0.009832060398899214,0.0090058471945997,0.00911319891478613,0.009613160820302821,0.008422827615507123,0.00886409054005615,0.009307665664645626,0.0091361147801226,0.0345236561264359,0.02298645299055542,0.008913509005951805,0.03540998487445835,0.005611772599086535,,,,,
0.010539730752235415,0.010447203234019892,0.010796361013854734,0.01032669830364606,0.016967130745471244,0.012729800723134028,0.012403543357571423,0.013057663442931083,0.009281820821645498,0.011185555715712807,0.009374404307853277,0.008667750770138892,0.009154547821093715,0.012032500910589713,0.009008726508944426,,,,,
0.009964215256132105,0.009566679249092304,0.010847257358725004,0.008968621164275681,0.009761742922942398,0.028443291731839168,0.009738068867663085,0.008311903572445942,0.008723523675454143,0.036856124866179577,0.008210778942825354,0.00836070844300356,0.011606572985081354,0.00845785662647552,0.014154812896567953,,,,,
0.009788705221414052,0.017080721715165212,0.011018764257714255,0.008578425011912276,0.00991964029239931,0.009346871229111032,0.021757647468850286,0.007483557257861545,0.012587409893515799,0.00986218385915796,0.009010165821071165,0.018579631272310517,0.01016115510389561,0.008632672173413885,0.005896182218699996,,,,,
0.010210677605514279,0.011101772395975954,0.009897916229217757,0.009994881049426916,0.012559899552314699,0.011062134000055476,0.010909719348497323,0.012982793429346657,0.014880658698724113,0.011050640139595261,0.009527425457020632,0.007407053576956985,0.011208717717656667,0.009698572827393321,0.00941140313882705,,,,,
0.013091384882318986,0.010792606953812544,0.011625773746041311,0.012413471251847007,0.017536971053945374,0.03162621464215895,0.03555672233897385,0.014874884375687597,0.012258817625036687,0.011779161315712494,0.009074305621433024,0.01106623605708023,0.009102841244137185,0.013164480016117265,0.02906379021361644,,,,,
0.010582949950276407,0.00958614441536378,0.011123943173470863,0.010130992622826563,0.010642577149814588,0.011635808028938101,0.009927709251575817,0.00920099737503077,0.0128314650152165,0.010568143962702706,0.017434035737190698,0.01361291119620451,0.009026880983608633,0.010522491957053706,0.008150225831029862,,,,,
0.0107938083950811,0.011172360905504192,0.023849521267667585,0.010797081644019648,0.01156740325654934,0.011504595193985879,0.012482096143876386,0.011356549557026415,0.036191490372498254,0.010207502149798956,0.008259278600660527,0.012114236138633994,0.01240437969716121,0.009751907879889074,0.008753202929271358,,,,,
0.010804855386534723,0.01257743887038655,0.011789285031577763,0.014437272181596498,0.022672455931955993,0.01607333834908548,0.02894631033172207,0.03313177002102605,0.010115108495552255,0.016026376534918837,0.010662814572615946,0.011538360147121205,0.015105015494335036,0.011720641961454817,0.023492660150278972,,,,,
0.019730283707526924,0.010312373200083136,0.009941838627973628,0.016770337334488628,0.014566949711608122,0.014627867360374438,0.012762076958926338,0.010984612175237905,0.013090716257718548,0.015272160310800392,0.010007490355817281,0.01169915863085742,0.02568944443316141,0.012064116760630858,0.009705790172033782,,,,,
0.010539976816467152,0.028950509851578727,0.010584175190362975,0.009844022048457982,0.011336406697482274,0.011398947003215459,0.01322063009578951,0.01075629034381735,0.02495068318731301,0.011122456780925443,0.016000159541626004,0.023552638669384552,0.010122156950626307,0.008732438043161213,0.009306969040439773,,,,,
0.008505252367299099,0.01408501624275335,0.012312147085349182,0.013952393312278088,0.015251449752702,0.01368322064404028,0.012051776270186594,0.02941844009630837,0.012565576716591824,0.01481898638013858,0.007934365656808485,0.010447823831690331,0.012160470637919849,0.009734073188579884,0.01190998955185213,,,,,
0.03578309810269601,0.010460692925149525,0.009013043755784038,0.028785981797496467,0.008631357708650077,0.011037137182126374,0.009665088961424982,0.009136824430878368,0.010995673853219813,0.009523715844206105,0.010501027153954463,0.009960310298370084,0.016121912874768884,0.035578041563858624,0.008917036206835427,,,,,
0.007245990267733953,0.024054370673983298,0.019058253262236303,0.007860641538460911,0.007643177354020448,0.00971780716806547,0.008573888922436728,0.012172434611886452,0.01098434655808351,0.0072117729064892664,0.009765727280870298,0.02613506945528785,0.007552894054819601,0.00925607893531174,0.009804423786400477,,,,,
0.00957667066785384,0.005994603662310137,0.01129885407486596,0.008503727595661054,0.024045541499490307,0.016625113677738015,0.014767377742235315,0.014091827424234244,0.010441864571468364,0.013019074619632452,0.00993058243842483,0.005534992589511486,0.010943927410584283,0.011180598613470647,0.015251449752701986,,,,,
0.036994463238099774,0.009111526823668345,0.011831337404873795,0.03888523730828121,0.010438355708154348,0.010855144492543477,0.0069409295848134244,0.0058939825199837825,0.00911337677876538,0.02926830904393671,0.012976974029389141,0.009006171163418076,0.012435258649669762,0.03463967468993566,0.011542967019213797,,,,,
0.010151164128083997,0.019337538961083357,0.019973927490579472,0.004709712817974448,0.012534760169430992,0.004151034560598422,0.005034425655130974,0.005589081370270913,0.012816297136190698,0.013947094705426547,0.028169203886089372,0.01569618817909056,0.013331856084047166,0.01064257714981459,0.005561461560769074,,,,,
0.009824242868380845,0.010822842606151342,0.005655793043393086,0.014150048308171893,0.010906866310650482,0.009513805113449007,0.01286086489257073,0.004829675799639227,0.01007293947816,0.013665392521291902,0.009306376868865339,0.01040242290258791,0.004285375028017866,0.008623692269698092,0.005223043032651112,,,,,
0.02121202854330634,0.0058542466092195815,0.012312779001404041,0.027978576650539825,0.007016185809686649,0.015721509903871424,0.012486250974008708,0.02762836047218714,0.009563391654647563,0.028199282540438766,0.0103713367252884,0.012340419923019902,0.017444074123434537,0.011734159579782298,0.01008709039531766,,,,,
0.007987467257507697,0.016615907258915562,0.010677853617965902,0.015252895093607655,0.009567458616106039,0.012021287623913189,0.011185120970086847,0.00951636041277798,0.013254132587230865,0.005512926241996535,0.023954540187385878,0.014406341331970919,0.01254406735462272,0.010596419799285649,0.011420966672331653,,,,,
0.006052513483143279,0.011089618041463885,0.01217176877550061,0.007895865394958766,0.009462417179118358,0.009002966959397365,0.005594009477581239,0.012538897549071525,0.01776243504250581,0.008128917702242463,0.0073563289109608845,0.012456747695340928,0.0064462933595111314,0.008095949453191769,0.008095949453191758,,,,,
0.01395534385685338,0.011503580714206674,0.007888594855866108,0.022192445560002255,0.012593589507714482,0.020923864966541292,0.03828623087677915,0.026246581169153516,0.013170511941738199,0.02417600468641617,0.008742233348820566,0.009766026042185193,0.017148968841981787,0.02087354335103678,0.024671643567599384,,,,,
0.009064690337364442,0.014748640125567656,0.01179027492830429,0.012515840117547961,0.011773187544417552,0.013398414631149179,0.013948466029181853,0.013737698943538457,0.008290346230184405,0.012185105195381131,0.019423801339634245,0.012226830263591271,0.011581071745937517,0.010828592206130697,0.012570219762065928,,,,,
0.010003440255220972,0.011469458993726318,0.00946310236005053,0.014268344925075456,0.015295068500508928,0.014336435092097644,0.00999452425678072,0.011446626350684441,0.0284030867933422,0.012408534423615386,0.010166258519552896,0.019911374906165104,0.0122079375273796,0.014816185944498801,0.015308479310738315,,,,,
0.01368627659213831,0.012908669539164216,0.013788953040036805,0.01199945101243181,0.012450890724674375,0.012847422482292427,0.013628453214246775,0.024869774297973685,0.01440796145301912,0.022305224179887843,0.014689790339875223,0.014504479956671328,0.016021035393863126,0.016422801549002167,0.014574158495894744,,,,,
0.01352271250597955,0.015309156954434022,0.02025780890072394,0.012964977332666681,0.016312221172442933,0.01313995455433688,0.01540202802917882,0.016045723267399975,0.014077649096234377,0.014434038337507534,0.02906646711319668,0.013381975609915466,0.014537164540179595,0.012488327870712471,0.014196549012137894,,,,,
0.017555502530935428,0.02082534187556191,0.018811987126439642,0.01934097538837941,0.019697509823815514,0.017713600800380022,0.020250766369340544,0.017659804263181495,0.018801558330108093,0.016895290483842786,0.017004405101145766,0.03624727050162515,0.01725760663791664,0.016530955871186137,0.016349204059085326,,,,,
0.026958982700286467,0.018333443231074047,0.019213620716180917,0.02332647932853527,0.035288240444389704,0.028298447009995696,0.023881239692375135,0.027123405875650944,0.020344312304301858,0.026020700395600022,0.022423089088404697,0.020329072806457196,0.027095662518222163,0.024952956865038324,0.027130767449023364,,,,,
0.02548371965467213,0.026658933532164742,0.027901010666798724,0.026500865241623765,0.027921545710103735,0.028068347022520597,0.02721494888658204,0.028241384753296208,0.027642155954305712,0.02766399645006258,0.027482287701039294,0.027606057286304476,0.02761238617835673,0.022791977735641258,0.02227187268098621,,,,,
0.02750374831088676,0.029115767213918033,0.029958077831880717,0.02779652181138888,0.02766733606822371,0.0265823707233374,0.027517830103489578,0.030063508129949217,0.028425996321398594,0.028632093150818015,0.027651243602242467,0.02978231137915945,0.02829431111575476,0.029492224261595836,0.028032149559655065,,,,,
0.025308991986522995,0.028538450641080345,0.02857315580865986,0.02736658344070429,0.03131134004985208,0.027193081537029398,0.023917701154015238,0.021529150822166408,0.02618087530811134,0.020687508228998744,0.02330291076841422,0.028366459348659626,0.023471357984392562,0.02486358175646782,0.027526841025630838,,,,,
0.03030363237126477,0.025805520352717087,0.024849326531533152,0.029177841847089422,0.023023557065993218,0.026728691996107952,0.0229298713793002,0.02765152497850161,0.022946830843897398,0.023144837556176648,0.0197789739301369,0.02298002098019672,0.02063730146859585,0.02929790108498658,0.027252374556800005,,,,,
0.01690075815034305,0.02172282851819767,0.02146579911575991,0.016071724738300548,0.01565538529830382,0.01619414115238023,0.019139728175611798,0.018918529415165766,0.015577850491393598,0.016263158576908514,0.02831338160643038,0.01812637629109102,0.019251378402563347,0.016236824756083304,0.019278302902700526,,,,,
0.015584591682015723,0.014328654220891373,0.0166998247470064,0.01440150238580042,0.030191256561439693,0.014292476499300133,0.015409940124084287,0.012458309089147707,0.015548667441410072,0.015642126833474743,0.013437771756329417,0.01343613116182618,0.013127810461919702,0.014739493326672124,0.02290224299847709,,,,,
0.01416982918121379,0.015166614847761488,0.015039435234528517,0.0120516417726115,0.014087800941225716,0.011517071615688077,0.014103417272541507,0.0428437255906476,0.011412788839577486,0.01434095691371844,0.014940470872169686,0.010256642842821228,0.01496702787615977,0.014147298777253505,0.013422129706172632,,,,,
0.011179757717326341,0.01655178901500452,0.012796982682562574,0.010983313541419158,0.009632464747596506,0.011886557647404554,0.010429656093001359,0.012180288732463192,0.012426313479322097,0.010755536839418978,0.017946782492924446,0.010617691757668657,0.010778419833104163,0.010721634805691637,0.010609414211985958,,,,,
0.0100264877480623,0.00928841965802121,0.010949021273710648,0.011470815637131416,0.009260840977553626,0.011182773051651385,0.010912809297774832,0.009719441665972823,0.012148228026679864,0.010739882147455727,0.00899720372288192,0.010661081441645558,0.009995659461903315,0.010240193839575478,0.01157659205222307,,,,,
0.01538359982051068,0.008708646118301766,0.009134517864345933,0.012837451389874681,0.009798337902738019,0.012430043589343824,0.01352326388248279,0.012059171326713611,0.00876238308592418,0.01591320460064009,0.008515918124496372,0.00931462904124595,0.027276880504957343,0.012724018484841731,0.012364591092399149,,,,,
0.009664451644940569,0.01178818504883363,0.012499874310181272,0.00842979122261545,0.007651613277339254,0.00785800163526288,0.00784243292054734,0.008088297647202482,0.008727721991169111,0.0084286758936063,0.03627766637599999,0.017175263134508414,0.008272025346704794,0.009909667532390521,0.008977472712351288,,,,,
0.00708089826690306,0.007166453540454908,0.009236444657624748,0.009051985388379188,0.013267114051135124,0.008534361199133913,0.007384127913845116,0.007410204136887372,0.021559847180483763,0.008343358086794697,0.0071068554629761995,0.007288814060315221,0.008645880821740655,0.007869874226029252,0.007919642989667153,,,,,
0.028841472052382387,0.0068855955878388995,0.007760988881034245,0.037921504324668516,0.006835269729618116,0.04256631038569926,0.011181149511137235,0.007384479129232792,0.0065737756222904705,0.019973132184421725,0.007470506661842842,0.006939574969975853,0.010966624236951189,0.012292014113874705,0.006442268890414171,,,,,
0.0062071534613022325,0.008784553460369326,0.006939574969975816,0.006660637086352715,0.006832992792645562,0.007598767105113448,0.00784809408954533,0.006708890728042232,0.007189622402381317,0.006079822091512559,0.010797802226090713,0.008018092111175122,0.0061202122560413165,0.0069021014596368155,0.007297348662014174,,,,,
0.006430835747263963,0.01911769633882493,0.005636270847169742,0.006561385905276885,0.009070732356627653,0.007893401555726685,0.007025051630073566,0.0067000420180744515,0.018303287076118366,0.006635035192951127,0.0064590042383980565,0.007053374944849781,0.006250611430565038,0.005979171141991449,0.007073935820130086,,,,,
0.02106332255177066,0.005789933999268583,0.006888184591265407,0.028392127499438556,0.005997361082279284,0.029817949829655372,0.00682297474569056,0.008347669930160038,0.006641725584271903,0.0197666445128284,0.005891616927878641,0.0073891750302361855,0.01308940367306816,0.01602378711310872,0.0206027133490355,,,,,
0.005777602812548444,0.005206942540937337,0.006116450259000187,0.008739451707975193,0.006851944147958532,0.006545308599658835,0.03274096277924549,0.016861197565091298,0.006371429203719286,0.00529240919231665,0.007196427877598544,0.007654874934031632,0.006314441959712196,0.006075981731869449,0.0056168539491771195,,,,,
0.005472141436659181,0.00843267501010707,0.015903749144873126,0.00632818619283444,0.013139954554336832,0.007347995173369142,0.0062296749548226785,0.005715264221949427,0.008819358785648783,0.005306845620454051,0.007400748433438858,0.00633509830040068,0.005784107987344539,0.007120572590648123,0.006313363722073879,,,,,
0.016515711257048413,0.005856018375120677,0.006714300579321891,0.006156810752849412,0.0064253890481931406,0.01546722369031411,0.009655994837036958,0.007033537554623643,0.0063861169032511335,0.015355652146634034,0.00578096847205791,0.006412004858295284,0.009597399233514057,0.01169098128663487,0.013107941022077806,,,,,
0.004706958680247028,0.005177159260879836,0.004786727115321355,0.004954457540604911,0.006330593486649757,0.004852444148741812,0.012229163294240467,0.014611901892922535,0.0056076117060141605,0.0058493714858120485,0.01153071542338309,0.005349618185375066,0.009759384745230621,0.006164809074522353,0.006216547332582184,,,,,
0.005204451538287516,0.00961127214382516,0.01540926691246771,0.004701790323733459,0.008060031400033247,0.005041439678796515,0.004748103007638843,0.004397016336502429,0.007748656605245794,0.004573376880172192,0.004361260119486603,0.006251441208234032,0.004949023619908184,0.0052607067972682475,0.004848968855679262,,,,,
0.00516568739430362,0.004741612278205516,0.004929859092880747,0.006584862127624205,0.004620275133401555,0.013648111195862225,0.004358285789113018,0.004410340993597216,0.009781913616939166,0.012002044331876335,0.004999856356945035,0.0042580542315242735,0.0077096915125185956,0.00470316910747139,0.010309606415148213,,,,,
0.004503085581709014,0.0049403694109466986,0.005267850316449832,0.03610065486151088,0.005383447043730612,0.006104513122536887,0.03400064950021327,0.02261599181324685,0.004864654764061454,0.0045566883893826725,0.004840604578081933,0.008028395575615816,0.021776710892750524,0.020351641050606308,0.005291122686495006,,,,,
0.004601080006742203,0.006814369329879062,0.010429656093001357,0.007625129684550573,0.007331431935294679,0.005378627376215279,0.008187886447046306,0.003993733628753839,0.006823877447257895,0.004313048923291794,0.0176637506271721,0.011167368916571482,0.005438387407807375,0.005233026479212549,0.004532935228159491,,,,,
0.004826654293410822,0.009861953755724262,0.005008148857896608,0.005310204403166833,0.0376411601473976,0.008341026432587505,0.004232089312805593,0.004258967748372043,0.04265097705868394,0.00561829667628773,0.00440291066045509,0.0032283977241186466,0.004157511594034337,0.005159596335066851,0.0049685709713106745,,,,,
0.012663414381008072,0.005078024561885886,0.004177503298660595,0.006238151520640695,0.0038434968339463153,0.011939024690427066,0.01803313594788941,0.018847023455078476,0.005059669078867381,0.003834292053906723,0.005483208653760393,0.006991932301010005,0.046459546050600396,0.043746314376349744,0.01549436337956424,,,,,
0.00445502658872152,0.004621117045845173,0.007743257675100037,0.004341815886585978,0.005414191319460432,0.003507168676646747,0.0039059954549105894,0.0033699930866370334,0.0055714204657059925,0.003516768777311862,0.02113352693280431,0.020789507272786622,0.004575998884130666,0.0032058254674502506,0.004084905985239794,,,,,
0.003622928023344096,0.015206810550946458,0.019668274862196723,0.005347254275729925,0.019874593806819947,0.003743684208577768,0.004349946844607782,0.00431184613484907,0.02636723755430966,0.006605261758329986,0.004216356726972355,0.0045733768801721544,0.0063189582879697795,0.0048390639761694,0.006434464318552032,,,,,
0.010255536526493213,0.0053418557951827985,0.006354310166492771,0.015113061633239633,0.00437039350302826,0.019897367972516056,0.005840497199560353,0.007684420672022407,0.004423478942600129,0.02654468432516083,0.00615865339220856,0.005761870407071798,0.0039653028986570025,0.01828563756109782,0.014853947278226151,,,,,
0.003936419788080034,0.004544720329671364,0.003163580767345048,0.0037084473165837663,0.00357165014897479,0.006895569671429392,0.02829940929205128,0.004504237302839547,0.004439645907299525,0.003310205027832799,0.01395703955685807,0.012192126900999963,0.004507690700633656,0.003553450539331126,0.0034554864540865494,,,,,
0.007579758357219369,0.008864090540056161,0.025685443774895886,0.004316655277757986,0.028696106597342456,0.0038519222393702027,0.0037918674550821217,0.006660393722957938,0.014572734821133563,0.006573775622290444,0.0048580528319648614,0.0034336518074762263,0.006291193361109287,0.0038390238718960354,0.005144494676778023,,,,,
0.03119848950401702,0.03359587685465932,0.004884672498802709,0.005717362576063115,0.0038225216924261435,0.028254410505693862,0.00433464204386418,0.005782930868849073,0.005078024561885911,0.016459417799037993,0.005697994433910344,0.005231477504084299,0.005699189095322996,0.00839989551948314,0.008855015826006533,,,,,
0.0035167687773118247,0.0032644468945762875,0.005098412687595441,0.006365320547096429,0.004942403200322067,0.003819467339807125,0.037506149355488995,0.004594381574719625,0.005361724422281955,0.0034930903005134088,0.004274771022513369,0.011517662713253234,0.005986540394922487,0.003952200379173438,0.004602770699761892,,,,,
0.003503931958170982,0.003802454037678084,0.012973176275705513,0.004056235152957786,0.009578295404340945,0.005764964089391143,0.004559533297188929,0.00418990131760635,0.00832748996397097,0.006693409917141823,0.004741543907481322,0.003627935528185003,0.003320374652492216,0.00454607544039821,0.005134212805062757,,,,,
0.03929532151464993,0.03129556754266632,0.0034291169362822504,0.004899516339181052,0.03439749320565768,0.007350465413985118,0.003919914118547595,0.00471521626739138,0.003631865152773585,0.038096088788952875,0.004100352315126897,0.005401782576217778,0.004562376431029592,0.013821077977152854,0.005561228390462707,,,,,
0.003808502461182044,0.004363340944390233,0.006268841167713539,0.011786177315688736,0.0046375736933830895,0.010845015649468447,0.006640163468513411,0.013050933539386564,0.005662838907401546,0.004808687639029044,0.006605261758330016,0.013112169505922542,0.02394529512668911,0.0030234702312495,0.0043256580097964055,,,,,
0.005431468185279448,0.0037747297579711304,0.0055011527608761586,0.0031363075668175075,0.004942403200322073,0.003978362265940171,0.0032806929526384616,0.00379212393094942,0.004655225820121459,0.0037074855936417893,0.03426184029070713,0.005228998189471964,0.003951626152022265,0.005181665820076155,0.002878120635166738,,,,,
0.023033411365888462,0.035503692421536226,0.006252944899599732,0.004933474540294993,0.02197328196655965,0.004946927020102194,0.005760013400109571,0.004585906412412257,0.004313725344410817,0.02972298260675274,0.004378693508340452,0.003375279805891823,0.0026288740096540157,0.004337632586869724,0.012677333205543729,,,,,
0.004243716794329589,0.0037616528902600014,0.004375731028038999,0.027163117961612464,0.0035260669348341224,0.026419120579737592,0.010007846686205359,0.02795171689730332,0.0044585181034177395,0.004279849074683737,0.007346936244565637,0.009699107629691941,0.008735704365428998,0.003478209396597918,0.003590570173408993,,,,,
0.004059670372961113,0.00431372534441083,0.011182077277438043,0.004191061751527762,0.003781851329304219,0.004531790800400335,0.0033567881492448594,0.004291120514529361,0.003529283353301372,0.0031122344471916394,0.012438178128361784,0.003993733628753858,0.003901344865485093,0.004211510028832599,0.003418037981466298,,,,,
0.012144037634082734,0.011040866822835402,0.0048511077921995,0.005509455681334642,0.014014062366831578,0.005652295495113309,0.004369280697949208,0.006730118699803719,0.00480059083645245,0.005029271523447605,0.0037314543072988976,0.0034610172607890365,0.005632818730200398,0.009556609539422644,0.004570327796459039,,,,,
0.00396726454427247,0.003696539347154646,0.004767182170090327,0.0027452970432483626,0.00310023235820273,0.024520649801218715,0.0037314543072989523,0.03569571905916982,0.006024112515400966,0.003606066257600464,0.004282877877352009,0.004473036745847505,0.009709964425555115,0.003063520761396223,0.039354635266148595,,,,,
0.007313324195409168,0.004070595811692533,0.009130719631916464,0.0028549365120951256,0.005160601540996099,0.0035373574275746962,0.030018961485414185,0.005630228253434881,0.005789486052650852,0.004741543907481347,0.020450845189402135,0.018527212079723108,0.005864482232807756,0.0046535541847260945,0.0038525113276856814,,,,,
0.003909977271809826,0.006681775771264271,0.023554400431413124,0.004260794194492061,0.0055020955664720084,0.00511009902645115,0.00308713368561329,0.0052565147036242365,0.017866671863152602,0.00827371036824077,0.003438557835531748,0.004336212336107471,0.00374394398520101,0.006713962591323399,0.004853980503931466,,,,,
0.004674129239329563,0.004373433725553272,0.0059135858941309,0.01831948625303222,0.017978546479036864,0.030464476304408548,0.004021157273002513,0.027929451390704834,0.004043427305533196,0.004742979485718786,0.004100352315126937,0.00436868708600463,0.008603971312615505,0.002860381838213444,0.02089122556838607,,,,,
0.004729495264985334,0.005395537461097528,0.005010737450025792,0.006400264401054945,0.004001113593830448,0.007639740969056184,0.0038733240702828993,0.005417064649421161,0.005793684192552959,0.0031438441727230557,0.012094953106079819,0.0390260439354639,0.003597065029799341,0.0036449629511920495,0.004554695896628719,,,,,
0.007399039865757231,0.006569829245249954,0.033739646677546434,0.004168802746790585,0.005008925576001679,0.0038993500578048492,0.0038993500578048805,0.004172844544787251,0.03606759319510903,0.006855397117266832,0.0035425774056483308,0.004991290285717,0.0036709300457197923,0.00580447344575242,0.004824504515482342,,,,,
0.004945091766089847,0.006544367473629877,0.004288929065954675,0.005496731204024405,0.012888462266132696,0.01707358389719813,0.004394066209472637,0.00819975582237195,0.0048673196714152335,0.02741717841174408,0.004766706121740176,0.007085703856577005,0.01244151383657244,0.01090734186878262,0.008882066159867367,,,,,
0.0057433297636186225,0.00540700131431471,0.00793416136240383,0.0047569025567245115,0.004535795034272212,0.004896339304584071,0.005395477376826907,0.006817032939507657,0.0047240084505681314,0.004388529376001717,0.004888387684594487,0.003739785393847463,0.004497971261359949,0.003909977271809884,0.004189823943917287,,,,,
0.007419341934015801,0.008255548911429779,0.02565595598229768,0.004042144288745194,0.0034351621008449256,0.0043879383680701664,0.0043160544279409315,0.0037091465948281615,0.019035854647234878,0.0068739094244673025,0.027277641132951877,0.002925932477029755,0.005539676216750127,0.003762686926901205,0.004737166128624796,,,,,
0.026849705368639315,0.010433167882153883,0.006024112515400962,0.017030541883190156,0.021109199268655798,0.01165799209042135,0.004059670372961081,0.005466925582105107,0.004571746227887678,0.0033293449650740724,0.00503236463591907,0.004016720733402019,0.00902339672060378,0.0379405890970012,0.01388174240338996,,,,,
0.004951643121293083,0.005932632718814572,0.005249294001050677,0.003923220807834965,0.003818109065461248,0.0048513750929568954,0.01144229234738467,0.002967736773606304,0.004097821526125205,0.003950887737337381,0.005655964998164511,0.007114879319896443,0.015216209068466009,0.0039059954549106103,0.0041293449071701255,,,,,
0.008052305202882627,0.006496388868661637,0.01822595315986073,0.0036662465515838946,0.005180977571668298,0.00505325777712225,0.00511168478258751,0.004007590249915123,0.00964306039306644,0.007253011036134316,0.030499785339437493,0.0032428254936024206,0.0034298731645274285,0.00619936665507156,0.005017978403875686,,,,,
0.0444848427247053,0.013758826694622925,0.008206671696937912,0.01335355313331801,0.006682552011136894,0.008014169276254179,0.004358583313487177,0.013080311029657543,0.003663150395225521,0.015315571907149316,0.004954457540604887,0.005314659145429672,0.007301479023376505,0.003872068413599194,0.010648819854436173,,,,,
0.004930911132818648,0.00765330781794343,0.006033415256096459,0.0058662509072753945,0.004330526675169508,0.03834762116908326,0.007877079733525572,0.004026394153688955,0.005568161031377546,0.004706958680247066,0.006170853547504801,0.004560315335696693,0.03970184781706423,0.0054552311023314615,0.027383494334043516,,,,,
0.006934714864887494,0.006793022853583758,0.014116099997688043,0.005445714566416878,0.005030882756829183,0.004459754026048464,0.0207284619138654,0.006125718616262265,0.008373416931747623,0.005852308126081436,0.017772889883075366,0.004478831024964177,0.0057061813751173715,0.004815424574775366,0.004874773661660245,,,,,
0.021610295836376123,0.00535476668035637,0.006062735206367296,0.007304142533122318,0.00879016107798933,0.006160337608731679,0.005052936998495735,0.0066564986985905485,0.01130203842249394,0.021996875068780248,0.005500504488288233,0.004904542435065457,0.007128944812929339,0.01414988793354238,0.008072410061955936,,,,,
0.006055940485177703,0.005633279134690944,0.006679834776939777,0.007417550239354634,0.006530631444890626,0.015051673876316262,0.008044531286592374,0.004644838023890923,0.004695925976481525,0.00505531027833489,0.007843466285366744,0.012867920945383355,0.023186763956808666,0.006884418446235442,0.018970465438660957,,,,,
0.006905106824336927,0.006443929288473442,0.01101735195020987,0.005612234730114791,0.006693022438095138,0.00501021983859419,0.026027875640263688,0.005086189619340131,0.006595438487686611,0.00502856241720686,0.013695369331814911,0.005838276520329675,0.007903252304044636,0.006340827071006697,0.006153650658840072,,,,,
0.019040196862583438,0.03635166321834932,0.006154440834461167,0.008835224125091015,0.013231022980791632,0.0065155231955056755,0.005939186426360836,0.010708927929494178,0.01839833008096239,0.030055365603103963,0.0051379999360675254,0.005298531125181524,0.006510346534904968,0.0065749590735124834,0.0066638972983719055,,,,,
0.007932526817756275,0.006179725566561658,0.007880577174298768,0.021046940180642744,0.0056791310967558226,0.009778101627096168,0.005473089239807652,0.005827605480699755,0.006230663614544527,0.007232376539027367,0.006640505212735861,0.007016740251649607,0.00998478863284443,0.005733443291676358,0.01819946685055689,,,,,
0.0072417387266993,0.006882157769956978,0.008111311344470578,0.006633080521255624,0.005465739466454202,0.007117430468295839,0.018094656817762702,0.006029706635055616,0.0055960953677081735,0.005569616371685865,0.005727786217490046,0.005267850316449792,0.005378145171908688,0.006683716201911489,0.00680751526235037,,,,,
0.012817435349735468,0.006884465535764063,0.009702215584399057,0.008844868948600407,0.01040877849589031,0.00681703293950762,0.005953960341356218,0.007605717971991933,0.04122936851844015,0.023452884142451304,0.006294902426987784,0.006475045500501258,0.0063440983315830235,0.013831394700578018,0.00879045611666681,,,,,
0.0068466430561313334,0.006137561690359196,0.007078333951707488,0.037020603008581544,0.02980246387128607,0.007459389184048714,0.006468784116939062,0.030089290831321627,0.006214043688770392,0.006772614368912636,0.006323625189588412,0.0068674452346348305,0.008742233348820547,0.0066232985098259355,0.008120937689616341,,,,,
0.006912473825317181,0.0067222625180604605,0.00906415386886537,0.009998934616957576,0.007964054992420972,0.006803942700959023,0.02021230936660203,0.006879754987463086,0.006445538962960114,0.006123654311408986,0.013807866018918896,0.007117111624755802,0.006255018363495819,0.007449169080437398,0.009712768516084859,,,,,
0.008984222923485528,0.008225177565948533,0.012975574986300411,0.00735681365259815,0.008820093922125792,0.006932844686494255,0.007396542018434904,0.008551172381649624,0.010339247842900561,0.01964267714487052,0.007267656743012294,0.007805639072232495,0.006847826691328513,0.011551922684917877,0.007605717971991957,,,,,
0.046458597060964335,0.007861301375743935,0.008126644197037201,0.010043060813485489,0.013245324357966385,0.007345744767196862,0.009587260347495423,0.013921130324670043,0.006992674111239811,0.007534501054068802,0.0075743246386279,0.007750831854667648,0.00823037853717391,0.007233452238621389,0.00908130514195754,,,,,
0.007825756251003407,0.0076732751362780785,0.010160261742605627,0.007852388894150504,0.00820129757943866,0.03542118905404936,0.016550555044200107,0.008052305202882649,0.006547338989640325,0.007151237930700163,0.007147655747954136,0.033670096415136415,0.007161023105449355,0.007435752951120652,0.008401863580259393,,,,,
0.00905896636881656,0.007893401555726688,0.04925948796693178,0.008318453413985506,0.007888266085645804,0.00801890070448616,0.00766752717388128,0.008022942448628674,0.02542074792157561,0.012610670661737176,0.015330825737631783,0.007560616062822394,0.008019870908845842,0.010918749050179625,0.009038903933995163,,,,,
0.03595925670612494,0.008402982468071278,0.009234233188913787,0.01733744629867954,0.03316373107361034,0.009012504213027468,0.00855693294233386,0.03318119492077111,0.008293122144554904,0.008894758687977263,0.008352522944888979,0.00928981563615527,0.011587816015809358,0.027046323998774675,0.01705656258878952,,,,,
0.008303630922877616,0.00799168716206916,0.00988870839082024,0.009205400533237167,0.0095644763467936,0.028614866538877154,0.011154588544906998,0.008554811081798543,0.009401236079155006,0.008735407477509406,0.010565935082044526,0.009927970484740136,0.025107923180172135,0.008661053350339095,0.008690162574246738,,,,,
0.008021649312068937,0.008679748283528589,0.015372532291500316,0.008637064789243169,0.010025453042823144,0.008698552113681757,0.01670504588977803,0.009142074134384472,0.009090403593714883,0.012320148960507506,0.020761419657250296,0.008376397532507001,0.009219300690857215,0.00867451776351732,0.009473374127183617,,,,,
0.01655494207807568,0.023324477969457767,0.00849018324774735,0.010797411916771613,0.018769891747708826,0.010090464385755013,0.009712902024012891,0.017662006993674366,0.00889257161354283,0.013551450026715447,0.009334932372841382,0.009083732286827559,0.010719064391767544,0.020812822359022157,0.01855951981275686,,,,,
0.008727387686062384,0.010664729810741484,0.0105510744928694,0.010232593073636848,0.009671828526897816,0.01292691434362635,0.010546649118901023,0.009887298605669377,0.010412484133816102,0.009198636414609064,0.009736470792800678,0.01815575495943587,0.050570260428723306,0.009254572779751278,0.009903646322209447,,,,,
0.009046253380846222,0.00926045590339486,0.021029188487258616,0.009482233136234036,0.010305612131880129,0.010136590961391552,0.035089051003927514,0.01103287738941925,0.016085656962356087,0.010652320257656205,0.026943730527708026,0.01153102468334278,0.009969712144480317,0.010456508331642796,0.010954941392055337,,,,,
0.01195140022739436,0.03422212423100046,0.009986314507595477,0.0139467227977773,0.013144394711667624,0.010548124449849032,0.011390184140007094,0.02205088168896584,0.010390074476292876,0.017841978027041114,0.01023085043613487,0.010595195975179184,0.010754964140769343,0.009696433323231217,0.01211744699403736,,,,,
0.009307108369452251,0.00993335688667788,0.010764725989646793,0.0208139905428395,0.011068579407110122,0.010486352817662227,0.011694502403563766,0.010013967109641113,0.010802214742422048,0.011741119637764806,0.010873048519508823,0.022564688387648385,0.031579304226205696,0.011180598613470618,0.03037137063001127,,,,,
0.009334932372841418,0.010725504384381456,0.01294808817214989,0.011907920682712507,0.011466208049278158,0.010961893445638212,0.01416893688971735,0.011094557353893095,0.010697418225993746,0.011645833666099524,0.016492926023882016,0.011579728019788113,0.010803085025992537,0.011040661284895755,0.011728826266271924,,,,,
0.013124624480763796,0.03301394817723438,0.011198300745289533,0.01266425915731226,0.011515720421606254,0.011217535638552198,0.011734573984497117,0.011961567883908826,0.022441818378159607,0.0191108952388648,0.010768941334598109,0.011382212046504447,0.011865484013197475,0.018043469871736346,0.011066206762064698,,,,,
0.010114307223947322,0.011095463142958917,0.011986719409795855,0.03330375975393068,0.011482030063219979,0.01355946170990297,0.012839951200948493,0.012371484723328984,0.011826623571583551,0.011513693333165048,0.011945973938702642,0.019735540875826574,0.011724098868169554,0.011285533199912762,0.05095904258337062,,,,,
0.010461591619428523,0.011944644122016275,0.01677234762396629,0.013144986619326003,0.012617455539306656,0.01819946685055689,0.012359346213737936,0.012975974728289192,0.012633683322300283,0.012162176689725183,0.012820470091824545,0.012181779112285069,0.01197243094421562,0.012219748910526742,0.012201562597100628,,,,,
0.014880811197636562,0.02110608146013487,0.011164814012614856,0.013106061258013935,0.014976360406523278,0.01260038358290734,0.01270328781790249,0.015829683973000736,0.013508512809625898,0.018427556658249494,0.027227727488425436,0.012911055125188831,0.012718182638017555,0.017214930576630712,0.01738472656235271,,,,,
0.011303415159845169,0.01242420012297148,0.012629576993993495,0.0263616304391186,0.013808899025182255,0.016095106261241474,0.013508512809625872,0.016281646553565596,0.01264478938571195,0.012860159074357965,0.012885317741659607,0.01298009634946674,0.015137409968052983,0.012387118765168511,0.012856503324414079,,,,,
0.011610147623987651,0.013009907905029625,0.013822016179298131,0.01269777434864771,0.014973178039362451,0.05256068172005032,0.014554993956475885,0.014797093872741977,0.01342406180966855,0.013919360379593383,0.013470806412244631,0.013094950303604547,0.052648185839032254,0.013430435779131791,0.012878673982826981,,,,,
0.01512969818762918,0.020984619966378716,0.013758826694622948,0.014101026496563907,0.016354695714886347,0.01494480993299515,0.014291047447857622,0.015537592303752602,0.018671670523247575,0.019125817176166335,0.04797161775971046,0.014734741787751731,0.013676205965022479,0.016740793079530046,0.014038099910161615,,,,,
0.034052059737080476,0.01387681397259691,0.01370310761136043,0.015332327027747915,0.02116387804081361,0.015160201016594118,0.014477634285555398,0.021010017710712432,0.01500421513828018,0.014705671246624719,0.014708316397349019,0.015072787986968789,0.015960215046277856,0.0355104487376953,0.015611278144464965,,,,,
0.014662067915482387,0.014906234882045396,0.015720850034566653,0.030150683684985375,0.015331164069363055,0.03841198550814829,0.01573816243480697,0.01513226921778324,0.015542849285190365,0.01616173855002215,0.015346972752735681,0.02928430995108638,0.052800678999991864,0.014866709331391299,0.014853423472660379,,,,,
0.014962500261060704,0.015240562784494689,0.026006605743888418,0.015085687251620588,0.01636579235081145,0.018088062502612096,0.025484635569227844,0.017270000325362432,0.018873648789855438,0.01798417151327129,0.03681578208999433,0.015605379461940287,0.015495702379510442,0.015789000224750934,0.015749631711787948,,,,,
0.046825963425791685,0.01808080239217059,0.015702197269742767,0.015735195947540817,0.05253612803830878,0.01653032831394804,0.016078077394214144,0.056859604656983115,0.016030118319474585,0.03162088392279372,0.015452461164034568,0.01610630123346101,0.01576039329143921,0.05167278676959396,0.015413410904796632,,,,,
0.015181548562293621,0.01568610591155426,0.016353169338596433,0.05855285372000347,0.01694036030831478,0.01679793842732964,0.01649168764872523,0.017170883548618412,0.01631436739706273,0.01622420131032566,0.016839938663669944,0.05324668080072589,0.04527919777496775,0.016297408497610327,0.01548733173054571,,,,,
0.015060286669960149,0.016809513900227877,0.029094258840718683,0.01632374388206249,0.017058387112792048,0.01701033321230033,0.039610157779262904,0.017216983101464623,0.01831249492351923,0.01770876855028723,0.03888019311315815,0.01624975760082733,0.01646351406281586,0.016257675881788093,0.016295279933790357,,,,,
0.03530547062795368,0.027882041818543913,0.01750623919497597,0.01775264972284491,0.03089148202670203,0.016868252286855012,0.017579437002808253,0.057690289135330336,0.026546442911232072,0.02472859225405735,0.017121725356243487,0.017048863228720405,0.017048958303746826,0.030956813551161953,0.018015293747844205,,,,,
0.01599999744985728,0.017111725210494325,0.016659261623987683,0.021456448692402475,0.017957473013759113,0.018988229617993967,0.01796424158949899,0.0181246413904219,0.017895534887594475,0.017540002464905797,0.017623180322906763,0.023031722356774028,0.037167113502267986,0.017119093308614476,0.024694706608830032,,,,,
0.017520011364784337,0.016905974765331268,0.021107970630625198,0.01759018491076623,0.018730107748266348,0.018893974939803156,0.04044628962620513,0.018374068474232896,0.01901007043525446,0.018215989713492958,0.03759303709109656,0.017787968321245375,0.018364732626160937,0.01765772977409482,0.01752578356998744,,,,,
0.017435727796078302,0.03597118203097682,0.017878135626159586,0.018266125307087953,0.019384422864460002,0.018567762558826046,0.018406926806313176,0.03603706511175366,0.055466889820705724,0.030676619166280648,0.018476188277390584,0.019004749049473524,0.01850445098116253,0.029795316302082115,0.01848074970146352,,,,,
0.01744688012031189,0.018945841385137815,0.01853700824810725,0.020355384065717907,0.018820739404587065,0.01952439909289257,0.019082919133324147,0.020161562437526724,0.01932682344509408,0.019331117072310455,0.01907532388046292,0.026862452556925414,0.020124948635708483,0.019452403796718927,0.022696479206846396,,,,,
0.01832811995977658,0.019748792582282248,0.024471047688126128,0.018960619654746998,0.019314054331316062,0.043113762044749454,0.038669369171753225,0.02016863611737112,0.020034326925130595,0.020024097616153005,0.027586039512378566,0.0193066675477771,0.020454015327365203,0.019460551547317108,0.0190514479582299,,,,,
0.026160064408728128,0.019731055941878378,0.02078032055971389,0.01949315838588701,0.02611789637391236,0.020371431409719934,0.01986279706614863,0.021637281543587794,0.025241693220556465,0.019997609856497282,0.019945585308589354,0.020353472824856285,0.019913393697850865,0.027940116450204742,0.021091330900540477,,,,,
0.019699566988675338,0.020377239087382794,0.02012216165166202,0.020563274987742502,0.02073446665561646,0.02188244806983701,0.02129500620132917,0.02035895123527303,0.02126217418828525,0.019698563119062592,0.021274657845724354,0.026019765973359168,0.021899389697020568,0.021089532470781436,0.02093563675966434,,,,,
0.020135448716053293,0.020854960110281737,0.02150780310656684,0.04454080499147739,0.02160202847245238,0.023551716444527707,0.03350020041326382,0.02169139136713361,0.021955408080970146,0.021449557889452294,0.026725404907754543,0.021321980432842624,0.02171409639453748,0.021306953319646688,0.020575962098468036,,,,,
0.023765081963660718,0.022597708149731794,0.028174163610591958,0.023248591490288233,0.0223659954389895,0.0218864329009543,0.02270219188733123,0.022640862537925816,0.025878080574786803,0.023406185613748895,0.02210456570296464,0.022039117202283118,0.021947433199891307,0.02243622724143331,0.021656091651958174,,,,,
0.02145468086851323,0.022470878519622164,0.021833326160740206,0.025095059865369057,0.021749301966624394,0.022728109399465977,0.023048424028843776,0.02267119761732845,0.02332080836506612,0.023155984285397464,0.023333663349052812,0.025313193019013802,0.02827437931484874,0.022522985776519282,0.03883514152329187,,,,,
0.022713612937927896,0.023072041787485016,0.022596043960630835,0.03590637888713667,0.023837393280905984,0.03217731915985147,0.03025185310579803,0.02392855559927998,0.023433966887598138,0.023090020055667477,0.023653301966041963,0.02308149616956707,0.024380903268251496,0.023887863318630992,0.022618872830410947,,,,,
0.024989826486702244,0.024421915632400506,0.02451529475083529,0.024212879166718503,0.02869153087397684,0.02382742250078547,0.02469969463765638,0.03212012316637271,0.04242019793340077,0.02458121927484985,0.02920914600951914,0.02370410926225149,0.024876447479558333,0.02601641423619937,0.02472513104353226,,,,,
0.024551237113771544,0.04333532027553944,0.023214472662681732,0.024695428622728402,0.02485767459024661,0.025197666727574366,0.025054709459051847,0.02517584995447028,0.025421066738999958,0.03997939445703259,0.025027794635470627,0.026978840892396466,0.025681619219312744,0.046681183359126965,0.024709720153596428,,,,,
0.02454331317615936,0.025175077332843278,0.02546661653643581,0.0364467744074019,0.025282642783687817,0.028830724378406218,0.028722574984253922,0.025482091280841838,0.02611676682334797,0.02580085919711821,0.026888326678545394,0.024850370192237306,0.043792198794423406,0.025571307692284873,0.024613970446159074,,,,,
0.027608687651390938,0.02685502950409163,0.03133328199630824,0.025810745876494665,0.028712403802632753,0.026024699343695685,0.0273614062397232,0.031221144163220246,0.04249796281901281,0.02658056572902582,0.035284528792058956,0.02718769243837771,0.0267762065199041,0.026901441195792745,0.026031176086816953,,,,,
0.036775615438777845,0.03517675737812454,0.027328685469824962,0.02788297196483029,0.04543849279421829,0.027599198369974882,0.027447018179718306,0.02792219589458804,0.02811773691590938,0.03378903630650782,0.027143060169524086,0.026956998481694982,0.028086762987837386,0.03916603809788136,0.02879584554046029,,,,,
0.027778566971444773,0.028558402468155716,0.028231637331837013,0.0404392115846838,0.02760628040735636,0.03311320320280932,0.03143096482453013,0.028738417241829867,0.028913185562017236,0.028132260410333988,0.028569695132042845,0.0670216290431579,0.05597089368419748,0.028694163416311886,0.027515379564732014,,,,,
0.030957064882309947,0.028930077658371883,0.028081222149544616,0.028454265499201176,0.031800363021088504,0.030129914100569928,0.06255700382869915,0.030494140767462725,0.030945805339372797,0.028996876849191753,0.03691300844483165,0.029498500153608408,0.029539233513954228,0.030092565980482284,0.02932452276153586,,,,,
0.06462281393831643,0.03515823778000189,0.0399965490087919,0.029954668930742466,0.062270287376027425,0.030969094974695084,0.03076800042072803,0.030469413520785884,0.03010997000369415,0.03247819146913081,0.03051964465324288,0.03027537675103222,0.03031393269520283,0.030186617511872484,0.03219120952834736,,,,,
0.030991865016948002,0.030963598776099784,0.030413013520940443,0.02989646295742916,0.03106428095857069,0.03492759890033919,0.03135401956724917,0.030497287399727988,0.03160201415713506,0.031082475918103265,0.03337913390086673,0.05549524670847627,0.03936587789356431,0.030431182407382358,0.05849987194223203,,,,,
0.03178551653159483,0.032399250677344796,0.03293084798248386,0.04593971595791169,0.03209503251496726,0.03186935513557454,0.03389731776846437,0.032258973835854333,0.03381297541893434,0.03156074857094918,0.03327719428811841,0.03199655024677993,0.03178714835308832,0.033285064861826925,0.032525838741197764,,,,,
0.05725985530493979,0.03760697015270243,0.06529638555377666,0.03280189940367565,0.08032317920291691,0.03347248338091951,0.033004402105784196,0.05739264248598098,0.034105550256331385,0.039359124465885936,0.0328986902468722,0.03322009637960259,0.03497842526395124,0.0378348910829039,0.03611100735696927,,,,,
0.03417658578869801,0.03443479468571001,0.03360263086147613,0.03686109425052456,0.03491269870236481,0.038490798846363534,0.03472014161532418,0.03442142355108936,0.034675677927617915,0.03483379341888035,0.034218334833530845,0.052208080975754544,0.03482680344055395,0.03389463981553088,0.07869575569823586,,,,,
0.03481343387543634,0.03582015132456442,0.03560665067784003,0.03554325337701633,0.035909313069450555,0.07923079088995481,0.03769548315511902,0.036384742966802476,0.037958758996600284,0.034917573298648676,0.037733553797140024,0.035820106072754904,0.03494111034348655,0.03607550200223344,0.03561578144391173,,,,,
0.05196512232120679,0.04010849712496508,0.04250625391909359,0.03543561013339768,0.0553427505914835,0.03754720952751327,0.037265502386683524,0.04274364517720478,0.04178375460869639,0.04119334039206932,0.03585303427598876,0.03749619069907427,0.0369786425110907,0.03573904070317274,0.037859286070187174,,,,,
0.03772216843677556,0.038119057972449466,0.03768660680127196,0.03837550874154376,0.03818498769835101,0.037959211638093224,0.03813292635760454,0.037164034379896176,0.03851480364004291,0.037730495124640516,0.039883230002956904,0.04330014599490874,0.039270786701677406,0.03608304970104631,0.045506370549820215,,,,,
0.03950900865914471,0.037835653664341294,0.0392358354727573,0.0948325839961517,0.03927243769133563,0.09017637553366234,0.04367793547953201,0.03942797981957733,0.04052681833294334,0.03910672843964044,0.04065032291950239,0.03991573018864536,0.039733851812567486,0.03967431239424789,0.039050251017746056,,,,,
0.047338520600138455,0.04064917450752174,0.043063661945039224,0.04020975874230679,0.0458556990798152,0.040500956427274915,0.04110381020134003,0.04361155308833141,0.05716407636886632,0.04327000061127846,0.04072869715161569,0.03963850655909121,0.04119519763318667,0.041851789048574235,0.04185429868638709,,,,,
0.043009878126877114,0.06003325207232808,0.04192673447962999,0.043465254905344634,0.04144018606269095,0.044679344666736995,0.04379229503078853,0.04346048121020693,0.04168180583852025,0.05975795051437784,0.043012885467275566,0.049823054365637005,0.04107600706356037,0.07090590315429364,0.09372524244833035,,,,,
0.04280909399374786,0.04393121012475096,0.0445020307140658,0.05292713007086966,0.04371413325496859,0.05480237496588268,0.045347113799940886,0.04488248109487992,0.047691667794908923,0.044623439904134775,0.047574477292157434,0.04478162168682211,0.07020655213156253,0.04348157847269296,0.04270367183892046,,,,,
0.05076428291103545,0.0446188991064093,0.048696842209260065,0.044370894540499965,0.04586242185288527,0.04304378332164583,0.05624720393548569,0.05035810572415045,0.07007628448010517,0.045237709829543005,0.04640547855550513,0.04616818176322445,0.045117098569823794,0.046495816419964336,0.04626069997987956,,,,,
0.0457876099262113,0.09343729735132605,0.05714234045158297,0.0475364316627079,0.09717531944948414,0.0463042678985502,0.048132502490296956,0.04652121672712212,0.048032447172505155,0.09036700086838383,0.04779404414160378,0.05939568502750062,0.05276981753165164,0.057473450219283226,0.07139757722213573,,,,,
0.04847264383703649,0.049135896473381686,0.049016332182339,0.05203252318209765,0.04977436674812301,0.052342678066822614,0.049942894327839486,0.05186662890346933,0.05117345724504021,0.04931394995824127,0.049209676221020834,0.04792568968032494,0.10340782860337835,0.049332747738353895,0.04948627954702504,,,,,
0.0559551603178158,0.050425526595242645,0.05222218080492532,0.05075418550323627,0.05132633377474773,0.05100237900635981,0.05260200840939777,0.05453670934391294,0.07335983262209353,0.05537707234137187,0.06277936185648514,0.05115529150426209,0.049634555708388976,0.051480670699413776,0.0505301334565539,,,,,
0.07334349777502719,0.07303312954001223,0.10711187224346716,0.05514617201425341,0.07021552353724358,0.05339405876405791,0.051156787079198435,0.055491338491095936,0.05267738927315697,0.05486725950383103,0.05288428587689212,0.06529276609602964,0.05373366601213779,0.05891240546125698,0.06670644276227775,,,,,
0.056332423037164445,0.05678859372419837,0.054588994534751994,0.05467577243111279,0.05713562288013949,0.057241282088218305,0.05528266997474847,0.054819545061541304,0.05933408072118592,0.05469815661451001,0.059064829351158865,0.05740153826054499,0.06004046616276137,0.055338860895225994,0.056639144916118885,,,,,
0.06032557638614959,0.058622324820158056,0.05738303914998259,0.05456404648887414,0.057122679115633214,0.07238229997210377,0.06264100329317923,0.06079864215337866,0.05932468783363427,0.05949112437469939,0.05896916735272251,0.05954630566567012,0.05938187999304722,0.058956098261120506,0.05858408855748032,,,,,
0.0647027487566628,0.06314246350270078,0.08282435249784167,0.06101512437704571,0.06500760840248333,0.06169022960326344,0.06775294393923981,0.05926388496328302,0.059144980351948324,0.06467001770933688,0.05896037063879264,0.06167300640616181,0.06443866402403592,0.06420757740792767,0.06424228001950874,,,,,
0.06293189831419764,0.0630414703176279,0.06370492414373811,0.07091745577615544,0.059149425433472826,0.06674997305985028,0.0646498225452692,0.06443576615463749,0.06630041817843106,0.0636778456796203,0.0638686562902846,0.062449847065745905,0.06436275822331149,0.06571212720169639,0.06368065586014993,,,,,
0.06505572395970605,0.06572212647108149,0.06720265199337017,0.06373357813147777,0.06665988833193198,0.06446200824951583,0.0672589581722855,0.07057359158887412,0.07050281503465597,0.06672150182227886,0.09570981918148493,0.06703967838074729,0.06471337489252742,0.06650250215045228,0.06623254947586898,,,,,
0.08260185641978326,0.07163432916500896,0.07485582177837581,0.06925991314479926,0.0730378745461002,0.0698698380413864,0.060876105707461006,0.0936074694077741,0.06971305813869647,0.07131338188311338,0.07277496978237957,0.07340773338707106,0.07263791003000619,0.07368620908073784,0.0755773882116428,,,,,
0.0741552379190317,0.07145958799208452,0.07141874672447375,0.07414892053029686,0.07287977398519678,0.07356443048457725,0.07325601172492,0.0726623410074217,0.07921206116738828,0.07284633795641046,0.07298357485319094,0.09767140009359469,0.08625684059963945,0.09358552028286819,0.07521690133627461,,,,,
0.07451908572994068,0.07790186684894788,0.07841351461794563,0.1248162837920855,0.07936429143989895,0.08947964537394534,0.07561924161608514,0.07525929982367525,0.07921120989716557,0.07902466336991386,0.10073363007617807,0.07959352463702088,0.07574196235942014,0.07879087454338163,0.07532553841804286,,,,,
0.11528853784327199,0.09048745817265436,0.10844679652047734,0.08248736505848504,0.08838672532945949,0.07896132675283175,0.10126197666237602,0.09310271969968545,0.07500087110792877,0.08988975710285914,0.07935582733855653,0.08660714974544903,0.08349188644629492,0.0917785178863053,0.08478978535340204,,,,,
0.08437557512894667,0.08295085835973513,0.08669246319016462,0.08548472299467208,0.11428883367675619,0.08674875033637396,0.0836572866526076,0.08741120798704848,0.08725214762202689,0.08780410009609546,0.08686067029878454,0.1250814252911555,0.08793715266369098,0.08539876484660826,0.08605253794736355,,,,,
0.09055000042147036,0.09007272210326156,0.09517254264828964,0.11202400401030657,0.09179281534087032,0.09875712393446093,0.09240689193968692,0.09168114554320163,0.09935357598924417,0.09030563501005348,0.09947079009604752,0.09651856021451716,0.08667555907186843,0.09153118462314358,0.0898870738456902,,,,,
0.10596869825054885,0.10450545027566255,0.10805296731251471,0.09583925353408942,0.11274570734883303,0.1023255220426513,0.11353678598949961,0.09222051491792317,0.12942992329843026,0.10144669830307795,0.09615266257144904,0.10030932855719112,0.10155666071774572,0.0937297631060854,0.10796162531848516,,,,,
0.09859868116308866,0.16421190493423915,0.10592441853954827,0.10629870616039222,0.10722874432124713,0.10222505742741067,0.10205894675112749,0.09677944053833708,0.10681837388722233,0.10991066173665015,0.10149503332773799,0.16086646678965313,0.11363655311339715,0.12936500483115296,0.10661769862832103,,,,,
0.11094502127587358,0.10551405092120822,0.10562766986578412,0.13830582772157848,0.10690225949837963,0.13892395848236555,0.1151811614896672,0.10784553544174835,0.10658841940837095,0.11299048030168059,0.12098945072674865,0.10737027458744411,0.10798704086892082,0.10726148473219109,0.10652309301666982,,,,,
0.10979174302083378,0.11631311510822549,0.1398832055343466,0.11940728444788949,0.11761792913261414,0.12148818035289265,0.12430297874266076,0.12253611868091316,0.15438592516665653,0.1274252767619912,0.10740146264412705,0.11961881181549926,0.11944643036391199,0.1228080442626369,0.12116158472955715,,,,,
0.10988911623558795,0.11764855266312993,0.15957092977694612,0.12892368206422952,0.2013691233374136,0.1301975090728351,0.12125484048026025,0.17054533336821737,0.1274314944382891,0.2139925385706546,0.12887163293196355,0.12733817450340132,0.13981788196346834,0.22435334119725317,0.22523236798172575,,,,,
0.13196641108925597,0.11797834998007403,0.13397803915677017,0.16611024031658034,0.1379211342896935,0.17009677409433047,0.135682033918811,0.13675133539652728,0.15183382964213576,0.13471653259547645,0.1633786519079147,0.13819214518828624,0.14398479132413172,0.1366713629325841,0.14555148976566057,,,,,
0.15079427111685964,0.14234282236765514,0.1448727402492718,0.14683389011234851,0.17064820613614606,0.1492939513038057,0.15493392323000194,0.14721824817280293,0.14709829209712003,0.14635708668527375,0.17678470312148628,0.14713481666445485,0.14793749350413635,0.14735481896671346,0.14615162038828522,,,,,
0.15172148018106021,0.1410046897369337,0.16841330643668825,0.15560317228188347,0.1604816047282883,0.15703601124433977,0.15896748486780388,0.26229206219025714,0.1450814411289927,0.22480845297508495,0.15795646376494557,0.12902283792746524,0.18117266209154234,0.12763463590962848,0.1742300525282983,,,,,
0.16010302409601043,0.16445242176308109,0.16533568606565616,0.18596438882603908,0.15663467243959261,0.1832826128519304,0.1702841948142146,0.1696958978495253,0.17224763714681926,0.17021084507534923,0.16573045683021906,0.1573115403262235,0.14413529455124657,0.15857909148150767,0.16992147944390293,,,,,
0.17357983655575632,0.18081240591114867,0.19684767072057752,0.16161649488691943,0.1871226744158573,0.15211051471824927,0.21339673294025435,0.1851860449578851,0.22265758401872204,0.20042124235509365,0.17004741400420867,0.20222311215051683,0.1858091176740545,0.20137244776348404,0.19837361455584454,,,,,
0.22316438155400575,0.1772394251059062,0.3160021468536505,0.19709730509335982,0.18331108256142428,0.2030378623087987,0.17553341102448797,0.36033808455894667,0.19854539912368108,0.20070094748497594,0.22244157332693734,0.22289593296795185,0.21884609597458332,0.22276671941965964,0.21478293623265537,,,,,
0.23425890737692864,0.21468472074497286,0.21534044705804706,0.24714963688908664,0.15915985350755982,0.2576077921745334,0.2452884539134943,0.2466318140878296,0.2161626182773094,0.20151571299418916,0.23914388144347634,0.24569536785536672,0.3828977643960243,0.15814065715604106,0.2397912024104665,,,,,
0.27825532918893614,0.2592206136136083,0.25320302958669116,0.33897898378136837,0.24380328179954122,0.3514529306777986,0.25352374414423956,0.2788243701823847,0.3093416767496299,0.24224983906048497,0.3980295777874332,0.277170675447498,0.2735730453767967,0.2695145680780453,0.24292532390896715,,,,,
0.29179627831286886,0.38009260222838137,0.4107959002207645,0.29865620768996126,0.2807630189223252,0.35428001000429854,0.42698413942694846,0.4386799300795944,0.27083900211388984,0.44696257603743494,0.30557011847713694,0.30332717120691305,0.30372821303708386,0.2984889883820913,0.2966488986958108,,,,,
0.25856128140366613,0.3763553394475912,0.3362104069684273,0.3494920681756056,0.1725532522977114,0.35222645067310215,0.35153054970748576,0.34696986871899177,0.39417846699243353,0.3430004532732328,0.3399876263110759,0.3069066650678307,0.26781687618849903,0.17477325161449633,0.18363673440110492,,,,,
0.4219964559452389,0.376427102823961,0.459116147204529,0.3713064266476019,0.3974192831779188,0.3440526805925615,0.5774364970877052,0.467971662776743,0.487790476899512,0.3894713599473277,0.5151866065894195,0.46333932533819333,0.400302797764788,0.3968029805233585,0.4524110643695145,,,,,
