0,1,2,3,4,5,6,7,8,9,10,11,12,13,14,15,16,17,18,19
0.24231024824686356,0.027880440597615762,0.008537526495523471,0.005767765453068197,0.005567533734644942,0.003559317518771197,0.0070066160956255815,0.00345606524615576,0.011973000741886824,0.014752305075597197,0.01872479420714914,0.025285125987847358,0.03831153603746763,0.0039367584967034235,0.04486824423789166,0.020163168589603375,,,,
0.2423595129281186,0.00494282846863036,0.0035998973684174674,0.004834654009492451,0.004924492546174201,0.0035300463185447425,0.0034501496532544948,0.00332524643153593,0.005684869471663828,0.0046952943023830405,0.0036563782059780246,0.003404645776798592,0.0036546042122749195,0.003350986648388693,0.04466312778795271,0.003185810612130567,,,,
0.024357016618430247,0.005563105901083814,0.003481490204753269,0.0025738862568928387,0.005298436304801382,0.0037608559374575907,0.003493390862920587,0.0037654225419943115,0.0036934352515476995,0.003262740851326478,0.0031708141582384285,0.003605926974624834,0.004143495707451798,0.003268598826927733,0.0036730118664132284,0.0039859509588530155,,,,
0.021772747763933193,0.0053350273081974675,0.0033954909231162177,0.003880347898204452,0.0038346219749650643,0.0032908428563340206,0.003365276634958239,0.0036616064798977973,0.0035865423113384002,0.0041164886645274805,0.004018357597555551,0.0032899559827659127,0.004144199924499198,0.003635300728880056,0.0033103919089696606,0.004401521887825398,,,,
0.02058875941738275,0.005713032418950216,0.003728385266147511,0.002554666558271408,0.004558503267190819,0.0037303849365867697,0.003209436948245691,0.0034782290294689345,0.0035509267621676877,0.004616109263814228,0.003369128389263427,0.0032025597199330427,0.0038455142501450067,0.004293302665915402,0.0036238661280532866,0.003390904227593254,,,,
0.02057596770734984,0.004920738092250386,0.008004374157698243,0.0032033695719423864,0.0040811282194163825,0.0030663232344722794,0.0038006490176591998,0.003926201954309245,0.003784919060842208,0.0039839167913519645,0.0038834383784383825,0.008095364484066652,0.00388243633007224,0.0036332487262926254,0.0034207026027118213,0.0028277958823294527,,,,
0.01826902817053392,0.007043309745651426,0.0038286137805141657,0.006223702170178007,0.0034994186718149654,0.0035901566852388957,0.005265594884946103,0.00320053419337541,0.0038451769687121483,0.005776528498019677,0.003280975239349139,0.0035632325097437025,0.0037429669570696053,0.0040408073716535564,0.003444035613976756,0.0030185788567733693,,,,
0.018307129151425478,0.005743823947527513,0.003795612273001074,0.004826599379570014,0.0039016805560922086,0.0037338600735243553,0.0035600462151692946,0.0033909042275932304,0.0035651429195902866,0.005581725669990893,0.0038963583413382514,0.0035266461664084313,0.00392859615630593,0.005439034197020852,0.0056599472460627746,0.004791539524493076,,,,
0.016104143902467637,0.005711272755085172,0.003723424932508375,0.004156699424832023,0.00364598809790038,0.00397748198426632,0.0034799997609732502,0.005664242135194325,0.0033844915714950933,0.0037802044648408153,0.003802013764421777,0.003699049444796263,0.003817673286592272,0.003919589677368174,0.0039453970718322144,0.0049813159981329045,,,,
0.01407519810520595,0.006605044715494802,0.003933462620620854,0.006390523630300147,0.0037814908466875653,0.003849475093371026,0.005257152031326358,0.003500808230712891,0.0038150394999478016,0.006434413299233576,0.0037543842696791197,0.003799710469918778,0.003218718045110175,0.0042263203573752895,0.003580661172396858,0.004970368610512215,,,,
0.014827195250762834,0.005918917371448038,0.003932803113952102,0.004230307886995088,0.00831433484998792,0.0036672693998807916,0.003603498346979426,0.0035008082307129355,0.0036726587431257837,0.0038996855767691246,0.003819711099976948,0.00353325966713799,0.003844839657691824,0.0039030099758014343,0.0037509281479214565,0.004425398459637295,,,,
0.013193363734947804,0.006132646468944557,0.005118463273343254,0.003904089795984221,0.0038058494909271987,0.004363121916100699,0.0036332487262927455,0.0035097807633203706,0.0064387958831845764,0.0041498293587326745,0.003834621974965173,0.004513828850083585,0.003633248726292733,0.0034710436585940595,0.0042180265201385726,0.00594357200337052,,,,
0.013082725349103205,0.0067706594696852265,0.004330300318195229,0.006389508794316847,0.003624313469230382,0.0035560365371072717,0.0038006490176592882,0.003663465590426869,0.003581113910601455,0.003932803113952063,0.0038075530179320495,0.003767746797411082,0.0036947518434875147,0.0038696374682591988,0.003626012862384618,0.004568095564368629,,,,
0.012906263556788679,0.006614855407445559,0.0047942455390107075,0.0041426348351557936,0.004664810454562467,0.003783633844539846,0.003626817560165729,0.00350793263472967,0.003731775379699603,0.003936758496703228,0.0037771153609350897,0.0036438531317691996,0.0037958685399354032,0.0038494750933710555,0.003546906774836348,0.005190426716942811,,,,
0.01195543937016926,0.00643597525184424,0.004291489743321089,0.0037599074565853,0.003969975139218167,0.004121919961868324,0.0037457379861052325,0.0037546433505634314,0.006019461997000065,0.003943341984720051,0.003850148873640275,0.0035197438891410807,0.0037619765610930104,0.0038824363300722265,0.003998215327369743,0.005547639099602364,,,,
0.011419451011826377,0.007241958899291292,0.003967605906928053,0.004976887813506365,0.003738806562723123,0.0037308195057262623,0.004531035922293911,0.00712714745894558,0.003951227690853095,0.004103866692645163,0.0038332688376199074,0.003808234215364397,0.0036994000489811176,0.0039480260223633415,0.004178483579388014,0.005703944453253023,,,,
0.01612038385632174,0.009169313979787925,0.004515049842372077,0.004224785689995582,0.00411404618206767,0.003780204464840846,0.003876334954934233,0.003866703669975561,0.003816314139813621,0.0038790942993847687,0.00395950715754705,0.0036138311731631237,0.0038535160078476153,0.0036459880979004015,0.004366390506546271,0.005757862929769025,,,,
0.010258283987262477,0.007477613125446142,0.004426790336292716,0.004201081018035015,0.003866284374203414,0.0036446538906255953,0.0036912398880875456,0.003758096055647713,0.004454900469074999,0.003759907456585322,0.0036268175601658357,0.0036881641838531587,0.0039433419847201695,0.00588485548761222,0.004167216715820531,0.005269472824505692,,,,
0.009815083699041587,0.008574815729272257,0.004557934201179449,0.004363716387377458,0.0038807656744890492,0.0038623407689889057,0.003981963012923269,0.006521256818694742,0.0038366507861691294,0.003919010572333387,0.004072140603607832,0.003768521230661801,0.0037942452236957034,0.003674071032638987,0.004290280702659391,0.00563531757041631,,,,
0.008696281017707317,0.008568271554572295,0.004198610520309987,0.004519643560810528,0.004125929803791966,0.004088034425402643,0.004047622162590442,0.0037835481479305587,0.003873657349845051,0.006057103969902322,0.004092235941478057,0.0038515802653520483,0.0036919425464270227,0.0036982604638531274,0.004262606319672549,0.004435571045776283,,,,
0.009276364916202616,0.008428824135827484,0.004310412179655797,0.004455409920785702,0.003992372115877153,0.003872401585118646,0.0038857754863875263,0.003979356482831508,0.003947040371112794,0.0038346219749650907,0.004106157303894166,0.003879679362575012,0.003731775379699604,0.003910728280282138,0.008743912669635787,0.004718921259847448,,,,
0.008938431430978304,0.009134167990354373,0.004483629890776228,0.0041566994248320955,0.004013190120609821,0.004188326899457701,0.0038568802024801178,0.005242328856453723,0.003776771971201978,0.0038024401473324785,0.004294208840196354,0.008666289437961203,0.006798569191248747,0.003703954883365924,0.004726610606191996,0.005556107400513275,,,,
0.008345319379225231,0.012628224729865845,0.004327304192244473,0.006386666395678504,0.004314021359100999,0.0042063260079458,0.0038451769687120625,0.003841464918467236,0.003948026022363359,0.004513613346569576,0.006484609189764734,0.004021261385190345,0.0038767531636716857,0.003733860073524335,0.005038270843379396,0.004373735903970607,,,,
0.008395483281044296,0.009685223097035508,0.004531035922293898,0.003948682986511733,0.00413534938867966,0.004589057387899836,0.004126558445063818,0.003985218778164346,0.004205632193686616,0.003925623824712551,0.0043264049498577175,0.0038006490176592314,0.0038954428533725417,0.003974219880884685,0.005006443003251262,0.004179026728328667,,,,
0.008426323337802617,0.009710132100498318,0.004411896516040715,0.004182516715904976,0.003934781302339198,0.0043809209643667964,0.0043586607971303,0.004213411778389891,0.003934781302339305,0.0038353829049305064,0.004630136186247326,0.006474951687010951,0.0038870269304687555,0.003626817560165785,0.004850121513552403,0.004298359694621287,,,,
0.008240850203010519,0.015102966458490786,0.004463044718047502,0.005309012585605689,0.0040533857284341624,0.0046880377550671554,0.006435975251844208,0.003985218778164391,0.004119087135016431,0.007936805234001075,0.0044940314175831355,0.003969648432626715,0.004026096377179833,0.003962372243368585,0.005744331978284113,0.0042820350287218496,,,,
0.007749155970616102,0.011208091177877844,0.004432060849523102,0.004328802514436203,0.003963435890603042,0.005187427336907946,0.0044920107847981955,0.0040536256991722955,0.003916941641139846,0.0039512276908530986,0.004473421627592887,0.0037664557214736713,0.003945972304425357,0.0040677589154750685,0.007674484641429174,0.00405850202675148,,,,
0.007659048154988534,0.01127293639762326,0.00458375518233047,0.004269978381076374,0.004296322503572376,0.0059164517379330355,0.004458319956640753,0.004238195187594793,0.003995375944721909,0.004042492094416594,0.004553663939287033,0.0046719642770866095,0.003699049444796163,0.003845176968712135,0.006526028252458124,0.0041359765982368814,,,,
0.007143914942103403,0.013334681104238806,0.0043914919331534946,0.00443790963415948,0.004126951297231561,0.005732522758128797,0.006702940825301172,0.004026740604142469,0.003945068329835004,0.004880843044375734,0.005097833822616209,0.0037990277441077554,0.003924963000901081,0.004034463303781326,0.007999309059324968,0.004278171503508365,,,,
0.009962241440105466,0.012276787057371154,0.00474851155741752,0.004397394677083487,0.009699407339571274,0.005346259020975254,0.004565255503436684,0.004286878447643855,0.004020293689018192,0.004050184759974463,0.005029704266327184,0.004084860608360119,0.003948682986511731,0.003849475093371051,0.007956390425626937,0.004417405008163628,,,,
0.007243078126390067,0.013223925534111586,0.004900731922419308,0.004225936742779205,0.0040689543892757805,0.009740238421589534,0.0044836298907762265,0.004222866571468465,0.00390699552078832,0.00394662961043995,0.004674184594687019,0.004396804759292078,0.004088034425402687,0.004018357597555541,0.007862596400568135,0.008089153938756472,,,,
0.007047957777887897,0.016975181762953092,0.004779004276481998,0.004449074020768288,0.004129072053060374,0.0064532825131741285,0.006603866453037819,0.007503023183565306,0.004135741405799859,0.004160364017104109,0.004834117451696028,0.003985950958853056,0.004264507554510656,0.003975443483336033,0.009139739412296155,0.0042705858180778844,,,,
0.011664222377486972,0.014901012769142906,0.004834654009492403,0.004529389743313081,0.005828106916099454,0.007686094392938127,0.004553307903356627,0.004133231853744836,0.004274152767038597,0.003934781302339293,0.004896429521182696,0.004171649388601096,0.003976095917342498,0.003981963012923207,0.009428183707899718,0.0044583199566407055,,,,
0.0065230962221480655,0.014882374847190757,0.004903311551097454,0.00437907027233668,0.004277565143714666,0.008158600973458179,0.004615547300241068,0.0043469658723959735,0.004440320013426983,0.004106157303894087,0.004548177895640052,0.004078505564865919,0.004157245419898847,0.004403068594471051,0.009069225021146887,0.004663072434675365,,,,
0.006502185936373858,0.01854664693561558,0.005149787691985294,0.004646912603489213,0.004143573959700695,0.00963975381158714,0.004851792528766001,0.004336884509363923,0.0041341731142847385,0.0039595071575469695,0.004477551174807172,0.004346369110081065,0.01125701934652761,0.004000161167770748,0.006508167159178804,0.004426570595390714,,,,
0.006576757456108199,0.018116270379327153,0.004857069158190132,0.004659176917446548,0.004925480084713085,0.009642276167270182,0.0047980313954045116,0.004329027218036958,0.004206865562148593,0.006701344328328091,0.004213411778389912,0.0044948971249949825,0.004169705814017359,0.004263899251596994,0.006436025631101091,0.00429715258687968,,,,
0.006522300868097418,0.018300964621766055,0.0050069610942679215,0.0048329770685919225,0.004148500875659002,0.009532974162529854,0.004931269660716659,0.004414468001085052,0.007761322469268754,0.0042363586821732545,0.004153265812285521,0.004276655442826693,0.004005345453991889,0.004098174122535745,0.006324989573650558,0.004355311959171422,,,,
0.006504180288454783,0.02095921589150461,0.005122009494673621,0.004573770395668712,0.004370769552851851,0.008086748576194413,0.004918167603977901,0.0045513848280635235,0.004216719522725705,0.004314021359101015,0.004088034425402651,0.00714169063247041,0.011862569661849561,0.004224785689995607,0.005821427007603129,0.004416230439722467,,,,
0.00631231479670076,0.020406260788655498,0.005235211211380722,0.005291577960316741,0.004308004380184535,0.007986368368668947,0.004991394971172094,0.004504624869231929,0.004342189477452987,0.005438139918095416,0.0051283359335548,0.004119638115020355,0.004236358682173249,0.0041341731142847315,0.005311210782892152,0.004683401510627402,,,,
0.006320322876204446,0.021852675626525892,0.005390951871417892,0.004781174886308646,0.007877428236431873,0.006173748338504533,0.005035695961602713,0.004548249185370914,0.005513400600870435,0.004308380687553377,0.004231457437615587,0.004232453462266846,0.004015047948212957,0.004135349388679766,0.00504515219274704,0.004423639673666119,,,,
0.005893664497090056,0.02270894324760664,0.010706670028355021,0.0047652114393163395,0.004301375981926044,0.005713032418950228,0.005866700400154336,0.004363121916100666,0.004531035922293909,0.004370176041011152,0.00434935210285535,0.009058063598283265,0.004473784021095463,0.0040357489836430555,0.004729970764461404,0.0044618094943682796,,,,
0.006186759413713117,0.02268744450694893,0.005526616921713477,0.004836732608745154,0.004510954623392074,0.0057454607746907855,0.005049327872845156,0.004716172026452764,0.004567882621049763,0.008123233221532652,0.005113139329816741,0.004358883961515388,0.004008582228089919,0.004074767354859203,0.004786597104474012,0.004691356426577435,,,,
0.009441929928005056,0.023503746823919335,0.005552312862810184,0.004736820834327863,0.00902043561596798,0.00510698453764761,0.005762366186307363,0.0046999878032839585,0.00443681357433307,0.004303862827573017,0.004328802514436224,0.0043308992946581755,0.004470303830742898,0.004205709289812108,0.008201686997362215,0.004769224306936144,,,,
0.0061461138601483925,0.024127071077542705,0.006980653213120395,0.00492475590914717,0.004693912967793399,0.005286183018805813,0.005699395036203922,0.004732095346636297,0.004551028613833765,0.004455409920785762,0.004337781579289651,0.005347653747359477,0.00429330266591556,0.004108052016278571,0.004427156546891791,0.0046048569620880594,,,,
0.005833500918302248,0.024216904047670646,0.005789704199742032,0.004988275917587999,0.004429719173383203,0.004893780009600353,0.00559564983682017,0.009607679159799027,0.0046792457511258614,0.005090259359228475,0.004587926764892846,0.004740310558422473,0.004187165507732141,0.004145138694456735,0.004540829058774343,0.004811258433264417,,,,
0.01027723111866732,0.024022990886479554,0.0055439557378828075,0.004954687526281997,0.00531731211837075,0.004416230439722489,0.005664757303067689,0.004700746605725781,0.005462827631530497,0.0043588839615154185,0.0040664833560472725,0.0045636216680801115,0.004289676054541051,0.004036953936640274,0.005071113861137823,0.004754312039318701,,,,
0.0055677666809739595,0.02379635818029167,0.005755159284481515,0.0051194767300947654,0.004560707727314572,0.006037533654656336,0.00682788458168355,0.004661194645301357,0.004489050360082811,0.00458792676489285,0.004533897418630365,0.004533682869053268,0.004421293537370755,0.004101732904683093,0.004461591478219345,0.006239571753242316,,,,
0.0057811854736757005,0.0236962032477441,0.0059313394968925435,0.005232237504119248,0.004559001141682246,0.004601828215202094,0.006768743633858033,0.005536874472220732,0.004630136186247369,0.00449403141758317,0.004337407822701436,0.004566462745157958,0.005061129580024433,0.004285138474143495,0.0042656478886632845,0.004956519542438622,,,,
0.0067633764064235855,0.023583610006636047,0.0061986448051599636,0.005222312917216966,0.004730244957717728,0.004550814871912267,0.006562889244823532,0.004876789049331049,0.004883167587558683,0.007959038881957996,0.004569585889751485,0.004498069960014845,0.00436520221138025,0.0043719563348179535,0.004728256696362136,0.00523589244809236,,,,
0.005667046371453478,0.023700130013273892,0.006190741204646197,0.005089176372749948,0.004473421627592812,0.00754976553861305,0.007282320803229069,0.00502247897365269,0.004517849695464694,0.004689766522855965,0.004487316522291728,0.004944205840063106,0.004238577692734334,0.004298359694621313,0.00439274692990723,0.004841021087143769,,,,
0.005507575372489641,0.02198602956000448,0.006095683790317113,0.005535937428449818,0.004941778785102057,0.004674531424047022,0.0073230358545595935,0.005435754455017005,0.00485920489651106,0.004559356733032979,0.004547964019742557,0.004800125853379744,0.008430939616308069,0.004232070403604105,0.00426541984622164,0.004991719760506903,,,,
0.005313102946236524,0.021440442237913034,0.006260737676505831,0.007239451202685249,0.005004694050105395,0.004626773603164854,0.008054890218777077,0.005265594884946101,0.004952265608291306,0.0046825014090595505,0.006178945561276005,0.0047403105584225835,0.004475740438972254,0.0042559072164126575,0.0044836298907762135,0.005334601860152504,,,,
0.005443622516113352,0.021203962419434275,0.006865061260040982,0.005514341474291962,0.004875725148350465,0.004530463406143894,0.009248465063629138,0.005303818782522239,0.004707363689768485,0.004835458734552949,0.004611963172770607,0.0049510214602778,0.004505272638703468,0.0073440372412259015,0.00408112821941641,0.005493605035666434,,,,
0.0052150436076999,0.020265312726951645,0.006852013216322138,0.005521862690292211,0.00487020243210188,0.0045224405699226655,0.00926251300946227,0.005498619576237616,0.004862406745072967,0.004543684387647908,0.004652491299460717,0.00482330653813054,0.009489235700756014,0.0042711172545880265,0.004284230381354597,0.00518761484896627,,,,
0.005441418222293451,0.020748381070698194,0.00646357439593282,0.010377698268407759,0.005147772513785626,0.004587361348892283,0.009439354036556762,0.005431696763462689,0.0049804697378212056,0.005778941616549983,0.00488615466097031,0.004594776897561708,0.0045570804689205125,0.004425691522679177,0.004228774666732745,0.005420223354917625,,,,
0.0052433802103666535,0.018417526604353716,0.006556809588029004,0.005700817119034045,0.005015825097768515,0.0047275023095149134,0.011166790999726787,0.00542231667108679,0.009165069614536376,0.004806066438375994,0.004711012889517313,0.004711838731032907,0.004544754673481768,0.007763202184325353,0.004069591831709408,0.005465201277661969,,,,
0.005358314418289229,0.01710571194947122,0.008203584383119128,0.0056441139110362335,0.005036468564357936,0.004673074567754246,0.016958345537978172,0.00592110818374181,0.005003138911826639,0.004765211439316397,0.004809842990477683,0.004634685795467463,0.004593577097111785,0.0045338974186303425,0.004304992737060533,0.0054765804584955185,,,,
0.005443801203520603,0.014041778787483498,0.00690386957721132,0.005709853276312208,0.005297457084924679,0.004721119493878177,0.013694559055740357,0.005647559716467847,0.005211062942676768,0.00529555933113977,0.0057202923959636925,0.004640768292283959,0.004670367771823257,0.004373735903970643,0.00433778157928969,0.005589388254338135,,,,
0.00917966905932081,0.015925164720589764,0.007171095439553536,0.005731447986114054,0.00992464381985647,0.004604927374359921,0.017719974610335528,0.005968831018915966,0.005815687300351695,0.004718921259847451,0.004782802197205737,0.004390901222328241,0.004629085641421806,0.004682501409059603,0.004281202014268534,0.00587641952116839,,,,
0.005371912305588932,0.014850881230328303,0.0072537692205102535,0.005760790446945367,0.005109015804106307,0.006360161052344834,0.02120995585015503,0.005822318104867559,0.005419445631546818,0.005009356568217311,0.0050209293439219625,0.004592518189352196,0.005641298275278503,0.00455793420117939,0.00431342003891005,0.005988192694692048,,,,
0.005102983118915694,0.016616966235980586,0.007176112547004355,0.006809291553597071,0.0051474575709270515,0.004682847622444889,0.021360520163575696,0.007492644476541474,0.005294334612852517,0.004942106835154238,0.004896760609331645,0.004729902213663758,0.004728256696362179,0.004520791261073008,0.004265647888663313,0.00594580826420038,,,,
0.005782138849275013,0.013870623122680937,0.0074704550430660386,0.005954527102030405,0.005262083810390051,0.004767116272220887,0.019978096997197867,0.006313906954465255,0.005210067301208462,0.005987109662599357,0.004767592361532539,0.004746667568019155,0.004912296580743051,0.004564190024974838,0.006597971984551236,0.006147379860236031,,,,
0.005256226807596797,0.013910935049332959,0.008077400959849802,0.005812787431160984,0.0050193792357749725,0.005299965973664574,0.0199758896197239,0.006497347090377125,0.005640666000609795,0.004876789049330997,0.004931072400724682,0.0057098532763122205,0.004699090878788735,0.004449584139573633,0.00433628635964597,0.006281419345137714,,,,
0.005231245892719405,0.013138198024238677,0.007828417954969117,0.006271448954955744,0.005438557266560047,0.004955211028584273,0.019939513917413002,0.006256178534234797,0.005360068971437453,0.005035438401008124,0.004830628373326063,0.004511314001872972,0.004961227334738568,0.004626773603164825,0.004358288831094999,0.006105038384411108,,,,
0.006192364621039453,0.012960915453990893,0.00821610403255711,0.006322938702315809,0.005594027136582713,0.004918431305627033,0.0156477833621011,0.0066336512636288375,0.005474685570837749,0.010051024562142635,0.004916519148223831,0.004694120193895196,0.004859204896511037,0.0046267736031648365,0.008381568233951725,0.006588529866055621,,,,
0.005047722250830137,0.01216175693235081,0.00820030321014714,0.006343673145574911,0.005502156500364317,0.009279265598696995,0.012254370153250621,0.0066258750724038215,0.00795769439120678,0.005186114562665259,0.004792013187340925,0.006275583681356343,0.004871800005519283,0.005966657729317848,0.004338005817785459,0.006750708200594148,,,,
0.004936001535563541,0.011390566441729632,0.008079006469840682,0.006623868410507502,0.0053849339732332125,0.0049726513037531015,0.013277636241723026,0.007081507541683983,0.005664242135194345,0.005065676147992581,0.005098851379715608,0.0046318865647986965,0.005974097962932972,0.004740310558422537,0.004489700376629493,0.006768408306834221,,,,
0.005015825097768533,0.011733152091579395,0.008403551167605782,0.007018961017301159,0.005298987036461253,0.004845372688006701,0.0099962600504387,0.007069776355178278,0.005808993110241793,0.00616507656431077,0.0049963943859363405,0.004962534262222267,0.004941778785102067,0.004587926764892829,0.004940269474289467,0.007051821134525077,,,,
0.0049705643110094485,0.010947594232882192,0.008494693437276577,0.0067261197573364245,0.006029365090259211,0.005119666730901302,0.008922892256402424,0.007505097202659813,0.005766359880864267,0.005298925846881169,0.005039043051345252,0.004944468153024026,0.004836732608745096,0.004693083971884056,0.004314096518231613,0.0077412437753525114,,,,
0.00491157046136516,0.010410639661985365,0.008557972328348946,0.006579517734563711,0.005450468008288721,0.0052421433015220256,0.012062359579069046,0.0074450644830459265,0.0056697348458829375,0.005556982695097895,0.005135854241135205,0.0049943173148069495,0.012304223728631079,0.004641676486633955,0.004521866965510333,0.007937826488934622,,,,
0.004937643487034213,0.009557974629422906,0.009029632885810669,0.010188509720187046,0.005549976473191787,0.00507232855280082,0.007754635347828726,0.008633114513044104,0.00578931216533017,0.005376678517838829,0.005129284226377881,0.004982031952274055,0.004907541849520833,0.004850723145343548,0.004623969582663533,0.007579940032904165,,,,
0.005883477888469862,0.009832741520189498,0.009612942421780263,0.006951795490511679,0.01109843386952943,0.005215043607699931,0.007188437022692609,0.008404747180228878,0.006033665713206732,0.005525150002796722,0.005162615961661554,0.005177416854138644,0.004889338861152473,0.00464356216887567,0.004344055881784828,0.008402586517293482,,,,
0.00481900229540314,0.009965332923973157,0.009290161267965934,0.007105641946631098,0.00586670040015431,0.005282071811810486,0.007021408925553325,0.00916082328279847,0.0060246308592175925,0.005365873054319737,0.005280598362022628,0.005061065514687554,0.005330163021158284,0.0046245305227781055,0.004397173467186277,0.008461228928737763,,,,
0.005212867058141812,0.013249694691801931,0.00930968561308301,0.009233623244178249,0.005907237613165857,0.00503382834872048,0.006697859741322844,0.009335735595633362,0.006075704089408049,0.005614565936698601,0.006670695262474643,0.0049771484040143895,0.004962730271659514,0.004710668746155372,0.004650888109734445,0.008927251763000897,,,,
0.007437439131512398,0.009563434769616583,0.009969789481103197,0.00715316789926594,0.008200105507196551,0.005323162821169477,0.0069726129911077865,0.009348091711473905,0.006086368091873423,0.005618260717981005,0.005321213301667643,0.005009615469763782,0.004700815581692331,0.0048730643797011055,0.004550458613065814,0.009021298258341278,,,,
0.004968998491220756,0.00865262253605342,0.009976259328195253,0.007317853630132684,0.0060786385550692604,0.005372153734424602,0.006948623156919077,0.010209777895154612,0.006432195683003932,0.005749240627830607,0.005488408684318319,0.007052556772033309,0.004824381998783987,0.004799652991145775,0.004617864959203225,0.011059421687657478,,,,
0.005063115203389712,0.008632851604334607,0.01001288600650252,0.008803043775650714,0.006146535889150704,0.005207079234548573,0.006497396993771411,0.014551723803665621,0.006208314309108583,0.005856965151131857,0.005493605035666464,0.005224485531579475,0.004886154660970294,0.004952069184648938,0.004323031124964809,0.0109652025144007,,,,
0.0053592825186459785,0.00883389245908235,0.010632764234409267,0.007648542027370566,0.006202462139727748,0.0053716708659022555,0.006499193260771724,0.01171567400887044,0.006464928691130372,0.0056233947379538225,0.005371851946684581,0.0049804697378211795,0.004795259900766979,0.0046730745677542864,0.009305679491740678,0.010925150742026143,,,,
0.00463300646001929,0.008743578926141802,0.010380853433885567,0.0075016401856049025,0.0062779082682406185,0.006376301228346207,0.00624907415865165,0.013296792184991064,0.00929602287721489,0.005830609908768038,0.005341890566735516,0.007138421001701598,0.005129284226377856,0.004691149078389387,0.004292320761226323,0.01853655681440027,,,,
0.00480984299047767,0.008117004053503095,0.01087279130214542,0.009254247972501213,0.006083810436027839,0.005497852942766017,0.0062615144718829,0.013292670498440507,0.006656340822284164,0.005943572003370524,0.007718298751907997,0.005136864266807568,0.004913946453019769,0.004764871210452412,0.004491144521019071,0.012327391677974758,,,,
0.0049247559091471806,0.008286013194819255,0.011796897748852474,0.008164639556256282,0.006104454142256173,0.0056321521302534275,0.006093555743405434,0.013377868639759597,0.006754597563030515,0.0060095425845085445,0.005502568993422214,0.0052877162323896314,0.005086436024752059,0.004854398163922699,0.00485386378869319,0.01368707519779717,,,,
0.004696675230709851,0.007652314030938049,0.01615028534271257,0.008047359214843576,0.006189431687718838,0.006179417819322504,0.0061262457027599386,0.015662716225256012,0.009544939077367639,0.006228285085388839,0.00556170690548743,0.005654215652444785,0.004769224306936167,0.006486159054554477,0.004478130455639558,0.020169101550917445,,,,
0.004743934414358986,0.007627018739472757,0.011822157154615117,0.008306960992458293,0.006258458520524045,0.0055602492441059635,0.00574472708225621,0.02541854753446541,0.006703279427292237,0.0060508376384668765,0.005463124393696911,0.005408006187322143,0.0051346545775984255,0.004970890461383518,0.004686169969526537,0.015049629925234084,,,,
0.004830091368336015,0.007732862265791925,0.012462503531743224,0.008130215390330762,0.006476153404085952,0.005769114480206964,0.0059944163319046685,0.02238775587403594,0.006806957899957689,0.006381587534918438,0.005572830854576938,0.00524956038295851,0.004998211115118911,0.00486454013996877,0.004659246508814918,0.01737269642276658,,,,
0.006526028252458048,0.007498181574701468,0.021073999043040966,0.008231047326473123,0.006680021242317906,0.005660577367057067,0.006182145714989983,0.022300165396190966,0.008927360723389568,0.00604767523091383,0.005721199245327715,0.0059458082642004076,0.004828748594584507,0.005731617700357084,0.0044437507207375606,0.025185999262215108,,,,
0.004823306538130528,0.007223533945607815,0.013167779825409533,0.008377892353433546,0.006462370339715215,0.005863604574168347,0.010795007475746207,0.02754977817025406,0.0070228864947880715,0.00617600625536028,0.005738402154230854,0.005151990890604796,0.005235892448092341,0.004953902169101719,0.004718921259847433,0.021257720441212737,,,,
0.004735177721310485,0.007462855634990607,0.013163962581437035,0.00852426175689632,0.006595219429705174,0.005797147816387631,0.005934891704732965,0.02832835376120658,0.0070416983256055945,0.0061697555808518795,0.006456547569278077,0.0052512895278977335,0.004903311551097475,0.005054462435767132,0.004507503132117376,0.020886209154485733,,,,
0.005837001569270525,0.007402480352155639,0.019331421871017076,0.008832460879444995,0.008056500214739406,0.005940079571990405,0.0060923317798443136,0.032274460705389245,0.008160826234338983,0.006313906954465245,0.005640666000609748,0.005438557266560083,0.004877852718265835,0.005712181036381541,0.004460065066779639,0.02810588939037927,,,,
0.004662029311732165,0.006818760836675234,0.01445234112126707,0.008883560425507898,0.006683127010276766,0.007789678691848738,0.008839763179679163,0.028291760767856982,0.007377515109972338,0.006360161052344838,0.005947334983512827,0.005517163131841461,0.005285201528692433,0.005122199401530766,0.004618707455934048,0.02615751864882355,,,,
0.004944468153023977,0.006927499547875309,0.014508052477847344,0.015497809827959962,0.006865014029284747,0.005942971887786903,0.006095258240372264,0.02612739212928693,0.007729507117185328,0.010111843249657233,0.008544321910536857,0.005440941500806492,0.0069832538450790215,0.005331683587581744,0.004615055525981488,0.032951752466270946,,,,
0.004939153600298253,0.006962980409506366,0.017011796863753734,0.009084906494364928,0.011373930300019418,0.005892288957467604,0.005907512050567025,0.022670288045138095,0.008099568922044114,0.006453282513174181,0.005836557158544564,0.0055158112677159464,0.005237688011070432,0.005484153461904503,0.0070835676566025,0.03287565160411266,,,,
0.00477880073126271,0.006496947849423072,0.01514952469220721,0.009499992945453709,0.0069899367414572675,0.00606031495984527,0.006116976548003478,0.02288279914994159,0.00816702197829179,0.006833058786605216,0.005799999601622182,0.005664242135194391,0.005300883563103584,0.005424229853203349,0.004732986016624128,0.03310133320414343,,,,
0.004751787993922061,0.006605486509730687,0.016299288243351143,0.009649167241934724,0.007014524895235983,0.006315139317051703,0.006088498651007476,0.01360152538692243,0.008609345252301066,0.008043611223930125,0.006225785731666559,0.005695297453717834,0.005172905816766663,0.00542978621230842,0.00473483533432811,0.03810106880327903,,,,
0.00464914488517015,0.006703521275386019,0.016973940160310036,0.009898636870261856,0.012887458034150803,0.006272689659049181,0.006204134751405119,0.01810724765419134,0.009031069113125954,0.0065181236670946545,0.006009812350166571,0.005740661857070747,0.005272917487612317,0.005582887343642805,0.008280689653323911,0.03217084699431094,,,,
0.00483029275220351,0.0064266987469496425,0.0173813542789602,0.009790706660099832,0.007348627430461455,0.006875632773495612,0.00611013485380168,0.014892828890940603,0.008936073249855866,0.007004163017379906,0.006097811094571533,0.009259011775918409,0.005419984067304992,0.005394499282456409,0.004880045803244876,0.03196173950066767,,,,
0.0047299022136637345,0.006467335626798356,0.01720706800703839,0.01072678999136103,0.007584045434920124,0.006165076564310884,0.006095683790317127,0.013414102528871924,0.00891543983449209,0.0075838316667591705,0.006484209164522109,0.005751947055124221,0.005695297453717802,0.0055898523157988725,0.004755607650147924,0.025929772532545126,,,,
0.004831970624699183,0.006214995755109353,0.017526255587318816,0.010506128793931542,0.007324585380178022,0.006430380700881088,0.00636219992497167,0.01299906001113488,0.00961695540923732,0.007322105981789282,0.006325399668123543,0.005724372086762169,0.01385675416831603,0.005596055438357954,0.004749399148821848,0.025817488381239304,,,,
0.004654720905746525,0.006190741204646165,0.018364900433538302,0.010731746108639442,0.007305436799892971,0.006371417667842975,0.006386666395678537,0.011366886796988808,0.010471010785306059,0.007287884227330471,0.006647323070399106,0.005491302713946216,0.005438557266560045,0.005369738957598129,0.0046667562683813165,0.023972634384216405,,,,
0.004859738684434208,0.005953437945594303,0.01979837104007334,0.01196370835044774,0.007572193585060602,0.0066246515703950294,0.009683649507955918,0.01092610040933324,0.010170194357097359,0.007768546442550133,0.0065490411760047,0.0058201458162628885,0.005335817335996026,0.005159537572061122,0.004790185943990735,0.021468008622854223,,,,
0.004874195383852391,0.006076771331786452,0.02037218159143591,0.01100077664519038,0.007934844056074022,0.0066816228341993016,0.006503582047046125,0.010477202070864215,0.012251829806048187,0.007597842114232747,0.0064364286509600395,0.005850318193135967,0.006993646702305122,0.00535201749754516,0.00488004580324485,0.017889826446889245,,,,
0.006294413905424755,0.006042257776105506,0.021917922941179387,0.011519188571170375,0.007799204860964305,0.006602295109333071,0.00631498528488038,0.009600488123320008,0.01207439598814219,0.007645701201411473,0.00635837650248962,0.005977516275724667,0.005471842008984272,0.007618298765167359,0.004791268838984572,0.01795396219272375,,,,
0.004773913042435524,0.005905480911794143,0.022677266572203602,0.012042990147423766,0.007854550795538576,0.006856696348729325,0.011020447933980283,0.009439354036556748,0.012268359089361263,0.007877798674546153,0.006333851945291348,0.006937181396389188,0.0056587440929593774,0.005341404962392271,0.004660290254639071,0.01813380171554607,,,,
0.004881042334312135,0.005820981407816158,0.022740162305619937,0.011903062884432585,0.0077765559435443625,0.006838940278229694,0.006307176064514409,0.010626419483631307,0.01347812546078437,0.007872487395956739,0.006875632773495633,0.0059840219457475636,0.006536007160449408,0.005076418007338516,0.004995031405427281,0.01558435151458792,,,,
0.007203396615461558,0.006017791936942627,0.020381792507651805,0.011873388639740983,0.009713470728477582,0.00686388039363665,0.006527220565907743,0.00903153583782736,0.01477646219722375,0.00791295219311643,0.006663692212282824,0.005884635093421294,0.005595128305924518,0.011804783385753777,0.004853863788693174,0.012458001722613101,,,,
0.005089176372749936,0.005750875913286467,0.026913480038336497,0.012252491405519742,0.008350562890577331,0.008279162417959885,0.008533689823052129,0.008738125977999634,0.01533618357133731,0.008583697223402765,0.006892165346342569,0.007764997931343885,0.005605781071185805,0.005313408070767725,0.005101902833324248,0.012222710503637024,,,,
0.004942894066449452,0.005649109643183904,0.028717493921301275,0.019270625723656298,0.008238292344226966,0.007166572515458337,0.006719126217256893,0.008596417649385681,0.017601132839948085,0.008608478994051729,0.007444019182712037,0.006132646468944613,0.005880446034357358,0.005273901263826039,0.005096307106021277,0.012389440872394328,,,,
0.00592855088985722,0.005499327143046409,0.028780483459954462,0.012779829496102214,0.01317506645731614,0.00698251090621365,0.006623721557719937,0.008372627231381165,0.015535318933448035,0.008976078072213562,0.006847232174459396,0.006194092306430001,0.005754201438818225,0.005333082125785929,0.007105276885457278,0.011374072836011332,,,,
0.005000805297633867,0.005419924243751112,0.02866035123552872,0.013367806453552095,0.008684378954905923,0.007479824237748745,0.007108607373686724,0.008137111874077492,0.014971261429016593,0.009004209759473797,0.006899923381074549,0.006887694635119656,0.005651003420755281,0.0054175307598993815,0.004735177721310627,0.011162870427598991,,,,
0.005106476594782596,0.005825881130948433,0.031778611027123926,0.013161671703643213,0.008888231067484334,0.007372591079935469,0.006646591365104424,0.008142370002275252,0.021341856467487777,0.00911113651772292,0.007282320803229097,0.0063106194776719905,0.005745235033151927,0.005333082125785831,0.004799652991145765,0.010387847608993231,,,,
0.005570968705251203,0.005320908624723008,0.035666150560541794,0.013542085143602738,0.009369848730944761,0.007194388537736725,0.007042204811638283,0.008236914706648057,0.025375305924745985,0.008752474397502713,0.007132968286548022,0.006163393353095238,0.005810276760802749,0.006933815330251215,0.007207176650678635,0.009647923851005253,,,,
0.004821692897380052,0.0054366491263293055,0.037737444981934785,0.013944109887934916,0.008623494352328597,0.009948301577858483,0.008039296857623932,0.007936805234001027,0.025639036711242853,0.00994778008274224,0.00734439043455766,0.006325245885811976,0.005899768019875718,0.00558259694789211,0.00500806185971871,0.01366561932025759,,,,
0.004953902169101703,0.005268980545940136,0.04135148661529214,0.014639783047111363,0.00891489429072882,0.007462464599055945,0.006469340722453884,0.007816812186746364,0.02549844084126693,0.013101646563878121,0.007331001354393432,0.006595219429705161,0.006124975334355006,0.00540584735040898,0.004979493104902636,0.009289602826568755,,,,
0.005277158712605907,0.005361278673538591,0.04070273784557263,0.015147041774106083,0.009245554717839465,0.0074180573534182274,0.006534022522757344,0.010147980582433597,0.03262751782761951,0.010948423492874124,0.007310406062809097,0.006617599794817954,0.006313085245759568,0.005784605680009246,0.0069246906844634155,0.009266677753610262,,,,
0.004952592963716897,0.0052766671510835325,0.03787925618921398,0.015401269201138051,0.009114267663744778,0.007556119043540029,0.0075509679630833436,0.0077606540164188,0.03885338220255145,0.011717666498689208,0.0072821872288226204,0.006555226964402742,0.006190531700552817,0.005446004532818738,0.0051939238044966494,0.011783009512360335,,,,
0.005260604762139251,0.005273470884314712,0.04173156201757454,0.01523421393887691,0.009101344743441027,0.0077110277048926795,0.00722402768291848,0.007794672022790802,0.04077109307040412,0.011456558127913812,0.007696928403569944,0.006533427013890723,0.006005224685882373,0.0055951283059245205,0.005149472872375354,0.008769055133972265,,,,
0.0050784614997129865,0.005049841564069133,0.04588492111220079,0.015475931181749454,0.0094961695434393,0.007514423204645596,0.00695436028999238,0.009417723161728763,0.04442553193950914,0.011717666498689215,0.007887835034108281,0.006582621664296983,0.006386666395678495,0.005545125324136193,0.004891460509705843,0.008293210194069941,,,,
0.005419924243751153,0.004947352677661873,0.04773322787069603,0.016400606420294176,0.009686026533283758,0.008235143119694862,0.007065004996531904,0.007597500703395816,0.03651319163744887,0.012596964154597877,0.007878457188187239,0.0066636922122828525,0.006043169964858129,0.005673908035634647,0.005078014556024472,0.008111369728063058,,,,
0.005386318685184646,0.004904964445650136,0.04791171388457805,0.017358375368316536,0.009577494690979566,0.007761698448698116,0.0071257370120260234,0.007933209370782207,0.03913211494167349,0.014047504227178667,0.007879074494741073,0.00690856449076122,0.00630362789684787,0.005724655290661164,0.005083120142027577,0.007951539427444915,,,,
0.005243627557122947,0.00496795433718305,0.048306954947524454,0.018574301044855638,0.00974878989115763,0.007783224231464507,0.0074041884197902615,0.007578699422005272,0.031039022768902188,0.013663649856959543,0.014285537656466783,0.006526028252458133,0.00684495882549324,0.005652839205233432,0.005429487627961001,0.0080519914148097,,,,
0.005453144339930561,0.00496828065889285,0.03799058469405589,0.018203312924305815,0.0111435378475903,0.007971901917706057,0.007485717344227452,0.007887300632117683,0.025091004166728898,0.01497643669019414,0.00839393830384459,0.006841547385666257,0.006415791822285107,0.008129617153691303,0.0051735952575905205,0.007724009914141642,,,,
0.005252215621372413,0.005051895806629081,0.04990994801651847,0.01848472560718687,0.010193091371272443,0.008280376397239208,0.007480214366190418,0.007899008076044293,0.024783631280134163,0.016000968895653653,0.008135517830950203,0.0067521009458456245,0.006390523630300219,0.005582596947892093,0.004949121894519348,0.007551268539284083,,,,
0.005335817335995971,0.005698484716947767,0.05091896779421563,0.02045173293005483,0.010073806202657687,0.00805521224371276,0.007635346573184498,0.008025572262453788,0.02055471463133051,0.016947175870678493,0.008425284326570453,0.007065004996531932,0.006604504704628577,0.0057438239475274405,0.00528520152869245,0.007549937325261962,,,,
0.0061169765480034695,0.0049115704613651254,0.05180199206056419,0.019461293044387838,0.012800313092852646,0.007999673853548465,0.00779833176677405,0.007852073566222936,0.020405641097081793,0.016540378230489573,0.008534335720331162,0.007184647128062296,0.006408156049072774,0.011005344223710313,0.0060746366595276135,0.0070329902773525925,,,,
0.005577483507892621,0.004985219953379433,0.05181710591188048,0.020849913171758987,0.010405904522540671,0.009050041779941788,0.008339683787450853,0.007983444684326133,0.019395989727904777,0.02231683636554205,0.008988171058364048,0.00907094094416066,0.006508565711930947,0.005902844879489167,0.005369437034136277,0.007160416753881617,,,,
0.00553154291982031,0.005642964841639531,0.05119162579959903,0.023992305858222908,0.010730869888642683,0.008330658910801123,0.007714727128513448,0.007643156281991554,0.015493520280642893,0.02278555887630684,0.008884582338249236,0.007235867271376047,0.006801239448156552,0.0056311733614817115,0.005160354466643958,0.007296421384760371,,,,
0.006046120220876197,0.004815838917227706,0.05874927356134097,0.021975172654160425,0.014677474602925117,0.008607537310117545,0.007918195380633866,0.010105941482481002,0.015613763605610842,0.02264603239715641,0.00901986047521831,0.007410841746740205,0.006424327057181021,0.009028519652496451,0.005234901529023535,0.006912505753881972,,,,
0.005521862690292199,0.004560707727314599,0.05400333006377657,0.021873556968791067,0.011236983122273114,0.008745358744266855,0.008584339358058347,0.007846414294280226,0.014586175494089072,0.027571813210486493,0.009481031512616709,0.007369819867276981,0.006522102014429805,0.006091001105707923,0.005157023238648957,0.006755941513214868,,,,
0.0056053183284587825,0.005738402154230902,0.05621214217633748,0.022896964400880675,0.01145474667116625,0.0086114916906493,0.008136912635764272,0.007959324047768678,0.014108124581668154,0.02779499424624894,0.00973277887232399,0.007349024523586681,0.006855561337669617,0.005992252321678396,0.005450051571912721,0.006858209404612387,,,,
0.005799105074871421,0.004831970624699158,0.05692171634640152,0.023237646892446274,0.012846105086165589,0.008868181041204985,0.008228092364135395,0.012883633235331055,0.014055626653401078,0.02778379316407189,0.009528891780413214,0.0075323518600358685,0.006734406125730319,0.006842353017900632,0.008174760054731542,0.0065664454564247805,,,,
0.0056656158120929456,0.004819876905793636,0.05283422113135811,0.025060190699062086,0.011389683969560319,0.009286251472951118,0.007990549001755496,0.007896052044726622,0.012396766515723825,0.034488336991091904,0.010019360386119325,0.009143570011940124,0.006498943808932962,0.005840999744225964,0.00553693303219105,0.006668993808697796,,,,
0.0056261040716700265,0.0051474575709269475,0.05298825494440253,0.024822548415971323,0.012042128560686847,0.008978064605447983,0.008161461911722291,0.008112009280983141,0.011907611116332633,0.035891956170990856,0.010375948456268895,0.007612550888311732,0.006791936695275348,0.005954472648940034,0.005415435593754577,0.006634433268702187,,,,
0.005945153835904516,0.004849051761613372,0.036560979722295134,0.02670701267129827,0.012208987957449539,0.009330037946870406,0.008211485438011834,0.008079327533553537,0.012242007467496522,0.049376822304939554,0.011746409208208195,0.007986977334865558,0.006762992870043456,0.006000093145382144,0.005483680455589147,0.006572762859524628,,,,
0.008463489552955623,0.004824718031075403,0.03729340894612903,0.028698157714603316,0.012385959674002522,0.009275071548539453,0.008271953196473704,0.007932105767765861,0.01171058055024663,0.0469222995297858,0.010816132285424846,0.007885039299856378,0.006757621075077521,0.006187388287899163,0.005364906143229065,0.007975317715299454,,,,
0.006115651236201969,0.00490754184952082,0.0382646123158505,0.028663699753662435,0.012282728070983467,0.009181646857814507,0.008270345937702287,0.008262854343269595,0.01708408944024374,0.04547547645812508,0.011054964442546056,0.0077880135367561715,0.006684339808945707,0.006273930117786609,0.005492247372944059,0.00639554469700974,,,,
0.006136821879304437,0.004865073342517695,0.02878335614652267,0.02942382563496116,0.012491608941124235,0.009433306515949874,0.008249305162482653,0.00834221055801046,0.010787766324791571,0.04958743223548596,0.01652892611798763,0.008085746130606425,0.00902561023347379,0.00620308942195899,0.005577774169864529,0.006327705954311989,,,,
0.010017806916620298,0.004773573433764526,0.028921627056582404,0.03430890391911398,0.012527895613871258,0.009774963326313587,0.008843613722108623,0.008114766775553162,0.01082847598387351,0.04681653078061374,0.01237624378734868,0.00848185868165288,0.007054349567072744,0.006119043461238976,0.0053333861073028115,0.006199900078603214,,,,
0.006456095583075144,0.0047703119603741545,0.028994418290991114,0.03726662081219926,0.012893997823019808,0.009792561048422745,0.008658204233290794,0.008383618287937234,0.017090541121549705,0.035526530455207,0.012567044938949522,0.008316323500892326,0.007154618257735653,0.0061076402386867935,0.005637906154077134,0.006261514471882859,,,,
0.006585379484755206,0.004818262116456112,0.026443290091872945,0.03715366410848478,0.013450889672328593,0.00990610244993024,0.008817727823517517,0.008667898092477627,0.010568685150604462,0.03070624997279067,0.014200853273470426,0.008461228928737805,0.007164943563848318,0.006095949743947043,0.005443801203520624,0.006168441608825239,,,,
0.010623978185924882,0.004788290288456333,0.027747323362837976,0.036992107268483294,0.013225764351054492,0.00981425779023693,0.009431484627905357,0.008345474789886186,0.00994057413272822,0.025052206381453113,0.013197418162125892,0.008667336967834999,0.007086679582900033,0.011518766344995586,0.005538104101562277,0.009178256085177961,,,,
0.006753397381506083,0.0044836298907762594,0.02453143180180484,0.04111173227922426,0.01371594602327078,0.01627348655872436,0.008813939547118333,0.008469617022461483,0.013391434544972911,0.02500868140468694,0.014239524531842643,0.00855861639308848,0.007314175125018532,0.0064548901318052096,0.005811169567870418,0.006009542584508479,,,,
0.006690352040770719,0.00752050477280371,0.024271670210005532,0.050382553980128426,0.013644533686919952,0.0099962600504387,0.008871982703477558,0.0088397998594228,0.00987830720059651,0.025302764813973696,0.016030506560999025,0.008928813401514408,0.006982510906213668,0.006394733478576804,0.005624259560726738,0.006048693813836414,,,,
0.0075084230783131894,0.004504624869231926,0.022822640818730523,0.044671773254179155,0.021752962127263478,0.01050143671100318,0.009032253828736956,0.008623080745558304,0.009795739183113982,0.025545599423786803,0.015770078599712724,0.008951734428649947,0.007114625668011783,0.006481358270028841,0.005870236487812319,0.006222295371760717,,,,
0.0071404646963816095,0.00452652539739746,0.02255225722706679,0.049701670309440824,0.014004899963370282,0.017617336384013645,0.00933639546433799,0.008454290021741454,0.011115569854739544,0.018602210359167797,0.016147012544472115,0.008910528738196954,0.007364538482177649,0.006559775978186093,0.005717854525629342,0.00593265132900332,,,,
0.007232998847732375,0.004401595552847234,0.020533944859081436,0.04985528885916268,0.01473506346379295,0.010203011223984806,0.009081193968864244,0.008502323974128156,0.009773503713094666,0.01864825634502863,0.019704602700338168,0.009207601297560854,0.007466981987615908,0.0065486450866034905,0.005653298058207544,0.00593598426410324,,,,
0.007749950929642619,0.004653954599066135,0.018933588154215503,0.04975965213442784,0.02315461619151932,0.010450429413433049,0.009536544813322981,0.01174444920275678,0.009406699493584438,0.01876328303338823,0.020322064546004076,0.009236958589822656,0.00744284304435759,0.006555820493034952,0.009319432446735153,0.006532781818026273,,,,
0.007711574322375676,0.0045333252638602725,0.019255055701828352,0.0545828575250291,0.015128106839957498,0.0139714053239892,0.009435884058304115,0.008703026987877662,0.009458707543023286,0.016743143746090598,0.020411996015048704,0.00930411140949334,0.007452072915151255,0.006497347090377129,0.00582810691609943,0.006123281099837,,,,
0.00764383501001726,0.0044647153590772265,0.019490527470239685,0.06181325374497946,0.015537489387773272,0.010642670335121994,0.009598596627791212,0.009013243718778392,0.009479253002616931,0.02026110434299156,0.019827304701625723,0.0094536327976249,0.007544739048695433,0.006569061993134931,0.005820591480019134,0.005881548707590776,,,,
0.008793314534953495,0.004694120193895188,0.01806915586581549,0.05851258088045688,0.015498542071045385,0.010967715675476936,0.00969689984484893,0.008882793913799732,0.009674772354205472,0.015479471546954466,0.03579197530871706,0.010402663448416208,0.007798207031052762,0.006422661304860579,0.006206433856450255,0.005924775979457929,,,,
0.008507508829915295,0.004796341650187279,0.024962495843514086,0.06480745414066762,0.015633188828030362,0.011197179564446623,0.012487740794235752,0.00894974205102869,0.009849511818294347,0.0144124636555276,0.02714252883426408,0.010290347317334452,0.007708209907782368,0.006822183670948501,0.005774002061455689,0.005889647020835836,,,,
0.008428054738546424,0.00466918739534283,0.017159989137859835,0.06459930936585544,0.016127623170729927,0.011056137576002788,0.009768990802525168,0.008937234278322636,0.00954741856026426,0.014150005603086008,0.02764716157565893,0.010233631956008361,0.007946481455224167,0.006705213967794379,0.005678877557827733,0.005734841316710309,,,,
0.009377320369803452,0.006340605654633428,0.016373538646186184,0.06253895642881054,0.018662855876160744,0.011304846675102382,0.0098814249440061,0.009479253002616945,0.009512544732104286,0.01425929835618552,0.035761270112099466,0.0107100915749512,0.008601696568705382,0.0068999233810745795,0.005964755451355632,0.005895644710330681,,,,
0.009648091886170518,0.004770311960374123,0.01616954727925676,0.0680306939909809,0.017231471842582308,0.01173793190311722,0.010127895304888949,0.009220093964139262,0.009227124637463313,0.012708667839187658,0.03359641283105471,0.01185849632914211,0.008032316391111467,0.007386651028734541,0.00597778748666652,0.005970569081018215,,,,
0.009560145493367946,0.004806403751171685,0.015433299415424876,0.0691827236951423,0.017295124365346914,0.011747513292617324,0.009997557415166045,0.009171895007802518,0.009421612813034053,0.01241923968794351,0.042225402345758466,0.010920401166706945,0.008223993059428324,0.006863880393636663,0.006153969399977894,0.006008085640649448,,,,
0.010884266452447874,0.008710884479757403,0.014529603286884652,0.059605683028467686,0.017175381798083866,0.011745995149798794,0.010281930911091466,0.009120846681450622,0.009713470728477547,0.012181336783496935,0.051646730615438,0.011838793361844993,0.008307936746039253,0.0068650612600408955,0.006130531252633314,0.0057325227581288074,,,,
0.01109641785034499,0.004732095346636337,0.01444805536583693,0.0674747928823756,0.01725584116537263,0.011787549052782254,0.011048421940528096,0.010186886557951622,0.00956150203304422,0.01190826461168611,0.050890737956130784,0.011919830990553132,0.008313515855467688,0.00719416319127699,0.006121162647248954,0.008556153530911593,,,,
0.01149284015459475,0.004773913042435503,0.01412725608826592,0.06650968689184739,0.01884465377733217,0.017284378690577237,0.010282309324394112,0.00948390378576646,0.009346149135508387,0.011761443444098569,0.05533612289231721,0.01182106004192827,0.00830247104895773,0.006767210574679745,0.006067800661684002,0.005981041058717444,,,,
0.011258862615991452,0.004837335905748739,0.014005710258618187,0.06466111711683754,0.019758124225912325,0.012148072295568826,0.010630812406719412,0.00949671583797062,0.009318040666133348,0.012009261464004512,0.05481738337008563,0.013142935586737315,0.008752770757517264,0.007011565921262739,0.006194877458687521,0.005981041058717502,,,,
0.019596227669173096,0.004798031395404496,0.013552017930906792,0.06455428092246615,0.019602729203471787,0.012404375367603583,0.01068362938793352,0.00970261598721895,0.009432481553638686,0.01156035169152625,0.05217467836213081,0.013152011144830356,0.008701946493653441,0.0069800493564119315,0.006521256818694785,0.010402663448416243,,,,
0.014343185574119779,0.004751787993922051,0.013276195378911735,0.061673013798911006,0.0197232868190587,0.01321509565117945,0.010569636169216237,0.009885656937260649,0.014776264708289239,0.011396969433895532,0.049500940392376444,0.013136223535591223,0.008668496585394536,0.009118535675590607,0.006477404955629967,0.005902020877947734,,,,
0.014396887135404367,0.004490855729293126,0.012577799307680333,0.06891110990495053,0.020366578435938684,0.012735174100065272,0.010858975255921936,0.009630331179829399,0.009732778872323992,0.01454191643660395,0.04070190139947225,0.013687430536727262,0.008859438346766385,0.0070156341887253745,0.0064953506402108015,0.005733427673031391,,,,
0.01855999872519095,0.00472063871765316,0.012134826472035315,0.06168756462018896,0.029274515930200147,0.012457194868172882,0.011131893056673895,0.009872528569001896,0.009631509512923988,0.010885815415644824,0.037627832034576196,0.013888541009828176,0.008735565257069911,0.007056187858043796,0.00658222759562159,0.013097463466414092,,,,
0.016579361849852963,0.004762148504472904,0.012673947744412854,0.06352052104532491,0.021519073057515676,0.014885686088715077,0.011032416089592054,0.009948138613571246,0.009416104869028753,0.011058248902601374,0.03259609972038933,0.013858813170071392,0.008905578524957259,0.007985678150841025,0.006626657995137581,0.005923079221972677,,,,
0.01979260544327652,0.004921858141371039,0.011875545791902843,0.06266465054928884,0.02223625845118141,0.013273142186732062,0.011192690271488427,0.009897948967876833,0.009852671582633178,0.011218732065979566,0.0325619429289991,0.01642105568032624,0.00939455851838736,0.007258773854470744,0.006296216584358911,0.006029365090259209,,,,
0.02682717774317812,0.007950519933956872,0.011836602118740656,0.060546410577035754,0.03336732636487493,0.013591771914621532,0.0112307487556755,0.00999901674927488,0.009668637335696726,0.010633282628416745,0.03201826627290383,0.01813759197932655,0.009452946812267417,0.0073216188584444356,0.006936480267313457,0.005999228454046729,,,,
0.02395369125511212,0.005119160046412757,0.013205154975432063,0.06426837993439552,0.0234314587207711,0.013548763650959585,0.015130142839241105,0.010226912772740673,0.016540770285703922,0.010793084988257288,0.027503191297710075,0.018302080768124892,0.009275665820941532,0.011550671192508442,0.006194458723201427,0.00586802668273574,,,,
0.023990102914635884,0.005118463273343219,0.011310266195588635,0.05385870799925488,0.023220268586063478,0.013616106776033046,0.011519104127173526,0.010127735230425297,0.0099593768936191,0.011571901561510443,0.023454141809039788,0.018014810146741007,0.0094049414027325,0.0071431887130742125,0.006252445854210895,0.005838778873917253,,,,
0.0396682456712074,0.004954360309252966,0.01090664543067802,0.05913028831426953,0.02465488856562759,0.013597233767209418,0.01130484667510239,0.010307757193887204,0.010085161649559138,0.010642670335122015,0.02009340172120369,0.02050896491022719,0.009240608535227278,0.007392135932877189,0.00622729587782234,0.006016444776640597,,,,
0.03879040803490323,0.004732095346636327,0.011083231649669368,0.04676958509411272,0.025629423662718226,0.01405193522350631,0.012078477044641663,0.010626572046115813,0.009631947142787268,0.010878753929919367,0.020555030119467237,0.0276154783088452,0.009707059548595236,0.007719810941331093,0.006101053805469714,0.0058013970235438975,,,,
0.03863243118878138,0.005007997115507401,0.010781663158579284,0.04684509090520041,0.025571263728649075,0.013815627038044767,0.011820840607171878,0.010386474124878274,0.009720411401552156,0.010931559395307586,0.018714401646777606,0.023233293067586536,0.009728247069616511,0.007490610295925999,0.006410533721593142,0.005859179128096129,,,,
0.04463843071916639,0.009555565750187145,0.010684995020188664,0.03813257689538545,0.027469311817333458,0.014731960471802813,0.012262411114125203,0.010777692742993067,0.009969756958706461,0.0103940884311897,0.017267731273343932,0.027775389388091674,0.01768126856495074,0.007565339291495914,0.006026191414414013,0.005918205182834278,,,,
0.046411763031160146,0.0052759297229265385,0.010275621971089234,0.03992351812049278,0.02717547941423429,0.014737263771333862,0.01237254922579176,0.010527371287339143,0.011316771924557056,0.010440775693085947,0.016723456728625394,0.03703254504257148,0.010028126501256653,0.0075574920720423745,0.0062490741586516815,0.006001335920905413,,,,
0.044434559299521864,0.005150291363333918,0.010000151639681864,0.035870295605321324,0.028554274485900637,0.023925519482780083,0.012313706794711035,0.010754050521503229,0.010090304385494001,0.010275464197959177,0.01607254277668649,0.03296103999351446,0.011045486824584968,0.007819964026937852,0.006131324544263893,0.005912340063747495,,,,
0.04442784551214683,0.005136864266807527,0.010007703487065919,0.029133646276754212,0.029520551609375677,0.015182513160764957,0.012652413927856604,0.011037117461913295,0.010182652388255137,0.01052364385177578,0.01461327011272596,0.04052274478701503,0.010761193837804333,0.00771136408946764,0.006250371179881536,0.0059767025690571915,,,,
0.046015463699581594,0.005289432903984862,0.0096431168058814,0.032063025594831526,0.03066729259084477,0.015404637292065823,0.012505928830474676,0.011208525107220955,0.010731111611649871,0.010451453239900238,0.019217028777950295,0.032437433220976634,0.010453159394505852,0.007766876756876813,0.006054319734420919,0.005771755411670629,,,,
0.02824335557235794,0.0051272609896642375,0.009373723657475304,0.02903603344811422,0.032435044115984864,0.021434392238219285,0.012699403109570934,0.011070820543241358,0.010008351448755453,0.010390469210873537,0.013915595938172608,0.027691117683605458,0.011723420678152623,0.007935048368057073,0.00616449801229505,0.00588744450135161,,,,
0.022875996713892646,0.006101904067309982,0.009294348508929889,0.02929810911553266,0.03244459948040065,0.01578569685628336,0.012827944396622363,0.01113725117268765,0.01040066843925632,0.010816012374644142,0.014172329672994068,0.04912480733958049,0.012191766513254654,0.008027995954793778,0.005994849040210685,0.005794630369774228,,,,
0.022861251158715155,0.00538631868518464,0.00952947022420882,0.026389479845241322,0.03252240691239991,0.01647784408936625,0.013091124394159664,0.011137513188323523,0.010864348592514778,0.010441738361514878,0.015425566100780198,0.05403886259408011,0.012336226144164996,0.008131212353587675,0.006211186123584403,0.008142370002275245,,,,
0.022722403521565394,0.005514635464315818,0.0096056540603604,0.026514985424248447,0.034699374713237426,0.01631974525082406,0.013164627600320417,0.018472442813173107,0.010452414924926155,0.010397955859849676,0.013451154830622614,0.03411829381593811,0.01203113792132524,0.008761841928733596,0.006245804470562174,0.005813456760132187,,,,
0.022849689097302242,0.005328216062931998,0.009007810032214507,0.025253060014710768,0.036179058532350726,0.016308515959858785,0.013530779231395179,0.011415049133775806,0.010527340487495073,0.013853594877609529,0.012894601328624697,0.0514777503325079,0.013220786695820488,0.008345474789886202,0.006311030505922278,0.006010243950034343,,,,
0.021032231287234675,0.005300455374466519,0.008658803396243088,0.03515772171617371,0.03722169878542517,0.01704418669638218,0.013345837302907348,0.011855214775264182,0.010622757326676642,0.01094309143927641,0.01249023316037491,0.051614325695259304,0.012729469722935132,0.00827818327273527,0.010355835675835683,0.008277752412144769,,,,
0.016222019914769042,0.005366114754869564,0.008575571959219232,0.023619452789217666,0.03969173843405356,0.019249127369138492,0.012651824497657711,0.01278071746083903,0.010911044398344566,0.010719986711982054,0.012739043472664946,0.04582546128182314,0.013791268063078782,0.008506289148168691,0.006286321242518582,0.0058896470208357555,,,,
0.014203592908671766,0.005442371539992917,0.008800059811563411,0.021675912784075352,0.039571513229830955,0.017371352575583296,0.013840575679163527,0.011875245452425638,0.010872075567060912,0.011469993592483642,0.012596938414963529,0.04369211412317481,0.015144365760132993,0.008480367675037633,0.006489357604466836,0.006202828062071882,,,,
0.014214933942479979,0.005708944624674085,0.008255002454897556,0.021670960927800485,0.05758007088525925,0.01826265548368305,0.014033301774060373,0.01207009864849011,0.010956120766829874,0.011038527483153048,0.013127458159305133,0.02916482538903169,0.014477737869178107,0.008265679197166483,0.0062923530685475,0.005883477888469787,,,,
0.01423781664283718,0.005621953071031511,0.011224857563373708,0.021859544348623645,0.04620389181481776,0.018465139453605076,0.021753096277236213,0.013396687640281651,0.010944869079101941,0.010507147192999187,0.01187729307095072,0.0289357046706894,0.016473101156441454,0.010246424238427827,0.006380113909054155,0.006135553700700819,,,,
0.013146512301889334,0.005709853276312203,0.008296024711595719,0.02062235493517508,0.046704365022024553,0.01837422015609285,0.014453417969937866,0.012244655773769299,0.011195326139098755,0.010857422463601402,0.012257756463897597,0.028889051911419043,0.016015309261498002,0.008400309503353045,0.006408510226420601,0.007088829674714057,,,,
0.010840297157346879,0.00923713410096937,0.008118761482238782,0.021474909788662556,0.03978469058599014,0.01910629555671605,0.014677629239505293,0.01236575988560491,0.011275582262305238,0.010501436711003174,0.012081268552149364,0.025376775330720993,0.028026880866943767,0.00847271736434648,0.00648740867580771,0.006095258240372077,,,,
0.010787525871282894,0.005916451737933006,0.007954434076460341,0.019825751081773427,0.055262525754033086,0.01980636147750682,0.014919192751729314,0.012473426018978788,0.011437410127094087,0.010893199748442588,0.011806568599897206,0.021962022125977875,0.019900839741431187,0.008874357915382694,0.006285908598558454,0.006342037335040851,,,,
0.010891175510221235,0.006468187868399531,0.007921470610497786,0.017774911675721268,0.05565028945778102,0.019594457157709976,0.014991173138467134,0.012346236149551685,0.011261770911871295,0.010920430857967676,0.011745525865956001,0.022236972939629777,0.022466390582283738,0.009002589167004377,0.0064528805459368845,0.0059006472863378755,,,,
0.010870405335263254,0.0062592874005382906,0.008099568922044087,0.01768097515287265,0.07213416120618357,0.02060448610627447,0.015003777423682944,0.012967093136846084,0.01112446314014184,0.015352771240954473,0.01162766644763034,0.01994326990659832,0.01986442454410577,0.008896508128831325,0.00656115983462287,0.006097385693095942,,,,
0.011276847456399843,0.006430733654190128,0.007568638695103984,0.018705546096742864,0.06071891969884905,0.020474549902010388,0.01712244114493586,0.012951280396070079,0.012045493784064608,0.011136552434187421,0.011579744412727926,0.019654119650206085,0.019834776730060774,0.009195197444734272,0.006702505454749142,0.00610636599960235,,,,
0.009490704868636637,0.006848747321210482,0.007652483515529137,0.016720373690257775,0.06623263356095184,0.024713827469524788,0.015930701755981255,0.012774957277283798,0.011716697969571078,0.0109389424896082,0.011216304056764633,0.0250815042599804,0.026027536607053394,0.009162415887821313,0.006414983164239967,0.006272741349727502,,,,
0.009806490847451447,0.007443714275797665,0.00741993663164729,0.01646059767270996,0.07053062018595835,0.021367729185195902,0.015864109342629492,0.013397050681357285,0.011541460174274975,0.01130556369198545,0.011821389186425493,0.018468299915585993,0.03170634179158718,0.009412488529155962,0.006565655353640179,0.006403094233681466,,,,
0.00874153910570364,0.00703778334083626,0.007581821951439036,0.01657077414670796,0.07235134138776585,0.02309986860128703,0.01648396262084074,0.013185497049951306,0.01180459111582002,0.011120381859404253,0.011573022294233782,0.015410193032713812,0.03173271486886382,0.009345836898139046,0.006639758227320668,0.006625434637708937,,,,
0.009275665820941525,0.0072071316619198925,0.007245584567717951,0.01664815719019752,0.0723886176792072,0.022513102561683533,0.016199838386728577,0.013672640638531755,0.011627220274336025,0.011734478477222143,0.011619548993068064,0.016259453667408115,0.038096268848736584,0.009296580932962407,0.006588382225583999,0.00597757051889751,,,,
0.008530345572968574,0.007807971960197993,0.007264355312082114,0.015088188769409113,0.0819142995738614,0.022659415567312786,0.016660831296981236,0.013600571810683146,0.012170072227198816,0.011119069701023967,0.011834766640461828,0.016189126782271437,0.038470813775443535,0.010085643892450194,0.006671910320947607,0.006178945561275983,,,,
0.008823058077346875,0.007729842697579736,0.007104957441543371,0.01530757260599907,0.07832234148946904,0.023178409568006098,0.016311239524476984,0.013935922465327103,0.011892352696929922,0.011218500849646979,0.016079480994761794,0.01545664396467446,0.03763737851524038,0.010117901806854011,0.006595219429705199,0.007439008413837311,,,,
0.008461650446853436,0.0075385910095976325,0.006812909516617948,0.015175357144425314,0.08354739418468086,0.026862832762977577,0.017063655691084607,0.01442370789849882,0.012208775495128044,0.011430377374320384,0.011781688590355844,0.016858629179877023,0.047218364463280156,0.009562214139336157,0.006596005991156937,0.0060827444286890445,,,,
0.00834776676106279,0.008111369728063077,0.006869924288774459,0.014294432168332993,0.08700661276006162,0.024651824149849757,0.01738935522897554,0.0140640441015697,0.012424982109890086,0.011906521877704787,0.011837834742895941,0.014201241420590382,0.05322392846290127,0.009618843294607828,0.006768983142990256,0.0065073201535315135,,,,
0.007931901379986426,0.009830103115215408,0.007152986583779799,0.02432536671258841,0.08101590679651272,0.02476991664222478,0.018426379801439744,0.014221296474725743,0.01252403867440929,0.011688853111504605,0.011609806141388748,0.01439803569114005,0.05281258395568326,0.009826408158113599,0.012846508926328139,0.006286321242518525,,,,
0.0076725831913895355,0.008507813723031133,0.008780583937090889,0.013892579268795337,0.0900602303672359,0.0262020433186692,0.01810543898789858,0.018475672224421428,0.01298907881405119,0.011496648201422911,0.011910878234557002,0.014286445513418514,0.05310279713185594,0.015608280325727782,0.006766300156446158,0.006083810436027796,,,,
0.00798307914849572,0.009502723005052841,0.006770659469685216,0.013853009744707661,0.09018721228807314,0.025751154626864135,0.017851960920375158,0.014344428845888687,0.012512149757502528,0.011991401686854215,0.01164950800587021,0.014230891900232715,0.0513205476576138,0.010293277258597746,0.006791936695275349,0.00623452908610681,,,,
0.007770007123189168,0.009475660762953024,0.006718402332091301,0.01425838877072624,0.0702727119822097,0.026770081805395852,0.0184073657050972,0.014867792261874383,0.01268172267111414,0.011886707573065855,0.01153339449887543,0.01330702990088557,0.04810517062794105,0.0108100151397086,0.008524756229006586,0.006351999017441901,,,,
0.010412788455479608,0.009321832779884315,0.0067699410947850164,0.012909679799566922,0.08923290513051718,0.02880866845640035,0.021825699084734352,0.015013218293986693,0.01293065981860318,0.012107648655224687,0.011577616164149169,0.013302423903768951,0.04318161428305587,0.010898318202168349,0.006880158449663452,0.006255141902103193,,,,
0.007587251234592754,0.01029642680283934,0.006835478399861418,0.012866281566781976,0.08817102686165028,0.027993820514512473,0.018916729481182497,0.01499722797660663,0.012787007558837868,0.012188574686692533,0.011685662653477934,0.01284178825126804,0.03553317409074611,0.010706821447342267,0.006909080736482347,0.006475352284149136,,,,
0.007514423204645565,0.015744295198493883,0.006576757456108208,0.012407093550531061,0.05855525617207044,0.02806100000063523,0.01952063169259439,0.015211210140871595,0.013047683557012156,0.013205572388822613,0.011799288725039403,0.012826629969997106,0.030663063156133517,0.011201580220573002,0.006988081022428764,0.0062250044778331785,,,,
0.008627403836372845,0.011291214703220672,0.006771281999617273,0.012249288932009977,0.08655056448785071,0.029286475433777614,0.019476864672699597,0.015286206507652415,0.013224808198152454,0.012322787885070517,0.011928287752027382,0.012552588126276782,0.0287364560551379,0.012176464743779572,0.006811386397994782,0.006535163763073444,,,,
0.007462464599055892,0.011570864787095961,0.006435975251844198,0.01221103271827257,0.08533932610175259,0.02896625732201399,0.019441489925806764,0.01527262521696493,0.013302423903768892,0.011929184741458279,0.012013013772005466,0.016449563091863312,0.02863872350769595,0.012770387883908383,0.006942787880026538,0.006315139317051604,,,,
0.0070396259578260605,0.012869909974062555,0.006369941689276312,0.012082368873053681,0.08301522384172735,0.03054941127014122,0.02012300686739911,0.01584742263128558,0.013348193737506973,0.013198081495264849,0.012431113130495082,0.012006318186288993,0.02160051004978509,0.01353439719257522,0.0069878954234214264,0.006395595394745273,,,,
0.009629792465249507,0.013399954655874435,0.006931991361962306,0.013769621327260955,0.08107137814761638,0.031438630460559176,0.021045130843467378,0.015935178833088794,0.013707314815170108,0.012601184743259601,0.011824241388273303,0.012220030907899432,0.02135894144257399,0.01219562218914307,0.006954593406678563,0.010365975142774873,,,,
0.0070230250009659,0.014797863134266462,0.006616864802668638,0.011519329309789517,0.0749777984012009,0.032332667072264794,0.020595435675082152,0.01616746167785475,0.013698252111053705,0.012700296697468624,0.011757666004647224,0.017384133581075704,0.022222036812926744,0.011791289420661374,0.007041099704231897,0.006730938654741507,,,,
0.007251981014238574,0.017348659454588737,0.006221253093763503,0.011003252213405403,0.07514171209426794,0.03432194331718863,0.021503864468497846,0.01642610973441562,0.01372870552915092,0.012966918101336634,0.012204658307607462,0.012461254637895002,0.017723761901231153,0.014325791073435838,0.006949556346533537,0.0063151393170516445,,,,
0.006968891832757579,0.01793119269042312,0.0059900875296706345,0.011076676571444156,0.07463416518542106,0.03692869850716887,0.02230462868155246,0.016569502240613362,0.013680440510281073,0.012381901403299544,0.011804591115820037,0.012647697717114907,0.01776775957173407,0.0156964439740885,0.00692782717442366,0.006953287852572713,,,,
0.0072944213849523,0.02215128934248018,0.006067533474216607,0.011167168463647419,0.06531081669904419,0.03569055154440666,0.02215065991827819,0.016715486200482778,0.013829232441489949,0.012890049193520468,0.0120716297511598,0.017960733256391297,0.01799464045108597,0.015517881686257751,0.007170010197974518,0.0063246307191738935,,,,
0.006790217870321776,0.027630737750130977,0.0059970121134160954,0.01078370795367216,0.06838736882064121,0.037967363021352556,0.022993507924992725,0.016712382290515873,0.013937946508706714,0.013198892190495672,0.012155756795358033,0.012307938799955693,0.01646758897943284,0.015248828852033495,0.007009392129264601,0.006419884090529132,,,,
0.007049061810128834,0.03453323736804764,0.00599728244271129,0.015473521594349572,0.0585056149409683,0.04176449247174518,0.022654378125320056,0.017572980552026846,0.014036420616740599,0.013121331267380144,0.01206235957906905,0.012323103628652358,0.01642168752215225,0.017113064957852284,0.01052737128733915,0.007122277960373496,,,,
0.006707147950317607,0.03644031093388412,0.006664908547459916,0.01052355141924541,0.05185041591803995,0.0404303346335786,0.02473283077970669,0.019013070489137442,0.016300402210461223,0.012965217633412296,0.012124561702609114,0.01461176124300093,0.015953887542980157,0.029130118033337763,0.0072423618409723466,0.006591531171743261,,,,
0.006452880545936891,0.04244829818370351,0.00572255924992183,0.01061704794741169,0.05143666666598997,0.04056843134529154,0.023638554033219808,0.017944351926988164,0.014902405322089193,0.01304201642173165,0.012204126956430748,0.012749423876732864,0.014077754905697168,0.022165059010623534,0.007060597803622096,0.006784437517138996,,,,
0.007159828058366131,0.04242048496658191,0.0058590131088436335,0.011662192954039433,0.05105256690602602,0.04307525669708247,0.025111219886183516,0.017787019902741997,0.014814068647777554,0.01354627455643612,0.011990455268718486,0.012395720260308664,0.014992124774974252,0.023189598003698533,0.007219942113082184,0.006965168686369705,,,,
0.007168879563299455,0.04191545368523315,0.006479607099208911,0.009723613118174376,0.043019480837226634,0.032055662768320614,0.025174616201462805,0.021537011100069215,0.015780273319340017,0.013292670498440533,0.012466327490844795,0.011838793361845002,0.015869013859599865,0.032592050946101014,0.007180313370478006,0.006893294330394799,,,,
0.007100164058181131,0.040007966038972664,0.005711272755085224,0.009967675304603565,0.04075673589036331,0.0455424493014659,0.025134902592732287,0.018443124119771045,0.015009330325232514,0.013231279268586122,0.012286212128578368,0.012462815735650497,0.015312337754295498,0.027514742298634882,0.00736343771682155,0.006689188804729579,,,,
0.007060597803622052,0.030933493095767088,0.005442907707822414,0.010358934899251698,0.04042821736581697,0.04943723147849348,0.026248740731279196,0.018717866474698343,0.015268484766319815,0.018108393646259432,0.013486975467215044,0.012165488857378177,0.014024403487277959,0.03208809507051825,0.007430416896711284,0.006376046968570385,,,,
0.012095859785454147,0.031759750067899654,0.00569626520428793,0.010277735897361853,0.03927158984626323,0.05302023599631881,0.02715813758861133,0.018947694039868783,0.015637523001969553,0.01378367204897954,0.012722743423559451,0.012587462655903705,0.01471910139746997,0.039262647175424804,0.007084666139613902,0.006904620977907595,,,,
0.006416600378418353,0.024753221126118406,0.005769957462002053,0.009655717602610261,0.03884971012206587,0.05283947409854788,0.02703800435723983,0.01958187695569491,0.015631633209455646,0.013941784404549658,0.012870539801672689,0.012679472524724776,0.014633558154797312,0.039215406316273904,0.007312179981148001,0.006825272255351252,,,,
0.0068149556712193745,0.02495033506260992,0.0054528470346162684,0.009212494810333127,0.054915453887361944,0.057500250589952374,0.027241879931427345,0.019800991210911507,0.015198329872693988,0.014119151904219014,0.012861870666195986,0.012673026713532844,0.013389303670112781,0.039511874808547724,0.00742190280860644,0.006961443548754483,,,,
0.006491355897822575,0.02400642422177619,0.005697574252247125,0.01064251800340942,0.03473751581962388,0.08242030485482148,0.03022288842401112,0.020021691419396064,0.015998435716339424,0.014336108174750546,0.012990900954585672,0.012107434414592303,0.013427825004051427,0.04494806954919156,0.007295488119747548,0.006666805587214289,,,,
0.006912505753881975,0.019963419848496144,0.005359585014145935,0.0093362912776431,0.03306776692784721,0.062018740050142414,0.029571997737408567,0.030596541998126142,0.01538515532581236,0.01438048206462678,0.013055633281931862,0.012298873108987158,0.013180577987575137,0.04663575831863422,0.007345803038065997,0.007121686112215294,,,,
0.006799713715467991,0.01685980234809286,0.00555884952957478,0.009106615806713167,0.03305487038208791,0.062106426693110166,0.029522188115310242,0.020467184702223987,0.015974259138320044,0.014585441907727382,0.012940184946248531,0.012413808046049244,0.012891860180119799,0.043532686478151096,0.007693515439690304,0.006857500201234724,,,,
0.013149175705811356,0.016550078867418504,0.005442907707822443,0.009280837878871668,0.03288019796963827,0.06942245650572802,0.03111450948594401,0.02102668065715144,0.01630726336505104,0.014354755139500488,0.012632537543062497,0.012792204699999718,0.012981213219821467,0.0432369035232361,0.007523048083472673,0.007398098889592327,,,,
0.006730938654741488,0.014366225109228936,0.00623645305871386,0.009355823325402343,0.030367578281230028,0.0672722407155828,0.030979882523488465,0.022937216692661157,0.023042430082833198,0.014709934653292405,0.013911238054560945,0.01999107663684851,0.011924590356281045,0.038379816106869115,0.007344390434557678,0.006585822598186437,,,,
0.007013785268773684,0.013538804527161778,0.005268303587804175,0.009481031512616703,0.030313813658734867,0.07343171404213422,0.03262307539472267,0.021407282397559325,0.016939004346378014,0.014790586782479532,0.01376267304537038,0.012641056156322902,0.011394807047836037,0.03703251002028792,0.007497835625864536,0.006785441072072941,,,,
0.007676639048783114,0.011692541859957906,0.00546472663091664,0.009758098137278173,0.029496465807475024,0.07275505381747253,0.033357568750946094,0.0217475954498022,0.016669080832668826,0.01811030943978108,0.022478294048094385,0.012870035942050393,0.01143783535652328,0.025453526139359882,0.010887602407041161,0.007260560387731285,,,,
0.007105641946631031,0.011873798255735578,0.005721199245327766,0.009040147965118131,0.02968834298322474,0.07343672992811191,0.035180954655967656,0.023433395939142232,0.016859090763998177,0.01526379089784069,0.01316186878407443,0.016023547136940243,0.011965334362436044,0.026130072551653335,0.007682085735168848,0.007103131772154984,,,,
0.007245584567718005,0.010734736803588706,0.005066188181567133,0.009333512536762524,0.028119729668519017,0.08992743740746369,0.035472760727081075,0.02184626484971456,0.017008766090498218,0.01472280173397345,0.014033093826569346,0.012378758602557655,0.011911667653681556,0.022771509430227065,0.007659725474835973,0.00679780606804712,,,,
0.00648560914492649,0.010572120685015556,0.005066508176273194,0.008894503380472494,0.026234197659807442,0.09953899084232219,0.03511512500482953,0.02314660492091391,0.017419070119042267,0.01823671576329745,0.014350756559484219,0.01246112453758756,0.012871849744385993,0.019671005684188368,0.007803194904639817,0.006750708200594109,,,,
0.00723228156406262,0.01092470555705803,0.010011979259253966,0.008034132703015125,0.0263687193598202,0.0959837232574549,0.043329681211024776,0.02301019793903642,0.028959506706717902,0.014893939201856802,0.013295719206193388,0.012989203626351675,0.013461106539832991,0.018128204264163936,0.007927035395596192,0.006496598493461962,,,,
0.007091802131801035,0.009661088940463055,0.005379090179364386,0.007852032272446269,0.024536136733013858,0.09538588324266746,0.03683762345191646,0.027357420447192724,0.017640970507036346,0.015033246977587483,0.014220589667276394,0.013154402300830316,0.013174672688354712,0.01648490675780514,0.007953129576331389,0.006865061260040844,,,,
0.007067436956808888,0.009872003071126956,0.0055774835078927,0.007791343491066689,0.02221129526799017,0.1041359055805115,0.039744572892118545,0.024178312884873463,0.01796650921285496,0.016901349100995132,0.01396186379719837,0.01226846480505481,0.01268190164288942,0.015779944560221314,0.008118441978038352,0.007117724015509416,,,,
0.006709467993492772,0.012778687736489512,0.0054318758431803945,0.01072385755129261,0.023170686397414122,0.08601584990793018,0.040864605202545104,0.02490272628061283,0.019451160633793884,0.016151911455922614,0.01891883763687377,0.012567483546392016,0.012733951948657635,0.01749396131770784,0.00790241435119794,0.006776068779329392,,,,
0.006914710004321713,0.00885460604529955,0.005046694384654878,0.008070373098216803,0.02320685956013531,0.10911846424298303,0.0417190664999849,0.02447590889939987,0.01817024126448363,0.015876469908240674,0.014002769820819667,0.01287091768344515,0.012269178362160647,0.017060216010680914,0.007954760168066828,0.006771281999617175,,,,
0.007321043125431432,0.007957694391206778,0.005412740617041069,0.008144281207215656,0.020972206739662526,0.11580848707578323,0.04171707681848612,0.0249699634720331,0.019062121527263325,0.017471575916506048,0.013989217304025987,0.01299968358149736,0.012384729242078863,0.015732098717235774,0.007818927377629013,0.007216168764781744,,,,
0.006565704737849701,0.008085625828784096,0.004966975243420924,0.007258773854470718,0.02223602514385869,0.1101711070745189,0.047560685297179925,0.025716984307463178,0.02022888043709467,0.016656413003077904,0.014348406591617149,0.01320888667392715,0.013317430177333663,0.015355896590209124,0.007948113410852074,0.006639123364825439,,,,
0.007246613747830187,0.008786231956738217,0.00472386584790689,0.007528907357398811,0.019557803071829145,0.11534877376187294,0.04673928618113984,0.026022739984936868,0.01995536231330742,0.017186252222314142,0.013870623122680977,0.015683383337459018,0.014888038365424029,0.014228704439252378,0.007899008076044328,0.006462370339715205,,,,
0.005865816045168252,0.009008961815620145,0.005407766359113454,0.007099113646843428,0.022738836225166557,0.10864946659589489,0.04736407371227352,0.026643283122486167,0.019236068492505965,0.018219550402164802,0.015510253258976666,0.013981728832493639,0.01045765610419213,0.011458708860862251,0.007520634114440043,0.006091267263790789,,,,
0.010260211876734489,0.007328479882848547,0.00457093386068423,0.012653874571317,0.017843240664746438,0.09146762370806474,0.047765367239224886,0.027441582613996467,0.019624401950507603,0.01702454307415223,0.013360819084551213,0.014652977268879935,0.011438969224387288,0.010908666798264452,0.007844967840159214,0.007277198696593415,,,,
0.005901086870439647,0.005987055505851947,0.005572830854576954,0.00675670936472765,0.020106564945559225,0.12657611001210645,0.05090554910807254,0.027303879852261757,0.02015609177305399,0.017000147356132592,0.013617130698329793,0.023572952456579675,0.014540021069203735,0.01781297739404009,0.00821926055195294,0.007527744482024594,,,,
0.008401390197080751,0.0052586937091300455,0.003893028262236251,0.005547171506698564,0.02060738140477744,0.11698136274513339,0.051965768973312294,0.0275638976822321,0.02157943962180843,0.018335020729321607,0.01400589546237842,0.013305470376705658,0.009981977909562841,0.01653481004322348,0.007950519933956925,0.008148898101920701,,,,
0.01145938795582598,0.009957423321263328,0.004393853982301727,0.005520511976995574,0.018792274774440967,0.12563425843284526,0.059121486642147614,0.028084654383509156,0.020772870205580066,0.020202127017505823,0.016954999235143122,0.015545605035198577,0.012755449791534673,0.011483102742061487,0.009149950780971708,0.0060080856406495315,,,,
0.005193923804496667,0.003910064939037384,0.003863599803728839,0.009172425266075031,0.014679396399016964,0.10665489068011447,0.055092612030573127,0.031495746063033875,0.02097913190279468,0.01596971180348447,0.014648086167004012,0.014257729284982618,0.013404793215384505,0.01919509877922469,0.007863627293062187,0.004854732118571343,,,,
0.005467633195519091,0.005943572003370539,0.004430963342919354,0.0071245993514436785,0.016071897208779665,0.07556127196632931,0.06412543937375252,0.03047808916010581,0.021968812382732676,0.020083975685503925,0.017758285900522593,0.016307243481818036,0.008397993262786348,0.015771147710193025,0.008236402954002148,0.007984053873520337,,,,
0.006724914493438942,0.005944062961964462,0.00437855193839157,0.005784381466141465,0.02317896911805572,0.08081429784262315,0.058436636744684085,0.030243136715650955,0.022924434170203102,0.020237133489829223,0.017735703949157383,0.016122958207180925,0.015520785772771429,0.012045816796050095,0.008272541139954036,0.010365693624841492,,,,
0.0039470403711128425,0.00912280169068986,0.010441738361514921,0.004894641258178806,0.020993052601550242,0.06766918775015686,0.06319027385052822,0.030980667476783814,0.021999136259588215,0.02023072364374826,0.021382898128422635,0.017041047521726936,0.015588012860330824,0.016362821856985867,0.008363909273896715,0.004533897418630411,,,,
0.0040102804886902954,0.0022402234150058556,0.0057055927211041215,0.008246160143768298,0.01948085966070096,0.08557948080259015,0.06321871473399392,0.034404901473387775,0.02119428067382637,0.01679081207787369,0.01283661118494617,0.013150433236820292,0.015603314633983123,0.013250869275418043,0.008765208829881346,0.005711045662190363,,,,
0.008478799923835906,0.008585812309037261,0.005012139058984982,0.007045150917243216,0.01885980616250739,0.08434415159762175,0.06822388511136013,0.03248183455006834,0.023785891376878567,0.016376607783150324,0.015771147710192997,0.01043701733115645,0.01444859395991247,0.005285201528692517,0.00868105540523597,0.007898351275804022,,,,
0.0066551229212119326,0.0065644700211559635,0.0056933045081017705,0.006794991310538896,0.012739654318802055,0.057918005732715,0.07358372075266871,0.03467226569114925,0.025214241540686678,0.019989925034622144,0.024086936064479723,0.012390801676492215,0.011760974776670138,0.007051407304700684,0.008045545888874682,0.007611145191524065,,,,
0.00552074690739457,0.007502720674545172,0.0046104865457326,0.008052998062221034,0.02008983519701782,0.07238096237301779,0.07563005701713874,0.03436940079883685,0.020339814839332993,0.02105837663733575,0.014484007343392565,0.014352044359406789,0.014648728078891211,0.007998660495181685,0.00867317088963583,0.008381877708192693,,,,
0.008325870202084472,0.008232032078205546,0.004048503238397899,0.0048725320516136835,0.018207587348725483,0.07697654621803955,0.08087202041755685,0.03444200364897312,0.024126331927578026,0.01844213958070802,0.018582259470348077,0.01619713612673272,0.009421853712067425,0.009049146046601605,0.0083707294273303,0.0097615200090012,,,,
0.004993992694406591,0.007694189725381776,0.005652150855927382,0.004970368610512176,0.018835566823876687,0.08893126767960252,0.10153009745002883,0.0354718009552333,0.02406109000702174,0.020833344573345784,0.015646063407600056,0.013399567495634824,0.013741146438165012,0.009146264657388076,0.008027672838094253,0.008427285271020704,,,,
0.006716471590225399,0.00796962390596705,0.004548177895640054,0.008365498556413617,0.014937611086194793,0.06051707814505464,0.09664173088336475,0.03757163274972152,0.023871344631990286,0.0212960011442381,0.016777057285631718,0.01535072252497362,0.01549697293635329,0.012241239351508502,0.008663408077710794,0.008100049290282595,,,,
0.007899828999553434,0.007046991607791172,0.004880045803244913,0.006384178258757796,0.014084962122787991,0.05674179472449937,0.09160466147359048,0.0373717234224236,0.024451786836659137,0.020712094031973,0.017745701286167412,0.015368286141547224,0.015077440081857678,0.010290126750361391,0.007953333418580526,0.008076116322053895,,,,
0.006153126332722737,0.007678370585006037,0.005471842008984253,0.0076312687697480215,0.015258288101120657,0.05796196909508055,0.10468186033764157,0.03969485069247444,0.022685343537747128,0.023187067092677954,0.018072313811649317,0.013579862714387799,0.013316651047065878,0.012500742359763022,0.010159859504216523,0.006478956543782034,,,,
0.007155887080258225,0.005521686529034867,0.0048672055685899,0.00636423814441716,0.016453406330353765,0.054174134520130625,0.10512173243991127,0.03942190667980852,0.023961365026803804,0.01958346647977534,0.02340504121840202,0.017674078566793087,0.013406728150235121,0.009921670378706435,0.008844163662746592,0.007118042886484296,,,,
0.007596006850559537,0.006457351022189234,0.005021510511111564,0.007430416896711271,0.015454315292714158,0.051535004818262495,0.10294897504499223,0.03928440164832185,0.025492527165438685,0.02108607345878826,0.01645027268039598,0.014258388770726209,0.013808114870104216,0.011889871354260421,0.008773675864338477,0.007544094384704553,,,,
0.00764548915714828,0.006769893200414643,0.0048969592514761595,0.006567087344942473,0.01708027421187033,0.05209320445226783,0.12289643487372648,0.04150812943623013,0.02626528803652601,0.0216331488898801,0.0176347202020615,0.014527706313040824,0.012525100098341922,0.011801706690925708,0.009877256791767727,0.00783917935473634,,,,
0.0071785068659659486,0.0058940495906574936,0.005589562281900929,0.006207008499649133,0.014519133365732741,0.05262694412806952,0.05038483855896802,0.04642581709695462,0.026070554559997378,0.02143136659791224,0.01773387567308105,0.01680654286083104,0.012932164252543198,0.011860683527325389,0.008654121331768152,0.007819922563604037,,,,
0.0071757962564723415,0.006365868250104675,0.004956977440683633,0.006903822611952375,0.01452359907390931,0.04838598563932071,0.12732696829850906,0.045606536952272,0.026638025290750596,0.02125660695366346,0.017678939472502656,0.014937003296208007,0.01336118310022311,0.011959588130663307,0.008889507768900696,0.007373998281175543,,,,
0.008168411403587185,0.0065248357211315465,0.005195109781501291,0.006344644208529025,0.013475551134551525,0.04026639950473763,0.12607671399357903,0.04597375861217124,0.02737788124855144,0.022558064914761443,0.0180025669550999,0.01483436621657001,0.013001653867270186,0.011502428380311675,0.008905578524957297,0.007162771052105367,,,,
0.006836616745079365,0.006801620827851966,0.005836168271399227,0.008071939837246578,0.013161671703643275,0.045913453405501035,0.0915665430150915,0.04554748965111399,0.026800296463599074,0.022286959307810474,0.025059724909247592,0.01643195154664526,0.013853594877609605,0.014145949147438974,0.008601244216856934,0.007623276752845215,,,,
0.007166572515458312,0.005977787486666478,0.005264855905939599,0.006735368995314714,0.014203410282765292,0.038953962409568874,0.12644054522148473,0.043889335820973915,0.027528738441573684,0.022571787542294542,0.01761374711153079,0.015608882749890219,0.013446332953993717,0.012347286598036133,0.008933750740261207,0.007555260774015262,,,,
0.007406684117778857,0.005746589349369065,0.004715140650661078,0.0067537814627985845,0.013189824307316354,0.04046002885952284,0.12870298959234158,0.04832090738018757,0.028596745600472418,0.02228671198263089,0.018771161336194685,0.015131857152475692,0.013824542435575687,0.012391953009395445,0.009290614976884779,0.008022945769501149,,,,
0.007560065828370858,0.005760959296777979,0.00864696224079798,0.006147854543056699,0.013295207072149318,0.04084764561967718,0.11685456214714483,0.054565300986657225,0.029692416419271114,0.0222479206978683,0.022231825193375198,0.015396110383972263,0.013724335552805224,0.013797308962990723,0.008853544049934865,0.007852032272446336,,,,
0.007269887884153793,0.006345104133847546,0.004883167587558661,0.0063651041900435945,0.012945696290567587,0.038248008833931015,0.1219746477168736,0.07564663807577614,0.029676643763074356,0.023663559910865262,0.018334384085604394,0.015247659323892458,0.01416475488215175,0.011372590374373107,0.008690201436056576,0.007433907035067326,,,,
0.0090405783561282,0.0061465358891506835,0.004517849695464691,0.006144003280302118,0.012476726888268539,0.03907638639090017,0.12207880722602767,0.05761201869042341,0.029563279708442202,0.023526194830362727,0.019534977603941583,0.016211202960929975,0.014380008563712398,0.011781908754307567,0.008946227140063288,0.007656719411034235,,,,
0.007181216452317644,0.009403941557427556,0.004474581183488942,0.00625037117988157,0.012849537322988111,0.03838590678625094,0.10762867762160462,0.05800893990432463,0.03785562361886923,0.029331910238586657,0.019832814982012215,0.016935022409910756,0.01416427416964354,0.012704610566029192,0.0089268159081466,0.007201595901333046,,,,
0.007620213760655758,0.005982992352682328,0.004714521716883725,0.006641320707216963,0.012957913087564119,0.035270497612472446,0.11000923721294556,0.07508157062476851,0.030252044671549988,0.0242781884398428,0.019634989910199803,0.015830001453250423,0.025718900659044086,0.01235975384898059,0.00883979985942278,0.007901429555079963,,,,
0.0074353026316928555,0.00567202190547285,0.004560707727314599,0.006521256818694793,0.012506006611161486,0.034047752937268194,0.11051338379847243,0.06158656855151266,0.031792647417652926,0.025005465844593903,0.01978606797672562,0.016366566597516865,0.014293524818655744,0.011678113057800974,0.008757807343376806,0.0075289073573988645,,,,
0.007304371518009062,0.007004163017379874,0.005063115203389696,0.007764037467161448,0.01380078656933513,0.04984894740551591,0.10256209046984151,0.06686747289970305,0.03352298455002307,0.026352052439717374,0.019736910457087174,0.01651697530343166,0.013779907766731912,0.011850837956594567,0.008969392867877304,0.0073320627672057255,,,,
0.0075061771939741945,0.0061968137422537305,0.004344055881784812,0.006118884492700856,0.012320445867613791,0.03096191735558483,0.10018500829430761,0.06597566546368024,0.03273479729145591,0.02517337972212799,0.019888648973694353,0.01646758897943281,0.01400478420307925,0.012172736183746813,0.009001148395417095,0.007827879496631211,,,,
0.007567053446949893,0.006148487396477856,0.0044983582885917235,0.006277288462575227,0.011924291252099043,0.031101220011546984,0.09363566215491521,0.06605177747757303,0.03378773111747191,0.02525531969526777,0.01982848210084401,0.016557071556714504,0.014091866538963556,0.012214723043208645,0.008875490484886625,0.0075406552459478336,,,,
0.010495167039259762,0.006486209044027019,0.004779343499250241,0.005854307273565188,0.017520038385067743,0.028951668197349185,0.09371278142576953,0.0768089159481307,0.03708203346108953,0.026057069304753523,0.020729619843319703,0.016720664567218758,0.014103642269050148,0.012486078940417946,0.009117291045188096,0.007731520381068141,,,,
0.007507904856941347,0.006273981798244806,0.004504624869231955,0.006052552151441881,0.011511219960449504,0.029514224397445405,0.0725652889871988,0.10949721750945245,0.0348915497856958,0.026389037518564525,0.02058874366893303,0.026126461362756898,0.014094512335068678,0.012026959923312458,0.009416621375638281,0.007740783028170304,,,,
0.007440751672693271,0.005944444790614824,0.004271724529642298,0.006012131835154268,0.011270635140832493,0.028979295101626102,0.08552757028407391,0.0823186822368756,0.03689152203816349,0.026474122670806864,0.02058244332263734,0.017498946373997733,0.014389024950561892,0.011957174974527408,0.009345281783723808,0.009078337146914415,,,,
0.007971901917705988,0.006375233269143777,0.0041076573566033,0.005753356148450933,0.011510205890063824,0.028612354297224994,0.07242771923042536,0.08268193681883947,0.036797808565086534,0.028509772649673807,0.02091047484971441,0.01693540532910124,0.014562860521802796,0.012611755744916514,0.012525307194963033,0.0074947213677429205,,,,
0.007514423204645585,0.005685724943877869,0.004206865562148606,0.006560764476854786,0.01149258623994259,0.028661527786478645,0.07176918572986166,0.09358088205884531,0.036852258097473875,0.02841885998737462,0.023718838205134082,0.017228479713815855,0.01491134502382359,0.012713769488807342,0.009268636985674806,0.007540268244677561,,,,
0.0076861365782161725,0.005709853276312186,0.0044572289158402185,0.005988409277606065,0.011037499360451737,0.027557933070975607,0.07246538130440892,0.08931632375384403,0.038036976984462505,0.02785698527354508,0.0212886764494885,0.017604245814013958,0.015097727189139171,0.01269375928765957,0.01057258071646241,0.007339797595574775,,,,
0.009766567571342723,0.006240351183342047,0.004487894542649287,0.005498324729860004,0.011259697748123134,0.026937624502921288,0.06744326232959136,0.09738224573452323,0.04105560288392186,0.02986163090970875,0.021984333521895747,0.017373890866333803,0.014986305870821079,0.012637028491644874,0.01003100373885108,0.007454813551562777,,,,
0.007849389018889708,0.005867860913806867,0.00498827591758793,0.005628005590432281,0.01104924363327301,0.024892985192455915,0.07642004003153231,0.1225653300257407,0.03999375648663769,0.02866556615647918,0.03552952389531581,0.017711775188479356,0.015011231235769518,0.013381867165909117,0.010374698409766127,0.008043812773239312,,,,
0.007900157345071943,0.006073141942503502,0.004268687290444481,0.006018600088385197,0.011026801201740813,0.02539230749856461,0.06298572165282666,0.10572941060448474,0.041867349366921484,0.030512453394537307,0.022526003344585804,0.017583678936682123,0.023508712602454553,0.012932038889732876,0.010262992456261576,0.008117762989858637,,,,
0.0077298426975797715,0.005927238150226466,0.004410426422862025,0.005657884541241806,0.01103279815086786,0.025471150185881537,0.0593586354617566,0.11736023251169338,0.042554531231062814,0.030599339559024753,0.02245578036150902,0.01840722478665596,0.015890841008633406,0.013011625418054179,0.010166080813369097,0.008021329038682547,,,,
0.007918850534977212,0.0062415980690497825,0.0043493521028553,0.0057713621580419315,0.010928029166978834,0.026528494576206003,0.058914519220247,0.11702126887102514,0.04269373895482088,0.030337934563256633,0.02339207078123141,0.01885010728697223,0.015390718099061226,0.013300498173012544,0.010175007322786898,0.007950519933956856,,,,
0.007875493443189281,0.006259701799386808,0.004503473049001762,0.005773159670242551,0.010809145264423517,0.024971833276302157,0.05750679139753955,0.11676834694682098,0.04519169332058996,0.031141425426944015,0.02354823590288644,0.018907882949593016,0.02178215750824218,0.013040101964445832,0.01020758636610642,0.008136952483817203,,,,
0.008348388204110008,0.006165497295313903,0.004269067063515881,0.0055541812668802905,0.01091449099848118,0.02472517350765914,0.05722332038312063,0.12945218149159016,0.048751764836863096,0.03434146480610211,0.026363665045688916,0.019725522463978202,0.016523040097460997,0.013776966205584256,0.010799692105251973,0.009050005952310411,,,,
0.012220030907899452,0.012638696151825005,0.005229448117801064,0.005977570518897494,0.010816012374644133,0.03171382661412575,0.054985511732864645,0.12888819338259308,0.062028280620718704,0.03351779017766149,0.02629197637794895,0.02098137281641633,0.017265759547015636,0.014489088104529488,0.010325231923323115,0.008397336878472165,,,,
0.008533727818363012,0.006319245456608111,0.004308004380184534,0.00589976801987565,0.010792333923567115,0.02421046306640386,0.0544212369345611,0.09005046591247177,0.05295831180181665,0.036232719735955835,0.026742258049126964,0.021001869932492024,0.01794854350264017,0.014230413421875608,0.010414781142983314,0.008811290464391386,,,,
0.008628907012444023,0.006290291556495185,0.004554233538881318,0.005633476076154644,0.01073766627255052,0.024493481823774636,0.05477512857797141,0.1478783837099824,0.05352002351790323,0.03820335811629557,0.02636858409882356,0.021471889857752856,0.017946881443220535,0.015061173498502898,0.010723404009587434,0.013301473261404321,,,,
0.009377977312451968,0.010124661309944672,0.00424163649207349,0.00574523503315186,0.012200486578689692,0.022342973228196533,0.05325559751411021,0.1479375966805598,0.057103052766422566,0.03879945954965768,0.02713072375485574,0.02198374356492548,0.017815143361179613,0.015078794838376219,0.010931559395307579,0.008794162586222318,,,,
0.009504394779303543,0.006588382225583935,0.004633286391529766,0.005612717633971963,0.01055195163041201,0.023700677246011968,0.05336606639260474,0.14796044381789225,0.056784230558636566,0.03998798368064305,0.028670124193181483,0.022271590836004683,0.018286767678690388,0.016940152807956882,0.010870405335263211,0.009179209866581562,,,,
0.009218968558831336,0.006647323070399102,0.005074181995245962,0.005798657759748385,0.010226120125212712,0.022809922022997295,0.05008768164691635,0.14896926615786885,0.06047866094247932,0.040894269530538735,0.028928005423226443,0.022040425114853008,0.0184024329175893,0.014980766078646231,0.010764176351064763,0.013331057585870238,,,,
0.009469910345176337,0.006850309465306096,0.004931072400724687,0.005410643596007143,0.01035442663126129,0.02281968557448484,0.04776998299296622,0.14608218337009662,0.0704894957474734,0.036185833257744146,0.03081929193071751,0.02203411310978212,0.018507514883506274,0.01544539596077752,0.014579216053302532,0.009173308961748563,,,,
0.009112310823564906,0.006674825558850594,0.0051939238044966755,0.007869562604678526,0.010154241101225652,0.02304946474522934,0.04756806798440123,0.1458368559653006,0.06635543068914368,0.04245533265051618,0.029989385621365026,0.021706406841613474,0.018940436983578307,0.01936743294880476,0.01083697656062314,0.009011121012705297,,,,
0.009496715837970572,0.007095824397377491,0.005260604762139221,0.005522156279899551,0.010111843249657217,0.02241172681879284,0.047251553966794785,0.13968670288446586,0.06653169429642525,0.042316405705053274,0.029818677902945005,0.022863591232464543,0.0246934571168131,0.015142310260332791,0.010816012374644132,0.009158168325640492,,,,
0.010146446805320323,0.006958089219758075,0.005123781684948006,0.005576611431078519,0.01101712277401882,0.021726712435943384,0.04526579120557066,0.13157196937333232,0.06878561131731269,0.04637742722906676,0.030484120588494416,0.023285081421263485,0.019180955081675676,0.01544069287478224,0.01602016748922107,0.009282619474462411,,,,
0.00968472091553342,0.006910957668570684,0.005252030415741369,0.005444813654727697,0.009989543495846104,0.023052840620687923,0.042709646631578634,0.13205714551900644,0.0700598855963579,0.043870626195563034,0.03493738903815153,0.028593570676348264,0.018837443088092758,0.01575485647286361,0.010905902186640212,0.00881596261569775,,,,
0.009833005321750138,0.006819569160807131,0.004160364017104153,0.00539594162983158,0.009822612782676432,0.020752256276147105,0.040572834942985136,0.11193908061529265,0.07413805368351292,0.045443979395450265,0.03092436203746849,0.023693904351320145,0.01909429373505809,0.015304183153430694,0.010823683986478165,0.009296022877214882,,,,
0.009609940016505001,0.006983996704912553,0.004396804759292086,0.00530534689947802,0.00957072140374043,0.020866810466108103,0.04090175359678377,0.11588365418401357,0.07993874087133783,0.053208696248146,0.030973801078022452,0.023469716807637032,0.01911525381237155,0.015161484087898216,0.011489877467841407,0.008925072275880151,,,,
0.00978345130214603,0.00702842461290665,0.004487316522291701,0.0063151906602738495,0.009565299320660832,0.02236712263428676,0.03804997441418904,0.10658706285032173,0.07890126796993066,0.04722887642409138,0.04004029767114069,0.037939674816162734,0.019427609056327816,0.015418270536332362,0.010880899676043162,0.009053767079503875,,,,
0.010086672600226243,0.007072710975991498,0.00422839127480028,0.005268303587804174,0.009418721544046332,0.01949312248550734,0.03885023591851634,0.10706246043797754,0.08499910031610211,0.04711477443181566,0.03168435769167083,0.0242711358512477,0.019425539423591806,0.015431303414536433,0.010905575143216373,0.009105725638581029,,,,
0.010163816059601294,0.007241958899291259,0.0041297002160051175,0.005402007287874687,0.009306898928609591,0.019628119123563013,0.03677655809724207,0.10740594640623849,0.08450682607908876,0.04859154183608465,0.032037987105063497,0.024280004683907487,0.019644565361444172,0.015510859490399476,0.010947446144130674,0.009096640947968745,,,,
0.010218666233085573,0.007038566511997333,0.0061776860299860665,0.005673908035634598,0.010854913637550097,0.018955410170653123,0.036962469229590414,0.09924235759636683,0.117956784392641,0.048842298673998794,0.033457614137392865,0.025633775278635567,0.019229442989483536,0.015383637856729223,0.010800262530289522,0.009046458314436012,,,,
0.009930130910511953,0.0070189610173011265,0.004025129843405892,0.005303329692101631,0.009315430517040929,0.018801330914681832,0.03904437766697243,0.09562556948740697,0.09010537720636612,0.051343078857775955,0.03306965930561248,0.024774209826063702,0.019758501664065363,0.015714302091474303,0.011044547422744116,0.009017739326678618,,,,
0.009879094933924071,0.007014016410421319,0.0041610653793665705,0.005631173361481759,0.009174722697784557,0.01914584649552238,0.03557535227467078,0.09171999647862826,0.09756496089647768,0.051364545990859656,0.03419203678977226,0.02482932685228269,0.01920460654164357,0.015856749722846675,0.01117993665028904,0.008978064605447943,,,,
0.011782926959073342,0.00938340397305416,0.008454290021741572,0.005629791280583481,0.013930500302975825,0.0187663241737596,0.0340690685360481,0.09240813450949756,0.1312313282106,0.05114201391900366,0.0341577008017101,0.026629199050246844,0.020149543504889882,0.015959475562802222,0.010901292942563078,0.009058314165638867,,,,
0.01074681194484081,0.0071943885377366654,0.004144747566147976,0.005326085762446468,0.008904085641366879,0.018009193715696193,0.04408732267888093,0.0916272552887454,0.10609885816322052,0.05603253451927292,0.0340287013622324,0.02547554156492185,0.02014819175462171,0.021182543466512844,0.01088426645244785,0.008960712738228781,,,,
0.010685237780983872,0.007384938904865684,0.003953278678632514,0.005649109643183857,0.009155441768652753,0.01791416897014578,0.03287392559572461,0.0585418265594619,0.10521481950429792,0.058383545915998675,0.035103821192775116,0.025304366569054684,0.02076400247769044,0.015741102776245658,0.011068799494696302,0.009067937865799717,,,,
0.010911995293322093,0.007239092889399339,0.0068850579085213805,0.005649855752549341,0.010350323653940199,0.01697745461558041,0.031272339995411666,0.07891886678721158,0.1333661259649559,0.05887655978974582,0.03649997565173414,0.026212250410643595,0.02065586441749977,0.016187684679412215,0.011041493814789083,0.008754252407098798,,,,
0.01054506630034646,0.00735131841943252,0.004138876206072394,0.011139841945340642,0.008989325358070465,0.01726155244476901,0.03197189269075274,0.07985505587062447,0.12418802110951613,0.05871203568250493,0.03573219914499719,0.02609844838896904,0.020803939828802166,0.021081275283430095,0.010957659572781423,0.009055199478943203,,,,
0.011257163362823293,0.00718008758227035,0.004199845950826756,0.0053461983724437225,0.008747026994851567,0.017056262372180424,0.030150148684194536,0.0920705052657411,0.12446613471289647,0.06277565316668159,0.03709399316283703,0.02631195946559365,0.024264629089567977,0.016644261517465904,0.011160517423239582,0.009156893672778662,,,,
0.012043636297027307,0.007120229045619451,0.004159194817177352,0.005540152877321431,0.009564756943300596,0.017011491904715622,0.029112214238008003,0.06891273318165875,0.13807854453259655,0.06270354863874106,0.03740284032528973,0.027166541342179343,0.021019539775326758,0.016295627529541116,0.015375985002580188,0.009074050227567111,,,,
0.012155543402628408,0.007424348879421245,0.004130092769329296,0.006215778266927357,0.00853824805312533,0.01614781574656107,0.028134024136452395,0.06959281589385777,0.13511546108232894,0.06589516019553537,0.037146158109620034,0.027052307081940404,0.0217033145448581,0.017916630358998587,0.011203461552459671,0.009268636985674754,,,,
0.01288078906335957,0.007258773854470754,0.0041164886645274675,0.005688518589890341,0.008311643564955052,0.016781694992063098,0.028352894391294924,0.06086131553820638,0.14539589336858644,0.06968165510030164,0.039622994139995794,0.027656823610559836,0.02128282706655707,0.016481779096966014,0.011387975764644967,0.009266397829499073,,,,
0.013099270530387196,0.007375756905181056,0.004236358682173242,0.0057393626366469275,0.008333460780521535,0.016063663943802518,0.028050887676272375,0.061235728592507144,0.15507150446420667,0.0948650551944258,0.03971127382085996,0.027508425209284208,0.021498450690676647,0.01697556377626587,0.011253101396417052,0.009156008392777318,,,,
0.016763755416385404,0.009753278904560828,0.004178483579388007,0.0059835884544711445,0.008192549682362469,0.017677839007132472,0.02668035060094031,0.061247339345699724,0.14013947374653207,0.07376467270369837,0.05903630869763226,0.04071264643243758,0.021878299948929078,0.017235234788926763,0.011108712795077386,0.009099171321983337,,,,
0.014984748011275495,0.007221513759635856,0.004098253240157381,0.005673450849538573,0.008160985158326778,0.01566685596795428,0.026346084226956414,0.05841207907525831,0.1558057505875016,0.07803601691334364,0.041118474959203406,0.029360294754786437,0.022253749529328536,0.016951633144334684,0.011512431094122165,0.012625656879708545,,,,
0.01473083795203077,0.00744684986501646,0.004036953936640344,0.005629848874061596,0.008200461369075698,0.015745304281194798,0.0267200849692714,0.057581844664187705,0.1534951851277204,0.08534810993520694,0.04291489743321042,0.02940006865016396,0.02218989886385816,0.01702149552153056,0.011597091851151783,0.009598225040225885,,,,
0.015255291535646006,0.007958020349217113,0.0041688503541414765,0.005845050657288431,0.009214641502661384,0.015732861274316206,0.026555455633403172,0.05760114998118786,0.1452649189657045,0.08374335274490007,0.04481187816928665,0.030033951413879514,0.022167165410335803,0.01698127385068087,0.011439110949967732,0.009330837217116689,,,,
0.013210089430989577,0.007204971871145272,0.004176620818207972,0.00599079117287668,0.008085625828784145,0.015255057736283025,0.030260499979017766,0.054833162129211535,0.15639200564692898,0.08353348380225026,0.044125277707053594,0.029802580404361116,0.022328456526085318,0.01766859239202218,0.011729641972823748,0.012154823174507322,,,,
0.0118025858284309,0.007513732786644592,0.004314096518231612,0.006422661304860626,0.008144878366788925,0.01516877490289058,0.025023470250526952,0.054511050943703274,0.15646158528095044,0.08921271066644387,0.04765224367534081,0.030317877921041538,0.034420306698222165,0.017184837191870694,0.011710580550246543,0.009481989033673907,,,,
0.01574775464141494,0.007575661206690822,0.004112154231550486,0.006264879472193319,0.009853592989702219,0.015251571575276889,0.024507245315697028,0.0521900570486602,0.14907332826669578,0.0898015576941027,0.045035709651769854,0.03395219716092323,0.023100991492657125,0.01775645994957432,0.0116395116649611,0.00941610486902876,,,,
0.011529092373009217,0.0074339070350673145,0.0041529535249199,0.011625128608752438,0.007814820895875508,0.014969853621744257,0.024268463880971074,0.04899076938019579,0.1559312295232767,0.08979953571404264,0.045847057885378066,0.031365763961689275,0.023143971240459384,0.017655741837384928,0.011900202327595116,0.009672090857648492,,,,
0.010986472277561643,0.007623404350812391,0.0041404427161796774,0.006741864768093587,0.0078408336437697,0.014725554357229494,0.024368728374055147,0.057106476601113516,0.15126092002508099,0.10329764232964637,0.047513785629172675,0.03132311380242615,0.025374219787377937,0.017778705501304788,0.012028577385014406,0.009890870623638352,,,,
0.013149668869559872,0.007607736363687343,0.008836534766016169,0.006948063182989098,0.007901429555080018,0.01429381971361857,0.02347044900653013,0.04723810250076959,0.1463245379063259,0.11453670983170755,0.0497054800292896,0.03493976479820431,0.023729662522200334,0.017881215322971468,0.011602207185726346,0.00981425779023692,,,,
0.011226099591447075,0.007549894378966187,0.004341368005350281,0.009916309398267337,0.007996714487145718,0.014366112260449825,0.025640149568250493,0.045751880036854146,0.14424584580948058,0.11195464867025226,0.049807815689266295,0.033284081151937796,0.02358428367695734,0.02219621039147314,0.011895624005860759,0.009944389697884179,,,,
0.01113445595559226,0.007519987384011978,0.00423061446436889,0.007179003700023076,0.007717458518640185,0.01429245860917965,0.023135774093460012,0.04292776997184906,0.1446716564202552,0.11170678557482083,0.051590040072382326,0.03281900106833102,0.024782479961211436,0.01822746804345609,0.011903389761442729,0.009937181289331869,,,,
0.011445770072727762,0.007500991817533399,0.006784294140030089,0.007239451202685225,0.008084984188833199,0.01420706235485512,0.022520244979680856,0.04302970742823533,0.1372305594937271,0.14214979562164232,0.05396878348120697,0.035097539724089744,0.02450883291355153,0.01839806277275931,0.012579423268978504,0.010109438054003866,,,,
0.011046749020012224,0.0111547054101267,0.004349724833113603,0.01078536154847007,0.007646210083651149,0.015677593501391456,0.022341594546970853,0.041301744157333085,0.14088385985408997,0.11967757794196004,0.04661013085562746,0.03367105804680265,0.025042847126666632,0.01817580793096125,0.011891262060632197,0.010526108419834403,,,,
0.011186750052475224,0.007679003976315221,0.00425346856293515,0.009274791877762874,0.0073592533068811035,0.01380442771784938,0.02197105565846085,0.041476996728906736,0.12681611195989012,0.12823135720731954,0.05692156254716272,0.034852842302364316,0.025200568253069742,0.018372120101005526,0.012128117931687192,0.01035520945747306,,,,
0.011192458517178608,0.007876769636768293,0.005407766359113518,0.010814693268306592,0.007760654016418813,0.013529604983097746,0.02187460940628409,0.0416338604567666,0.12630597986206282,0.12810749900147136,0.05997390571017524,0.03618163056821718,0.02521362428021471,0.018651385778028794,0.012444668907578586,0.010569636169216256,,,,
0.01130645272977056,0.007754844407658207,0.004301375981926033,0.013175780133563934,0.007621362526985014,0.014079436152030465,0.02088979492837704,0.039878832699650354,0.12091033484925738,0.1277035132216915,0.07543932780295537,0.0360090960716931,0.025407625987250635,0.01984561189256639,0.012204738008288701,0.010698944818402684,,,,
0.011061561699852677,0.007924744486737193,0.0042136426355103345,0.013337501416870573,0.007395424922749878,0.01347254312110684,0.021098064123126103,0.037802207617481313,0.10900489545204646,0.14594064772950607,0.0627810401081504,0.03600938421188646,0.026307966527334005,0.019306313545694127,0.01232570820458316,0.010701490209390032,,,,
0.01147519384018948,0.007863627293062213,0.005681160936845979,0.013248911578206244,0.007260962297136734,0.01325605577477733,0.02099095195557851,0.03856883565206081,0.10170774264812858,0.14462092424821707,0.06280537113563457,0.0370869559398518,0.025956868305241975,0.018985167410869745,0.012258814494141245,0.011156333079003749,,,,
0.01134690169907704,0.008510747760765266,0.004322431058178442,0.01243906590640746,0.007472190965440885,0.016265514810221413,0.021056759864870638,0.03689987946485512,0.10109984564690111,0.14444154223280734,0.0861546081548667,0.045147740706311536,0.0268930396678327,0.019251569659119134,0.01256787054024715,0.011351472823501765,,,,
0.011778523278776355,0.007780015831325866,0.004191809143968678,0.0153649100822065,0.0072981987022506575,0.013193363734947804,0.027737540887810525,0.037174986836577585,0.10166566872212697,0.15445819168275618,0.06617346966729717,0.03819629608315692,0.02681025160437684,0.01915619117761953,0.012373387804618267,0.017092115720998047,,,,
0.011745443049213752,0.008208365430061515,0.005321883529547586,0.014105550299295113,0.007167658277530372,0.012820839833886958,0.020033607012386608,0.0371236310072335,0.09415351062870705,0.16182133587614853,0.06997597501184831,0.03916547592784157,0.02520164900858811,0.019703549546731446,0.012460083686224623,0.011902817720783975,,,,
0.011640625888340833,0.007955616094940377,0.00413534938867972,0.01425829780898884,0.0071275113999391924,0.013030152205852899,0.019595317613168236,0.035872329381109694,0.08969061730453477,0.1646826156384287,0.0750899998936682,0.03949632106667844,0.027453572908220956,0.01970315459961614,0.012350122362657492,0.012011961084464343,,,,
0.011688104125677801,0.008085946629666201,0.00437195633481799,0.013953756502456127,0.00732339006074877,0.01293015830172488,0.019568161951128427,0.034392082084296505,0.08798237990927049,0.16456913733716927,0.07405720965585191,0.03913111234690209,0.028174286266351607,0.02294053841648383,0.0124416722673365,0.01504609616694537,,,,
0.011855898507224474,0.008024764202336169,0.004713765131902898,0.01104607391016613,0.006888400729794609,0.012755526050691796,0.01972170856417737,0.03449189996257032,0.08806065021680441,0.16475991162401643,0.07404435400037325,0.040732798664788974,0.038958382041127025,0.02046971926356419,0.01255251063422886,0.01245938106239945,,,,
0.015563032054438637,0.008096646067892763,0.004312217146973518,0.006925627098845805,0.009311078642562818,0.012524038674409288,0.019022430600591386,0.03329109438051849,0.08371347616466387,0.16777115071610635,0.07982151424644447,0.043764216820952585,0.028498806993340144,0.02033120477260241,0.018740995093672108,0.013973841895493519,,,,
0.012002347668691061,0.013203976325218202,0.004409176458276872,0.006971124766128403,0.0069053253418026065,0.012365759885604927,0.020793463699077752,0.03237780292433536,0.08187974825114323,0.16776550731791584,0.09436171324744477,0.04224708941992707,0.029167938132263056,0.028334945780063188,0.012688879573148477,0.016543808398594692,,,,
0.012005886084791665,0.008321507354802443,0.004589693240946071,0.00718694837386103,0.007034096658808669,0.012092776709173282,0.01862436842272686,0.03112435567025288,0.07708830332129107,0.15957800581436818,0.08351003972168453,0.043461833510896,0.030453951501264318,0.02076789038085846,0.013005244506316082,0.01565026970910997,,,,
0.01235096246417456,0.00806233375498045,0.005467870397887654,0.006069937738023195,0.0069296990289786945,0.012015847472377786,0.018317522665640452,0.0311788960792844,0.07211966796562465,0.15972383316571614,0.08955082073450768,0.045240061396773085,0.030037092831136588,0.020881613496583306,0.01295908909728152,0.017464373852298463,,,,
0.012243781896024899,0.012799983789487887,0.004447251690236251,0.011325936649160857,0.006738256778526985,0.01198577616147805,0.017972283313034056,0.030024222810835128,0.07190790714266128,0.1596423684044551,0.07901288390912405,0.04502669479960251,0.030028887750780234,0.0263608484745889,0.012899905933460085,0.019501753416276198,,,,
0.012182188524719622,0.0083933588640764,0.004487894542649277,0.005542785904834453,0.006780613090043812,0.012072247509530858,0.0179007883014181,0.038309877200400994,0.06795542904018355,0.1516516713588995,0.095853994923752,0.04671569366359822,0.03137263758951566,0.021163784100637274,0.01298231219233945,0.019862547345620804,,,,
0.012855213643831643,0.008362397237052767,0.006978191008019222,0.005131117095554255,0.007061011094812151,0.011761856958673945,0.017975404163524212,0.0292615210430154,0.06802440245138135,0.12987011498284662,0.0959496255941015,0.04874521995621307,0.030709459875915262,0.02136250857880189,0.013912426703650034,0.019573712053709506,,,,
0.012304645353427521,0.008746841649388047,0.004442656101981844,0.004970629542796334,0.006425941919786091,0.012630869069758136,0.017664536298162142,0.029249373970321037,0.09217596785334835,0.14169574611181504,0.10631293077544118,0.04850013880440284,0.03151588645469628,0.02258277399836063,0.013443053089964472,0.019216758814720788,,,,
0.012498667168865734,0.00861687426164758,0.004553307903356616,0.0049465006068195455,0.006476153404085917,0.011404477694420979,0.017287830036693142,0.028536816129873122,0.06038392860730878,0.13267852639970204,0.11130972307678559,0.04856844851183033,0.03229181615271685,0.021659272453577186,0.013339810711539083,0.018204737843959404,,,,
0.01251577720365684,0.008483272984147031,0.0052123694334870975,0.004780700149622329,0.006600183027133554,0.011377721149432165,0.016943521179510743,0.02837018020570064,0.05726807182607306,0.13360695559646177,0.1203441865425181,0.050360636065284424,0.03215423297578881,0.022159484862331737,0.013742279016354974,0.01816179880132669,,,,
0.01266155939125228,0.009193081482143468,0.004381513020719853,0.004450531347945801,0.008164798406019488,0.011349044642894636,0.01681674551825012,0.027546164765820814,0.05783123465168405,0.1240934056769067,0.12081100811501487,0.07248145613078952,0.03270382925540982,0.022956363006744647,0.013523012922164922,0.016243492484428582,,,,
0.012890678037145362,0.008898439549932878,0.004321605830299759,0.004418359115107274,0.006715264594663333,0.01120809117787784,0.024158121797683396,0.028534543600037796,0.054985788883778114,0.11494741232849527,0.12033452985602577,0.054886680279801744,0.033830772390803315,0.02290807798612792,0.013491782818478307,0.01569654725858185,,,,
0.013009033550134915,0.008771901791756423,0.00438676401932907,0.004445501550127111,0.00651528761258759,0.011178776508676267,0.016629820095821066,0.02682379336986579,0.05445944399718407,0.10703568193410175,0.12996744058385842,0.054560119094455864,0.03247930894943497,0.02285444230908546,0.013749638500593494,0.013482190451383365,,,,
0.013305738432932378,0.008387137023153381,0.004646703272100751,0.004621725141390554,0.007784057365797577,0.011082529505311745,0.016303266347808106,0.027123540216521837,0.06965757075869426,0.10747559855267295,0.13946917392342328,0.06510495856520421,0.03462662793618017,0.023165648159838004,0.013705800837766078,0.012426730411265744,,,,
0.013189430978948863,0.00884625312537735,0.00459922048766971,0.007892437614022179,0.006452880545936852,0.011126794628439293,0.018673277124209464,0.025900745659612104,0.0525318784380938,0.10711959641358923,0.13747100631273054,0.05679493589734752,0.03460378180237299,0.03603070019182435,0.013613725263588623,0.012644210691595574,,,,
0.013282153187930808,0.009078658584261972,0.004647261468183266,0.004372623758123088,0.006232708565395955,0.010831918922553236,0.015996165646926807,0.023941776473921914,0.04976676725192276,0.09996140360059608,0.14448305814579424,0.05906530054736107,0.03996872145161306,0.02348829102135011,0.013958588924109441,0.011802585828430833,,,,
0.013042115866379714,0.009226000089770646,0.004364236483319532,0.00463573507119282,0.005769788875495958,0.010834313365038723,0.01623800220427577,0.024923901302937552,0.050367904471953516,0.07248109825528638,0.1582920076487878,0.06625117017187099,0.03668541468344048,0.023376596623594134,0.013641515397491165,0.011312186777907393,,,,
0.013265909425477557,0.009185036378704329,0.004382031004409722,0.0073574466684751165,0.00662151837507568,0.01076417635106481,0.01574892820832601,0.025071160134156407,0.050021044772064455,0.09400639243936842,0.1523500652442079,0.06283320703290991,0.036809649207563376,0.02589585042675779,0.013848444859565774,0.011209826794466552,,,,
0.013709136097645068,0.008920711704177485,0.004641327202145634,0.004082716887085067,0.006499342927279378,0.010456787924695857,0.015690514304636864,0.033551205814814494,0.048468607078986856,0.09394058401647502,0.1535819268303233,0.0657834032171587,0.03648832776226869,0.02377297870043812,0.014252634297981459,0.01115647839503424,,,,
0.013481589198659293,0.00942818370789967,0.01027773589736193,0.004453080522896455,0.00698562143539004,0.010604580450327984,0.01549033897134667,0.02438427767718033,0.047730272923543864,0.11916799235837428,0.17028206272245594,0.0662310033441065,0.036428741874623395,0.024131371137362988,0.019867444012973,0.010866109274628005,,,,
0.01350295329459256,0.009056309432680156,0.004321905931395902,0.0042736217080028786,0.0063356434029404225,0.010479182509690018,0.015323154431159487,0.023834914793464772,0.04630875626856392,0.08796159239650768,0.17216976820741872,0.06552505936945678,0.037906637826793814,0.025056929988528515,0.014272299086776808,0.018357713251531432,,,,
0.013897526286701153,0.00900896181562012,0.004657019069218907,0.004400122018089034,0.006365868250104667,0.010437017331156382,0.015246787435460015,0.024092104640324935,0.04455191591471679,0.08287172959846792,0.17265578512475016,0.06966786637919621,0.04032614420852743,0.024716766134049325,0.014183307077073694,0.010866109274628057,,,,
0.014269754421730126,0.009215872985611412,0.004579792199279204,0.003976503634237059,0.006329089322633867,0.010224756627725647,0.015005182048176873,0.02420142137661823,0.043676348990355045,0.08410911276470089,0.1812337440287603,0.07315116643888323,0.03989017334697347,0.02504683462268027,0.01907137255785142,0.010471661042289705,,,,
0.014115477087234119,0.01352519465073814,0.0046430733618308484,0.004657019069218889,0.006078211811747332,0.010561196724045142,0.014894287517636598,0.022919610592612626,0.04308629784951144,0.07787010525304605,0.1821926637070992,0.07163844264727652,0.041329149144620526,0.025400593394937256,0.01457850435778776,0.010797289985044952,,,,
0.01431166088238641,0.009387376925050487,0.0045124638206764005,0.004346965872396005,0.006199063257883845,0.01009415971800295,0.015499546233881063,0.022643855989949845,0.04125549429314784,0.073220245015959,0.18135541580731993,0.0772904399231366,0.03986712284124706,0.024364044347383738,0.014708700232215296,0.010508103781003943,,,,
0.014434943382657616,0.00922881120207451,0.007549765538613097,0.00415724541989881,0.0062028280620718915,0.010001869942869631,0.014434022402128514,0.023137007354137543,0.04149091712416505,0.0730301483417049,0.18576863296962126,0.08384430048108746,0.036795773070938835,0.02593088541629785,0.01744141136778507,0.010360687584803387,,,,
0.014252293050748687,0.011141006141310432,0.004587361348892364,0.003985218778164276,0.005394499282456396,0.010002226534842345,0.014723154098470496,0.02256772191635992,0.04130151649109844,0.07329240396938977,0.18788561185508607,0.08205076289734499,0.04233993774207673,0.026439120769379036,0.014867443325361438,0.010537961091880101,,,,
0.014472966771778503,0.009682310081761979,0.004616109263814183,0.003860241465223158,0.006224118938274433,0.01003074514451123,0.014604836195206439,0.02199023222108851,0.03892028682898792,0.0691694870963065,0.18853514671472152,0.0825043353875118,0.04393768380201168,0.030778054710278304,0.014850881230328248,0.010652415033711695,,,,
0.015027098767398014,0.009604978932332206,0.0049073436357445046,0.0041889461767167496,0.00627558368135627,0.009936822363151254,0.014507158489050508,0.022013501901346686,0.03885672015640271,0.0660605785312503,0.18607891574310753,0.08683394719298872,0.0439449668273886,0.026842365904204985,0.015127678173612666,0.011413770851203268,,,,
0.01498942110418438,0.012131192026192434,0.004641327202145681,0.004250418278514711,0.008634353831990406,0.012132822316695817,0.014060239577885011,0.021935667855386424,0.057819880020758566,0.07000690211410229,0.17064645848434581,0.0889056546833023,0.04390682639180494,0.027395498218423825,0.015051935039829099,0.01065278028650324,,,,
0.014975224237133468,0.00983696149622445,0.004547607537560718,0.004005345453991867,0.006115068008013823,0.009772707468544663,0.014114856867520453,0.021963380345272374,0.03738434502084164,0.06272188754312628,0.1791490814626814,0.09291906181012839,0.04541168223017421,0.0312466679221645,0.014942385718716667,0.010731262685764477,,,,
0.015303441610611633,0.009983569431675901,0.004982031952274038,0.003862004957070791,0.006065395550761236,0.009484963571605014,0.013867233175541952,0.021413945728376373,0.03624466447242808,0.05993654148438922,0.16997892607381593,0.10759907486828496,0.06921361174045637,0.02791095184230696,0.015328739704442764,0.010679501082385115,,,,
0.015393435541228403,0.010028934797433518,0.0045978808095976965,0.0039347813023392995,0.007350789122388371,0.009634202304531278,0.013893396114849431,0.02116182297872852,0.035579280278546586,0.05980661024366413,0.15805111605953023,0.10704472394932174,0.04681390583699798,0.02839137296283123,0.015545855321996793,0.010652902034650745,,,,
0.015486089229821075,0.010279250084717993,0.004739284435725779,0.00655102126378392,0.00590548091179415,0.009510669838616018,0.013587572666797264,0.020279339695700827,0.03526902670527273,0.05976517570952526,0.15875248377537438,0.10694520457601617,0.04857864162997868,0.02846710343753074,0.015313608210083625,0.011789529395363051,,,,
0.015536320719275935,0.0104431356255231,0.0045890573878998395,0.0038616691159503425,0.005675679283912755,0.009552171932198804,0.01845178931279359,0.020263904695772484,0.034092510763572684,0.054661973084978055,0.15833396913294917,0.1070151293336832,0.0497590005160414,0.028374557149815138,0.015792925341610115,0.010824882184702485,,,,
0.025582419602103987,0.011209826794466624,0.004590187732419676,0.00402287369485991,0.005930519454467527,0.009632351091167281,0.013491206026773825,0.02019800178727869,0.0343690234367743,0.051135774967847596,0.14824714338713926,0.12840424738735065,0.050442755035486564,0.029211659305906645,0.021947726202095553,0.010907329170462362,,,,
0.01603910051666391,0.011005137986844287,0.004714521716883715,0.008136314891551368,0.005787071459217911,0.009399561671801856,0.013010354470420236,0.019821694742389165,0.034269869493494524,0.052165330876996256,0.07765039687961246,0.12221546145550569,0.05056178142012433,0.03172245446340222,0.015997888496929923,0.01071538827414114,,,,
0.016135823800699674,0.010755015296961693,0.004803704585601816,0.003916279352317246,0.0058777987746038984,0.009369398858885467,0.012952281774697991,0.019818668303403047,0.033380306177093186,0.05031405215487087,0.13658318780428888,0.12834338677442,0.053861736081506226,0.02959870605992835,0.01605930344760562,0.010692396744887516,,,,
0.01616617809710231,0.011311269525540776,0.004735383141617057,0.0042381951875948,0.00610503838441114,0.009082907630730965,0.01311836561495722,0.019574772192779245,0.031230517422820906,0.05027573884764005,0.12552100176704045,0.12800297641115,0.0541711418569509,0.030195142972626782,0.016285536413927403,0.010658348840649763,,,,
0.0161493216428054,0.017401284540407413,0.004928638878347572,0.00603581487557989,0.005912998123748784,0.009213374662759557,0.012981687787549035,0.019175291299725263,0.031412629800802394,0.050116862006446605,0.15132666240856466,0.14001120126928196,0.05682502564748264,0.0305604899174042,0.016378053048435242,0.01143672972712167,,,,
0.01652107762461162,0.01250655106242428,0.004732986016624077,0.003802781219239495,0.005717854525629338,0.009056882258805696,0.012740392385475965,0.019132208710705943,0.03151920935967759,0.04838499386149005,0.11618544377679953,0.13509045355883534,0.06090987797498507,0.03037548906123252,0.016362049026077012,0.010972533421129317,,,,
0.019486933801679065,0.013486013791321583,0.00671164230560917,0.004157869326467419,0.005831277192029886,0.009083514475116305,0.012894073262765208,0.01897095265739207,0.03144118809351164,0.046664338753211757,0.10786851370587228,0.14475018536382114,0.059193314971142344,0.031156217201621348,0.01734804268413634,0.01132974355690992,,,,
0.016941530859084494,0.01354052874584584,0.004872066216825509,0.004125929803791972,0.0058317220051196505,0.008954088485188574,0.012797957120730735,0.018855524827209976,0.030440362994144276,0.04974867774245884,0.09931420916331642,0.14584067111981802,0.05930376755503722,0.03263991766114362,0.016798824071865857,0.011538453769792664,,,,
0.016711509211965663,0.013572411171489336,0.004995031405427355,0.0038729876593270765,0.005682815812928066,0.009014143019725413,0.012159943869794649,0.018979838125892944,0.029776980529831375,0.04527396350270414,0.10164503832546391,0.14525499039583628,0.06100315575812242,0.03239894621512062,0.01694579827860951,0.011091273881112843,,,,
0.017899683360887507,0.013897712932143199,0.005491243667363011,0.0038264959733909773,0.0058432197704342045,0.009035555852070562,0.012430069766080248,0.018474742071455556,0.0288365335597932,0.04465322445887983,0.10136794986135038,0.1569137062947043,0.059754411047408015,0.0322529040596325,0.01688522658092755,0.011416753287902513,,,,
0.01734744458275569,0.013989031879460113,0.005086691003122744,0.004438274927284023,0.0059184791116738515,0.01075781868451371,0.012319419450002363,0.017768069799227036,0.029412362942892296,0.04020064633502515,0.09388687975620742,0.1859741276521877,0.06443465340999774,0.032409752795046064,0.01705778311081918,0.0111087127950774,,,,
0.0175026518153043,0.012117071492962336,0.004913946453019739,0.003956885835076569,0.005862553833209048,0.008679000889944126,0.012345710891792486,0.01809024622124746,0.02815933288822646,0.0416984189372543,0.09451015839202728,0.1818784091264845,0.06747863706381732,0.04356949490429259,0.017452543399792526,0.011222401987174781,,,,
0.018782471975588005,0.01181974337228264,0.0049312696607166405,0.003948026022363368,0.005834834747270922,0.008747620073944749,0.013687454225661255,0.017882013159243818,0.02784656598729792,0.040712614575894195,0.0884901046059882,0.18313060728443067,0.06763550908277349,0.034003613222725736,0.017478107180510998,0.011503330390066789,,,,
0.018215866191768865,0.011696201723190589,0.005063627495926721,0.004018034824945901,0.007277198696593454,0.008555547179176426,0.011930462155434468,0.01751087509247108,0.027539419260620077,0.04083761893289743,0.0843167760177746,0.19515527718148518,0.06793332443034784,0.034734566141778875,0.017513226535896553,0.011347901789884722,,,,
0.0180696044712965,0.011479177218301393,0.005174597916628992,0.004187165507732115,0.005973012375171123,0.008831139215341042,0.012048185286000601,0.017269533797555973,0.02785139776111726,0.040549364885685994,0.08212132592452201,0.12412445584632152,0.07074051325716527,0.05383221254285427,0.017707088099869588,0.015961364886834542,,,,
0.018076708897285357,0.011104129336190689,0.005357346142991707,0.004042492094416567,0.006127568723119317,0.008462608364487896,0.011801624268426975,0.01742055918618002,0.027185499924369905,0.04068934467590604,0.0795772658015443,0.207510287893792,0.1116893221248916,0.0354800358672915,0.017936255077799793,0.01147420484415237,,,,
0.024094594313673515,0.010895580723695269,0.0084072543962388,0.003928926276566678,0.01061313815241728,0.008586605331830907,0.012036230421084915,0.01737249111950784,0.02948961666326087,0.03854959606933507,0.07950764624316148,0.20770697181874276,0.0743775475822264,0.035546466758345316,0.017845693667332654,0.011679223598524205,,,,
0.018742102335082788,0.011024419155392444,0.005235954374307451,0.005501626106702727,0.006335233971568325,0.008422974953853081,0.011963030780224877,0.017054152122711056,0.02660026499287035,0.03821014730189915,0.09216504848408863,0.17298635609377103,0.07772442093352151,0.0538875972759448,0.01824560338137969,0.011587442046013642,,,,
0.018914312525835936,0.011055697665544357,0.005186114562665207,0.003996998696076203,0.0062797156853471895,0.008246789243462631,0.011874016711821552,0.01994131883168194,0.02625347136136683,0.0371917206236555,0.07494322908866961,0.2160041338002184,0.0923786805245333,0.03686239246116466,0.01822369647259922,0.011461538157763313,,,,
0.019197463493951468,0.011080744688149324,0.007402305143446532,0.003912966226769787,0.006586561054325798,0.008114566988597027,0.01163279621052719,0.016736035064120653,0.027094942587153028,0.037284513593478716,0.07119733119637316,0.21863276586534744,0.08247251207990147,0.03763954939850916,0.01840209814481596,0.011623427109844868,,,,
0.019287763446672764,0.016308515959858768,0.005513929861924844,0.009969756958706506,0.00640187880245145,0.008277752412144774,0.011439110949967746,0.016513834081762765,0.02607324082546983,0.0371241463146253,0.07134170059419126,0.18988446227423897,0.08641900073759515,0.04205594416069205,0.01839749880748897,0.011815765041672794,,,,
0.019553160513882,0.011074890811029428,0.005332595719316054,0.004058502026751537,0.007025102265941053,0.00813472069225098,0.011593708341233081,0.016799461006180374,0.025543251178744515,0.03624824265332507,0.07115844664206442,0.2155890568046023,0.08623945537090731,0.038729575205310285,0.018267981001393804,0.011879258452682676,,,,
0.020303628022802753,0.01101241286565405,0.005570503070655218,0.00404337428809729,0.008931899558064192,0.008101770375915895,0.011546768639834955,0.016078976864680797,0.025104969606879857,0.03467468766916067,0.06465044545434151,0.21562029514554054,0.08613893184536674,0.03973771948202958,0.020405243848994965,0.011731300427529151,,,,
0.020378610587016042,0.01113445595559227,0.0053959416298316526,0.0050289950990714235,0.00848155285551063,0.011017976229377393,0.011236492579937645,0.016026966533953774,0.024789609428748548,0.03428560964720652,0.06468879104254942,0.18916708055630158,0.09025609874228328,0.039833470383014755,0.018574388326782626,0.01191545069509882,,,,
0.020165886070378742,0.011276847456399864,0.005161045584146387,0.004066164403667791,0.008410339174502204,0.007984744231754189,0.011253792898492968,0.0159082974706765,0.024280285121249773,0.034276822916550105,0.06471464944534533,0.19448967472104073,0.09333358292412293,0.03971007355376014,0.019020299832665247,0.011821252043998715,,,,
0.021407146080510225,0.011263930051690123,0.005591418238880509,0.004190184456661579,0.008420164362945464,0.008091238007901447,0.011241570099527575,0.01607494325486762,0.024233500761012314,0.03434796950353198,0.059039851078979286,0.19475566791097904,0.09512321127854337,0.041817871615760394,0.02144057834326847,0.0119720528691144,,,,
0.020814613195058007,0.01719198661958361,0.005381320004029116,0.004274532054526795,0.00912990728624222,0.009430384449617007,0.011184344090913382,0.015666338559939878,0.024051385519387323,0.03438340743442176,0.05930648481992234,0.184729806195288,0.10011532008316218,0.042171777867543093,0.01912890368503852,0.011902817720784033,,,,
0.020797283732625453,0.01170850377656841,0.0053325957193161065,0.00403438293518595,0.008364839622258242,0.007828252279425336,0.010818979775860533,0.015574361651371103,0.023523920670092652,0.0322556082239112,0.0560665497232053,0.1758051787281479,0.10569171101128583,0.0442296162151847,0.019309000487307222,0.01240983726584216,,,,
0.02160946963876089,0.011413344725197658,0.005425724057335416,0.004166594208931922,0.008560699799967701,0.007715441585462127,0.011014297070684796,0.015442372712780933,0.023433216061324254,0.031397225611493516,0.05672611245618746,0.16624553165711856,0.09026569727005715,0.04290990299694971,0.019980433954601945,0.012147218162177332,,,,
0.02170450968762337,0.012887055477205818,0.0052935383940183834,0.004327229262516469,0.009941259085592612,0.009056882258805686,0.010935266391038024,0.015380096513289625,0.032545528559870335,0.03157503938250289,0.0544380120352058,0.13968070245091194,0.11240932938985906,0.04459889859478243,0.019476947909974156,0.012366703800715277,,,,
0.02152057976539108,0.011682859880405417,0.00533551349299412,0.0074735794130290495,0.007360134432985087,0.007724471661802107,0.010803144217295417,0.015318413814403584,0.022723773367408752,0.03148031044622986,0.051707359855926505,0.1418116509244248,0.11140441230410429,0.06583151649465092,0.019584708205699165,0.017322099776309993,,,,
0.022792160689122265,0.011456869443198311,0.005330649649604848,0.004198224373716272,0.006297915780465107,0.007591694370036696,0.01100180819964238,0.014889584567101962,0.022436582611458457,0.030725757628239023,0.0529032719175134,0.15342054909602382,0.12974622178106715,0.046062621873694524,0.019582737963920814,0.01244198499395792,,,,
0.022175238089006222,0.012246244482633045,0.014588287127659418,0.004228774666732751,0.005917602494752571,0.0076156169624998936,0.010743190827549204,0.015345335420572695,0.022635363137429077,0.030444452963410272,0.05280826159666397,0.1403550490399181,0.11854479309147328,0.045797327284278606,0.01938796395299017,0.012645236387154136,,,,
0.02270378826273882,0.011807667059060474,0.00546282763153053,0.004276352166193073,0.00585679906912104,0.007651932676882628,0.010734011863147631,0.014779775229130303,0.022522562898588186,0.03012685683071519,0.04861675842091882,0.13540522759355286,0.12784996839451757,0.04889786473005354,0.019561930706713727,0.012656129268793932,,,,
0.023550590322376115,0.01210338991134382,0.005414657182703451,0.004074449050960353,0.005488704063373545,0.007731394567434616,0.013210678496537138,0.014815710109170047,0.02186274802504459,0.029630621407281295,0.048837412473705794,0.13050898561747612,0.14598037576643577,0.04896677839393097,0.019968356730744485,0.012519921569473229,,,,
0.02375322114133476,0.012162156836234355,0.00657552481483486,0.00403116687749012,0.005308707208438456,0.007625828306537436,0.010463080593941103,0.014587064640218356,0.022200300238000292,0.03561935576662405,0.048962381420224,0.11253785695565387,0.1355106828834702,0.05058235580315125,0.020070458391301896,0.012527559149656956,,,,
0.023855107602819333,0.012023805247168779,0.005529901408011995,0.004798301699418472,0.005272917487612299,0.007560923552455281,0.010346908486156716,0.014652158510413484,0.021499053964605046,0.02889533647788679,0.04748997022193218,0.11134804231319705,0.14536179628121143,0.05067764919918214,0.019873041057655604,0.012841687255304508,,,,
0.023870434563619935,0.012172176801233472,0.005722615909765761,0.004185848874229097,0.005139893152961311,0.007600914121682314,0.010369102605553192,0.014007562186028392,0.021392312628425385,0.028486687537962574,0.047120203967423065,0.1124937779166811,0.1572662865677673,0.05056899526829544,0.020251179976920886,0.012846508926328194,,,,
0.024940404559906173,0.012201336983118812,0.005818752897021509,0.004451405515240318,0.0047573118636589735,0.007354140693620117,0.010296647234857431,0.014287171757444308,0.02108250568890831,0.02845370561949443,0.04572916783734138,0.11113924254514128,0.15660166427265496,0.05236035496541035,0.020230034464396092,0.012697871098300752,,,,
0.02520292269666546,0.012493166245923955,0.005723975577763391,0.004691356426577434,0.007831399515416363,0.008509528543258729,0.010339384874335228,0.014105550299295095,0.021178731683764437,0.027628097296100947,0.04489789927088639,0.09555666188832243,0.1574647803072838,0.053632444620688884,0.02043936310182283,0.01301202412114159,,,,
0.025467292784955176,0.012714177532343362,0.005478001194094618,0.0041516260415514926,0.004631326515638179,0.007532696223670207,0.011227168203296752,0.014226402684934079,0.020794664356667016,0.027639830716584525,0.04442069275292015,0.09780184303552203,0.1694659710431828,0.05409984364375625,0.020901727552610355,0.01665086414589621,,,,
0.0259130610282368,0.01271491707787608,0.005613930651273779,0.004236358682173232,0.004585098987641977,0.007346156146500516,0.01021342939858255,0.01405654935940342,0.020431048909067693,0.027957091194402272,0.04430966269965165,0.09766426474293875,0.16947501119131517,0.05581746582253281,0.024398049615136298,0.013160513796507628,,,,
0.024827354896965047,0.013433015593482114,0.005681160936846008,0.004479578329988086,0.011336466923050561,0.007319271355188431,0.009891919586833858,0.013972913727877373,0.020995817101998524,0.026899019119060518,0.0430285620503411,0.09122132058341087,0.18218246063303487,0.05800516127984331,0.020832488560194273,0.01322654883514442,,,,
0.026145950896995687,0.012920826539494083,0.005515811267715977,0.00426199774540103,0.004770855694107464,0.0075085526280676855,0.009677620630195297,0.013657834724550054,0.020130417457945592,0.026189368619167992,0.046727664885405785,0.09186449721788154,0.19382093001455947,0.058018754234576336,0.02127648842032223,0.021802764344467252,,,,
0.02719289364664725,0.012799983789487825,0.005709910062238448,0.00456958588975147,0.004700746605725769,0.007338074539843492,0.009970049656457269,0.01386865939220534,0.020043056735949902,0.026401321614548664,0.0403468511279784,0.08688207302417648,0.19486031287465833,0.058291215919915734,0.021250947094668585,0.01313898773661596,,,,
0.026618786412713077,0.013543234368674342,0.005749691787514099,0.00461554730024102,0.004461882164050668,0.007458161850626356,0.009676112823817421,0.013352274001192087,0.020683018563468793,0.025835981112853536,0.040517887612726136,0.07705791248245136,0.19464102520712429,0.0603495476520206,0.021537327253935524,0.013592153600092747,,,,
0.027576693124393748,0.013334583841439861,0.005615027917316657,0.004442656101981777,0.004495979024847371,0.007130467731907474,0.009557330059266428,0.01395154882997467,0.019539226221557127,0.025285138811229672,0.05334115592263969,0.0781515281292191,0.2075165879165754,0.06886912668483325,0.022052587914437413,0.013736733211767412,,,,
0.02763044437881065,0.013286229328696378,0.005610233018301421,0.004386764019329074,0.004592518189352178,0.0070598630039891315,0.009201965255349774,0.01317014349910326,0.019217028777950333,0.024732712791787712,0.03941989975510973,0.07800459866571745,0.20266208695859067,0.06256937240082992,0.021735440992760556,0.012995068452259296,,,,
0.027451210702977624,0.015021422923331055,0.006861990584706736,0.004482472675660578,0.005406567058493523,0.007124599351443668,0.010172712682779651,0.013554529891983556,0.020199879914841908,0.025228601441337112,0.03843938048733938,0.0778162603020252,0.2226765037541236,0.06520440852304468,0.021819161499204758,0.012790455654112888,,,,
0.028127765436879483,0.01317447579946047,0.005779222146334821,0.009635817618287017,0.00478747763487848,0.006867327954333388,0.010072518658963012,0.012907167944343276,0.019088094650058136,0.024580801855131475,0.047553049179606996,0.06562212852647298,0.22250493732321233,0.06505063092552262,0.02178818535028833,0.014245921601974482,,,,
0.02861267159706367,0.013370498527120075,0.005976214291876343,0.004716240776819459,0.0046346857954675195,0.007125737012025969,0.009585075090347188,0.012725011399026825,0.019306263161967253,0.024619499639908227,0.0373887160448709,0.07105826295396642,0.22253304260471088,0.06526305981591651,0.03270359130742168,0.014364125976823171,,,,
0.02898421771578676,0.014159695137435148,0.008413422821732927,0.004684232220098734,0.004593012376687175,0.006983068117772916,0.00970879632784535,0.012639722294880446,0.018506446168053137,0.025118088233589977,0.03620156436766091,0.0706667487968199,0.21975251740146592,0.0678810264107756,0.022403623572327936,0.013314337735488398,,,,
0.029610315620928165,0.013653085841501215,0.006349548361051316,0.0046031667444449784,0.0046074614994940435,0.00692445656108129,0.009217280193227692,0.012342769035260924,0.0184979818640573,0.023827091432957453,0.036252079859824725,0.06941678155788955,0.2178532553322089,0.07049199802001134,0.023072242318859022,0.01382827111989688,,,,
0.029739248088456943,0.013941668120198182,0.006097651572496114,0.004783886763606961,0.004432426624668319,0.006996752280869484,0.01396509146647764,0.019251822292123327,0.018835704537697312,0.02331258065740466,0.0363913397781079,0.06779560516110501,0.19848853773617,0.07060035229514755,0.023417159862884635,0.022244772493812872,,,,
0.029790316542901506,0.013656885080045918,0.013733428263688046,0.004827606943242703,0.0047299707644613545,0.006861990584706744,0.009719977754682557,0.01323108322204215,0.01827046571176263,0.023125022320711116,0.035106896854985435,0.06440293841123511,0.2094217190796212,0.07367454274881238,0.023146324756386314,0.013997952651456673,,,,
0.03099453170711292,0.013725304154057103,0.00605255215144187,0.0048001258533797555,0.0045021048797369055,0.011172132378820405,0.009018134832888212,0.012699913738925667,0.01783218888589325,0.023776960970409284,0.037589371717816185,0.062039648973552776,0.2092507948716265,0.0731192101590024,0.02337280971899376,0.014094328295761174,,,,
0.03268796226480317,0.014292277118794064,0.006082904341699301,0.009156893672778684,0.004470521422012296,0.006750708200594203,0.009900045283147332,0.012700500937303275,0.018001846508047713,0.023511236471127503,0.034662725753786865,0.06258704605735352,0.1892826130569892,0.0666988639685914,0.023391849001836586,0.014545216016315757,,,,
0.032482752901611844,0.014316757510907338,0.006098714974184062,0.004686169969526512,0.0044559920799912755,0.006691660439613535,0.009163406702361461,0.01281739991246774,0.017713752182013938,0.02387966946811298,0.03382777240290656,0.059441306019700796,0.18470214190196038,0.07581221499092931,0.023348714518971494,0.014070037020880272,,,,
0.03243783305399522,0.014237816642837157,0.006272121033471641,0.00462852525335104,0.008286365367352985,0.006827552159297042,0.009220093964139267,0.012437162918034327,0.0221807790422462,0.022973884487808596,0.03294974507190183,0.057059541396342735,0.18342464990780008,0.0829524143345819,0.023937388174392126,0.014225490996108108,,,,
0.03399274103253065,0.01477207293165912,0.006366122916413416,0.004698055753131965,0.004556724699937893,0.00649535064021077,0.009050041779941786,0.013462720288259853,0.017763233284032818,0.022288690507223506,0.04511873856505514,0.05768021792503088,0.17608785532746668,0.08189722962950668,0.023812158692095534,0.01452737152723735,,,,
0.05351956914268848,0.01491169293302832,0.006400409848436108,0.004681462615280116,0.004385950895878291,0.006683903226776173,0.0088462164723915,0.01261558586683116,0.017184761720307574,0.022303363932419967,0.03224217564244139,0.0572897864109235,0.1681417615051623,0.08179955929744837,0.023793373975165306,0.014217214747373336,,,,
0.034463733981118023,0.021011578611275474,0.006363066248010192,0.004657506412656759,0.004357098326389854,0.006455291973906755,0.008963064436707326,0.01216367635108582,0.017433508703611145,0.022106233009730483,0.03254844749631004,0.055093789093862325,0.15856193319399475,0.08588693652420104,0.02369629903025511,0.014351231025531885,,,,
0.03588118626005391,0.015031348851229025,0.006384178258757915,0.005748394607985712,0.004476682113011183,0.006570394545177008,0.008818647062650875,0.012095859785454093,0.017289499190584656,0.021922819014535137,0.03160034208262355,0.05277886139639786,0.14606847238831983,0.08895487221623237,0.024624780277938182,0.014502799504505894,,,,
0.03591027205339804,0.015019674417664556,0.006203246232605609,0.0048378050847379716,0.004228391274800305,0.006693598338161199,0.008998158058386888,0.012108719801527612,0.016785075845178552,0.021385930625956485,0.03166609591872079,0.053827562449730235,0.16548371183917737,0.09010779534145238,0.024648838279678495,0.014678689560741915,,,,
0.03566357771518311,0.023053220375741083,0.006558194070409288,0.004713765131902872,0.008589625700326961,0.00656708734494253,0.008619583095105379,0.011990347101889214,0.016659430026687204,0.021338209902369478,0.029943129263435425,0.05346425800889356,0.13538032149666404,0.09390868624982185,0.025070539350884716,0.014583663363387102,,,,
0.037898425412761345,0.015652755661177308,0.006392299205589287,0.006537148054292079,0.004240642624295095,0.006396761331765948,0.00869449115306248,0.012039758879242994,0.01707505299104691,0.02114907125368164,0.03080253840227611,0.05239888902972303,0.13621149206470726,0.09852609384551532,0.025138514340767214,0.014770668091206429,,,,
0.03813892809998645,0.015471090673818837,0.006513147315674476,0.004949973514142575,0.004401521887825393,0.00641498316423998,0.008810407259812044,0.011820813177540886,0.016397047423924914,0.021160719767783383,0.03081150561965784,0.05022075470290301,0.16412954893785694,0.09935718094400882,0.025423649452769967,0.02016980888784326,,,,
0.03854787177435324,0.016674059708323464,0.006387478638642032,0.004624530522778139,0.004602039587807259,0.006513296661537289,0.008375569913468701,0.011947110387425632,0.016602598719913986,0.020902953015035995,0.02961845055327983,0.048552663982317175,0.11788765902684174,0.0992777183319011,0.025396086917592143,0.014631608177778541,,,,
0.039595227164666146,0.015734509920044208,0.006298276157068891,0.006416600378418312,0.004201312552716168,0.006532235833289391,0.008810554466723602,0.011858304930107243,0.01695712182381767,0.0207600201354595,0.02941148101230765,0.04832507420859751,0.1106215350137444,0.10504763058409172,0.026195818133980597,0.014967969118637561,,,,
0.044383764734319105,0.016010287544121225,0.00632744974180298,0.004710462248069601,0.004381217002544353,0.006486159054554492,0.010689363870980254,0.012553130557217811,0.01644782841324027,0.02051966529682393,0.0291051744079581,0.04798366570115989,0.11803217668066866,0.09541948915396752,0.0261400596677736,0.015089134287367932,,,,
0.04113034096792501,0.016240717629345015,0.009274267472325662,0.004740310558422548,0.004878450930125284,0.006180467152451567,0.008530079496780467,0.011646835730030877,0.01632441356630832,0.020406530904734297,0.028761866006768354,0.047063159157652405,0.10397610033069707,0.11109938622726016,0.026206955591280626,0.01512441991234463,,,,
0.04117395165774814,0.01612842733841742,0.006231199731018167,0.004982031952274073,0.004328802514436245,0.006248295816680639,0.008487056039969555,0.011579604408394454,0.018075417391164604,0.020348214113953746,0.028265102283042246,0.04598938482611597,0.10379530255513972,0.11888251112540843,0.026417675158951572,0.015556342888265417,,,,
0.04799584760034674,0.016394021669533455,0.00660705709443093,0.004832977068591877,0.0044080732540015405,0.006298687990797053,0.008570276948287046,0.013100631852296154,0.015736055368543486,0.020333628715626783,0.029660895514312363,0.048518299529166274,0.09809002060434649,0.11853253886787019,0.026452202879526404,0.015419364039646492,,,,
0.04425558914056657,0.01716933969963865,0.01473066186273658,0.004555372524403465,0.004159116858829184,0.0062489184980132955,0.00865161070216272,0.011460491399317749,0.015750986886378618,0.02485198656866986,0.027798633626181343,0.044801110299669024,0.09806006779878926,0.1266421622895738,0.026436128262080767,0.015407057652632677,,,,
0.04603391438301634,0.016859706189835125,0.0066097556649391135,0.0048050543579136,0.004395993493069417,0.010397332178333487,0.00850190447257615,0.01138546993383859,0.016167140792220622,0.019881278736735564,0.027223008255592904,0.04342081948127624,0.09786332886334446,0.12709239070659165,0.027260536343243,0.015378072522315534,,,,
0.04804494923304854,0.016825207676362947,0.0065865610543258705,0.006961117504368373,0.00437195633481799,0.006338969052514272,0.008259557459310136,0.01204430933266992,0.015753518691423316,0.01947619876169657,0.02722729571488848,0.045677541404458614,0.09291356219786638,0.14726354943684217,0.027335034659080742,0.015503415836400847,,,,
0.04782660507557809,0.017067664609191138,0.00784959555512637,0.004925480084713062,0.0044443344071710845,0.006210350823616118,0.008160826234339037,0.01130209290755767,0.015684975167696742,0.01937672228337104,0.027505584403383864,0.0421346949385584,0.07282762026605298,0.136491895742785,0.027313378415304977,0.023071328836905693,,,,
0.047941609991765645,0.01688217308514872,0.006707147950317655,0.004858470842359003,0.004328802514436224,0.007152941254190176,0.00829164616041239,0.011308431304889364,0.015529473894795422,0.019240905522767544,0.0268874447838113,0.04215580567051911,0.0868169033887022,0.15717983500481178,0.027790619360847722,0.015859366867827438,,,,
0.05007064058471366,0.017524868010177035,0.006709467993492761,0.005767765453068185,0.004345249959839747,0.006346126070772759,0.008312618768885338,0.011170274797524613,0.015298249804436309,0.018969089598834286,0.02632058411597438,0.05141091594087006,0.08345986070538498,0.1571084849082318,0.030132291413480637,0.01605397234384317,,,,
0.06648823302180339,0.01794709824230853,0.006897808418763257,0.004913946453019741,0.004161065379366502,0.0061907412046461555,0.008333655319827195,0.010889478432397055,0.015378578545032122,0.01867666277781062,0.026319056526746806,0.04115536268793428,0.08241251124580172,0.15811427304464987,0.028434372479141004,0.015825330712206383,,,,
0.05252437242194224,0.017858861436308895,0.00704225085401681,0.004873064379701138,0.006216873618002607,0.0059784383427287984,0.008510900150673002,0.010890699164196238,0.015175357144425363,0.018815725510822702,0.02606139928001895,0.0398619824283372,0.08275166777498748,0.15815355908883688,0.029081993313617865,0.015961100801222105,,,,
0.05506671027273458,0.018277261443358735,0.006952121972086613,0.004929691359768615,0.00444732459779461,0.005905755430828319,0.008006439797450427,0.011109530028538487,0.01637977532133214,0.01840694294653684,0.02598888932085706,0.03986484552490152,0.07899160363800335,0.18730202811012422,0.029200657422432816,0.01625684109665007,,,,
0.05457984568781271,0.01834746621087081,0.006981210572953072,0.005076418007338532,0.00415669942483207,0.006034579200738309,0.007947909434723923,0.011077379086792459,0.014717008533473503,0.018509249224785685,0.02531936688967814,0.04006024584103214,0.06969731127457056,0.18406966903114788,0.029148555899783313,0.016699028903483404,,,,
0.0544743562374829,0.028596927014061465,0.006859391247295928,0.004915265952104472,0.007694189725381794,0.006089137673380645,0.00798961565203026,0.011013737730959542,0.01471046365918695,0.01890374972095216,0.025382869263007212,0.03799253057188266,0.07222068693673227,0.18585085985305486,0.02934412259169097,0.016390322766721505,,,,
0.05765210430405741,0.018551261729590627,0.006894470158860526,0.005081014709446531,0.004266939898957374,0.0061372973787211646,0.008060885821701395,0.010889031789009629,0.020329849152150796,0.018416523090889755,0.025013348417655703,0.036529678267504605,0.07168832525033626,0.2036355336472259,0.030530120167654915,0.016350610823784528,,,,
0.0743980121144289,0.01884095412637625,0.0069443288694962324,0.00505625830096358,0.004154124481491155,0.006028128093309568,0.008006156309823514,0.010591975831258465,0.014366473373422754,0.018151226802929913,0.024696306301527537,0.03331441248252929,0.06846211155267626,0.17086488991186108,0.03012892316382088,0.01641031064715601,,,,
0.06426552938514539,0.019834907506365386,0.007112939235499167,0.004955930753958188,0.005181423368070949,0.006080611853358473,0.007986368368669014,0.010911519856191607,0.0146392293383403,0.019062546764955685,0.024346471221396594,0.03605894603682172,0.06592126842160181,0.2348305858457959,0.030267731732345003,0.016378983494215238,,,,
0.06026911824058515,0.019113896770786787,0.007032990277352637,0.004968998491220764,0.004116488664527473,0.005887058975721655,0.0077900116801550056,0.01051368728302022,0.015578670565497423,0.01778572559132736,0.024295704190099108,0.03640647444465796,0.06612421751744338,0.2333604610397364,0.030958943093908942,0.016478158924554648,,,,
0.06481358270028788,0.01915443077520942,0.007172496966899555,0.010667836066542808,0.0041598184313675,0.0057654601348221075,0.007885656091147981,0.010746811944840827,0.01434544598810028,0.01813201358026398,0.03374094501564507,0.051079183857632174,0.06588836947639524,0.14795861179387487,0.030970367307764313,0.016732934965907654,,,,
0.06409398619466873,0.02044374097359923,0.009315256481097317,0.005031315638347071,0.00481395336342211,0.005961873703545647,0.010484039189170286,0.010504678176329885,0.014269663532442849,0.02306458200397517,0.02384216441583509,0.03551995860443729,0.09493819777224966,0.24826636465576907,0.03161813934640759,0.024714352256674264,,,,
0.06793160615425635,0.019367349240855238,0.007221738252651036,0.0051064765947826645,0.004251638654889503,0.008537944246830726,0.0077957118975013045,0.010404408767632,0.015270183548550784,0.017482187981426384,0.02393272811150125,0.03460606803141414,0.06370035347732653,0.24977857249022678,0.031954840388558885,0.017122441144935843,,,,
0.06751856515828118,0.01975595791967285,0.007233716060277528,0.007304371518009103,0.004051785560305663,0.0059107494496107305,0.007918195380633842,0.010543498029825396,0.014078975556564087,0.01747855240509238,0.027331036962280234,0.03129539059346813,0.061595223273342194,0.17493301293557634,0.031915822228989,0.017061584364398107,,,,
0.07687233314190314,0.020382731079358594,0.007296554698589241,0.005298007918375235,0.004300848284352665,0.005797147816387602,0.008981711458586249,0.01033436609016011,0.014066349372696548,0.01730102883044771,0.023325664799060827,0.03380598815306959,0.05971364075764147,0.25809262958639895,0.03203932298515242,0.01756646610428179,,,,
0.07704532184689711,0.020255726580397232,0.007344257989048829,0.005297457084924693,0.00411373091740714,0.005878240067353864,0.007583831666759183,0.010420134602416836,0.014074622185154009,0.017185139074808783,0.02302993122546297,0.03354947590319299,0.05946700352087144,0.26183898780235765,0.03327387036642861,0.017185290014289218,,,,
0.08796147443915728,0.020623754215854537,0.007654686473726747,0.010424583350686424,0.0042136426355103476,0.005808044142702444,0.007614552493321661,0.014189889443265385,0.013882189464258584,0.01729392448159596,0.02343819678299955,0.03307746299420247,0.05722921296664349,0.22117374344543406,0.03323564954013197,0.01724465736483575,,,,
0.13244958840064722,0.02132130601142964,0.00765193267688259,0.005127577173024881,0.0043013759819260505,0.0058223181048676015,0.009338895596316095,0.01033853812538259,0.013930802882645017,0.01669970847601017,0.02284003774500178,0.03310963866445666,0.05762397696699504,0.2589167748046254,0.03318834894727853,0.017684807464622608,,,,
0.08870959339289228,0.02106668950719937,0.007511661151892067,0.005281273744204244,0.00433688450936396,0.0056917096491731906,0.007491995329968435,0.010223329517015552,0.013606649714253636,0.016862475328145835,0.022572362130003742,0.032602912861292375,0.05541762683431445,0.24929981598653866,0.0338500790466311,0.01764060290334079,,,,
0.09647584747129447,0.021520278432255187,0.007460769873173737,0.005271441479049231,0.004135976598236949,0.006029365090259216,0.007612849033049713,0.010588669225705016,0.013755296962925673,0.016723456728625435,0.022081519297010483,0.03180795185268885,0.05384310134477099,0.24075199144356385,0.03401397671486409,0.017522943721387366,,,,
0.09623859223985119,0.02154989437510934,0.007515458712722994,0.0051861145626653105,0.004167216715820561,0.005802738231982413,0.008615067899488153,0.010283570601501577,0.01354036112310919,0.016644183594710937,0.022321034846479272,0.032124824882039556,0.05372537583934199,0.23522823343587812,0.034655615857821405,0.017657780192098706,,,,
0.0962938032824913,0.021489625874450642,0.007732862265791955,0.005405067558506724,0.00792147061049779,0.0057235223909863344,0.0075721935850605986,0.010160625409370554,0.013583205026761075,0.0193801523529565,0.021874965148352066,0.031954079365870955,0.05355745684404249,0.23517659942710742,0.03530024274056853,0.027511536792774502,,,,
0.10768140910392104,0.022388856551757323,0.007647185346623775,0.006457551869797299,0.004240107368229885,0.005471842008984251,0.007556119043539949,0.012994070370956118,0.013452697466123768,0.0163704293208666,0.02181715525636108,0.031214233916182364,0.05214623293487495,0.2116955977461087,0.035089039476630286,0.017957357071780235,,,,
0.1687430654127217,0.021954520880400032,0.007890917415814474,0.0056080942120840345,0.0042972280410475665,0.005619472538754892,0.007805687646204831,0.00997056998679826,0.013399591693477502,0.016356895886863915,0.021995657627223057,0.030735053185721384,0.050506498798222124,0.2197484789696831,0.03541988888426211,0.018098847466838906,,,,
0.11535796242781958,0.022936467471444805,0.007724471661802086,0.005353774114337427,0.004294208840196392,0.005647272646320256,0.007743923942492382,0.009885132137295449,0.013172703666984573,0.016898605520302114,0.02129210307566398,0.030773008123161808,0.052093478318371855,0.18827136131904368,0.03566535054370613,0.019327127572522272,,,,
0.11587016430512223,0.022793526342698198,0.007662095622792425,0.005818752897021559,0.004268459410383036,0.0068626048296916075,0.007921143148452266,0.010084904443921643,0.015484581652133803,0.01615140958659649,0.02121691038775678,0.030252055389531685,0.04895658661233129,0.1815903781780153,0.03640504943541969,0.0182196927721554,,,,
0.15066513929273362,0.02300570241238277,0.008061529379709817,0.005598372597703799,0.004112075381388342,0.005618780101744172,0.007908033547596442,0.009849873926043137,0.013226744948896882,0.01582287187365391,0.02131205792679671,0.029862141236590693,0.048907147225458684,0.17396242422142857,0.03640413205620995,0.018472161968122,,,,
0.14303995533784092,0.023290887353674985,0.010956002388189121,0.0053834284475708805,0.004225936742779187,0.0057454607746907855,0.008103050946582034,0.00976766307907258,0.012935673917974415,0.015908868152920735,0.021054419174305353,0.02949989527888514,0.04543012832961548,0.1740073373548001,0.0372866006702618,0.01878083192350858,,,,
0.1613823977958878,0.023337949701366063,0.008192193476806504,0.005808044142702464,0.004298963121387998,0.008922710564070454,0.00820642963921194,0.010764176351064782,0.013129730311528124,0.016004615969482938,0.020799700126211306,0.028777554150946634,0.0475663774978991,0.15833673777376978,0.03763076171760823,0.018921322559403465,,,,
0.1832085707874581,0.02380530855109241,0.008183639892143782,0.005387823403224647,0.004242553701834963,0.0057016701984814,0.00794435941172178,0.009686026533283803,0.013020817402076083,0.01573450992004417,0.02207680528958041,0.033011632699360346,0.045005806816948955,0.16994858591364115,0.038394546965990664,0.018479462552287593,,,,
0.18268935702590514,0.027934129707107073,0.008418007657162942,0.005612255463179791,0.004394222937787928,0.00568144629469805,0.008271326010697027,0.009684319151582492,0.012909152350512156,0.01586590784155454,0.020448672887193278,0.028489293940471026,0.04508043321071335,0.14771392259243557,0.03911958480439612,0.018974968720951564,,,,
0.20778099141478013,0.024769183585249648,0.00844200838564837,0.005688290588583996,0.0043140213591009455,0.005418548119719251,0.007735084250294634,0.009787791911474424,0.013859865950494718,0.015468994746060928,0.020465156827144164,0.02784158197836474,0.0451165538491456,0.1377743124936366,0.040387237620662736,0.01899819394736308,,,,
0.20731547403663494,0.02473753672776809,0.008446500929880817,0.008097006476795674,0.004311389964086714,0.005855027234541333,0.007219358271505553,0.009517179246517246,0.012767721649237899,0.015603065268882398,0.020031648549839187,0.027763713257082278,0.0439042785792657,0.09531499263543965,0.03982418166110433,0.018978061365004618,,,,
0.20603439764908382,0.0260275366070534,0.008728472966639023,0.005442371539992945,0.004438494088728076,0.005530780849926391,0.00787281688179063,0.009476208239796387,0.012709076046519644,0.01562615620008833,0.0203207880965494,0.027739376095212105,0.04199984142013805,0.12961320470016496,0.039766373562742346,0.01938167477467106,,,,
0.23489764590985382,0.024889324787851854,0.009662699759580288,0.0058720037331118375,0.006936667241996181,0.005644516030061635,0.007308853531081645,0.009386824267213784,0.012652823950061036,0.015389538284880693,0.019900709398396235,0.027533213820461547,0.042712660449616704,0.12833888978425678,0.041182715493286406,0.019567880262162645,,,,
0.26509993732569154,0.025842092227974445,0.008442200423618821,0.008869241283949093,0.004329401698121559,0.005513400600870457,0.007202676383832888,0.00940645820645225,0.012732653284251102,0.015192013701119096,0.019963419848496127,0.02680831650805045,0.04199181179949937,0.1300554368148941,0.041615328885392905,0.019455560881327744,,,,
0.27544489845065767,0.025890841558156436,0.00856952025107397,0.005590780323162468,0.0043515134939388625,0.005307790971519768,0.007243033360626775,0.00957766396178816,0.012537209497091476,0.015131514305366503,0.019742823705158848,0.027249258355747073,0.04177285298327925,0.11301052898930095,0.041578498308042555,0.019479528089069185,,,,
0.26308274645998647,0.026389184961613944,0.009686829902894172,0.0057194420940981155,0.005337457789318595,0.005356861939710542,0.007145548687553614,0.009521811505191229,0.01265323395897892,0.015003021032947475,0.01999535806895561,0.02673419393105784,0.04174651597398321,0.11309492137378772,0.04340748811373021,0.02008918960460547,,,,
0.2677488986265907,0.026915564180080235,0.008673769018727875,0.005747435634947326,0.004452497983007995,0.005536230271665418,0.0070789430058423005,0.010139669847850384,0.012447795067396,0.014980095105376347,0.019726311454632425,0.026166776603108906,0.04000861438643786,0.10604640378244007,0.043549516196627246,0.0198121230711113,,,,
0.26942305300999164,0.02677976970286503,0.00888629742758741,0.0058234874630997534,0.00437944047330885,0.005483680455589176,0.007052372869850109,0.009288765101522814,0.01235345617898562,0.015007774855706034,0.019700669542397346,0.03073884024014556,0.040048394717294045,0.10667334853519565,0.04369520116668882,0.02036796345016367,,,,
0.27944861532556475,0.042444325982827415,0.008570087780247442,0.005756004310051698,0.009793918502952232,0.005312187467487206,0.00702602529768456,0.009546297777892985,0.01222111873542682,0.016778139531793385,0.019171097332529995,0.025709557095900264,0.04003939879805223,0.10662861190813613,0.043226590933700904,0.020436110814713283,,,,
0.26808000106515106,0.02762828507005525,0.008893883639557036,0.006022908398025107,0.004113967368167538,0.0075745911224696354,0.007172722994050189,0.00929658093296247,0.012149139877864283,0.014755733401302585,0.0189022402669789,0.02559895430476653,0.038334752219303186,0.10064279633513978,0.05667217442175745,0.0203517990861004,,,,
